financial_year,legacy_e_code,ons_code,local_authority,class,original_service_label,original_value_thousand_gbp,value_gbp,source_file,source_sheet,source_locator,original_measure_heading
2009/10,E0101,,Bath & North East Somerset UA,UA,Archives,106,106000.0,RO5.xlsx,RO5 LA Data 2009-10 (3),"row 15, column 6",Net Current Expenditure (C7 = C3 - C6)
2009/10,E0101,,Bath & North East Somerset UA,UA,Arts development and support,645,645000.0,RO5.xlsx,RO5 LA Data 2009-10 (3),"row 15, column 10",Net Current Expenditure (C7 = C3 - C6)
2009/10,E0101,,Bath & North East Somerset UA,UA,Heritage,-3308,-3308000.0,RO5.xlsx,RO5 LA Data 2009-10 (3),"row 15, column 14",Net Current Expenditure (C7 = C3 - C6)
2009/10,E0101,,Bath & North East Somerset UA,UA,Museums and galleries,0,0.0,RO5.xlsx,RO5 LA Data 2009-10 (3),"row 15, column 18",Net Current Expenditure (C7 = C3 - C6)
2009/10,E0101,,Bath & North East Somerset UA,UA,Theatres and public entertainment,0,0.0,RO5.xlsx,RO5 LA Data 2009-10 (3),"row 15, column 22",Net Current Expenditure (C7 = C3 - C6)
2009/10,E0101,,Bath & North East Somerset UA,UA,Library service,2529,2529000.0,RO5.xlsx,RO5 LA Data 2009-10 (3),"row 15, column 50",Net Current Expenditure (C7 = C3 - C6)
2009/10,E0102,,Bristol UA,UA,Archives,478,478000.0,RO5.xlsx,RO5 LA Data 2009-10 (3),"row 16, column 6",Net Current Expenditure (C7 = C3 - C6)
2009/10,E0102,,Bristol UA,UA,Arts development and support,1120,1120000.0,RO5.xlsx,RO5 LA Data 2009-10 (3),"row 16, column 10",Net Current Expenditure (C7 = C3 - C6)
2009/10,E0102,,Bristol UA,UA,Heritage,209,209000.0,RO5.xlsx,RO5 LA Data 2009-10 (3),"row 16, column 14",Net Current Expenditure (C7 = C3 - C6)
2009/10,E0102,,Bristol UA,UA,Museums and galleries,3902,3902000.0,RO5.xlsx,RO5 LA Data 2009-10 (3),"row 16, column 18",Net Current Expenditure (C7 = C3 - C6)
2009/10,E0102,,Bristol UA,UA,Theatres and public entertainment,2991,2991000.0,RO5.xlsx,RO5 LA Data 2009-10 (3),"row 16, column 22",Net Current Expenditure (C7 = C3 - C6)
2009/10,E0102,,Bristol UA,UA,Library service,8386,8386000.0,RO5.xlsx,RO5 LA Data 2009-10 (3),"row 16, column 50",Net Current Expenditure (C7 = C3 - C6)
2009/10,E0103,,South Gloucestershire UA,UA,Archives,20,20000.0,RO5.xlsx,RO5 LA Data 2009-10 (3),"row 17, column 6",Net Current Expenditure (C7 = C3 - C6)
2009/10,E0103,,South Gloucestershire UA,UA,Arts development and support,72,72000.0,RO5.xlsx,RO5 LA Data 2009-10 (3),"row 17, column 10",Net Current Expenditure (C7 = C3 - C6)
2009/10,E0103,,South Gloucestershire UA,UA,Heritage,99,99000.0,RO5.xlsx,RO5 LA Data 2009-10 (3),"row 17, column 14",Net Current Expenditure (C7 = C3 - C6)
2009/10,E0103,,South Gloucestershire UA,UA,Museums and galleries,41,41000.0,RO5.xlsx,RO5 LA Data 2009-10 (3),"row 17, column 18",Net Current Expenditure (C7 = C3 - C6)
2009/10,E0103,,South Gloucestershire UA,UA,Theatres and public entertainment,59,59000.0,RO5.xlsx,RO5 LA Data 2009-10 (3),"row 17, column 22",Net Current Expenditure (C7 = C3 - C6)
2009/10,E0103,,South Gloucestershire UA,UA,Library service,2983,2983000.0,RO5.xlsx,RO5 LA Data 2009-10 (3),"row 17, column 50",Net Current Expenditure (C7 = C3 - C6)
2009/10,E0104,,North Somerset UA,UA,Archives,0,0.0,RO5.xlsx,RO5 LA Data 2009-10 (3),"row 18, column 6",Net Current Expenditure (C7 = C3 - C6)
2009/10,E0104,,North Somerset UA,UA,Arts development and support,0,0.0,RO5.xlsx,RO5 LA Data 2009-10 (3),"row 18, column 10",Net Current Expenditure (C7 = C3 - C6)
2009/10,E0104,,North Somerset UA,UA,Heritage,0,0.0,RO5.xlsx,RO5 LA Data 2009-10 (3),"row 18, column 14",Net Current Expenditure (C7 = C3 - C6)
2009/10,E0104,,North Somerset UA,UA,Museums and galleries,272,272000.0,RO5.xlsx,RO5 LA Data 2009-10 (3),"row 18, column 18",Net Current Expenditure (C7 = C3 - C6)
2009/10,E0104,,North Somerset UA,UA,Theatres and public entertainment,367,367000.0,RO5.xlsx,RO5 LA Data 2009-10 (3),"row 18, column 22",Net Current Expenditure (C7 = C3 - C6)
2009/10,E0104,,North Somerset UA,UA,Library service,2998,2998000.0,RO5.xlsx,RO5 LA Data 2009-10 (3),"row 18, column 50",Net Current Expenditure (C7 = C3 - C6)
2009/10,E0201,,Luton UA,UA,Archives,0,0.0,RO5.xlsx,RO5 LA Data 2009-10 (3),"row 19, column 6",Net Current Expenditure (C7 = C3 - C6)
2009/10,E0201,,Luton UA,UA,Arts development and support,15,15000.0,RO5.xlsx,RO5 LA Data 2009-10 (3),"row 19, column 10",Net Current Expenditure (C7 = C3 - C6)
2009/10,E0201,,Luton UA,UA,Heritage,6,6000.0,RO5.xlsx,RO5 LA Data 2009-10 (3),"row 19, column 14",Net Current Expenditure (C7 = C3 - C6)
2009/10,E0201,,Luton UA,UA,Museums and galleries,1070,1070000.0,RO5.xlsx,RO5 LA Data 2009-10 (3),"row 19, column 18",Net Current Expenditure (C7 = C3 - C6)
2009/10,E0201,,Luton UA,UA,Theatres and public entertainment,-1,-1000.0,RO5.xlsx,RO5 LA Data 2009-10 (3),"row 19, column 22",Net Current Expenditure (C7 = C3 - C6)
2009/10,E0201,,Luton UA,UA,Library service,-16,-16000.0,RO5.xlsx,RO5 LA Data 2009-10 (3),"row 19, column 50",Net Current Expenditure (C7 = C3 - C6)
2009/10,E0202,,Bedford UA,UA,Archives,81,81000.0,RO5.xlsx,RO5 LA Data 2009-10 (3),"row 20, column 6",Net Current Expenditure (C7 = C3 - C6)
2009/10,E0202,,Bedford UA,UA,Arts development and support,6,6000.0,RO5.xlsx,RO5 LA Data 2009-10 (3),"row 20, column 10",Net Current Expenditure (C7 = C3 - C6)
2009/10,E0202,,Bedford UA,UA,Heritage,443,443000.0,RO5.xlsx,RO5 LA Data 2009-10 (3),"row 20, column 14",Net Current Expenditure (C7 = C3 - C6)
2009/10,E0202,,Bedford UA,UA,Museums and galleries,548,548000.0,RO5.xlsx,RO5 LA Data 2009-10 (3),"row 20, column 18",Net Current Expenditure (C7 = C3 - C6)
2009/10,E0202,,Bedford UA,UA,Theatres and public entertainment,495,495000.0,RO5.xlsx,RO5 LA Data 2009-10 (3),"row 20, column 22",Net Current Expenditure (C7 = C3 - C6)
2009/10,E0202,,Bedford UA,UA,Library service,3179,3179000.0,RO5.xlsx,RO5 LA Data 2009-10 (3),"row 20, column 50",Net Current Expenditure (C7 = C3 - C6)
2009/10,E0203,,Central Bedfordshire UA,UA,Archives,0,0.0,RO5.xlsx,RO5 LA Data 2009-10 (3),"row 21, column 6",Net Current Expenditure (C7 = C3 - C6)
2009/10,E0203,,Central Bedfordshire UA,UA,Arts development and support,0,0.0,RO5.xlsx,RO5 LA Data 2009-10 (3),"row 21, column 10",Net Current Expenditure (C7 = C3 - C6)
2009/10,E0203,,Central Bedfordshire UA,UA,Heritage,1378,1378000.0,RO5.xlsx,RO5 LA Data 2009-10 (3),"row 21, column 14",Net Current Expenditure (C7 = C3 - C6)
2009/10,E0203,,Central Bedfordshire UA,UA,Museums and galleries,0,0.0,RO5.xlsx,RO5 LA Data 2009-10 (3),"row 21, column 18",Net Current Expenditure (C7 = C3 - C6)
2009/10,E0203,,Central Bedfordshire UA,UA,Theatres and public entertainment,0,0.0,RO5.xlsx,RO5 LA Data 2009-10 (3),"row 21, column 22",Net Current Expenditure (C7 = C3 - C6)
2009/10,E0203,,Central Bedfordshire UA,UA,Library service,2781,2781000.0,RO5.xlsx,RO5 LA Data 2009-10 (3),"row 21, column 50",Net Current Expenditure (C7 = C3 - C6)
2009/10,E0301,,Bracknell Forest UA,UA,Archives,149,149000.0,RO5.xlsx,RO5 LA Data 2009-10 (3),"row 22, column 6",Net Current Expenditure (C7 = C3 - C6)
2009/10,E0301,,Bracknell Forest UA,UA,Arts development and support,714,714000.0,RO5.xlsx,RO5 LA Data 2009-10 (3),"row 22, column 10",Net Current Expenditure (C7 = C3 - C6)
2009/10,E0301,,Bracknell Forest UA,UA,Heritage,0,0.0,RO5.xlsx,RO5 LA Data 2009-10 (3),"row 22, column 14",Net Current Expenditure (C7 = C3 - C6)
2009/10,E0301,,Bracknell Forest UA,UA,Museums and galleries,276,276000.0,RO5.xlsx,RO5 LA Data 2009-10 (3),"row 22, column 18",Net Current Expenditure (C7 = C3 - C6)
2009/10,E0301,,Bracknell Forest UA,UA,Theatres and public entertainment,0,0.0,RO5.xlsx,RO5 LA Data 2009-10 (3),"row 22, column 22",Net Current Expenditure (C7 = C3 - C6)
2009/10,E0301,,Bracknell Forest UA,UA,Library service,2273,2273000.0,RO5.xlsx,RO5 LA Data 2009-10 (3),"row 22, column 50",Net Current Expenditure (C7 = C3 - C6)
2009/10,E0302,,West Berkshire UA,UA,Archives,268,268000.0,RO5.xlsx,RO5 LA Data 2009-10 (3),"row 23, column 6",Net Current Expenditure (C7 = C3 - C6)
2009/10,E0302,,West Berkshire UA,UA,Arts development and support,290,290000.0,RO5.xlsx,RO5 LA Data 2009-10 (3),"row 23, column 10",Net Current Expenditure (C7 = C3 - C6)
2009/10,E0302,,West Berkshire UA,UA,Heritage,193,193000.0,RO5.xlsx,RO5 LA Data 2009-10 (3),"row 23, column 14",Net Current Expenditure (C7 = C3 - C6)
2009/10,E0302,,West Berkshire UA,UA,Museums and galleries,217,217000.0,RO5.xlsx,RO5 LA Data 2009-10 (3),"row 23, column 18",Net Current Expenditure (C7 = C3 - C6)
2009/10,E0302,,West Berkshire UA,UA,Theatres and public entertainment,649,649000.0,RO5.xlsx,RO5 LA Data 2009-10 (3),"row 23, column 22",Net Current Expenditure (C7 = C3 - C6)
2009/10,E0302,,West Berkshire UA,UA,Library service,2412,2412000.0,RO5.xlsx,RO5 LA Data 2009-10 (3),"row 23, column 50",Net Current Expenditure (C7 = C3 - C6)
2009/10,E0303,,Reading UA,UA,Archives,175,175000.0,RO5.xlsx,RO5 LA Data 2009-10 (3),"row 24, column 6",Net Current Expenditure (C7 = C3 - C6)
2009/10,E0303,,Reading UA,UA,Arts development and support,187,187000.0,RO5.xlsx,RO5 LA Data 2009-10 (3),"row 24, column 10",Net Current Expenditure (C7 = C3 - C6)
2009/10,E0303,,Reading UA,UA,Heritage,30,30000.0,RO5.xlsx,RO5 LA Data 2009-10 (3),"row 24, column 14",Net Current Expenditure (C7 = C3 - C6)
2009/10,E0303,,Reading UA,UA,Museums and galleries,912,912000.0,RO5.xlsx,RO5 LA Data 2009-10 (3),"row 24, column 18",Net Current Expenditure (C7 = C3 - C6)
2009/10,E0303,,Reading UA,UA,Theatres and public entertainment,2060,2060000.0,RO5.xlsx,RO5 LA Data 2009-10 (3),"row 24, column 22",Net Current Expenditure (C7 = C3 - C6)
2009/10,E0303,,Reading UA,UA,Library service,2696,2696000.0,RO5.xlsx,RO5 LA Data 2009-10 (3),"row 24, column 50",Net Current Expenditure (C7 = C3 - C6)
2009/10,E0304,,Slough UA,UA,Archives,158,158000.0,RO5.xlsx,RO5 LA Data 2009-10 (3),"row 25, column 6",Net Current Expenditure (C7 = C3 - C6)
2009/10,E0304,,Slough UA,UA,Arts development and support,535,535000.0,RO5.xlsx,RO5 LA Data 2009-10 (3),"row 25, column 10",Net Current Expenditure (C7 = C3 - C6)
2009/10,E0304,,Slough UA,UA,Heritage,0,0.0,RO5.xlsx,RO5 LA Data 2009-10 (3),"row 25, column 14",Net Current Expenditure (C7 = C3 - C6)
2009/10,E0304,,Slough UA,UA,Museums and galleries,0,0.0,RO5.xlsx,RO5 LA Data 2009-10 (3),"row 25, column 18",Net Current Expenditure (C7 = C3 - C6)
2009/10,E0304,,Slough UA,UA,Theatres and public entertainment,95,95000.0,RO5.xlsx,RO5 LA Data 2009-10 (3),"row 25, column 22",Net Current Expenditure (C7 = C3 - C6)
2009/10,E0304,,Slough UA,UA,Library service,2817,2817000.0,RO5.xlsx,RO5 LA Data 2009-10 (3),"row 25, column 50",Net Current Expenditure (C7 = C3 - C6)
2009/10,E0305,,Windsor & Maidenhead UA,UA,Archives,185,185000.0,RO5.xlsx,RO5 LA Data 2009-10 (3),"row 26, column 6",Net Current Expenditure (C7 = C3 - C6)
2009/10,E0305,,Windsor & Maidenhead UA,UA,Arts development and support,201,201000.0,RO5.xlsx,RO5 LA Data 2009-10 (3),"row 26, column 10",Net Current Expenditure (C7 = C3 - C6)
2009/10,E0305,,Windsor & Maidenhead UA,UA,Heritage,0,0.0,RO5.xlsx,RO5 LA Data 2009-10 (3),"row 26, column 14",Net Current Expenditure (C7 = C3 - C6)
2009/10,E0305,,Windsor & Maidenhead UA,UA,Museums and galleries,67,67000.0,RO5.xlsx,RO5 LA Data 2009-10 (3),"row 26, column 18",Net Current Expenditure (C7 = C3 - C6)
2009/10,E0305,,Windsor & Maidenhead UA,UA,Theatres and public entertainment,0,0.0,RO5.xlsx,RO5 LA Data 2009-10 (3),"row 26, column 22",Net Current Expenditure (C7 = C3 - C6)
2009/10,E0305,,Windsor & Maidenhead UA,UA,Library service,3100,3100000.0,RO5.xlsx,RO5 LA Data 2009-10 (3),"row 26, column 50",Net Current Expenditure (C7 = C3 - C6)
2009/10,E0306,,Wokingham UA,UA,Archives,205,205000.0,RO5.xlsx,RO5 LA Data 2009-10 (3),"row 27, column 6",Net Current Expenditure (C7 = C3 - C6)
2009/10,E0306,,Wokingham UA,UA,Arts development and support,63,63000.0,RO5.xlsx,RO5 LA Data 2009-10 (3),"row 27, column 10",Net Current Expenditure (C7 = C3 - C6)
2009/10,E0306,,Wokingham UA,UA,Heritage,0,0.0,RO5.xlsx,RO5 LA Data 2009-10 (3),"row 27, column 14",Net Current Expenditure (C7 = C3 - C6)
2009/10,E0306,,Wokingham UA,UA,Museums and galleries,0,0.0,RO5.xlsx,RO5 LA Data 2009-10 (3),"row 27, column 18",Net Current Expenditure (C7 = C3 - C6)
2009/10,E0306,,Wokingham UA,UA,Theatres and public entertainment,0,0.0,RO5.xlsx,RO5 LA Data 2009-10 (3),"row 27, column 22",Net Current Expenditure (C7 = C3 - C6)
2009/10,E0306,,Wokingham UA,UA,Library service,1335,1335000.0,RO5.xlsx,RO5 LA Data 2009-10 (3),"row 27, column 50",Net Current Expenditure (C7 = C3 - C6)
2009/10,E0401,,Milton Keynes UA,UA,Archives,190,190000.0,RO5.xlsx,RO5 LA Data 2009-10 (3),"row 28, column 6",Net Current Expenditure (C7 = C3 - C6)
2009/10,E0401,,Milton Keynes UA,UA,Arts development and support,395,395000.0,RO5.xlsx,RO5 LA Data 2009-10 (3),"row 28, column 10",Net Current Expenditure (C7 = C3 - C6)
2009/10,E0401,,Milton Keynes UA,UA,Heritage,61,61000.0,RO5.xlsx,RO5 LA Data 2009-10 (3),"row 28, column 14",Net Current Expenditure (C7 = C3 - C6)
2009/10,E0401,,Milton Keynes UA,UA,Museums and galleries,42,42000.0,RO5.xlsx,RO5 LA Data 2009-10 (3),"row 28, column 18",Net Current Expenditure (C7 = C3 - C6)
2009/10,E0401,,Milton Keynes UA,UA,Theatres and public entertainment,345,345000.0,RO5.xlsx,RO5 LA Data 2009-10 (3),"row 28, column 22",Net Current Expenditure (C7 = C3 - C6)
2009/10,E0401,,Milton Keynes UA,UA,Library service,3483,3483000.0,RO5.xlsx,RO5 LA Data 2009-10 (3),"row 28, column 50",Net Current Expenditure (C7 = C3 - C6)
2009/10,E0421,,Buckinghamshire,SC,Archives,499,499000.0,RO5.xlsx,RO5 LA Data 2009-10 (3),"row 29, column 6",Net Current Expenditure (C7 = C3 - C6)
2009/10,E0421,,Buckinghamshire,SC,Arts development and support,0,0.0,RO5.xlsx,RO5 LA Data 2009-10 (3),"row 29, column 10",Net Current Expenditure (C7 = C3 - C6)
2009/10,E0421,,Buckinghamshire,SC,Heritage,68,68000.0,RO5.xlsx,RO5 LA Data 2009-10 (3),"row 29, column 14",Net Current Expenditure (C7 = C3 - C6)
2009/10,E0421,,Buckinghamshire,SC,Museums and galleries,725,725000.0,RO5.xlsx,RO5 LA Data 2009-10 (3),"row 29, column 18",Net Current Expenditure (C7 = C3 - C6)
2009/10,E0421,,Buckinghamshire,SC,Theatres and public entertainment,0,0.0,RO5.xlsx,RO5 LA Data 2009-10 (3),"row 29, column 22",Net Current Expenditure (C7 = C3 - C6)
2009/10,E0421,,Buckinghamshire,SC,Library service,9297,9297000.0,RO5.xlsx,RO5 LA Data 2009-10 (3),"row 29, column 50",Net Current Expenditure (C7 = C3 - C6)
2009/10,E0431,,Aylesbury Vale,SD,Archives,0,0.0,RO5.xlsx,RO5 LA Data 2009-10 (3),"row 30, column 6",Net Current Expenditure (C7 = C3 - C6)
2009/10,E0431,,Aylesbury Vale,SD,Arts development and support,133,133000.0,RO5.xlsx,RO5 LA Data 2009-10 (3),"row 30, column 10",Net Current Expenditure (C7 = C3 - C6)
2009/10,E0431,,Aylesbury Vale,SD,Heritage,644,644000.0,RO5.xlsx,RO5 LA Data 2009-10 (3),"row 30, column 14",Net Current Expenditure (C7 = C3 - C6)
2009/10,E0431,,Aylesbury Vale,SD,Museums and galleries,0,0.0,RO5.xlsx,RO5 LA Data 2009-10 (3),"row 30, column 18",Net Current Expenditure (C7 = C3 - C6)
2009/10,E0431,,Aylesbury Vale,SD,Theatres and public entertainment,448,448000.0,RO5.xlsx,RO5 LA Data 2009-10 (3),"row 30, column 22",Net Current Expenditure (C7 = C3 - C6)
2009/10,E0431,,Aylesbury Vale,SD,Library service,0,0.0,RO5.xlsx,RO5 LA Data 2009-10 (3),"row 30, column 50",Net Current Expenditure (C7 = C3 - C6)
2009/10,E0432,,Chiltern,SD,Archives,0,0.0,RO5.xlsx,RO5 LA Data 2009-10 (3),"row 31, column 6",Net Current Expenditure (C7 = C3 - C6)
2009/10,E0432,,Chiltern,SD,Arts development and support,0,0.0,RO5.xlsx,RO5 LA Data 2009-10 (3),"row 31, column 10",Net Current Expenditure (C7 = C3 - C6)
2009/10,E0432,,Chiltern,SD,Heritage,0,0.0,RO5.xlsx,RO5 LA Data 2009-10 (3),"row 31, column 14",Net Current Expenditure (C7 = C3 - C6)
2009/10,E0432,,Chiltern,SD,Museums and galleries,0,0.0,RO5.xlsx,RO5 LA Data 2009-10 (3),"row 31, column 18",Net Current Expenditure (C7 = C3 - C6)
2009/10,E0432,,Chiltern,SD,Theatres and public entertainment,0,0.0,RO5.xlsx,RO5 LA Data 2009-10 (3),"row 31, column 22",Net Current Expenditure (C7 = C3 - C6)
2009/10,E0432,,Chiltern,SD,Library service,0,0.0,RO5.xlsx,RO5 LA Data 2009-10 (3),"row 31, column 50",Net Current Expenditure (C7 = C3 - C6)
2009/10,E0434,,South Bucks,SD,Archives,0,0.0,RO5.xlsx,RO5 LA Data 2009-10 (3),"row 32, column 6",Net Current Expenditure (C7 = C3 - C6)
2009/10,E0434,,South Bucks,SD,Arts development and support,136,136000.0,RO5.xlsx,RO5 LA Data 2009-10 (3),"row 32, column 10",Net Current Expenditure (C7 = C3 - C6)
2009/10,E0434,,South Bucks,SD,Heritage,0,0.0,RO5.xlsx,RO5 LA Data 2009-10 (3),"row 32, column 14",Net Current Expenditure (C7 = C3 - C6)
2009/10,E0434,,South Bucks,SD,Museums and galleries,0,0.0,RO5.xlsx,RO5 LA Data 2009-10 (3),"row 32, column 18",Net Current Expenditure (C7 = C3 - C6)
2009/10,E0434,,South Bucks,SD,Theatres and public entertainment,0,0.0,RO5.xlsx,RO5 LA Data 2009-10 (3),"row 32, column 22",Net Current Expenditure (C7 = C3 - C6)
2009/10,E0434,,South Bucks,SD,Library service,0,0.0,RO5.xlsx,RO5 LA Data 2009-10 (3),"row 32, column 50",Net Current Expenditure (C7 = C3 - C6)
2009/10,E0435,,Wycombe,SD,Archives,0,0.0,RO5.xlsx,RO5 LA Data 2009-10 (3),"row 33, column 6",Net Current Expenditure (C7 = C3 - C6)
2009/10,E0435,,Wycombe,SD,Arts development and support,113,113000.0,RO5.xlsx,RO5 LA Data 2009-10 (3),"row 33, column 10",Net Current Expenditure (C7 = C3 - C6)
2009/10,E0435,,Wycombe,SD,Heritage,0,0.0,RO5.xlsx,RO5 LA Data 2009-10 (3),"row 33, column 14",Net Current Expenditure (C7 = C3 - C6)
2009/10,E0435,,Wycombe,SD,Museums and galleries,394,394000.0,RO5.xlsx,RO5 LA Data 2009-10 (3),"row 33, column 18",Net Current Expenditure (C7 = C3 - C6)
2009/10,E0435,,Wycombe,SD,Theatres and public entertainment,563,563000.0,RO5.xlsx,RO5 LA Data 2009-10 (3),"row 33, column 22",Net Current Expenditure (C7 = C3 - C6)
2009/10,E0435,,Wycombe,SD,Library service,0,0.0,RO5.xlsx,RO5 LA Data 2009-10 (3),"row 33, column 50",Net Current Expenditure (C7 = C3 - C6)
2009/10,E0501,,Peterborough UA,UA,Archives,93,93000.0,RO5.xlsx,RO5 LA Data 2009-10 (3),"row 34, column 6",Net Current Expenditure (C7 = C3 - C6)
2009/10,E0501,,Peterborough UA,UA,Arts development and support,134,134000.0,RO5.xlsx,RO5 LA Data 2009-10 (3),"row 34, column 10",Net Current Expenditure (C7 = C3 - C6)
2009/10,E0501,,Peterborough UA,UA,Heritage,53,53000.0,RO5.xlsx,RO5 LA Data 2009-10 (3),"row 34, column 14",Net Current Expenditure (C7 = C3 - C6)
2009/10,E0501,,Peterborough UA,UA,Museums and galleries,540,540000.0,RO5.xlsx,RO5 LA Data 2009-10 (3),"row 34, column 18",Net Current Expenditure (C7 = C3 - C6)
2009/10,E0501,,Peterborough UA,UA,Theatres and public entertainment,315,315000.0,RO5.xlsx,RO5 LA Data 2009-10 (3),"row 34, column 22",Net Current Expenditure (C7 = C3 - C6)
2009/10,E0501,,Peterborough UA,UA,Library service,2460,2460000.0,RO5.xlsx,RO5 LA Data 2009-10 (3),"row 34, column 50",Net Current Expenditure (C7 = C3 - C6)
2009/10,E0521,,Cambridgeshire,SC,Archives,774,774000.0,RO5.xlsx,RO5 LA Data 2009-10 (3),"row 35, column 6",Net Current Expenditure (C7 = C3 - C6)
2009/10,E0521,,Cambridgeshire,SC,Arts development and support,198,198000.0,RO5.xlsx,RO5 LA Data 2009-10 (3),"row 35, column 10",Net Current Expenditure (C7 = C3 - C6)
2009/10,E0521,,Cambridgeshire,SC,Heritage,480,480000.0,RO5.xlsx,RO5 LA Data 2009-10 (3),"row 35, column 14",Net Current Expenditure (C7 = C3 - C6)
2009/10,E0521,,Cambridgeshire,SC,Museums and galleries,120,120000.0,RO5.xlsx,RO5 LA Data 2009-10 (3),"row 35, column 18",Net Current Expenditure (C7 = C3 - C6)
2009/10,E0521,,Cambridgeshire,SC,Theatres and public entertainment,0,0.0,RO5.xlsx,RO5 LA Data 2009-10 (3),"row 35, column 22",Net Current Expenditure (C7 = C3 - C6)
2009/10,E0521,,Cambridgeshire,SC,Library service,7903,7903000.0,RO5.xlsx,RO5 LA Data 2009-10 (3),"row 35, column 50",Net Current Expenditure (C7 = C3 - C6)
2009/10,E0531,,Cambridge,SD,Archives,0,0.0,RO5.xlsx,RO5 LA Data 2009-10 (3),"row 36, column 6",Net Current Expenditure (C7 = C3 - C6)
2009/10,E0531,,Cambridge,SD,Arts development and support,335,335000.0,RO5.xlsx,RO5 LA Data 2009-10 (3),"row 36, column 10",Net Current Expenditure (C7 = C3 - C6)
2009/10,E0531,,Cambridge,SD,Heritage,0,0.0,RO5.xlsx,RO5 LA Data 2009-10 (3),"row 36, column 14",Net Current Expenditure (C7 = C3 - C6)
2009/10,E0531,,Cambridge,SD,Museums and galleries,109,109000.0,RO5.xlsx,RO5 LA Data 2009-10 (3),"row 36, column 18",Net Current Expenditure (C7 = C3 - C6)
2009/10,E0531,,Cambridge,SD,Theatres and public entertainment,1318,1318000.0,RO5.xlsx,RO5 LA Data 2009-10 (3),"row 36, column 22",Net Current Expenditure (C7 = C3 - C6)
2009/10,E0531,,Cambridge,SD,Library service,0,0.0,RO5.xlsx,RO5 LA Data 2009-10 (3),"row 36, column 50",Net Current Expenditure (C7 = C3 - C6)
2009/10,E0532,,East Cambridgeshire,SD,Archives,0,0.0,RO5.xlsx,RO5 LA Data 2009-10 (3),"row 37, column 6",Net Current Expenditure (C7 = C3 - C6)
2009/10,E0532,,East Cambridgeshire,SD,Arts development and support,0,0.0,RO5.xlsx,RO5 LA Data 2009-10 (3),"row 37, column 10",Net Current Expenditure (C7 = C3 - C6)
2009/10,E0532,,East Cambridgeshire,SD,Heritage,230,230000.0,RO5.xlsx,RO5 LA Data 2009-10 (3),"row 37, column 14",Net Current Expenditure (C7 = C3 - C6)
2009/10,E0532,,East Cambridgeshire,SD,Museums and galleries,49,49000.0,RO5.xlsx,RO5 LA Data 2009-10 (3),"row 37, column 18",Net Current Expenditure (C7 = C3 - C6)
2009/10,E0532,,East Cambridgeshire,SD,Theatres and public entertainment,0,0.0,RO5.xlsx,RO5 LA Data 2009-10 (3),"row 37, column 22",Net Current Expenditure (C7 = C3 - C6)
2009/10,E0532,,East Cambridgeshire,SD,Library service,0,0.0,RO5.xlsx,RO5 LA Data 2009-10 (3),"row 37, column 50",Net Current Expenditure (C7 = C3 - C6)
2009/10,E0533,,Fenland,SD,Archives,0,0.0,RO5.xlsx,RO5 LA Data 2009-10 (3),"row 38, column 6",Net Current Expenditure (C7 = C3 - C6)
2009/10,E0533,,Fenland,SD,Arts development and support,26,26000.0,RO5.xlsx,RO5 LA Data 2009-10 (3),"row 38, column 10",Net Current Expenditure (C7 = C3 - C6)
2009/10,E0533,,Fenland,SD,Heritage,3,3000.0,RO5.xlsx,RO5 LA Data 2009-10 (3),"row 38, column 14",Net Current Expenditure (C7 = C3 - C6)
2009/10,E0533,,Fenland,SD,Museums and galleries,50,50000.0,RO5.xlsx,RO5 LA Data 2009-10 (3),"row 38, column 18",Net Current Expenditure (C7 = C3 - C6)
2009/10,E0533,,Fenland,SD,Theatres and public entertainment,41,41000.0,RO5.xlsx,RO5 LA Data 2009-10 (3),"row 38, column 22",Net Current Expenditure (C7 = C3 - C6)
2009/10,E0533,,Fenland,SD,Library service,0,0.0,RO5.xlsx,RO5 LA Data 2009-10 (3),"row 38, column 50",Net Current Expenditure (C7 = C3 - C6)
2009/10,E0536,,South Cambridgeshire,SD,Archives,0,0.0,RO5.xlsx,RO5 LA Data 2009-10 (3),"row 39, column 6",Net Current Expenditure (C7 = C3 - C6)
2009/10,E0536,,South Cambridgeshire,SD,Arts development and support,142,142000.0,RO5.xlsx,RO5 LA Data 2009-10 (3),"row 39, column 10",Net Current Expenditure (C7 = C3 - C6)
2009/10,E0536,,South Cambridgeshire,SD,Heritage,-6,-6000.0,RO5.xlsx,RO5 LA Data 2009-10 (3),"row 39, column 14",Net Current Expenditure (C7 = C3 - C6)
2009/10,E0536,,South Cambridgeshire,SD,Museums and galleries,32,32000.0,RO5.xlsx,RO5 LA Data 2009-10 (3),"row 39, column 18",Net Current Expenditure (C7 = C3 - C6)
2009/10,E0536,,South Cambridgeshire,SD,Theatres and public entertainment,0,0.0,RO5.xlsx,RO5 LA Data 2009-10 (3),"row 39, column 22",Net Current Expenditure (C7 = C3 - C6)
2009/10,E0536,,South Cambridgeshire,SD,Library service,0,0.0,RO5.xlsx,RO5 LA Data 2009-10 (3),"row 39, column 50",Net Current Expenditure (C7 = C3 - C6)
2009/10,E0551,,Huntingdonshire,SD,Archives,0,0.0,RO5.xlsx,RO5 LA Data 2009-10 (3),"row 40, column 6",Net Current Expenditure (C7 = C3 - C6)
2009/10,E0551,,Huntingdonshire,SD,Arts development and support,165,165000.0,RO5.xlsx,RO5 LA Data 2009-10 (3),"row 40, column 10",Net Current Expenditure (C7 = C3 - C6)
2009/10,E0551,,Huntingdonshire,SD,Heritage,38,38000.0,RO5.xlsx,RO5 LA Data 2009-10 (3),"row 40, column 14",Net Current Expenditure (C7 = C3 - C6)
2009/10,E0551,,Huntingdonshire,SD,Museums and galleries,0,0.0,RO5.xlsx,RO5 LA Data 2009-10 (3),"row 40, column 18",Net Current Expenditure (C7 = C3 - C6)
2009/10,E0551,,Huntingdonshire,SD,Theatres and public entertainment,48,48000.0,RO5.xlsx,RO5 LA Data 2009-10 (3),"row 40, column 22",Net Current Expenditure (C7 = C3 - C6)
2009/10,E0551,,Huntingdonshire,SD,Library service,0,0.0,RO5.xlsx,RO5 LA Data 2009-10 (3),"row 40, column 50",Net Current Expenditure (C7 = C3 - C6)
2009/10,E0601,,Halton UA,UA,Archives,0,0.0,RO5.xlsx,RO5 LA Data 2009-10 (3),"row 41, column 6",Net Current Expenditure (C7 = C3 - C6)
2009/10,E0601,,Halton UA,UA,Arts development and support,13,13000.0,RO5.xlsx,RO5 LA Data 2009-10 (3),"row 41, column 10",Net Current Expenditure (C7 = C3 - C6)
2009/10,E0601,,Halton UA,UA,Heritage,17,17000.0,RO5.xlsx,RO5 LA Data 2009-10 (3),"row 41, column 14",Net Current Expenditure (C7 = C3 - C6)
2009/10,E0601,,Halton UA,UA,Museums and galleries,283,283000.0,RO5.xlsx,RO5 LA Data 2009-10 (3),"row 41, column 18",Net Current Expenditure (C7 = C3 - C6)
2009/10,E0601,,Halton UA,UA,Theatres and public entertainment,1465,1465000.0,RO5.xlsx,RO5 LA Data 2009-10 (3),"row 41, column 22",Net Current Expenditure (C7 = C3 - C6)
2009/10,E0601,,Halton UA,UA,Library service,3199,3199000.0,RO5.xlsx,RO5 LA Data 2009-10 (3),"row 41, column 50",Net Current Expenditure (C7 = C3 - C6)
2009/10,E0602,,Warrington UA,UA,Archives,0,0.0,RO5.xlsx,RO5 LA Data 2009-10 (3),"row 42, column 6",Net Current Expenditure (C7 = C3 - C6)
2009/10,E0602,,Warrington UA,UA,Arts development and support,340,340000.0,RO5.xlsx,RO5 LA Data 2009-10 (3),"row 42, column 10",Net Current Expenditure (C7 = C3 - C6)
2009/10,E0602,,Warrington UA,UA,Heritage,0,0.0,RO5.xlsx,RO5 LA Data 2009-10 (3),"row 42, column 14",Net Current Expenditure (C7 = C3 - C6)
2009/10,E0602,,Warrington UA,UA,Museums and galleries,671,671000.0,RO5.xlsx,RO5 LA Data 2009-10 (3),"row 42, column 18",Net Current Expenditure (C7 = C3 - C6)
2009/10,E0602,,Warrington UA,UA,Theatres and public entertainment,667,667000.0,RO5.xlsx,RO5 LA Data 2009-10 (3),"row 42, column 22",Net Current Expenditure (C7 = C3 - C6)
2009/10,E0602,,Warrington UA,UA,Library service,2666,2666000.0,RO5.xlsx,RO5 LA Data 2009-10 (3),"row 42, column 50",Net Current Expenditure (C7 = C3 - C6)
2009/10,E0603,,Cheshire East UA,UA,Archives,334,334000.0,RO5.xlsx,RO5 LA Data 2009-10 (3),"row 43, column 6",Net Current Expenditure (C7 = C3 - C6)
2009/10,E0603,,Cheshire East UA,UA,Arts development and support,275,275000.0,RO5.xlsx,RO5 LA Data 2009-10 (3),"row 43, column 10",Net Current Expenditure (C7 = C3 - C6)
2009/10,E0603,,Cheshire East UA,UA,Heritage,554,554000.0,RO5.xlsx,RO5 LA Data 2009-10 (3),"row 43, column 14",Net Current Expenditure (C7 = C3 - C6)
2009/10,E0603,,Cheshire East UA,UA,Museums and galleries,215,215000.0,RO5.xlsx,RO5 LA Data 2009-10 (3),"row 43, column 18",Net Current Expenditure (C7 = C3 - C6)
2009/10,E0603,,Cheshire East UA,UA,Theatres and public entertainment,517,517000.0,RO5.xlsx,RO5 LA Data 2009-10 (3),"row 43, column 22",Net Current Expenditure (C7 = C3 - C6)
2009/10,E0603,,Cheshire East UA,UA,Library service,5134,5134000.0,RO5.xlsx,RO5 LA Data 2009-10 (3),"row 43, column 50",Net Current Expenditure (C7 = C3 - C6)
2009/10,E0604,,Cheshire West and Chester UA,UA,Archives,410,410000.0,RO5.xlsx,RO5 LA Data 2009-10 (3),"row 44, column 6",Net Current Expenditure (C7 = C3 - C6)
2009/10,E0604,,Cheshire West and Chester UA,UA,Arts development and support,1128,1128000.0,RO5.xlsx,RO5 LA Data 2009-10 (3),"row 44, column 10",Net Current Expenditure (C7 = C3 - C6)
2009/10,E0604,,Cheshire West and Chester UA,UA,Heritage,1581,1581000.0,RO5.xlsx,RO5 LA Data 2009-10 (3),"row 44, column 14",Net Current Expenditure (C7 = C3 - C6)
2009/10,E0604,,Cheshire West and Chester UA,UA,Museums and galleries,1246,1246000.0,RO5.xlsx,RO5 LA Data 2009-10 (3),"row 44, column 18",Net Current Expenditure (C7 = C3 - C6)
2009/10,E0604,,Cheshire West and Chester UA,UA,Theatres and public entertainment,5,5000.0,RO5.xlsx,RO5 LA Data 2009-10 (3),"row 44, column 22",Net Current Expenditure (C7 = C3 - C6)
2009/10,E0604,,Cheshire West and Chester UA,UA,Library service,5492,5492000.0,RO5.xlsx,RO5 LA Data 2009-10 (3),"row 44, column 50",Net Current Expenditure (C7 = C3 - C6)
2009/10,E0701,,Hartlepool UA,UA,Archives,46,46000.0,RO5.xlsx,RO5 LA Data 2009-10 (3),"row 45, column 6",Net Current Expenditure (C7 = C3 - C6)
2009/10,E0701,,Hartlepool UA,UA,Arts development and support,65,65000.0,RO5.xlsx,RO5 LA Data 2009-10 (3),"row 45, column 10",Net Current Expenditure (C7 = C3 - C6)
2009/10,E0701,,Hartlepool UA,UA,Heritage,-184,-184000.0,RO5.xlsx,RO5 LA Data 2009-10 (3),"row 45, column 14",Net Current Expenditure (C7 = C3 - C6)
2009/10,E0701,,Hartlepool UA,UA,Museums and galleries,776,776000.0,RO5.xlsx,RO5 LA Data 2009-10 (3),"row 45, column 18",Net Current Expenditure (C7 = C3 - C6)
2009/10,E0701,,Hartlepool UA,UA,Theatres and public entertainment,402,402000.0,RO5.xlsx,RO5 LA Data 2009-10 (3),"row 45, column 22",Net Current Expenditure (C7 = C3 - C6)
2009/10,E0701,,Hartlepool UA,UA,Library service,1930,1930000.0,RO5.xlsx,RO5 LA Data 2009-10 (3),"row 45, column 50",Net Current Expenditure (C7 = C3 - C6)
2009/10,E0702,,Middlesborough UA,UA,Archives,96,96000.0,RO5.xlsx,RO5 LA Data 2009-10 (3),"row 46, column 6",Net Current Expenditure (C7 = C3 - C6)
2009/10,E0702,,Middlesborough UA,UA,Arts development and support,229,229000.0,RO5.xlsx,RO5 LA Data 2009-10 (3),"row 46, column 10",Net Current Expenditure (C7 = C3 - C6)
2009/10,E0702,,Middlesborough UA,UA,Heritage,4,4000.0,RO5.xlsx,RO5 LA Data 2009-10 (3),"row 46, column 14",Net Current Expenditure (C7 = C3 - C6)
2009/10,E0702,,Middlesborough UA,UA,Museums and galleries,2448,2448000.0,RO5.xlsx,RO5 LA Data 2009-10 (3),"row 46, column 18",Net Current Expenditure (C7 = C3 - C6)
2009/10,E0702,,Middlesborough UA,UA,Theatres and public entertainment,1675,1675000.0,RO5.xlsx,RO5 LA Data 2009-10 (3),"row 46, column 22",Net Current Expenditure (C7 = C3 - C6)
2009/10,E0702,,Middlesborough UA,UA,Library service,2845,2845000.0,RO5.xlsx,RO5 LA Data 2009-10 (3),"row 46, column 50",Net Current Expenditure (C7 = C3 - C6)
2009/10,E0703,,Redcar & Cleveland UA,UA,Archives,58,58000.0,RO5.xlsx,RO5 LA Data 2009-10 (3),"row 47, column 6",Net Current Expenditure (C7 = C3 - C6)
2009/10,E0703,,Redcar & Cleveland UA,UA,Arts development and support,85,85000.0,RO5.xlsx,RO5 LA Data 2009-10 (3),"row 47, column 10",Net Current Expenditure (C7 = C3 - C6)
2009/10,E0703,,Redcar & Cleveland UA,UA,Heritage,2,2000.0,RO5.xlsx,RO5 LA Data 2009-10 (3),"row 47, column 14",Net Current Expenditure (C7 = C3 - C6)
2009/10,E0703,,Redcar & Cleveland UA,UA,Museums and galleries,586,586000.0,RO5.xlsx,RO5 LA Data 2009-10 (3),"row 47, column 18",Net Current Expenditure (C7 = C3 - C6)
2009/10,E0703,,Redcar & Cleveland UA,UA,Theatres and public entertainment,92,92000.0,RO5.xlsx,RO5 LA Data 2009-10 (3),"row 47, column 22",Net Current Expenditure (C7 = C3 - C6)
2009/10,E0703,,Redcar & Cleveland UA,UA,Library service,4696,4696000.0,RO5.xlsx,RO5 LA Data 2009-10 (3),"row 47, column 50",Net Current Expenditure (C7 = C3 - C6)
2009/10,E0704,,Stockton-on-Tees UA,UA,Archives,0,0.0,RO5.xlsx,RO5 LA Data 2009-10 (3),"row 48, column 6",Net Current Expenditure (C7 = C3 - C6)
2009/10,E0704,,Stockton-on-Tees UA,UA,Arts development and support,226,226000.0,RO5.xlsx,RO5 LA Data 2009-10 (3),"row 48, column 10",Net Current Expenditure (C7 = C3 - C6)
2009/10,E0704,,Stockton-on-Tees UA,UA,Heritage,0,0.0,RO5.xlsx,RO5 LA Data 2009-10 (3),"row 48, column 14",Net Current Expenditure (C7 = C3 - C6)
2009/10,E0704,,Stockton-on-Tees UA,UA,Museums and galleries,760,760000.0,RO5.xlsx,RO5 LA Data 2009-10 (3),"row 48, column 18",Net Current Expenditure (C7 = C3 - C6)
2009/10,E0704,,Stockton-on-Tees UA,UA,Theatres and public entertainment,1159,1159000.0,RO5.xlsx,RO5 LA Data 2009-10 (3),"row 48, column 22",Net Current Expenditure (C7 = C3 - C6)
2009/10,E0704,,Stockton-on-Tees UA,UA,Library service,2934,2934000.0,RO5.xlsx,RO5 LA Data 2009-10 (3),"row 48, column 50",Net Current Expenditure (C7 = C3 - C6)
2009/10,E0801,,Cornwall UA,UA,Archives,473,473000.0,RO5.xlsx,RO5 LA Data 2009-10 (3),"row 49, column 6",Net Current Expenditure (C7 = C3 - C6)
2009/10,E0801,,Cornwall UA,UA,Arts development and support,942,942000.0,RO5.xlsx,RO5 LA Data 2009-10 (3),"row 49, column 10",Net Current Expenditure (C7 = C3 - C6)
2009/10,E0801,,Cornwall UA,UA,Heritage,1271,1271000.0,RO5.xlsx,RO5 LA Data 2009-10 (3),"row 49, column 14",Net Current Expenditure (C7 = C3 - C6)
2009/10,E0801,,Cornwall UA,UA,Museums and galleries,457,457000.0,RO5.xlsx,RO5 LA Data 2009-10 (3),"row 49, column 18",Net Current Expenditure (C7 = C3 - C6)
2009/10,E0801,,Cornwall UA,UA,Theatres and public entertainment,3,3000.0,RO5.xlsx,RO5 LA Data 2009-10 (3),"row 49, column 22",Net Current Expenditure (C7 = C3 - C6)
2009/10,E0801,,Cornwall UA,UA,Library service,5493,5493000.0,RO5.xlsx,RO5 LA Data 2009-10 (3),"row 49, column 50",Net Current Expenditure (C7 = C3 - C6)
2009/10,E0920,,Cumbria,SC,Archives,1309,1309000.0,RO5.xlsx,RO5 LA Data 2009-10 (3),"row 50, column 6",Net Current Expenditure (C7 = C3 - C6)
2009/10,E0920,,Cumbria,SC,Arts development and support,915,915000.0,RO5.xlsx,RO5 LA Data 2009-10 (3),"row 50, column 10",Net Current Expenditure (C7 = C3 - C6)
2009/10,E0920,,Cumbria,SC,Heritage,0,0.0,RO5.xlsx,RO5 LA Data 2009-10 (3),"row 50, column 14",Net Current Expenditure (C7 = C3 - C6)
2009/10,E0920,,Cumbria,SC,Museums and galleries,0,0.0,RO5.xlsx,RO5 LA Data 2009-10 (3),"row 50, column 18",Net Current Expenditure (C7 = C3 - C6)
2009/10,E0920,,Cumbria,SC,Theatres and public entertainment,0,0.0,RO5.xlsx,RO5 LA Data 2009-10 (3),"row 50, column 22",Net Current Expenditure (C7 = C3 - C6)
2009/10,E0920,,Cumbria,SC,Library service,7569,7569000.0,RO5.xlsx,RO5 LA Data 2009-10 (3),"row 50, column 50",Net Current Expenditure (C7 = C3 - C6)
2009/10,E0931,,Allerdale,SD,Archives,0,0.0,RO5.xlsx,RO5 LA Data 2009-10 (3),"row 51, column 6",Net Current Expenditure (C7 = C3 - C6)
2009/10,E0931,,Allerdale,SD,Arts development and support,308,308000.0,RO5.xlsx,RO5 LA Data 2009-10 (3),"row 51, column 10",Net Current Expenditure (C7 = C3 - C6)
2009/10,E0931,,Allerdale,SD,Heritage,0,0.0,RO5.xlsx,RO5 LA Data 2009-10 (3),"row 51, column 14",Net Current Expenditure (C7 = C3 - C6)
2009/10,E0931,,Allerdale,SD,Museums and galleries,515,515000.0,RO5.xlsx,RO5 LA Data 2009-10 (3),"row 51, column 18",Net Current Expenditure (C7 = C3 - C6)
2009/10,E0931,,Allerdale,SD,Theatres and public entertainment,0,0.0,RO5.xlsx,RO5 LA Data 2009-10 (3),"row 51, column 22",Net Current Expenditure (C7 = C3 - C6)
2009/10,E0931,,Allerdale,SD,Library service,0,0.0,RO5.xlsx,RO5 LA Data 2009-10 (3),"row 51, column 50",Net Current Expenditure (C7 = C3 - C6)
2009/10,E0932,,Barrow-in-Furness,SD,Archives,0,0.0,RO5.xlsx,RO5 LA Data 2009-10 (3),"row 52, column 6",Net Current Expenditure (C7 = C3 - C6)
2009/10,E0932,,Barrow-in-Furness,SD,Arts development and support,67,67000.0,RO5.xlsx,RO5 LA Data 2009-10 (3),"row 52, column 10",Net Current Expenditure (C7 = C3 - C6)
2009/10,E0932,,Barrow-in-Furness,SD,Heritage,18,18000.0,RO5.xlsx,RO5 LA Data 2009-10 (3),"row 52, column 14",Net Current Expenditure (C7 = C3 - C6)
2009/10,E0932,,Barrow-in-Furness,SD,Museums and galleries,403,403000.0,RO5.xlsx,RO5 LA Data 2009-10 (3),"row 52, column 18",Net Current Expenditure (C7 = C3 - C6)
2009/10,E0932,,Barrow-in-Furness,SD,Theatres and public entertainment,640,640000.0,RO5.xlsx,RO5 LA Data 2009-10 (3),"row 52, column 22",Net Current Expenditure (C7 = C3 - C6)
2009/10,E0932,,Barrow-in-Furness,SD,Library service,0,0.0,RO5.xlsx,RO5 LA Data 2009-10 (3),"row 52, column 50",Net Current Expenditure (C7 = C3 - C6)
2009/10,E0933,,Carlisle,SD,Archives,0,0.0,RO5.xlsx,RO5 LA Data 2009-10 (3),"row 53, column 6",Net Current Expenditure (C7 = C3 - C6)
2009/10,E0933,,Carlisle,SD,Arts development and support,88,88000.0,RO5.xlsx,RO5 LA Data 2009-10 (3),"row 53, column 10",Net Current Expenditure (C7 = C3 - C6)
2009/10,E0933,,Carlisle,SD,Heritage,34,34000.0,RO5.xlsx,RO5 LA Data 2009-10 (3),"row 53, column 14",Net Current Expenditure (C7 = C3 - C6)
2009/10,E0933,,Carlisle,SD,Museums and galleries,1792,1792000.0,RO5.xlsx,RO5 LA Data 2009-10 (3),"row 53, column 18",Net Current Expenditure (C7 = C3 - C6)
2009/10,E0933,,Carlisle,SD,Theatres and public entertainment,656,656000.0,RO5.xlsx,RO5 LA Data 2009-10 (3),"row 53, column 22",Net Current Expenditure (C7 = C3 - C6)
2009/10,E0933,,Carlisle,SD,Library service,0,0.0,RO5.xlsx,RO5 LA Data 2009-10 (3),"row 53, column 50",Net Current Expenditure (C7 = C3 - C6)
2009/10,E0934,,Copeland,SD,Archives,0,0.0,RO5.xlsx,RO5 LA Data 2009-10 (3),"row 54, column 6",Net Current Expenditure (C7 = C3 - C6)
2009/10,E0934,,Copeland,SD,Arts development and support,356,356000.0,RO5.xlsx,RO5 LA Data 2009-10 (3),"row 54, column 10",Net Current Expenditure (C7 = C3 - C6)
2009/10,E0934,,Copeland,SD,Heritage,517,517000.0,RO5.xlsx,RO5 LA Data 2009-10 (3),"row 54, column 14",Net Current Expenditure (C7 = C3 - C6)
2009/10,E0934,,Copeland,SD,Museums and galleries,1,1000.0,RO5.xlsx,RO5 LA Data 2009-10 (3),"row 54, column 18",Net Current Expenditure (C7 = C3 - C6)
2009/10,E0934,,Copeland,SD,Theatres and public entertainment,0,0.0,RO5.xlsx,RO5 LA Data 2009-10 (3),"row 54, column 22",Net Current Expenditure (C7 = C3 - C6)
2009/10,E0934,,Copeland,SD,Library service,0,0.0,RO5.xlsx,RO5 LA Data 2009-10 (3),"row 54, column 50",Net Current Expenditure (C7 = C3 - C6)
2009/10,E0935,,Eden,SD,Archives,0,0.0,RO5.xlsx,RO5 LA Data 2009-10 (3),"row 55, column 6",Net Current Expenditure (C7 = C3 - C6)
2009/10,E0935,,Eden,SD,Arts development and support,113,113000.0,RO5.xlsx,RO5 LA Data 2009-10 (3),"row 55, column 10",Net Current Expenditure (C7 = C3 - C6)
2009/10,E0935,,Eden,SD,Heritage,0,0.0,RO5.xlsx,RO5 LA Data 2009-10 (3),"row 55, column 14",Net Current Expenditure (C7 = C3 - C6)
2009/10,E0935,,Eden,SD,Museums and galleries,99,99000.0,RO5.xlsx,RO5 LA Data 2009-10 (3),"row 55, column 18",Net Current Expenditure (C7 = C3 - C6)
2009/10,E0935,,Eden,SD,Theatres and public entertainment,0,0.0,RO5.xlsx,RO5 LA Data 2009-10 (3),"row 55, column 22",Net Current Expenditure (C7 = C3 - C6)
2009/10,E0935,,Eden,SD,Library service,0,0.0,RO5.xlsx,RO5 LA Data 2009-10 (3),"row 55, column 50",Net Current Expenditure (C7 = C3 - C6)
2009/10,E0936,,South Lakeland,SD,Archives,0,0.0,RO5.xlsx,RO5 LA Data 2009-10 (3),"row 56, column 6",Net Current Expenditure (C7 = C3 - C6)
2009/10,E0936,,South Lakeland,SD,Arts development and support,302,302000.0,RO5.xlsx,RO5 LA Data 2009-10 (3),"row 56, column 10",Net Current Expenditure (C7 = C3 - C6)
2009/10,E0936,,South Lakeland,SD,Heritage,73,73000.0,RO5.xlsx,RO5 LA Data 2009-10 (3),"row 56, column 14",Net Current Expenditure (C7 = C3 - C6)
2009/10,E0936,,South Lakeland,SD,Museums and galleries,182,182000.0,RO5.xlsx,RO5 LA Data 2009-10 (3),"row 56, column 18",Net Current Expenditure (C7 = C3 - C6)
2009/10,E0936,,South Lakeland,SD,Theatres and public entertainment,0,0.0,RO5.xlsx,RO5 LA Data 2009-10 (3),"row 56, column 22",Net Current Expenditure (C7 = C3 - C6)
2009/10,E0936,,South Lakeland,SD,Library service,0,0.0,RO5.xlsx,RO5 LA Data 2009-10 (3),"row 56, column 50",Net Current Expenditure (C7 = C3 - C6)
2009/10,E1001,,Derby City UA,UA,Archives,0,0.0,RO5.xlsx,RO5 LA Data 2009-10 (3),"row 57, column 6",Net Current Expenditure (C7 = C3 - C6)
2009/10,E1001,,Derby City UA,UA,Arts development and support,843,843000.0,RO5.xlsx,RO5 LA Data 2009-10 (3),"row 57, column 10",Net Current Expenditure (C7 = C3 - C6)
2009/10,E1001,,Derby City UA,UA,Heritage,0,0.0,RO5.xlsx,RO5 LA Data 2009-10 (3),"row 57, column 14",Net Current Expenditure (C7 = C3 - C6)
2009/10,E1001,,Derby City UA,UA,Museums and galleries,2041,2041000.0,RO5.xlsx,RO5 LA Data 2009-10 (3),"row 57, column 18",Net Current Expenditure (C7 = C3 - C6)
2009/10,E1001,,Derby City UA,UA,Theatres and public entertainment,2917,2917000.0,RO5.xlsx,RO5 LA Data 2009-10 (3),"row 57, column 22",Net Current Expenditure (C7 = C3 - C6)
2009/10,E1001,,Derby City UA,UA,Library service,4533,4533000.0,RO5.xlsx,RO5 LA Data 2009-10 (3),"row 57, column 50",Net Current Expenditure (C7 = C3 - C6)
2009/10,E1021,,Derbyshire,SC,Archives,466,466000.0,RO5.xlsx,RO5 LA Data 2009-10 (3),"row 58, column 6",Net Current Expenditure (C7 = C3 - C6)
2009/10,E1021,,Derbyshire,SC,Arts development and support,460,460000.0,RO5.xlsx,RO5 LA Data 2009-10 (3),"row 58, column 10",Net Current Expenditure (C7 = C3 - C6)
2009/10,E1021,,Derbyshire,SC,Heritage,39,39000.0,RO5.xlsx,RO5 LA Data 2009-10 (3),"row 58, column 14",Net Current Expenditure (C7 = C3 - C6)
2009/10,E1021,,Derbyshire,SC,Museums and galleries,432,432000.0,RO5.xlsx,RO5 LA Data 2009-10 (3),"row 58, column 18",Net Current Expenditure (C7 = C3 - C6)
2009/10,E1021,,Derbyshire,SC,Theatres and public entertainment,0,0.0,RO5.xlsx,RO5 LA Data 2009-10 (3),"row 58, column 22",Net Current Expenditure (C7 = C3 - C6)
2009/10,E1021,,Derbyshire,SC,Library service,9615,9615000.0,RO5.xlsx,RO5 LA Data 2009-10 (3),"row 58, column 50",Net Current Expenditure (C7 = C3 - C6)
2009/10,E1031,,Amber Valley,SD,Archives,0,0.0,RO5.xlsx,RO5 LA Data 2009-10 (3),"row 59, column 6",Net Current Expenditure (C7 = C3 - C6)
2009/10,E1031,,Amber Valley,SD,Arts development and support,13,13000.0,RO5.xlsx,RO5 LA Data 2009-10 (3),"row 59, column 10",Net Current Expenditure (C7 = C3 - C6)
2009/10,E1031,,Amber Valley,SD,Heritage,0,0.0,RO5.xlsx,RO5 LA Data 2009-10 (3),"row 59, column 14",Net Current Expenditure (C7 = C3 - C6)
2009/10,E1031,,Amber Valley,SD,Museums and galleries,33,33000.0,RO5.xlsx,RO5 LA Data 2009-10 (3),"row 59, column 18",Net Current Expenditure (C7 = C3 - C6)
2009/10,E1031,,Amber Valley,SD,Theatres and public entertainment,0,0.0,RO5.xlsx,RO5 LA Data 2009-10 (3),"row 59, column 22",Net Current Expenditure (C7 = C3 - C6)
2009/10,E1031,,Amber Valley,SD,Library service,0,0.0,RO5.xlsx,RO5 LA Data 2009-10 (3),"row 59, column 50",Net Current Expenditure (C7 = C3 - C6)
2009/10,E1032,,Bolsover,SD,Archives,0,0.0,RO5.xlsx,RO5 LA Data 2009-10 (3),"row 60, column 6",Net Current Expenditure (C7 = C3 - C6)
2009/10,E1032,,Bolsover,SD,Arts development and support,0,0.0,RO5.xlsx,RO5 LA Data 2009-10 (3),"row 60, column 10",Net Current Expenditure (C7 = C3 - C6)
2009/10,E1032,,Bolsover,SD,Heritage,136,136000.0,RO5.xlsx,RO5 LA Data 2009-10 (3),"row 60, column 14",Net Current Expenditure (C7 = C3 - C6)
2009/10,E1032,,Bolsover,SD,Museums and galleries,0,0.0,RO5.xlsx,RO5 LA Data 2009-10 (3),"row 60, column 18",Net Current Expenditure (C7 = C3 - C6)
2009/10,E1032,,Bolsover,SD,Theatres and public entertainment,0,0.0,RO5.xlsx,RO5 LA Data 2009-10 (3),"row 60, column 22",Net Current Expenditure (C7 = C3 - C6)
2009/10,E1032,,Bolsover,SD,Library service,0,0.0,RO5.xlsx,RO5 LA Data 2009-10 (3),"row 60, column 50",Net Current Expenditure (C7 = C3 - C6)
2009/10,E1033,,Chesterfield,SD,Archives,0,0.0,RO5.xlsx,RO5 LA Data 2009-10 (3),"row 61, column 6",Net Current Expenditure (C7 = C3 - C6)
2009/10,E1033,,Chesterfield,SD,Arts development and support,88,88000.0,RO5.xlsx,RO5 LA Data 2009-10 (3),"row 61, column 10",Net Current Expenditure (C7 = C3 - C6)
2009/10,E1033,,Chesterfield,SD,Heritage,0,0.0,RO5.xlsx,RO5 LA Data 2009-10 (3),"row 61, column 14",Net Current Expenditure (C7 = C3 - C6)
2009/10,E1033,,Chesterfield,SD,Museums and galleries,269,269000.0,RO5.xlsx,RO5 LA Data 2009-10 (3),"row 61, column 18",Net Current Expenditure (C7 = C3 - C6)
2009/10,E1033,,Chesterfield,SD,Theatres and public entertainment,28,28000.0,RO5.xlsx,RO5 LA Data 2009-10 (3),"row 61, column 22",Net Current Expenditure (C7 = C3 - C6)
2009/10,E1033,,Chesterfield,SD,Library service,0,0.0,RO5.xlsx,RO5 LA Data 2009-10 (3),"row 61, column 50",Net Current Expenditure (C7 = C3 - C6)
2009/10,E1035,,Derbyshire Dales,SD,Archives,0,0.0,RO5.xlsx,RO5 LA Data 2009-10 (3),"row 62, column 6",Net Current Expenditure (C7 = C3 - C6)
2009/10,E1035,,Derbyshire Dales,SD,Arts development and support,15,15000.0,RO5.xlsx,RO5 LA Data 2009-10 (3),"row 62, column 10",Net Current Expenditure (C7 = C3 - C6)
2009/10,E1035,,Derbyshire Dales,SD,Heritage,30,30000.0,RO5.xlsx,RO5 LA Data 2009-10 (3),"row 62, column 14",Net Current Expenditure (C7 = C3 - C6)
2009/10,E1035,,Derbyshire Dales,SD,Museums and galleries,12,12000.0,RO5.xlsx,RO5 LA Data 2009-10 (3),"row 62, column 18",Net Current Expenditure (C7 = C3 - C6)
2009/10,E1035,,Derbyshire Dales,SD,Theatres and public entertainment,59,59000.0,RO5.xlsx,RO5 LA Data 2009-10 (3),"row 62, column 22",Net Current Expenditure (C7 = C3 - C6)
2009/10,E1035,,Derbyshire Dales,SD,Library service,0,0.0,RO5.xlsx,RO5 LA Data 2009-10 (3),"row 62, column 50",Net Current Expenditure (C7 = C3 - C6)
2009/10,E1036,,Erewash,SD,Archives,0,0.0,RO5.xlsx,RO5 LA Data 2009-10 (3),"row 63, column 6",Net Current Expenditure (C7 = C3 - C6)
2009/10,E1036,,Erewash,SD,Arts development and support,43,43000.0,RO5.xlsx,RO5 LA Data 2009-10 (3),"row 63, column 10",Net Current Expenditure (C7 = C3 - C6)
2009/10,E1036,,Erewash,SD,Heritage,0,0.0,RO5.xlsx,RO5 LA Data 2009-10 (3),"row 63, column 14",Net Current Expenditure (C7 = C3 - C6)
2009/10,E1036,,Erewash,SD,Museums and galleries,182,182000.0,RO5.xlsx,RO5 LA Data 2009-10 (3),"row 63, column 18",Net Current Expenditure (C7 = C3 - C6)
2009/10,E1036,,Erewash,SD,Theatres and public entertainment,23,23000.0,RO5.xlsx,RO5 LA Data 2009-10 (3),"row 63, column 22",Net Current Expenditure (C7 = C3 - C6)
2009/10,E1036,,Erewash,SD,Library service,0,0.0,RO5.xlsx,RO5 LA Data 2009-10 (3),"row 63, column 50",Net Current Expenditure (C7 = C3 - C6)
2009/10,E1037,,High Peak,SD,Archives,0,0.0,RO5.xlsx,RO5 LA Data 2009-10 (3),"row 64, column 6",Net Current Expenditure (C7 = C3 - C6)
2009/10,E1037,,High Peak,SD,Arts development and support,28,28000.0,RO5.xlsx,RO5 LA Data 2009-10 (3),"row 64, column 10",Net Current Expenditure (C7 = C3 - C6)
2009/10,E1037,,High Peak,SD,Heritage,0,0.0,RO5.xlsx,RO5 LA Data 2009-10 (3),"row 64, column 14",Net Current Expenditure (C7 = C3 - C6)
2009/10,E1037,,High Peak,SD,Museums and galleries,0,0.0,RO5.xlsx,RO5 LA Data 2009-10 (3),"row 64, column 18",Net Current Expenditure (C7 = C3 - C6)
2009/10,E1037,,High Peak,SD,Theatres and public entertainment,0,0.0,RO5.xlsx,RO5 LA Data 2009-10 (3),"row 64, column 22",Net Current Expenditure (C7 = C3 - C6)
2009/10,E1037,,High Peak,SD,Library service,0,0.0,RO5.xlsx,RO5 LA Data 2009-10 (3),"row 64, column 50",Net Current Expenditure (C7 = C3 - C6)
2009/10,E1038,,North East Derbyshire,SD,Archives,0,0.0,RO5.xlsx,RO5 LA Data 2009-10 (3),"row 65, column 6",Net Current Expenditure (C7 = C3 - C6)
2009/10,E1038,,North East Derbyshire,SD,Arts development and support,135,135000.0,RO5.xlsx,RO5 LA Data 2009-10 (3),"row 65, column 10",Net Current Expenditure (C7 = C3 - C6)
2009/10,E1038,,North East Derbyshire,SD,Heritage,0,0.0,RO5.xlsx,RO5 LA Data 2009-10 (3),"row 65, column 14",Net Current Expenditure (C7 = C3 - C6)
2009/10,E1038,,North East Derbyshire,SD,Museums and galleries,0,0.0,RO5.xlsx,RO5 LA Data 2009-10 (3),"row 65, column 18",Net Current Expenditure (C7 = C3 - C6)
2009/10,E1038,,North East Derbyshire,SD,Theatres and public entertainment,3,3000.0,RO5.xlsx,RO5 LA Data 2009-10 (3),"row 65, column 22",Net Current Expenditure (C7 = C3 - C6)
2009/10,E1038,,North East Derbyshire,SD,Library service,0,0.0,RO5.xlsx,RO5 LA Data 2009-10 (3),"row 65, column 50",Net Current Expenditure (C7 = C3 - C6)
2009/10,E1039,,South Derbyshire,SD,Archives,0,0.0,RO5.xlsx,RO5 LA Data 2009-10 (3),"row 66, column 6",Net Current Expenditure (C7 = C3 - C6)
2009/10,E1039,,South Derbyshire,SD,Arts development and support,29,29000.0,RO5.xlsx,RO5 LA Data 2009-10 (3),"row 66, column 10",Net Current Expenditure (C7 = C3 - C6)
2009/10,E1039,,South Derbyshire,SD,Heritage,114,114000.0,RO5.xlsx,RO5 LA Data 2009-10 (3),"row 66, column 14",Net Current Expenditure (C7 = C3 - C6)
2009/10,E1039,,South Derbyshire,SD,Museums and galleries,0,0.0,RO5.xlsx,RO5 LA Data 2009-10 (3),"row 66, column 18",Net Current Expenditure (C7 = C3 - C6)
2009/10,E1039,,South Derbyshire,SD,Theatres and public entertainment,29,29000.0,RO5.xlsx,RO5 LA Data 2009-10 (3),"row 66, column 22",Net Current Expenditure (C7 = C3 - C6)
2009/10,E1039,,South Derbyshire,SD,Library service,0,0.0,RO5.xlsx,RO5 LA Data 2009-10 (3),"row 66, column 50",Net Current Expenditure (C7 = C3 - C6)
2009/10,E1101,,Plymouth UA,UA,Archives,324,324000.0,RO5.xlsx,RO5 LA Data 2009-10 (3),"row 67, column 6",Net Current Expenditure (C7 = C3 - C6)
2009/10,E1101,,Plymouth UA,UA,Arts development and support,305,305000.0,RO5.xlsx,RO5 LA Data 2009-10 (3),"row 67, column 10",Net Current Expenditure (C7 = C3 - C6)
2009/10,E1101,,Plymouth UA,UA,Heritage,137,137000.0,RO5.xlsx,RO5 LA Data 2009-10 (3),"row 67, column 14",Net Current Expenditure (C7 = C3 - C6)
2009/10,E1101,,Plymouth UA,UA,Museums and galleries,1323,1323000.0,RO5.xlsx,RO5 LA Data 2009-10 (3),"row 67, column 18",Net Current Expenditure (C7 = C3 - C6)
2009/10,E1101,,Plymouth UA,UA,Theatres and public entertainment,1491,1491000.0,RO5.xlsx,RO5 LA Data 2009-10 (3),"row 67, column 22",Net Current Expenditure (C7 = C3 - C6)
2009/10,E1101,,Plymouth UA,UA,Library service,5675,5675000.0,RO5.xlsx,RO5 LA Data 2009-10 (3),"row 67, column 50",Net Current Expenditure (C7 = C3 - C6)
2009/10,E1102,,Torbay UA,UA,Archives,114,114000.0,RO5.xlsx,RO5 LA Data 2009-10 (3),"row 68, column 6",Net Current Expenditure (C7 = C3 - C6)
2009/10,E1102,,Torbay UA,UA,Arts development and support,204,204000.0,RO5.xlsx,RO5 LA Data 2009-10 (3),"row 68, column 10",Net Current Expenditure (C7 = C3 - C6)
2009/10,E1102,,Torbay UA,UA,Heritage,0,0.0,RO5.xlsx,RO5 LA Data 2009-10 (3),"row 68, column 14",Net Current Expenditure (C7 = C3 - C6)
2009/10,E1102,,Torbay UA,UA,Museums and galleries,710,710000.0,RO5.xlsx,RO5 LA Data 2009-10 (3),"row 68, column 18",Net Current Expenditure (C7 = C3 - C6)
2009/10,E1102,,Torbay UA,UA,Theatres and public entertainment,335,335000.0,RO5.xlsx,RO5 LA Data 2009-10 (3),"row 68, column 22",Net Current Expenditure (C7 = C3 - C6)
2009/10,E1102,,Torbay UA,UA,Library service,2035,2035000.0,RO5.xlsx,RO5 LA Data 2009-10 (3),"row 68, column 50",Net Current Expenditure (C7 = C3 - C6)
2009/10,E1121,,Devon,SC,Archives,411,411000.0,RO5.xlsx,RO5 LA Data 2009-10 (3),"row 69, column 6",Net Current Expenditure (C7 = C3 - C6)
2009/10,E1121,,Devon,SC,Arts development and support,438,438000.0,RO5.xlsx,RO5 LA Data 2009-10 (3),"row 69, column 10",Net Current Expenditure (C7 = C3 - C6)
2009/10,E1121,,Devon,SC,Heritage,51,51000.0,RO5.xlsx,RO5 LA Data 2009-10 (3),"row 69, column 14",Net Current Expenditure (C7 = C3 - C6)
2009/10,E1121,,Devon,SC,Museums and galleries,0,0.0,RO5.xlsx,RO5 LA Data 2009-10 (3),"row 69, column 18",Net Current Expenditure (C7 = C3 - C6)
2009/10,E1121,,Devon,SC,Theatres and public entertainment,301,301000.0,RO5.xlsx,RO5 LA Data 2009-10 (3),"row 69, column 22",Net Current Expenditure (C7 = C3 - C6)
2009/10,E1121,,Devon,SC,Library service,11341,11341000.0,RO5.xlsx,RO5 LA Data 2009-10 (3),"row 69, column 50",Net Current Expenditure (C7 = C3 - C6)
2009/10,E1131,,East Devon,SD,Archives,0,0.0,RO5.xlsx,RO5 LA Data 2009-10 (3),"row 70, column 6",Net Current Expenditure (C7 = C3 - C6)
2009/10,E1131,,East Devon,SD,Arts development and support,66,66000.0,RO5.xlsx,RO5 LA Data 2009-10 (3),"row 70, column 10",Net Current Expenditure (C7 = C3 - C6)
2009/10,E1131,,East Devon,SD,Heritage,0,0.0,RO5.xlsx,RO5 LA Data 2009-10 (3),"row 70, column 14",Net Current Expenditure (C7 = C3 - C6)
2009/10,E1131,,East Devon,SD,Museums and galleries,65,65000.0,RO5.xlsx,RO5 LA Data 2009-10 (3),"row 70, column 18",Net Current Expenditure (C7 = C3 - C6)
2009/10,E1131,,East Devon,SD,Theatres and public entertainment,31,31000.0,RO5.xlsx,RO5 LA Data 2009-10 (3),"row 70, column 22",Net Current Expenditure (C7 = C3 - C6)
2009/10,E1131,,East Devon,SD,Library service,0,0.0,RO5.xlsx,RO5 LA Data 2009-10 (3),"row 70, column 50",Net Current Expenditure (C7 = C3 - C6)
2009/10,E1132,,Exeter,SD,Archives,0,0.0,RO5.xlsx,RO5 LA Data 2009-10 (3),"row 71, column 6",Net Current Expenditure (C7 = C3 - C6)
2009/10,E1132,,Exeter,SD,Arts development and support,0,0.0,RO5.xlsx,RO5 LA Data 2009-10 (3),"row 71, column 10",Net Current Expenditure (C7 = C3 - C6)
2009/10,E1132,,Exeter,SD,Heritage,26,26000.0,RO5.xlsx,RO5 LA Data 2009-10 (3),"row 71, column 14",Net Current Expenditure (C7 = C3 - C6)
2009/10,E1132,,Exeter,SD,Museums and galleries,2323,2323000.0,RO5.xlsx,RO5 LA Data 2009-10 (3),"row 71, column 18",Net Current Expenditure (C7 = C3 - C6)
2009/10,E1132,,Exeter,SD,Theatres and public entertainment,691,691000.0,RO5.xlsx,RO5 LA Data 2009-10 (3),"row 71, column 22",Net Current Expenditure (C7 = C3 - C6)
2009/10,E1132,,Exeter,SD,Library service,0,0.0,RO5.xlsx,RO5 LA Data 2009-10 (3),"row 71, column 50",Net Current Expenditure (C7 = C3 - C6)
2009/10,E1133,,Mid Devon,SD,Archives,0,0.0,RO5.xlsx,RO5 LA Data 2009-10 (3),"row 72, column 6",Net Current Expenditure (C7 = C3 - C6)
2009/10,E1133,,Mid Devon,SD,Arts development and support,0,0.0,RO5.xlsx,RO5 LA Data 2009-10 (3),"row 72, column 10",Net Current Expenditure (C7 = C3 - C6)
2009/10,E1133,,Mid Devon,SD,Heritage,1,1000.0,RO5.xlsx,RO5 LA Data 2009-10 (3),"row 72, column 14",Net Current Expenditure (C7 = C3 - C6)
2009/10,E1133,,Mid Devon,SD,Museums and galleries,0,0.0,RO5.xlsx,RO5 LA Data 2009-10 (3),"row 72, column 18",Net Current Expenditure (C7 = C3 - C6)
2009/10,E1133,,Mid Devon,SD,Theatres and public entertainment,0,0.0,RO5.xlsx,RO5 LA Data 2009-10 (3),"row 72, column 22",Net Current Expenditure (C7 = C3 - C6)
2009/10,E1133,,Mid Devon,SD,Library service,0,0.0,RO5.xlsx,RO5 LA Data 2009-10 (3),"row 72, column 50",Net Current Expenditure (C7 = C3 - C6)
2009/10,E1134,,North Devon,SD,Archives,0,0.0,RO5.xlsx,RO5 LA Data 2009-10 (3),"row 73, column 6",Net Current Expenditure (C7 = C3 - C6)
2009/10,E1134,,North Devon,SD,Arts development and support,188,188000.0,RO5.xlsx,RO5 LA Data 2009-10 (3),"row 73, column 10",Net Current Expenditure (C7 = C3 - C6)
2009/10,E1134,,North Devon,SD,Heritage,0,0.0,RO5.xlsx,RO5 LA Data 2009-10 (3),"row 73, column 14",Net Current Expenditure (C7 = C3 - C6)
2009/10,E1134,,North Devon,SD,Museums and galleries,217,217000.0,RO5.xlsx,RO5 LA Data 2009-10 (3),"row 73, column 18",Net Current Expenditure (C7 = C3 - C6)
2009/10,E1134,,North Devon,SD,Theatres and public entertainment,662,662000.0,RO5.xlsx,RO5 LA Data 2009-10 (3),"row 73, column 22",Net Current Expenditure (C7 = C3 - C6)
2009/10,E1134,,North Devon,SD,Library service,0,0.0,RO5.xlsx,RO5 LA Data 2009-10 (3),"row 73, column 50",Net Current Expenditure (C7 = C3 - C6)
2009/10,E1136,,South Hams,SD,Archives,0,0.0,RO5.xlsx,RO5 LA Data 2009-10 (3),"row 74, column 6",Net Current Expenditure (C7 = C3 - C6)
2009/10,E1136,,South Hams,SD,Arts development and support,12,12000.0,RO5.xlsx,RO5 LA Data 2009-10 (3),"row 74, column 10",Net Current Expenditure (C7 = C3 - C6)
2009/10,E1136,,South Hams,SD,Heritage,0,0.0,RO5.xlsx,RO5 LA Data 2009-10 (3),"row 74, column 14",Net Current Expenditure (C7 = C3 - C6)
2009/10,E1136,,South Hams,SD,Museums and galleries,0,0.0,RO5.xlsx,RO5 LA Data 2009-10 (3),"row 74, column 18",Net Current Expenditure (C7 = C3 - C6)
2009/10,E1136,,South Hams,SD,Theatres and public entertainment,0,0.0,RO5.xlsx,RO5 LA Data 2009-10 (3),"row 74, column 22",Net Current Expenditure (C7 = C3 - C6)
2009/10,E1136,,South Hams,SD,Library service,0,0.0,RO5.xlsx,RO5 LA Data 2009-10 (3),"row 74, column 50",Net Current Expenditure (C7 = C3 - C6)
2009/10,E1137,,Teignbridge,SD,Archives,0,0.0,RO5.xlsx,RO5 LA Data 2009-10 (3),"row 75, column 6",Net Current Expenditure (C7 = C3 - C6)
2009/10,E1137,,Teignbridge,SD,Arts development and support,48,48000.0,RO5.xlsx,RO5 LA Data 2009-10 (3),"row 75, column 10",Net Current Expenditure (C7 = C3 - C6)
2009/10,E1137,,Teignbridge,SD,Heritage,0,0.0,RO5.xlsx,RO5 LA Data 2009-10 (3),"row 75, column 14",Net Current Expenditure (C7 = C3 - C6)
2009/10,E1137,,Teignbridge,SD,Museums and galleries,23,23000.0,RO5.xlsx,RO5 LA Data 2009-10 (3),"row 75, column 18",Net Current Expenditure (C7 = C3 - C6)
2009/10,E1137,,Teignbridge,SD,Theatres and public entertainment,3,3000.0,RO5.xlsx,RO5 LA Data 2009-10 (3),"row 75, column 22",Net Current Expenditure (C7 = C3 - C6)
2009/10,E1137,,Teignbridge,SD,Library service,0,0.0,RO5.xlsx,RO5 LA Data 2009-10 (3),"row 75, column 50",Net Current Expenditure (C7 = C3 - C6)
2009/10,E1139,,Torridge,SD,Archives,0,0.0,RO5.xlsx,RO5 LA Data 2009-10 (3),"row 76, column 6",Net Current Expenditure (C7 = C3 - C6)
2009/10,E1139,,Torridge,SD,Arts development and support,4,4000.0,RO5.xlsx,RO5 LA Data 2009-10 (3),"row 76, column 10",Net Current Expenditure (C7 = C3 - C6)
2009/10,E1139,,Torridge,SD,Heritage,50,50000.0,RO5.xlsx,RO5 LA Data 2009-10 (3),"row 76, column 14",Net Current Expenditure (C7 = C3 - C6)
2009/10,E1139,,Torridge,SD,Museums and galleries,298,298000.0,RO5.xlsx,RO5 LA Data 2009-10 (3),"row 76, column 18",Net Current Expenditure (C7 = C3 - C6)
2009/10,E1139,,Torridge,SD,Theatres and public entertainment,0,0.0,RO5.xlsx,RO5 LA Data 2009-10 (3),"row 76, column 22",Net Current Expenditure (C7 = C3 - C6)
2009/10,E1139,,Torridge,SD,Library service,0,0.0,RO5.xlsx,RO5 LA Data 2009-10 (3),"row 76, column 50",Net Current Expenditure (C7 = C3 - C6)
2009/10,E1140,,West Devon,SD,Archives,0,0.0,RO5.xlsx,RO5 LA Data 2009-10 (3),"row 77, column 6",Net Current Expenditure (C7 = C3 - C6)
2009/10,E1140,,West Devon,SD,Arts development and support,44,44000.0,RO5.xlsx,RO5 LA Data 2009-10 (3),"row 77, column 10",Net Current Expenditure (C7 = C3 - C6)
2009/10,E1140,,West Devon,SD,Heritage,0,0.0,RO5.xlsx,RO5 LA Data 2009-10 (3),"row 77, column 14",Net Current Expenditure (C7 = C3 - C6)
2009/10,E1140,,West Devon,SD,Museums and galleries,0,0.0,RO5.xlsx,RO5 LA Data 2009-10 (3),"row 77, column 18",Net Current Expenditure (C7 = C3 - C6)
2009/10,E1140,,West Devon,SD,Theatres and public entertainment,0,0.0,RO5.xlsx,RO5 LA Data 2009-10 (3),"row 77, column 22",Net Current Expenditure (C7 = C3 - C6)
2009/10,E1140,,West Devon,SD,Library service,0,0.0,RO5.xlsx,RO5 LA Data 2009-10 (3),"row 77, column 50",Net Current Expenditure (C7 = C3 - C6)
2009/10,E1201,,Poole UA,UA,Archives,145,145000.0,RO5.xlsx,RO5 LA Data 2009-10 (3),"row 78, column 6",Net Current Expenditure (C7 = C3 - C6)
2009/10,E1201,,Poole UA,UA,Arts development and support,1021,1021000.0,RO5.xlsx,RO5 LA Data 2009-10 (3),"row 78, column 10",Net Current Expenditure (C7 = C3 - C6)
2009/10,E1201,,Poole UA,UA,Heritage,0,0.0,RO5.xlsx,RO5 LA Data 2009-10 (3),"row 78, column 14",Net Current Expenditure (C7 = C3 - C6)
2009/10,E1201,,Poole UA,UA,Museums and galleries,660,660000.0,RO5.xlsx,RO5 LA Data 2009-10 (3),"row 78, column 18",Net Current Expenditure (C7 = C3 - C6)
2009/10,E1201,,Poole UA,UA,Theatres and public entertainment,0,0.0,RO5.xlsx,RO5 LA Data 2009-10 (3),"row 78, column 22",Net Current Expenditure (C7 = C3 - C6)
2009/10,E1201,,Poole UA,UA,Library service,2931,2931000.0,RO5.xlsx,RO5 LA Data 2009-10 (3),"row 78, column 50",Net Current Expenditure (C7 = C3 - C6)
2009/10,E1202,,Bournemouth UA,UA,Archives,428,428000.0,RO5.xlsx,RO5 LA Data 2009-10 (3),"row 79, column 6",Net Current Expenditure (C7 = C3 - C6)
2009/10,E1202,,Bournemouth UA,UA,Arts development and support,278,278000.0,RO5.xlsx,RO5 LA Data 2009-10 (3),"row 79, column 10",Net Current Expenditure (C7 = C3 - C6)
2009/10,E1202,,Bournemouth UA,UA,Heritage,0,0.0,RO5.xlsx,RO5 LA Data 2009-10 (3),"row 79, column 14",Net Current Expenditure (C7 = C3 - C6)
2009/10,E1202,,Bournemouth UA,UA,Museums and galleries,380,380000.0,RO5.xlsx,RO5 LA Data 2009-10 (3),"row 79, column 18",Net Current Expenditure (C7 = C3 - C6)
2009/10,E1202,,Bournemouth UA,UA,Theatres and public entertainment,-815,-815000.0,RO5.xlsx,RO5 LA Data 2009-10 (3),"row 79, column 22",Net Current Expenditure (C7 = C3 - C6)
2009/10,E1202,,Bournemouth UA,UA,Library service,5626,5626000.0,RO5.xlsx,RO5 LA Data 2009-10 (3),"row 79, column 50",Net Current Expenditure (C7 = C3 - C6)
2009/10,E1221,,Dorset,SC,Archives,445,445000.0,RO5.xlsx,RO5 LA Data 2009-10 (3),"row 80, column 6",Net Current Expenditure (C7 = C3 - C6)
2009/10,E1221,,Dorset,SC,Arts development and support,383,383000.0,RO5.xlsx,RO5 LA Data 2009-10 (3),"row 80, column 10",Net Current Expenditure (C7 = C3 - C6)
2009/10,E1221,,Dorset,SC,Heritage,210,210000.0,RO5.xlsx,RO5 LA Data 2009-10 (3),"row 80, column 14",Net Current Expenditure (C7 = C3 - C6)
2009/10,E1221,,Dorset,SC,Museums and galleries,255,255000.0,RO5.xlsx,RO5 LA Data 2009-10 (3),"row 80, column 18",Net Current Expenditure (C7 = C3 - C6)
2009/10,E1221,,Dorset,SC,Theatres and public entertainment,0,0.0,RO5.xlsx,RO5 LA Data 2009-10 (3),"row 80, column 22",Net Current Expenditure (C7 = C3 - C6)
2009/10,E1221,,Dorset,SC,Library service,6941,6941000.0,RO5.xlsx,RO5 LA Data 2009-10 (3),"row 80, column 50",Net Current Expenditure (C7 = C3 - C6)
2009/10,E1232,,Christchurch,SD,Archives,0,0.0,RO5.xlsx,RO5 LA Data 2009-10 (3),"row 81, column 6",Net Current Expenditure (C7 = C3 - C6)
2009/10,E1232,,Christchurch,SD,Arts development and support,0,0.0,RO5.xlsx,RO5 LA Data 2009-10 (3),"row 81, column 10",Net Current Expenditure (C7 = C3 - C6)
2009/10,E1232,,Christchurch,SD,Heritage,106,106000.0,RO5.xlsx,RO5 LA Data 2009-10 (3),"row 81, column 14",Net Current Expenditure (C7 = C3 - C6)
2009/10,E1232,,Christchurch,SD,Museums and galleries,61,61000.0,RO5.xlsx,RO5 LA Data 2009-10 (3),"row 81, column 18",Net Current Expenditure (C7 = C3 - C6)
2009/10,E1232,,Christchurch,SD,Theatres and public entertainment,79,79000.0,RO5.xlsx,RO5 LA Data 2009-10 (3),"row 81, column 22",Net Current Expenditure (C7 = C3 - C6)
2009/10,E1232,,Christchurch,SD,Library service,0,0.0,RO5.xlsx,RO5 LA Data 2009-10 (3),"row 81, column 50",Net Current Expenditure (C7 = C3 - C6)
2009/10,E1233,,East Dorset,SD,Archives,0,0.0,RO5.xlsx,RO5 LA Data 2009-10 (3),"row 82, column 6",Net Current Expenditure (C7 = C3 - C6)
2009/10,E1233,,East Dorset,SD,Arts development and support,85,85000.0,RO5.xlsx,RO5 LA Data 2009-10 (3),"row 82, column 10",Net Current Expenditure (C7 = C3 - C6)
2009/10,E1233,,East Dorset,SD,Heritage,0,0.0,RO5.xlsx,RO5 LA Data 2009-10 (3),"row 82, column 14",Net Current Expenditure (C7 = C3 - C6)
2009/10,E1233,,East Dorset,SD,Museums and galleries,203,203000.0,RO5.xlsx,RO5 LA Data 2009-10 (3),"row 82, column 18",Net Current Expenditure (C7 = C3 - C6)
2009/10,E1233,,East Dorset,SD,Theatres and public entertainment,0,0.0,RO5.xlsx,RO5 LA Data 2009-10 (3),"row 82, column 22",Net Current Expenditure (C7 = C3 - C6)
2009/10,E1233,,East Dorset,SD,Library service,0,0.0,RO5.xlsx,RO5 LA Data 2009-10 (3),"row 82, column 50",Net Current Expenditure (C7 = C3 - C6)
2009/10,E1234,,North Dorset,SD,Archives,0,0.0,RO5.xlsx,RO5 LA Data 2009-10 (3),"row 83, column 6",Net Current Expenditure (C7 = C3 - C6)
2009/10,E1234,,North Dorset,SD,Arts development and support,18,18000.0,RO5.xlsx,RO5 LA Data 2009-10 (3),"row 83, column 10",Net Current Expenditure (C7 = C3 - C6)
2009/10,E1234,,North Dorset,SD,Heritage,0,0.0,RO5.xlsx,RO5 LA Data 2009-10 (3),"row 83, column 14",Net Current Expenditure (C7 = C3 - C6)
2009/10,E1234,,North Dorset,SD,Museums and galleries,0,0.0,RO5.xlsx,RO5 LA Data 2009-10 (3),"row 83, column 18",Net Current Expenditure (C7 = C3 - C6)
2009/10,E1234,,North Dorset,SD,Theatres and public entertainment,0,0.0,RO5.xlsx,RO5 LA Data 2009-10 (3),"row 83, column 22",Net Current Expenditure (C7 = C3 - C6)
2009/10,E1234,,North Dorset,SD,Library service,0,0.0,RO5.xlsx,RO5 LA Data 2009-10 (3),"row 83, column 50",Net Current Expenditure (C7 = C3 - C6)
2009/10,E1236,,Purbeck,SD,Archives,0,0.0,RO5.xlsx,RO5 LA Data 2009-10 (3),"row 84, column 6",Net Current Expenditure (C7 = C3 - C6)
2009/10,E1236,,Purbeck,SD,Arts development and support,19,19000.0,RO5.xlsx,RO5 LA Data 2009-10 (3),"row 84, column 10",Net Current Expenditure (C7 = C3 - C6)
2009/10,E1236,,Purbeck,SD,Heritage,44,44000.0,RO5.xlsx,RO5 LA Data 2009-10 (3),"row 84, column 14",Net Current Expenditure (C7 = C3 - C6)
2009/10,E1236,,Purbeck,SD,Museums and galleries,0,0.0,RO5.xlsx,RO5 LA Data 2009-10 (3),"row 84, column 18",Net Current Expenditure (C7 = C3 - C6)
2009/10,E1236,,Purbeck,SD,Theatres and public entertainment,0,0.0,RO5.xlsx,RO5 LA Data 2009-10 (3),"row 84, column 22",Net Current Expenditure (C7 = C3 - C6)
2009/10,E1236,,Purbeck,SD,Library service,0,0.0,RO5.xlsx,RO5 LA Data 2009-10 (3),"row 84, column 50",Net Current Expenditure (C7 = C3 - C6)
2009/10,E1237,,West Dorset,SD,Archives,0,0.0,RO5.xlsx,RO5 LA Data 2009-10 (3),"row 85, column 6",Net Current Expenditure (C7 = C3 - C6)
2009/10,E1237,,West Dorset,SD,Arts development and support,310,310000.0,RO5.xlsx,RO5 LA Data 2009-10 (3),"row 85, column 10",Net Current Expenditure (C7 = C3 - C6)
2009/10,E1237,,West Dorset,SD,Heritage,0,0.0,RO5.xlsx,RO5 LA Data 2009-10 (3),"row 85, column 14",Net Current Expenditure (C7 = C3 - C6)
2009/10,E1237,,West Dorset,SD,Museums and galleries,100,100000.0,RO5.xlsx,RO5 LA Data 2009-10 (3),"row 85, column 18",Net Current Expenditure (C7 = C3 - C6)
2009/10,E1237,,West Dorset,SD,Theatres and public entertainment,0,0.0,RO5.xlsx,RO5 LA Data 2009-10 (3),"row 85, column 22",Net Current Expenditure (C7 = C3 - C6)
2009/10,E1237,,West Dorset,SD,Library service,0,0.0,RO5.xlsx,RO5 LA Data 2009-10 (3),"row 85, column 50",Net Current Expenditure (C7 = C3 - C6)
2009/10,E1238,,Weymouth & Portland,SD,Archives,0,0.0,RO5.xlsx,RO5 LA Data 2009-10 (3),"row 86, column 6",Net Current Expenditure (C7 = C3 - C6)
2009/10,E1238,,Weymouth & Portland,SD,Arts development and support,2,2000.0,RO5.xlsx,RO5 LA Data 2009-10 (3),"row 86, column 10",Net Current Expenditure (C7 = C3 - C6)
2009/10,E1238,,Weymouth & Portland,SD,Heritage,16,16000.0,RO5.xlsx,RO5 LA Data 2009-10 (3),"row 86, column 14",Net Current Expenditure (C7 = C3 - C6)
2009/10,E1238,,Weymouth & Portland,SD,Museums and galleries,45,45000.0,RO5.xlsx,RO5 LA Data 2009-10 (3),"row 86, column 18",Net Current Expenditure (C7 = C3 - C6)
2009/10,E1238,,Weymouth & Portland,SD,Theatres and public entertainment,0,0.0,RO5.xlsx,RO5 LA Data 2009-10 (3),"row 86, column 22",Net Current Expenditure (C7 = C3 - C6)
2009/10,E1238,,Weymouth & Portland,SD,Library service,0,0.0,RO5.xlsx,RO5 LA Data 2009-10 (3),"row 86, column 50",Net Current Expenditure (C7 = C3 - C6)
2009/10,E1301,,Darlington UA,UA,Archives,54,54000.0,RO5.xlsx,RO5 LA Data 2009-10 (3),"row 87, column 6",Net Current Expenditure (C7 = C3 - C6)
2009/10,E1301,,Darlington UA,UA,Arts development and support,0,0.0,RO5.xlsx,RO5 LA Data 2009-10 (3),"row 87, column 10",Net Current Expenditure (C7 = C3 - C6)
2009/10,E1301,,Darlington UA,UA,Heritage,39,39000.0,RO5.xlsx,RO5 LA Data 2009-10 (3),"row 87, column 14",Net Current Expenditure (C7 = C3 - C6)
2009/10,E1301,,Darlington UA,UA,Museums and galleries,306,306000.0,RO5.xlsx,RO5 LA Data 2009-10 (3),"row 87, column 18",Net Current Expenditure (C7 = C3 - C6)
2009/10,E1301,,Darlington UA,UA,Theatres and public entertainment,1718,1718000.0,RO5.xlsx,RO5 LA Data 2009-10 (3),"row 87, column 22",Net Current Expenditure (C7 = C3 - C6)
2009/10,E1301,,Darlington UA,UA,Library service,1228,1228000.0,RO5.xlsx,RO5 LA Data 2009-10 (3),"row 87, column 50",Net Current Expenditure (C7 = C3 - C6)
2009/10,E1302,,County Durham UA,UA,Archives,294,294000.0,RO5.xlsx,RO5 LA Data 2009-10 (3),"row 88, column 6",Net Current Expenditure (C7 = C3 - C6)
2009/10,E1302,,County Durham UA,UA,Arts development and support,1456,1456000.0,RO5.xlsx,RO5 LA Data 2009-10 (3),"row 88, column 10",Net Current Expenditure (C7 = C3 - C6)
2009/10,E1302,,County Durham UA,UA,Heritage,0,0.0,RO5.xlsx,RO5 LA Data 2009-10 (3),"row 88, column 14",Net Current Expenditure (C7 = C3 - C6)
2009/10,E1302,,County Durham UA,UA,Museums and galleries,1906,1906000.0,RO5.xlsx,RO5 LA Data 2009-10 (3),"row 88, column 18",Net Current Expenditure (C7 = C3 - C6)
2009/10,E1302,,County Durham UA,UA,Theatres and public entertainment,826,826000.0,RO5.xlsx,RO5 LA Data 2009-10 (3),"row 88, column 22",Net Current Expenditure (C7 = C3 - C6)
2009/10,E1302,,County Durham UA,UA,Library service,7906,7906000.0,RO5.xlsx,RO5 LA Data 2009-10 (3),"row 88, column 50",Net Current Expenditure (C7 = C3 - C6)
2009/10,E1401,,Brighton & Hove UA,UA,Archives,0,0.0,RO5.xlsx,RO5 LA Data 2009-10 (3),"row 89, column 6",Net Current Expenditure (C7 = C3 - C6)
2009/10,E1401,,Brighton & Hove UA,UA,Arts development and support,305,305000.0,RO5.xlsx,RO5 LA Data 2009-10 (3),"row 89, column 10",Net Current Expenditure (C7 = C3 - C6)
2009/10,E1401,,Brighton & Hove UA,UA,Heritage,907,907000.0,RO5.xlsx,RO5 LA Data 2009-10 (3),"row 89, column 14",Net Current Expenditure (C7 = C3 - C6)
2009/10,E1401,,Brighton & Hove UA,UA,Museums and galleries,2478,2478000.0,RO5.xlsx,RO5 LA Data 2009-10 (3),"row 89, column 18",Net Current Expenditure (C7 = C3 - C6)
2009/10,E1401,,Brighton & Hove UA,UA,Theatres and public entertainment,3391,3391000.0,RO5.xlsx,RO5 LA Data 2009-10 (3),"row 89, column 22",Net Current Expenditure (C7 = C3 - C6)
2009/10,E1401,,Brighton & Hove UA,UA,Library service,5113,5113000.0,RO5.xlsx,RO5 LA Data 2009-10 (3),"row 89, column 50",Net Current Expenditure (C7 = C3 - C6)
2009/10,E1421,,East Sussex,SC,Archives,963,963000.0,RO5.xlsx,RO5 LA Data 2009-10 (3),"row 90, column 6",Net Current Expenditure (C7 = C3 - C6)
2009/10,E1421,,East Sussex,SC,Arts development and support,96,96000.0,RO5.xlsx,RO5 LA Data 2009-10 (3),"row 90, column 10",Net Current Expenditure (C7 = C3 - C6)
2009/10,E1421,,East Sussex,SC,Heritage,10,10000.0,RO5.xlsx,RO5 LA Data 2009-10 (3),"row 90, column 14",Net Current Expenditure (C7 = C3 - C6)
2009/10,E1421,,East Sussex,SC,Museums and galleries,0,0.0,RO5.xlsx,RO5 LA Data 2009-10 (3),"row 90, column 18",Net Current Expenditure (C7 = C3 - C6)
2009/10,E1421,,East Sussex,SC,Theatres and public entertainment,0,0.0,RO5.xlsx,RO5 LA Data 2009-10 (3),"row 90, column 22",Net Current Expenditure (C7 = C3 - C6)
2009/10,E1421,,East Sussex,SC,Library service,7674,7674000.0,RO5.xlsx,RO5 LA Data 2009-10 (3),"row 90, column 50",Net Current Expenditure (C7 = C3 - C6)
2009/10,E1432,,Eastbourne,SD,Archives,0,0.0,RO5.xlsx,RO5 LA Data 2009-10 (3),"row 91, column 6",Net Current Expenditure (C7 = C3 - C6)
2009/10,E1432,,Eastbourne,SD,Arts development and support,0,0.0,RO5.xlsx,RO5 LA Data 2009-10 (3),"row 91, column 10",Net Current Expenditure (C7 = C3 - C6)
2009/10,E1432,,Eastbourne,SD,Heritage,0,0.0,RO5.xlsx,RO5 LA Data 2009-10 (3),"row 91, column 14",Net Current Expenditure (C7 = C3 - C6)
2009/10,E1432,,Eastbourne,SD,Museums and galleries,932,932000.0,RO5.xlsx,RO5 LA Data 2009-10 (3),"row 91, column 18",Net Current Expenditure (C7 = C3 - C6)
2009/10,E1432,,Eastbourne,SD,Theatres and public entertainment,1151,1151000.0,RO5.xlsx,RO5 LA Data 2009-10 (3),"row 91, column 22",Net Current Expenditure (C7 = C3 - C6)
2009/10,E1432,,Eastbourne,SD,Library service,0,0.0,RO5.xlsx,RO5 LA Data 2009-10 (3),"row 91, column 50",Net Current Expenditure (C7 = C3 - C6)
2009/10,E1433,,Hastings,SD,Archives,0,0.0,RO5.xlsx,RO5 LA Data 2009-10 (3),"row 92, column 6",Net Current Expenditure (C7 = C3 - C6)
2009/10,E1433,,Hastings,SD,Arts development and support,0,0.0,RO5.xlsx,RO5 LA Data 2009-10 (3),"row 92, column 10",Net Current Expenditure (C7 = C3 - C6)
2009/10,E1433,,Hastings,SD,Heritage,0,0.0,RO5.xlsx,RO5 LA Data 2009-10 (3),"row 92, column 14",Net Current Expenditure (C7 = C3 - C6)
2009/10,E1433,,Hastings,SD,Museums and galleries,461,461000.0,RO5.xlsx,RO5 LA Data 2009-10 (3),"row 92, column 18",Net Current Expenditure (C7 = C3 - C6)
2009/10,E1433,,Hastings,SD,Theatres and public entertainment,634,634000.0,RO5.xlsx,RO5 LA Data 2009-10 (3),"row 92, column 22",Net Current Expenditure (C7 = C3 - C6)
2009/10,E1433,,Hastings,SD,Library service,0,0.0,RO5.xlsx,RO5 LA Data 2009-10 (3),"row 92, column 50",Net Current Expenditure (C7 = C3 - C6)
2009/10,E1435,,Lewes,SD,Archives,0,0.0,RO5.xlsx,RO5 LA Data 2009-10 (3),"row 93, column 6",Net Current Expenditure (C7 = C3 - C6)
2009/10,E1435,,Lewes,SD,Arts development and support,60,60000.0,RO5.xlsx,RO5 LA Data 2009-10 (3),"row 93, column 10",Net Current Expenditure (C7 = C3 - C6)
2009/10,E1435,,Lewes,SD,Heritage,207,207000.0,RO5.xlsx,RO5 LA Data 2009-10 (3),"row 93, column 14",Net Current Expenditure (C7 = C3 - C6)
2009/10,E1435,,Lewes,SD,Museums and galleries,33,33000.0,RO5.xlsx,RO5 LA Data 2009-10 (3),"row 93, column 18",Net Current Expenditure (C7 = C3 - C6)
2009/10,E1435,,Lewes,SD,Theatres and public entertainment,0,0.0,RO5.xlsx,RO5 LA Data 2009-10 (3),"row 93, column 22",Net Current Expenditure (C7 = C3 - C6)
2009/10,E1435,,Lewes,SD,Library service,0,0.0,RO5.xlsx,RO5 LA Data 2009-10 (3),"row 93, column 50",Net Current Expenditure (C7 = C3 - C6)
2009/10,E1436,,Rother,SD,Archives,0,0.0,RO5.xlsx,RO5 LA Data 2009-10 (3),"row 94, column 6",Net Current Expenditure (C7 = C3 - C6)
2009/10,E1436,,Rother,SD,Arts development and support,86,86000.0,RO5.xlsx,RO5 LA Data 2009-10 (3),"row 94, column 10",Net Current Expenditure (C7 = C3 - C6)
2009/10,E1436,,Rother,SD,Heritage,9,9000.0,RO5.xlsx,RO5 LA Data 2009-10 (3),"row 94, column 14",Net Current Expenditure (C7 = C3 - C6)
2009/10,E1436,,Rother,SD,Museums and galleries,121,121000.0,RO5.xlsx,RO5 LA Data 2009-10 (3),"row 94, column 18",Net Current Expenditure (C7 = C3 - C6)
2009/10,E1436,,Rother,SD,Theatres and public entertainment,569,569000.0,RO5.xlsx,RO5 LA Data 2009-10 (3),"row 94, column 22",Net Current Expenditure (C7 = C3 - C6)
2009/10,E1436,,Rother,SD,Library service,0,0.0,RO5.xlsx,RO5 LA Data 2009-10 (3),"row 94, column 50",Net Current Expenditure (C7 = C3 - C6)
2009/10,E1437,,Wealden,SD,Archives,0,0.0,RO5.xlsx,RO5 LA Data 2009-10 (3),"row 95, column 6",Net Current Expenditure (C7 = C3 - C6)
2009/10,E1437,,Wealden,SD,Arts development and support,36,36000.0,RO5.xlsx,RO5 LA Data 2009-10 (3),"row 95, column 10",Net Current Expenditure (C7 = C3 - C6)
2009/10,E1437,,Wealden,SD,Heritage,0,0.0,RO5.xlsx,RO5 LA Data 2009-10 (3),"row 95, column 14",Net Current Expenditure (C7 = C3 - C6)
2009/10,E1437,,Wealden,SD,Museums and galleries,0,0.0,RO5.xlsx,RO5 LA Data 2009-10 (3),"row 95, column 18",Net Current Expenditure (C7 = C3 - C6)
2009/10,E1437,,Wealden,SD,Theatres and public entertainment,0,0.0,RO5.xlsx,RO5 LA Data 2009-10 (3),"row 95, column 22",Net Current Expenditure (C7 = C3 - C6)
2009/10,E1437,,Wealden,SD,Library service,0,0.0,RO5.xlsx,RO5 LA Data 2009-10 (3),"row 95, column 50",Net Current Expenditure (C7 = C3 - C6)
2009/10,E1501,,Southend-on-Sea UA,UA,Archives,0,0.0,RO5.xlsx,RO5 LA Data 2009-10 (3),"row 96, column 6",Net Current Expenditure (C7 = C3 - C6)
2009/10,E1501,,Southend-on-Sea UA,UA,Arts development and support,199,199000.0,RO5.xlsx,RO5 LA Data 2009-10 (3),"row 96, column 10",Net Current Expenditure (C7 = C3 - C6)
2009/10,E1501,,Southend-on-Sea UA,UA,Heritage,0,0.0,RO5.xlsx,RO5 LA Data 2009-10 (3),"row 96, column 14",Net Current Expenditure (C7 = C3 - C6)
2009/10,E1501,,Southend-on-Sea UA,UA,Museums and galleries,974,974000.0,RO5.xlsx,RO5 LA Data 2009-10 (3),"row 96, column 18",Net Current Expenditure (C7 = C3 - C6)
2009/10,E1501,,Southend-on-Sea UA,UA,Theatres and public entertainment,559,559000.0,RO5.xlsx,RO5 LA Data 2009-10 (3),"row 96, column 22",Net Current Expenditure (C7 = C3 - C6)
2009/10,E1501,,Southend-on-Sea UA,UA,Library service,3191,3191000.0,RO5.xlsx,RO5 LA Data 2009-10 (3),"row 96, column 50",Net Current Expenditure (C7 = C3 - C6)
2009/10,E1502,,Thurrock UA,UA,Archives,132,132000.0,RO5.xlsx,RO5 LA Data 2009-10 (3),"row 97, column 6",Net Current Expenditure (C7 = C3 - C6)
2009/10,E1502,,Thurrock UA,UA,Arts development and support,16,16000.0,RO5.xlsx,RO5 LA Data 2009-10 (3),"row 97, column 10",Net Current Expenditure (C7 = C3 - C6)
2009/10,E1502,,Thurrock UA,UA,Heritage,13,13000.0,RO5.xlsx,RO5 LA Data 2009-10 (3),"row 97, column 14",Net Current Expenditure (C7 = C3 - C6)
2009/10,E1502,,Thurrock UA,UA,Museums and galleries,191,191000.0,RO5.xlsx,RO5 LA Data 2009-10 (3),"row 97, column 18",Net Current Expenditure (C7 = C3 - C6)
2009/10,E1502,,Thurrock UA,UA,Theatres and public entertainment,645,645000.0,RO5.xlsx,RO5 LA Data 2009-10 (3),"row 97, column 22",Net Current Expenditure (C7 = C3 - C6)
2009/10,E1502,,Thurrock UA,UA,Library service,2331,2331000.0,RO5.xlsx,RO5 LA Data 2009-10 (3),"row 97, column 50",Net Current Expenditure (C7 = C3 - C6)
2009/10,E1521,,Essex,SC,Archives,1954,1954000.0,RO5.xlsx,RO5 LA Data 2009-10 (3),"row 98, column 6",Net Current Expenditure (C7 = C3 - C6)
2009/10,E1521,,Essex,SC,Arts development and support,1656,1656000.0,RO5.xlsx,RO5 LA Data 2009-10 (3),"row 98, column 10",Net Current Expenditure (C7 = C3 - C6)
2009/10,E1521,,Essex,SC,Heritage,1338,1338000.0,RO5.xlsx,RO5 LA Data 2009-10 (3),"row 98, column 14",Net Current Expenditure (C7 = C3 - C6)
2009/10,E1521,,Essex,SC,Museums and galleries,28,28000.0,RO5.xlsx,RO5 LA Data 2009-10 (3),"row 98, column 18",Net Current Expenditure (C7 = C3 - C6)
2009/10,E1521,,Essex,SC,Theatres and public entertainment,0,0.0,RO5.xlsx,RO5 LA Data 2009-10 (3),"row 98, column 22",Net Current Expenditure (C7 = C3 - C6)
2009/10,E1521,,Essex,SC,Library service,26628,26628000.0,RO5.xlsx,RO5 LA Data 2009-10 (3),"row 98, column 50",Net Current Expenditure (C7 = C3 - C6)
2009/10,E1531,,Basildon,SD,Archives,0,0.0,RO5.xlsx,RO5 LA Data 2009-10 (3),"row 99, column 6",Net Current Expenditure (C7 = C3 - C6)
2009/10,E1531,,Basildon,SD,Arts development and support,0,0.0,RO5.xlsx,RO5 LA Data 2009-10 (3),"row 99, column 10",Net Current Expenditure (C7 = C3 - C6)
2009/10,E1531,,Basildon,SD,Heritage,0,0.0,RO5.xlsx,RO5 LA Data 2009-10 (3),"row 99, column 14",Net Current Expenditure (C7 = C3 - C6)
2009/10,E1531,,Basildon,SD,Museums and galleries,85,85000.0,RO5.xlsx,RO5 LA Data 2009-10 (3),"row 99, column 18",Net Current Expenditure (C7 = C3 - C6)
2009/10,E1531,,Basildon,SD,Theatres and public entertainment,502,502000.0,RO5.xlsx,RO5 LA Data 2009-10 (3),"row 99, column 22",Net Current Expenditure (C7 = C3 - C6)
2009/10,E1531,,Basildon,SD,Library service,0,0.0,RO5.xlsx,RO5 LA Data 2009-10 (3),"row 99, column 50",Net Current Expenditure (C7 = C3 - C6)
2009/10,E1532,,Braintree,SD,Archives,0,0.0,RO5.xlsx,RO5 LA Data 2009-10 (3),"row 100, column 6",Net Current Expenditure (C7 = C3 - C6)
2009/10,E1532,,Braintree,SD,Arts development and support,140,140000.0,RO5.xlsx,RO5 LA Data 2009-10 (3),"row 100, column 10",Net Current Expenditure (C7 = C3 - C6)
2009/10,E1532,,Braintree,SD,Heritage,14,14000.0,RO5.xlsx,RO5 LA Data 2009-10 (3),"row 100, column 14",Net Current Expenditure (C7 = C3 - C6)
2009/10,E1532,,Braintree,SD,Museums and galleries,343,343000.0,RO5.xlsx,RO5 LA Data 2009-10 (3),"row 100, column 18",Net Current Expenditure (C7 = C3 - C6)
2009/10,E1532,,Braintree,SD,Theatres and public entertainment,0,0.0,RO5.xlsx,RO5 LA Data 2009-10 (3),"row 100, column 22",Net Current Expenditure (C7 = C3 - C6)
2009/10,E1532,,Braintree,SD,Library service,0,0.0,RO5.xlsx,RO5 LA Data 2009-10 (3),"row 100, column 50",Net Current Expenditure (C7 = C3 - C6)
2009/10,E1533,,Brentwood,SD,Archives,0,0.0,RO5.xlsx,RO5 LA Data 2009-10 (3),"row 101, column 6",Net Current Expenditure (C7 = C3 - C6)
2009/10,E1533,,Brentwood,SD,Arts development and support,0,0.0,RO5.xlsx,RO5 LA Data 2009-10 (3),"row 101, column 10",Net Current Expenditure (C7 = C3 - C6)
2009/10,E1533,,Brentwood,SD,Heritage,0,0.0,RO5.xlsx,RO5 LA Data 2009-10 (3),"row 101, column 14",Net Current Expenditure (C7 = C3 - C6)
2009/10,E1533,,Brentwood,SD,Museums and galleries,0,0.0,RO5.xlsx,RO5 LA Data 2009-10 (3),"row 101, column 18",Net Current Expenditure (C7 = C3 - C6)
2009/10,E1533,,Brentwood,SD,Theatres and public entertainment,0,0.0,RO5.xlsx,RO5 LA Data 2009-10 (3),"row 101, column 22",Net Current Expenditure (C7 = C3 - C6)
2009/10,E1533,,Brentwood,SD,Library service,0,0.0,RO5.xlsx,RO5 LA Data 2009-10 (3),"row 101, column 50",Net Current Expenditure (C7 = C3 - C6)
2009/10,E1534,,Castle Point,SD,Archives,0,0.0,RO5.xlsx,RO5 LA Data 2009-10 (3),"row 102, column 6",Net Current Expenditure (C7 = C3 - C6)
2009/10,E1534,,Castle Point,SD,Arts development and support,12,12000.0,RO5.xlsx,RO5 LA Data 2009-10 (3),"row 102, column 10",Net Current Expenditure (C7 = C3 - C6)
2009/10,E1534,,Castle Point,SD,Heritage,0,0.0,RO5.xlsx,RO5 LA Data 2009-10 (3),"row 102, column 14",Net Current Expenditure (C7 = C3 - C6)
2009/10,E1534,,Castle Point,SD,Museums and galleries,0,0.0,RO5.xlsx,RO5 LA Data 2009-10 (3),"row 102, column 18",Net Current Expenditure (C7 = C3 - C6)
2009/10,E1534,,Castle Point,SD,Theatres and public entertainment,0,0.0,RO5.xlsx,RO5 LA Data 2009-10 (3),"row 102, column 22",Net Current Expenditure (C7 = C3 - C6)
2009/10,E1534,,Castle Point,SD,Library service,0,0.0,RO5.xlsx,RO5 LA Data 2009-10 (3),"row 102, column 50",Net Current Expenditure (C7 = C3 - C6)
2009/10,E1535,,Chelmsford,SD,Archives,0,0.0,RO5.xlsx,RO5 LA Data 2009-10 (3),"row 103, column 6",Net Current Expenditure (C7 = C3 - C6)
2009/10,E1535,,Chelmsford,SD,Arts development and support,68,68000.0,RO5.xlsx,RO5 LA Data 2009-10 (3),"row 103, column 10",Net Current Expenditure (C7 = C3 - C6)
2009/10,E1535,,Chelmsford,SD,Heritage,153,153000.0,RO5.xlsx,RO5 LA Data 2009-10 (3),"row 103, column 14",Net Current Expenditure (C7 = C3 - C6)
2009/10,E1535,,Chelmsford,SD,Museums and galleries,780,780000.0,RO5.xlsx,RO5 LA Data 2009-10 (3),"row 103, column 18",Net Current Expenditure (C7 = C3 - C6)
2009/10,E1535,,Chelmsford,SD,Theatres and public entertainment,719,719000.0,RO5.xlsx,RO5 LA Data 2009-10 (3),"row 103, column 22",Net Current Expenditure (C7 = C3 - C6)
2009/10,E1535,,Chelmsford,SD,Library service,0,0.0,RO5.xlsx,RO5 LA Data 2009-10 (3),"row 103, column 50",Net Current Expenditure (C7 = C3 - C6)
2009/10,E1536,,Colchester,SD,Archives,0,0.0,RO5.xlsx,RO5 LA Data 2009-10 (3),"row 104, column 6",Net Current Expenditure (C7 = C3 - C6)
2009/10,E1536,,Colchester,SD,Arts development and support,909,909000.0,RO5.xlsx,RO5 LA Data 2009-10 (3),"row 104, column 10",Net Current Expenditure (C7 = C3 - C6)
2009/10,E1536,,Colchester,SD,Heritage,9,9000.0,RO5.xlsx,RO5 LA Data 2009-10 (3),"row 104, column 14",Net Current Expenditure (C7 = C3 - C6)
2009/10,E1536,,Colchester,SD,Museums and galleries,2133,2133000.0,RO5.xlsx,RO5 LA Data 2009-10 (3),"row 104, column 18",Net Current Expenditure (C7 = C3 - C6)
2009/10,E1536,,Colchester,SD,Theatres and public entertainment,508,508000.0,RO5.xlsx,RO5 LA Data 2009-10 (3),"row 104, column 22",Net Current Expenditure (C7 = C3 - C6)
2009/10,E1536,,Colchester,SD,Library service,0,0.0,RO5.xlsx,RO5 LA Data 2009-10 (3),"row 104, column 50",Net Current Expenditure (C7 = C3 - C6)
2009/10,E1537,,Epping Forest,SD,Archives,0,0.0,RO5.xlsx,RO5 LA Data 2009-10 (3),"row 105, column 6",Net Current Expenditure (C7 = C3 - C6)
2009/10,E1537,,Epping Forest,SD,Arts development and support,336,336000.0,RO5.xlsx,RO5 LA Data 2009-10 (3),"row 105, column 10",Net Current Expenditure (C7 = C3 - C6)
2009/10,E1537,,Epping Forest,SD,Heritage,0,0.0,RO5.xlsx,RO5 LA Data 2009-10 (3),"row 105, column 14",Net Current Expenditure (C7 = C3 - C6)
2009/10,E1537,,Epping Forest,SD,Museums and galleries,403,403000.0,RO5.xlsx,RO5 LA Data 2009-10 (3),"row 105, column 18",Net Current Expenditure (C7 = C3 - C6)
2009/10,E1537,,Epping Forest,SD,Theatres and public entertainment,0,0.0,RO5.xlsx,RO5 LA Data 2009-10 (3),"row 105, column 22",Net Current Expenditure (C7 = C3 - C6)
2009/10,E1537,,Epping Forest,SD,Library service,0,0.0,RO5.xlsx,RO5 LA Data 2009-10 (3),"row 105, column 50",Net Current Expenditure (C7 = C3 - C6)
2009/10,E1538,,Harlow,SD,Archives,0,0.0,RO5.xlsx,RO5 LA Data 2009-10 (3),"row 106, column 6",Net Current Expenditure (C7 = C3 - C6)
2009/10,E1538,,Harlow,SD,Arts development and support,60,60000.0,RO5.xlsx,RO5 LA Data 2009-10 (3),"row 106, column 10",Net Current Expenditure (C7 = C3 - C6)
2009/10,E1538,,Harlow,SD,Heritage,0,0.0,RO5.xlsx,RO5 LA Data 2009-10 (3),"row 106, column 14",Net Current Expenditure (C7 = C3 - C6)
2009/10,E1538,,Harlow,SD,Museums and galleries,260,260000.0,RO5.xlsx,RO5 LA Data 2009-10 (3),"row 106, column 18",Net Current Expenditure (C7 = C3 - C6)
2009/10,E1538,,Harlow,SD,Theatres and public entertainment,521,521000.0,RO5.xlsx,RO5 LA Data 2009-10 (3),"row 106, column 22",Net Current Expenditure (C7 = C3 - C6)
2009/10,E1538,,Harlow,SD,Library service,0,0.0,RO5.xlsx,RO5 LA Data 2009-10 (3),"row 106, column 50",Net Current Expenditure (C7 = C3 - C6)
2009/10,E1539,,Maldon,SD,Archives,0,0.0,RO5.xlsx,RO5 LA Data 2009-10 (3),"row 107, column 6",Net Current Expenditure (C7 = C3 - C6)
2009/10,E1539,,Maldon,SD,Arts development and support,148,148000.0,RO5.xlsx,RO5 LA Data 2009-10 (3),"row 107, column 10",Net Current Expenditure (C7 = C3 - C6)
2009/10,E1539,,Maldon,SD,Heritage,0,0.0,RO5.xlsx,RO5 LA Data 2009-10 (3),"row 107, column 14",Net Current Expenditure (C7 = C3 - C6)
2009/10,E1539,,Maldon,SD,Museums and galleries,13,13000.0,RO5.xlsx,RO5 LA Data 2009-10 (3),"row 107, column 18",Net Current Expenditure (C7 = C3 - C6)
2009/10,E1539,,Maldon,SD,Theatres and public entertainment,0,0.0,RO5.xlsx,RO5 LA Data 2009-10 (3),"row 107, column 22",Net Current Expenditure (C7 = C3 - C6)
2009/10,E1539,,Maldon,SD,Library service,0,0.0,RO5.xlsx,RO5 LA Data 2009-10 (3),"row 107, column 50",Net Current Expenditure (C7 = C3 - C6)
2009/10,E1540,,Rochford,SD,Archives,0,0.0,RO5.xlsx,RO5 LA Data 2009-10 (3),"row 108, column 6",Net Current Expenditure (C7 = C3 - C6)
2009/10,E1540,,Rochford,SD,Arts development and support,51,51000.0,RO5.xlsx,RO5 LA Data 2009-10 (3),"row 108, column 10",Net Current Expenditure (C7 = C3 - C6)
2009/10,E1540,,Rochford,SD,Heritage,0,0.0,RO5.xlsx,RO5 LA Data 2009-10 (3),"row 108, column 14",Net Current Expenditure (C7 = C3 - C6)
2009/10,E1540,,Rochford,SD,Museums and galleries,0,0.0,RO5.xlsx,RO5 LA Data 2009-10 (3),"row 108, column 18",Net Current Expenditure (C7 = C3 - C6)
2009/10,E1540,,Rochford,SD,Theatres and public entertainment,0,0.0,RO5.xlsx,RO5 LA Data 2009-10 (3),"row 108, column 22",Net Current Expenditure (C7 = C3 - C6)
2009/10,E1540,,Rochford,SD,Library service,0,0.0,RO5.xlsx,RO5 LA Data 2009-10 (3),"row 108, column 50",Net Current Expenditure (C7 = C3 - C6)
2009/10,E1542,,Tendring,SD,Archives,0,0.0,RO5.xlsx,RO5 LA Data 2009-10 (3),"row 109, column 6",Net Current Expenditure (C7 = C3 - C6)
2009/10,E1542,,Tendring,SD,Arts development and support,14,14000.0,RO5.xlsx,RO5 LA Data 2009-10 (3),"row 109, column 10",Net Current Expenditure (C7 = C3 - C6)
2009/10,E1542,,Tendring,SD,Heritage,0,0.0,RO5.xlsx,RO5 LA Data 2009-10 (3),"row 109, column 14",Net Current Expenditure (C7 = C3 - C6)
2009/10,E1542,,Tendring,SD,Museums and galleries,0,0.0,RO5.xlsx,RO5 LA Data 2009-10 (3),"row 109, column 18",Net Current Expenditure (C7 = C3 - C6)
2009/10,E1542,,Tendring,SD,Theatres and public entertainment,236,236000.0,RO5.xlsx,RO5 LA Data 2009-10 (3),"row 109, column 22",Net Current Expenditure (C7 = C3 - C6)
2009/10,E1542,,Tendring,SD,Library service,0,0.0,RO5.xlsx,RO5 LA Data 2009-10 (3),"row 109, column 50",Net Current Expenditure (C7 = C3 - C6)
2009/10,E1544,,Uttlesford,SD,Archives,0,0.0,RO5.xlsx,RO5 LA Data 2009-10 (3),"row 110, column 6",Net Current Expenditure (C7 = C3 - C6)
2009/10,E1544,,Uttlesford,SD,Arts development and support,0,0.0,RO5.xlsx,RO5 LA Data 2009-10 (3),"row 110, column 10",Net Current Expenditure (C7 = C3 - C6)
2009/10,E1544,,Uttlesford,SD,Heritage,0,0.0,RO5.xlsx,RO5 LA Data 2009-10 (3),"row 110, column 14",Net Current Expenditure (C7 = C3 - C6)
2009/10,E1544,,Uttlesford,SD,Museums and galleries,310,310000.0,RO5.xlsx,RO5 LA Data 2009-10 (3),"row 110, column 18",Net Current Expenditure (C7 = C3 - C6)
2009/10,E1544,,Uttlesford,SD,Theatres and public entertainment,0,0.0,RO5.xlsx,RO5 LA Data 2009-10 (3),"row 110, column 22",Net Current Expenditure (C7 = C3 - C6)
2009/10,E1544,,Uttlesford,SD,Library service,0,0.0,RO5.xlsx,RO5 LA Data 2009-10 (3),"row 110, column 50",Net Current Expenditure (C7 = C3 - C6)
2009/10,E1620,,Gloucestershire,SC,Archives,1215,1215000.0,RO5.xlsx,RO5 LA Data 2009-10 (3),"row 111, column 6",Net Current Expenditure (C7 = C3 - C6)
2009/10,E1620,,Gloucestershire,SC,Arts development and support,0,0.0,RO5.xlsx,RO5 LA Data 2009-10 (3),"row 111, column 10",Net Current Expenditure (C7 = C3 - C6)
2009/10,E1620,,Gloucestershire,SC,Heritage,0,0.0,RO5.xlsx,RO5 LA Data 2009-10 (3),"row 111, column 14",Net Current Expenditure (C7 = C3 - C6)
2009/10,E1620,,Gloucestershire,SC,Museums and galleries,0,0.0,RO5.xlsx,RO5 LA Data 2009-10 (3),"row 111, column 18",Net Current Expenditure (C7 = C3 - C6)
2009/10,E1620,,Gloucestershire,SC,Theatres and public entertainment,0,0.0,RO5.xlsx,RO5 LA Data 2009-10 (3),"row 111, column 22",Net Current Expenditure (C7 = C3 - C6)
2009/10,E1620,,Gloucestershire,SC,Library service,7680,7680000.0,RO5.xlsx,RO5 LA Data 2009-10 (3),"row 111, column 50",Net Current Expenditure (C7 = C3 - C6)
2009/10,E1631,,Cheltenham,SD,Archives,0,0.0,RO5.xlsx,RO5 LA Data 2009-10 (3),"row 112, column 6",Net Current Expenditure (C7 = C3 - C6)
2009/10,E1631,,Cheltenham,SD,Arts development and support,574,574000.0,RO5.xlsx,RO5 LA Data 2009-10 (3),"row 112, column 10",Net Current Expenditure (C7 = C3 - C6)
2009/10,E1631,,Cheltenham,SD,Heritage,4,4000.0,RO5.xlsx,RO5 LA Data 2009-10 (3),"row 112, column 14",Net Current Expenditure (C7 = C3 - C6)
2009/10,E1631,,Cheltenham,SD,Museums and galleries,970,970000.0,RO5.xlsx,RO5 LA Data 2009-10 (3),"row 112, column 18",Net Current Expenditure (C7 = C3 - C6)
2009/10,E1631,,Cheltenham,SD,Theatres and public entertainment,1008,1008000.0,RO5.xlsx,RO5 LA Data 2009-10 (3),"row 112, column 22",Net Current Expenditure (C7 = C3 - C6)
2009/10,E1631,,Cheltenham,SD,Library service,0,0.0,RO5.xlsx,RO5 LA Data 2009-10 (3),"row 112, column 50",Net Current Expenditure (C7 = C3 - C6)
2009/10,E1632,,Cotswold,SD,Archives,0,0.0,RO5.xlsx,RO5 LA Data 2009-10 (3),"row 113, column 6",Net Current Expenditure (C7 = C3 - C6)
2009/10,E1632,,Cotswold,SD,Arts development and support,14,14000.0,RO5.xlsx,RO5 LA Data 2009-10 (3),"row 113, column 10",Net Current Expenditure (C7 = C3 - C6)
2009/10,E1632,,Cotswold,SD,Heritage,0,0.0,RO5.xlsx,RO5 LA Data 2009-10 (3),"row 113, column 14",Net Current Expenditure (C7 = C3 - C6)
2009/10,E1632,,Cotswold,SD,Museums and galleries,556,556000.0,RO5.xlsx,RO5 LA Data 2009-10 (3),"row 113, column 18",Net Current Expenditure (C7 = C3 - C6)
2009/10,E1632,,Cotswold,SD,Theatres and public entertainment,2,2000.0,RO5.xlsx,RO5 LA Data 2009-10 (3),"row 113, column 22",Net Current Expenditure (C7 = C3 - C6)
2009/10,E1632,,Cotswold,SD,Library service,0,0.0,RO5.xlsx,RO5 LA Data 2009-10 (3),"row 113, column 50",Net Current Expenditure (C7 = C3 - C6)
2009/10,E1633,,Forest of Dean,SD,Archives,0,0.0,RO5.xlsx,RO5 LA Data 2009-10 (3),"row 114, column 6",Net Current Expenditure (C7 = C3 - C6)
2009/10,E1633,,Forest of Dean,SD,Arts development and support,39,39000.0,RO5.xlsx,RO5 LA Data 2009-10 (3),"row 114, column 10",Net Current Expenditure (C7 = C3 - C6)
2009/10,E1633,,Forest of Dean,SD,Heritage,0,0.0,RO5.xlsx,RO5 LA Data 2009-10 (3),"row 114, column 14",Net Current Expenditure (C7 = C3 - C6)
2009/10,E1633,,Forest of Dean,SD,Museums and galleries,0,0.0,RO5.xlsx,RO5 LA Data 2009-10 (3),"row 114, column 18",Net Current Expenditure (C7 = C3 - C6)
2009/10,E1633,,Forest of Dean,SD,Theatres and public entertainment,0,0.0,RO5.xlsx,RO5 LA Data 2009-10 (3),"row 114, column 22",Net Current Expenditure (C7 = C3 - C6)
2009/10,E1633,,Forest of Dean,SD,Library service,0,0.0,RO5.xlsx,RO5 LA Data 2009-10 (3),"row 114, column 50",Net Current Expenditure (C7 = C3 - C6)
2009/10,E1634,,Gloucester,SD,Archives,0,0.0,RO5.xlsx,RO5 LA Data 2009-10 (3),"row 115, column 6",Net Current Expenditure (C7 = C3 - C6)
2009/10,E1634,,Gloucester,SD,Arts development and support,0,0.0,RO5.xlsx,RO5 LA Data 2009-10 (3),"row 115, column 10",Net Current Expenditure (C7 = C3 - C6)
2009/10,E1634,,Gloucester,SD,Heritage,245,245000.0,RO5.xlsx,RO5 LA Data 2009-10 (3),"row 115, column 14",Net Current Expenditure (C7 = C3 - C6)
2009/10,E1634,,Gloucester,SD,Museums and galleries,790,790000.0,RO5.xlsx,RO5 LA Data 2009-10 (3),"row 115, column 18",Net Current Expenditure (C7 = C3 - C6)
2009/10,E1634,,Gloucester,SD,Theatres and public entertainment,646,646000.0,RO5.xlsx,RO5 LA Data 2009-10 (3),"row 115, column 22",Net Current Expenditure (C7 = C3 - C6)
2009/10,E1634,,Gloucester,SD,Library service,0,0.0,RO5.xlsx,RO5 LA Data 2009-10 (3),"row 115, column 50",Net Current Expenditure (C7 = C3 - C6)
2009/10,E1635,,Stroud,SD,Archives,0,0.0,RO5.xlsx,RO5 LA Data 2009-10 (3),"row 116, column 6",Net Current Expenditure (C7 = C3 - C6)
2009/10,E1635,,Stroud,SD,Arts development and support,85,85000.0,RO5.xlsx,RO5 LA Data 2009-10 (3),"row 116, column 10",Net Current Expenditure (C7 = C3 - C6)
2009/10,E1635,,Stroud,SD,Heritage,3,3000.0,RO5.xlsx,RO5 LA Data 2009-10 (3),"row 116, column 14",Net Current Expenditure (C7 = C3 - C6)
2009/10,E1635,,Stroud,SD,Museums and galleries,473,473000.0,RO5.xlsx,RO5 LA Data 2009-10 (3),"row 116, column 18",Net Current Expenditure (C7 = C3 - C6)
2009/10,E1635,,Stroud,SD,Theatres and public entertainment,270,270000.0,RO5.xlsx,RO5 LA Data 2009-10 (3),"row 116, column 22",Net Current Expenditure (C7 = C3 - C6)
2009/10,E1635,,Stroud,SD,Library service,0,0.0,RO5.xlsx,RO5 LA Data 2009-10 (3),"row 116, column 50",Net Current Expenditure (C7 = C3 - C6)
2009/10,E1636,,Tewkesbury,SD,Archives,0,0.0,RO5.xlsx,RO5 LA Data 2009-10 (3),"row 117, column 6",Net Current Expenditure (C7 = C3 - C6)
2009/10,E1636,,Tewkesbury,SD,Arts development and support,11,11000.0,RO5.xlsx,RO5 LA Data 2009-10 (3),"row 117, column 10",Net Current Expenditure (C7 = C3 - C6)
2009/10,E1636,,Tewkesbury,SD,Heritage,5,5000.0,RO5.xlsx,RO5 LA Data 2009-10 (3),"row 117, column 14",Net Current Expenditure (C7 = C3 - C6)
2009/10,E1636,,Tewkesbury,SD,Museums and galleries,8,8000.0,RO5.xlsx,RO5 LA Data 2009-10 (3),"row 117, column 18",Net Current Expenditure (C7 = C3 - C6)
2009/10,E1636,,Tewkesbury,SD,Theatres and public entertainment,147,147000.0,RO5.xlsx,RO5 LA Data 2009-10 (3),"row 117, column 22",Net Current Expenditure (C7 = C3 - C6)
2009/10,E1636,,Tewkesbury,SD,Library service,0,0.0,RO5.xlsx,RO5 LA Data 2009-10 (3),"row 117, column 50",Net Current Expenditure (C7 = C3 - C6)
2009/10,E1701,,Portsmouth UA,UA,Archives,115,115000.0,RO5.xlsx,RO5 LA Data 2009-10 (3),"row 118, column 6",Net Current Expenditure (C7 = C3 - C6)
2009/10,E1701,,Portsmouth UA,UA,Arts development and support,1191,1191000.0,RO5.xlsx,RO5 LA Data 2009-10 (3),"row 118, column 10",Net Current Expenditure (C7 = C3 - C6)
2009/10,E1701,,Portsmouth UA,UA,Heritage,0,0.0,RO5.xlsx,RO5 LA Data 2009-10 (3),"row 118, column 14",Net Current Expenditure (C7 = C3 - C6)
2009/10,E1701,,Portsmouth UA,UA,Museums and galleries,2936,2936000.0,RO5.xlsx,RO5 LA Data 2009-10 (3),"row 118, column 18",Net Current Expenditure (C7 = C3 - C6)
2009/10,E1701,,Portsmouth UA,UA,Theatres and public entertainment,-40,-40000.0,RO5.xlsx,RO5 LA Data 2009-10 (3),"row 118, column 22",Net Current Expenditure (C7 = C3 - C6)
2009/10,E1701,,Portsmouth UA,UA,Library service,4104,4104000.0,RO5.xlsx,RO5 LA Data 2009-10 (3),"row 118, column 50",Net Current Expenditure (C7 = C3 - C6)
2009/10,E1702,,Southampton UA,UA,Archives,122,122000.0,RO5.xlsx,RO5 LA Data 2009-10 (3),"row 119, column 6",Net Current Expenditure (C7 = C3 - C6)
2009/10,E1702,,Southampton UA,UA,Arts development and support,1738,1738000.0,RO5.xlsx,RO5 LA Data 2009-10 (3),"row 119, column 10",Net Current Expenditure (C7 = C3 - C6)
2009/10,E1702,,Southampton UA,UA,Heritage,300,300000.0,RO5.xlsx,RO5 LA Data 2009-10 (3),"row 119, column 14",Net Current Expenditure (C7 = C3 - C6)
2009/10,E1702,,Southampton UA,UA,Museums and galleries,2717,2717000.0,RO5.xlsx,RO5 LA Data 2009-10 (3),"row 119, column 18",Net Current Expenditure (C7 = C3 - C6)
2009/10,E1702,,Southampton UA,UA,Theatres and public entertainment,66,66000.0,RO5.xlsx,RO5 LA Data 2009-10 (3),"row 119, column 22",Net Current Expenditure (C7 = C3 - C6)
2009/10,E1702,,Southampton UA,UA,Library service,4877,4877000.0,RO5.xlsx,RO5 LA Data 2009-10 (3),"row 119, column 50",Net Current Expenditure (C7 = C3 - C6)
2009/10,E1721,,Hampshire,SC,Archives,1516,1516000.0,RO5.xlsx,RO5 LA Data 2009-10 (3),"row 120, column 6",Net Current Expenditure (C7 = C3 - C6)
2009/10,E1721,,Hampshire,SC,Arts development and support,2133,2133000.0,RO5.xlsx,RO5 LA Data 2009-10 (3),"row 120, column 10",Net Current Expenditure (C7 = C3 - C6)
2009/10,E1721,,Hampshire,SC,Heritage,-56,-56000.0,RO5.xlsx,RO5 LA Data 2009-10 (3),"row 120, column 14",Net Current Expenditure (C7 = C3 - C6)
2009/10,E1721,,Hampshire,SC,Museums and galleries,4546,4546000.0,RO5.xlsx,RO5 LA Data 2009-10 (3),"row 120, column 18",Net Current Expenditure (C7 = C3 - C6)
2009/10,E1721,,Hampshire,SC,Theatres and public entertainment,459,459000.0,RO5.xlsx,RO5 LA Data 2009-10 (3),"row 120, column 22",Net Current Expenditure (C7 = C3 - C6)
2009/10,E1721,,Hampshire,SC,Library service,19274,19274000.0,RO5.xlsx,RO5 LA Data 2009-10 (3),"row 120, column 50",Net Current Expenditure (C7 = C3 - C6)
2009/10,E1731,,Basingstoke & Deane,SD,Archives,0,0.0,RO5.xlsx,RO5 LA Data 2009-10 (3),"row 121, column 6",Net Current Expenditure (C7 = C3 - C6)
2009/10,E1731,,Basingstoke & Deane,SD,Arts development and support,223,223000.0,RO5.xlsx,RO5 LA Data 2009-10 (3),"row 121, column 10",Net Current Expenditure (C7 = C3 - C6)
2009/10,E1731,,Basingstoke & Deane,SD,Heritage,0,0.0,RO5.xlsx,RO5 LA Data 2009-10 (3),"row 121, column 14",Net Current Expenditure (C7 = C3 - C6)
2009/10,E1731,,Basingstoke & Deane,SD,Museums and galleries,365,365000.0,RO5.xlsx,RO5 LA Data 2009-10 (3),"row 121, column 18",Net Current Expenditure (C7 = C3 - C6)
2009/10,E1731,,Basingstoke & Deane,SD,Theatres and public entertainment,1733,1733000.0,RO5.xlsx,RO5 LA Data 2009-10 (3),"row 121, column 22",Net Current Expenditure (C7 = C3 - C6)
2009/10,E1731,,Basingstoke & Deane,SD,Library service,0,0.0,RO5.xlsx,RO5 LA Data 2009-10 (3),"row 121, column 50",Net Current Expenditure (C7 = C3 - C6)
2009/10,E1732,,East Hampshire,SD,Archives,0,0.0,RO5.xlsx,RO5 LA Data 2009-10 (3),"row 122, column 6",Net Current Expenditure (C7 = C3 - C6)
2009/10,E1732,,East Hampshire,SD,Arts development and support,0,0.0,RO5.xlsx,RO5 LA Data 2009-10 (3),"row 122, column 10",Net Current Expenditure (C7 = C3 - C6)
2009/10,E1732,,East Hampshire,SD,Heritage,342,342000.0,RO5.xlsx,RO5 LA Data 2009-10 (3),"row 122, column 14",Net Current Expenditure (C7 = C3 - C6)
2009/10,E1732,,East Hampshire,SD,Museums and galleries,0,0.0,RO5.xlsx,RO5 LA Data 2009-10 (3),"row 122, column 18",Net Current Expenditure (C7 = C3 - C6)
2009/10,E1732,,East Hampshire,SD,Theatres and public entertainment,0,0.0,RO5.xlsx,RO5 LA Data 2009-10 (3),"row 122, column 22",Net Current Expenditure (C7 = C3 - C6)
2009/10,E1732,,East Hampshire,SD,Library service,0,0.0,RO5.xlsx,RO5 LA Data 2009-10 (3),"row 122, column 50",Net Current Expenditure (C7 = C3 - C6)
2009/10,E1733,,Eastleigh,SD,Archives,0,0.0,RO5.xlsx,RO5 LA Data 2009-10 (3),"row 123, column 6",Net Current Expenditure (C7 = C3 - C6)
2009/10,E1733,,Eastleigh,SD,Arts development and support,265,265000.0,RO5.xlsx,RO5 LA Data 2009-10 (3),"row 123, column 10",Net Current Expenditure (C7 = C3 - C6)
2009/10,E1733,,Eastleigh,SD,Heritage,0,0.0,RO5.xlsx,RO5 LA Data 2009-10 (3),"row 123, column 14",Net Current Expenditure (C7 = C3 - C6)
2009/10,E1733,,Eastleigh,SD,Museums and galleries,0,0.0,RO5.xlsx,RO5 LA Data 2009-10 (3),"row 123, column 18",Net Current Expenditure (C7 = C3 - C6)
2009/10,E1733,,Eastleigh,SD,Theatres and public entertainment,0,0.0,RO5.xlsx,RO5 LA Data 2009-10 (3),"row 123, column 22",Net Current Expenditure (C7 = C3 - C6)
2009/10,E1733,,Eastleigh,SD,Library service,0,0.0,RO5.xlsx,RO5 LA Data 2009-10 (3),"row 123, column 50",Net Current Expenditure (C7 = C3 - C6)
2009/10,E1734,,Fareham,SD,Archives,0,0.0,RO5.xlsx,RO5 LA Data 2009-10 (3),"row 124, column 6",Net Current Expenditure (C7 = C3 - C6)
2009/10,E1734,,Fareham,SD,Arts development and support,0,0.0,RO5.xlsx,RO5 LA Data 2009-10 (3),"row 124, column 10",Net Current Expenditure (C7 = C3 - C6)
2009/10,E1734,,Fareham,SD,Heritage,29,29000.0,RO5.xlsx,RO5 LA Data 2009-10 (3),"row 124, column 14",Net Current Expenditure (C7 = C3 - C6)
2009/10,E1734,,Fareham,SD,Museums and galleries,118,118000.0,RO5.xlsx,RO5 LA Data 2009-10 (3),"row 124, column 18",Net Current Expenditure (C7 = C3 - C6)
2009/10,E1734,,Fareham,SD,Theatres and public entertainment,268,268000.0,RO5.xlsx,RO5 LA Data 2009-10 (3),"row 124, column 22",Net Current Expenditure (C7 = C3 - C6)
2009/10,E1734,,Fareham,SD,Library service,0,0.0,RO5.xlsx,RO5 LA Data 2009-10 (3),"row 124, column 50",Net Current Expenditure (C7 = C3 - C6)
2009/10,E1735,,Gosport,SD,Archives,0,0.0,RO5.xlsx,RO5 LA Data 2009-10 (3),"row 125, column 6",Net Current Expenditure (C7 = C3 - C6)
2009/10,E1735,,Gosport,SD,Arts development and support,76,76000.0,RO5.xlsx,RO5 LA Data 2009-10 (3),"row 125, column 10",Net Current Expenditure (C7 = C3 - C6)
2009/10,E1735,,Gosport,SD,Heritage,0,0.0,RO5.xlsx,RO5 LA Data 2009-10 (3),"row 125, column 14",Net Current Expenditure (C7 = C3 - C6)
2009/10,E1735,,Gosport,SD,Museums and galleries,209,209000.0,RO5.xlsx,RO5 LA Data 2009-10 (3),"row 125, column 18",Net Current Expenditure (C7 = C3 - C6)
2009/10,E1735,,Gosport,SD,Theatres and public entertainment,0,0.0,RO5.xlsx,RO5 LA Data 2009-10 (3),"row 125, column 22",Net Current Expenditure (C7 = C3 - C6)
2009/10,E1735,,Gosport,SD,Library service,0,0.0,RO5.xlsx,RO5 LA Data 2009-10 (3),"row 125, column 50",Net Current Expenditure (C7 = C3 - C6)
2009/10,E1736,,Hart,SD,Archives,0,0.0,RO5.xlsx,RO5 LA Data 2009-10 (3),"row 126, column 6",Net Current Expenditure (C7 = C3 - C6)
2009/10,E1736,,Hart,SD,Arts development and support,0,0.0,RO5.xlsx,RO5 LA Data 2009-10 (3),"row 126, column 10",Net Current Expenditure (C7 = C3 - C6)
2009/10,E1736,,Hart,SD,Heritage,0,0.0,RO5.xlsx,RO5 LA Data 2009-10 (3),"row 126, column 14",Net Current Expenditure (C7 = C3 - C6)
2009/10,E1736,,Hart,SD,Museums and galleries,0,0.0,RO5.xlsx,RO5 LA Data 2009-10 (3),"row 126, column 18",Net Current Expenditure (C7 = C3 - C6)
2009/10,E1736,,Hart,SD,Theatres and public entertainment,0,0.0,RO5.xlsx,RO5 LA Data 2009-10 (3),"row 126, column 22",Net Current Expenditure (C7 = C3 - C6)
2009/10,E1736,,Hart,SD,Library service,0,0.0,RO5.xlsx,RO5 LA Data 2009-10 (3),"row 126, column 50",Net Current Expenditure (C7 = C3 - C6)
2009/10,E1737,,Havant,SD,Archives,0,0.0,RO5.xlsx,RO5 LA Data 2009-10 (3),"row 127, column 6",Net Current Expenditure (C7 = C3 - C6)
2009/10,E1737,,Havant,SD,Arts development and support,212,212000.0,RO5.xlsx,RO5 LA Data 2009-10 (3),"row 127, column 10",Net Current Expenditure (C7 = C3 - C6)
2009/10,E1737,,Havant,SD,Heritage,14,14000.0,RO5.xlsx,RO5 LA Data 2009-10 (3),"row 127, column 14",Net Current Expenditure (C7 = C3 - C6)
2009/10,E1737,,Havant,SD,Museums and galleries,53,53000.0,RO5.xlsx,RO5 LA Data 2009-10 (3),"row 127, column 18",Net Current Expenditure (C7 = C3 - C6)
2009/10,E1737,,Havant,SD,Theatres and public entertainment,0,0.0,RO5.xlsx,RO5 LA Data 2009-10 (3),"row 127, column 22",Net Current Expenditure (C7 = C3 - C6)
2009/10,E1737,,Havant,SD,Library service,0,0.0,RO5.xlsx,RO5 LA Data 2009-10 (3),"row 127, column 50",Net Current Expenditure (C7 = C3 - C6)
2009/10,E1738,,New Forest,SD,Archives,0,0.0,RO5.xlsx,RO5 LA Data 2009-10 (3),"row 128, column 6",Net Current Expenditure (C7 = C3 - C6)
2009/10,E1738,,New Forest,SD,Arts development and support,93,93000.0,RO5.xlsx,RO5 LA Data 2009-10 (3),"row 128, column 10",Net Current Expenditure (C7 = C3 - C6)
2009/10,E1738,,New Forest,SD,Heritage,0,0.0,RO5.xlsx,RO5 LA Data 2009-10 (3),"row 128, column 14",Net Current Expenditure (C7 = C3 - C6)
2009/10,E1738,,New Forest,SD,Museums and galleries,0,0.0,RO5.xlsx,RO5 LA Data 2009-10 (3),"row 128, column 18",Net Current Expenditure (C7 = C3 - C6)
2009/10,E1738,,New Forest,SD,Theatres and public entertainment,0,0.0,RO5.xlsx,RO5 LA Data 2009-10 (3),"row 128, column 22",Net Current Expenditure (C7 = C3 - C6)
2009/10,E1738,,New Forest,SD,Library service,0,0.0,RO5.xlsx,RO5 LA Data 2009-10 (3),"row 128, column 50",Net Current Expenditure (C7 = C3 - C6)
2009/10,E1740,,Rushmoor,SD,Archives,0,0.0,RO5.xlsx,RO5 LA Data 2009-10 (3),"row 129, column 6",Net Current Expenditure (C7 = C3 - C6)
2009/10,E1740,,Rushmoor,SD,Arts development and support,20,20000.0,RO5.xlsx,RO5 LA Data 2009-10 (3),"row 129, column 10",Net Current Expenditure (C7 = C3 - C6)
2009/10,E1740,,Rushmoor,SD,Heritage,0,0.0,RO5.xlsx,RO5 LA Data 2009-10 (3),"row 129, column 14",Net Current Expenditure (C7 = C3 - C6)
2009/10,E1740,,Rushmoor,SD,Museums and galleries,20,20000.0,RO5.xlsx,RO5 LA Data 2009-10 (3),"row 129, column 18",Net Current Expenditure (C7 = C3 - C6)
2009/10,E1740,,Rushmoor,SD,Theatres and public entertainment,327,327000.0,RO5.xlsx,RO5 LA Data 2009-10 (3),"row 129, column 22",Net Current Expenditure (C7 = C3 - C6)
2009/10,E1740,,Rushmoor,SD,Library service,0,0.0,RO5.xlsx,RO5 LA Data 2009-10 (3),"row 129, column 50",Net Current Expenditure (C7 = C3 - C6)
2009/10,E1742,,Test Valley,SD,Archives,0,0.0,RO5.xlsx,RO5 LA Data 2009-10 (3),"row 130, column 6",Net Current Expenditure (C7 = C3 - C6)
2009/10,E1742,,Test Valley,SD,Arts development and support,45,45000.0,RO5.xlsx,RO5 LA Data 2009-10 (3),"row 130, column 10",Net Current Expenditure (C7 = C3 - C6)
2009/10,E1742,,Test Valley,SD,Heritage,72,72000.0,RO5.xlsx,RO5 LA Data 2009-10 (3),"row 130, column 14",Net Current Expenditure (C7 = C3 - C6)
2009/10,E1742,,Test Valley,SD,Museums and galleries,109,109000.0,RO5.xlsx,RO5 LA Data 2009-10 (3),"row 130, column 18",Net Current Expenditure (C7 = C3 - C6)
2009/10,E1742,,Test Valley,SD,Theatres and public entertainment,333,333000.0,RO5.xlsx,RO5 LA Data 2009-10 (3),"row 130, column 22",Net Current Expenditure (C7 = C3 - C6)
2009/10,E1742,,Test Valley,SD,Library service,0,0.0,RO5.xlsx,RO5 LA Data 2009-10 (3),"row 130, column 50",Net Current Expenditure (C7 = C3 - C6)
2009/10,E1743,,Winchester,SD,Archives,19,19000.0,RO5.xlsx,RO5 LA Data 2009-10 (3),"row 131, column 6",Net Current Expenditure (C7 = C3 - C6)
2009/10,E1743,,Winchester,SD,Arts development and support,223,223000.0,RO5.xlsx,RO5 LA Data 2009-10 (3),"row 131, column 10",Net Current Expenditure (C7 = C3 - C6)
2009/10,E1743,,Winchester,SD,Heritage,77,77000.0,RO5.xlsx,RO5 LA Data 2009-10 (3),"row 131, column 14",Net Current Expenditure (C7 = C3 - C6)
2009/10,E1743,,Winchester,SD,Museums and galleries,619,619000.0,RO5.xlsx,RO5 LA Data 2009-10 (3),"row 131, column 18",Net Current Expenditure (C7 = C3 - C6)
2009/10,E1743,,Winchester,SD,Theatres and public entertainment,288,288000.0,RO5.xlsx,RO5 LA Data 2009-10 (3),"row 131, column 22",Net Current Expenditure (C7 = C3 - C6)
2009/10,E1743,,Winchester,SD,Library service,0,0.0,RO5.xlsx,RO5 LA Data 2009-10 (3),"row 131, column 50",Net Current Expenditure (C7 = C3 - C6)
2009/10,E1801,,Herefordshire UA,UA,Archives,434,434000.0,RO5.xlsx,RO5 LA Data 2009-10 (3),"row 132, column 6",Net Current Expenditure (C7 = C3 - C6)
2009/10,E1801,,Herefordshire UA,UA,Arts development and support,331,331000.0,RO5.xlsx,RO5 LA Data 2009-10 (3),"row 132, column 10",Net Current Expenditure (C7 = C3 - C6)
2009/10,E1801,,Herefordshire UA,UA,Heritage,40,40000.0,RO5.xlsx,RO5 LA Data 2009-10 (3),"row 132, column 14",Net Current Expenditure (C7 = C3 - C6)
2009/10,E1801,,Herefordshire UA,UA,Museums and galleries,945,945000.0,RO5.xlsx,RO5 LA Data 2009-10 (3),"row 132, column 18",Net Current Expenditure (C7 = C3 - C6)
2009/10,E1801,,Herefordshire UA,UA,Theatres and public entertainment,412,412000.0,RO5.xlsx,RO5 LA Data 2009-10 (3),"row 132, column 22",Net Current Expenditure (C7 = C3 - C6)
2009/10,E1801,,Herefordshire UA,UA,Library service,2903,2903000.0,RO5.xlsx,RO5 LA Data 2009-10 (3),"row 132, column 50",Net Current Expenditure (C7 = C3 - C6)
2009/10,E1821,,Worcestershire,SC,Archives,781,781000.0,RO5.xlsx,RO5 LA Data 2009-10 (3),"row 133, column 6",Net Current Expenditure (C7 = C3 - C6)
2009/10,E1821,,Worcestershire,SC,Arts development and support,264,264000.0,RO5.xlsx,RO5 LA Data 2009-10 (3),"row 133, column 10",Net Current Expenditure (C7 = C3 - C6)
2009/10,E1821,,Worcestershire,SC,Heritage,0,0.0,RO5.xlsx,RO5 LA Data 2009-10 (3),"row 133, column 14",Net Current Expenditure (C7 = C3 - C6)
2009/10,E1821,,Worcestershire,SC,Museums and galleries,638,638000.0,RO5.xlsx,RO5 LA Data 2009-10 (3),"row 133, column 18",Net Current Expenditure (C7 = C3 - C6)
2009/10,E1821,,Worcestershire,SC,Theatres and public entertainment,0,0.0,RO5.xlsx,RO5 LA Data 2009-10 (3),"row 133, column 22",Net Current Expenditure (C7 = C3 - C6)
2009/10,E1821,,Worcestershire,SC,Library service,8082,8082000.0,RO5.xlsx,RO5 LA Data 2009-10 (3),"row 133, column 50",Net Current Expenditure (C7 = C3 - C6)
2009/10,E1831,,Bromsgrove,SD,Archives,0,0.0,RO5.xlsx,RO5 LA Data 2009-10 (3),"row 134, column 6",Net Current Expenditure (C7 = C3 - C6)
2009/10,E1831,,Bromsgrove,SD,Arts development and support,248,248000.0,RO5.xlsx,RO5 LA Data 2009-10 (3),"row 134, column 10",Net Current Expenditure (C7 = C3 - C6)
2009/10,E1831,,Bromsgrove,SD,Heritage,0,0.0,RO5.xlsx,RO5 LA Data 2009-10 (3),"row 134, column 14",Net Current Expenditure (C7 = C3 - C6)
2009/10,E1831,,Bromsgrove,SD,Museums and galleries,11,11000.0,RO5.xlsx,RO5 LA Data 2009-10 (3),"row 134, column 18",Net Current Expenditure (C7 = C3 - C6)
2009/10,E1831,,Bromsgrove,SD,Theatres and public entertainment,-4,-4000.0,RO5.xlsx,RO5 LA Data 2009-10 (3),"row 134, column 22",Net Current Expenditure (C7 = C3 - C6)
2009/10,E1831,,Bromsgrove,SD,Library service,0,0.0,RO5.xlsx,RO5 LA Data 2009-10 (3),"row 134, column 50",Net Current Expenditure (C7 = C3 - C6)
2009/10,E1835,,Redditch,SD,Archives,0,0.0,RO5.xlsx,RO5 LA Data 2009-10 (3),"row 135, column 6",Net Current Expenditure (C7 = C3 - C6)
2009/10,E1835,,Redditch,SD,Arts development and support,65,65000.0,RO5.xlsx,RO5 LA Data 2009-10 (3),"row 135, column 10",Net Current Expenditure (C7 = C3 - C6)
2009/10,E1835,,Redditch,SD,Heritage,3,3000.0,RO5.xlsx,RO5 LA Data 2009-10 (3),"row 135, column 14",Net Current Expenditure (C7 = C3 - C6)
2009/10,E1835,,Redditch,SD,Museums and galleries,242,242000.0,RO5.xlsx,RO5 LA Data 2009-10 (3),"row 135, column 18",Net Current Expenditure (C7 = C3 - C6)
2009/10,E1835,,Redditch,SD,Theatres and public entertainment,330,330000.0,RO5.xlsx,RO5 LA Data 2009-10 (3),"row 135, column 22",Net Current Expenditure (C7 = C3 - C6)
2009/10,E1835,,Redditch,SD,Library service,0,0.0,RO5.xlsx,RO5 LA Data 2009-10 (3),"row 135, column 50",Net Current Expenditure (C7 = C3 - C6)
2009/10,E1837,,Worcester,SD,Archives,0,0.0,RO5.xlsx,RO5 LA Data 2009-10 (3),"row 136, column 6",Net Current Expenditure (C7 = C3 - C6)
2009/10,E1837,,Worcester,SD,Arts development and support,152,152000.0,RO5.xlsx,RO5 LA Data 2009-10 (3),"row 136, column 10",Net Current Expenditure (C7 = C3 - C6)
2009/10,E1837,,Worcester,SD,Heritage,89,89000.0,RO5.xlsx,RO5 LA Data 2009-10 (3),"row 136, column 14",Net Current Expenditure (C7 = C3 - C6)
2009/10,E1837,,Worcester,SD,Museums and galleries,1110,1110000.0,RO5.xlsx,RO5 LA Data 2009-10 (3),"row 136, column 18",Net Current Expenditure (C7 = C3 - C6)
2009/10,E1837,,Worcester,SD,Theatres and public entertainment,0,0.0,RO5.xlsx,RO5 LA Data 2009-10 (3),"row 136, column 22",Net Current Expenditure (C7 = C3 - C6)
2009/10,E1837,,Worcester,SD,Library service,0,0.0,RO5.xlsx,RO5 LA Data 2009-10 (3),"row 136, column 50",Net Current Expenditure (C7 = C3 - C6)
2009/10,E1838,,Wychavon,SD,Archives,0,0.0,RO5.xlsx,RO5 LA Data 2009-10 (3),"row 137, column 6",Net Current Expenditure (C7 = C3 - C6)
2009/10,E1838,,Wychavon,SD,Arts development and support,111,111000.0,RO5.xlsx,RO5 LA Data 2009-10 (3),"row 137, column 10",Net Current Expenditure (C7 = C3 - C6)
2009/10,E1838,,Wychavon,SD,Heritage,0,0.0,RO5.xlsx,RO5 LA Data 2009-10 (3),"row 137, column 14",Net Current Expenditure (C7 = C3 - C6)
2009/10,E1838,,Wychavon,SD,Museums and galleries,0,0.0,RO5.xlsx,RO5 LA Data 2009-10 (3),"row 137, column 18",Net Current Expenditure (C7 = C3 - C6)
2009/10,E1838,,Wychavon,SD,Theatres and public entertainment,0,0.0,RO5.xlsx,RO5 LA Data 2009-10 (3),"row 137, column 22",Net Current Expenditure (C7 = C3 - C6)
2009/10,E1838,,Wychavon,SD,Library service,0,0.0,RO5.xlsx,RO5 LA Data 2009-10 (3),"row 137, column 50",Net Current Expenditure (C7 = C3 - C6)
2009/10,E1839,,Wyre Forest,SD,Archives,0,0.0,RO5.xlsx,RO5 LA Data 2009-10 (3),"row 138, column 6",Net Current Expenditure (C7 = C3 - C6)
2009/10,E1839,,Wyre Forest,SD,Arts development and support,99,99000.0,RO5.xlsx,RO5 LA Data 2009-10 (3),"row 138, column 10",Net Current Expenditure (C7 = C3 - C6)
2009/10,E1839,,Wyre Forest,SD,Heritage,0,0.0,RO5.xlsx,RO5 LA Data 2009-10 (3),"row 138, column 14",Net Current Expenditure (C7 = C3 - C6)
2009/10,E1839,,Wyre Forest,SD,Museums and galleries,290,290000.0,RO5.xlsx,RO5 LA Data 2009-10 (3),"row 138, column 18",Net Current Expenditure (C7 = C3 - C6)
2009/10,E1839,,Wyre Forest,SD,Theatres and public entertainment,0,0.0,RO5.xlsx,RO5 LA Data 2009-10 (3),"row 138, column 22",Net Current Expenditure (C7 = C3 - C6)
2009/10,E1839,,Wyre Forest,SD,Library service,0,0.0,RO5.xlsx,RO5 LA Data 2009-10 (3),"row 138, column 50",Net Current Expenditure (C7 = C3 - C6)
2009/10,E1851,,Malvern Hills,SD,Archives,0,0.0,RO5.xlsx,RO5 LA Data 2009-10 (3),"row 139, column 6",Net Current Expenditure (C7 = C3 - C6)
2009/10,E1851,,Malvern Hills,SD,Arts development and support,11,11000.0,RO5.xlsx,RO5 LA Data 2009-10 (3),"row 139, column 10",Net Current Expenditure (C7 = C3 - C6)
2009/10,E1851,,Malvern Hills,SD,Heritage,0,0.0,RO5.xlsx,RO5 LA Data 2009-10 (3),"row 139, column 14",Net Current Expenditure (C7 = C3 - C6)
2009/10,E1851,,Malvern Hills,SD,Museums and galleries,0,0.0,RO5.xlsx,RO5 LA Data 2009-10 (3),"row 139, column 18",Net Current Expenditure (C7 = C3 - C6)
2009/10,E1851,,Malvern Hills,SD,Theatres and public entertainment,140,140000.0,RO5.xlsx,RO5 LA Data 2009-10 (3),"row 139, column 22",Net Current Expenditure (C7 = C3 - C6)
2009/10,E1851,,Malvern Hills,SD,Library service,0,0.0,RO5.xlsx,RO5 LA Data 2009-10 (3),"row 139, column 50",Net Current Expenditure (C7 = C3 - C6)
2009/10,E1920,,Hertfordshire,SC,Archives,1060,1060000.0,RO5.xlsx,RO5 LA Data 2009-10 (3),"row 140, column 6",Net Current Expenditure (C7 = C3 - C6)
2009/10,E1920,,Hertfordshire,SC,Arts development and support,0,0.0,RO5.xlsx,RO5 LA Data 2009-10 (3),"row 140, column 10",Net Current Expenditure (C7 = C3 - C6)
2009/10,E1920,,Hertfordshire,SC,Heritage,331,331000.0,RO5.xlsx,RO5 LA Data 2009-10 (3),"row 140, column 14",Net Current Expenditure (C7 = C3 - C6)
2009/10,E1920,,Hertfordshire,SC,Museums and galleries,124,124000.0,RO5.xlsx,RO5 LA Data 2009-10 (3),"row 140, column 18",Net Current Expenditure (C7 = C3 - C6)
2009/10,E1920,,Hertfordshire,SC,Theatres and public entertainment,0,0.0,RO5.xlsx,RO5 LA Data 2009-10 (3),"row 140, column 22",Net Current Expenditure (C7 = C3 - C6)
2009/10,E1920,,Hertfordshire,SC,Library service,20357,20357000.0,RO5.xlsx,RO5 LA Data 2009-10 (3),"row 140, column 50",Net Current Expenditure (C7 = C3 - C6)
2009/10,E1931,,Broxbourne,SD,Archives,0,0.0,RO5.xlsx,RO5 LA Data 2009-10 (3),"row 141, column 6",Net Current Expenditure (C7 = C3 - C6)
2009/10,E1931,,Broxbourne,SD,Arts development and support,1,1000.0,RO5.xlsx,RO5 LA Data 2009-10 (3),"row 141, column 10",Net Current Expenditure (C7 = C3 - C6)
2009/10,E1931,,Broxbourne,SD,Heritage,0,0.0,RO5.xlsx,RO5 LA Data 2009-10 (3),"row 141, column 14",Net Current Expenditure (C7 = C3 - C6)
2009/10,E1931,,Broxbourne,SD,Museums and galleries,102,102000.0,RO5.xlsx,RO5 LA Data 2009-10 (3),"row 141, column 18",Net Current Expenditure (C7 = C3 - C6)
2009/10,E1931,,Broxbourne,SD,Theatres and public entertainment,520,520000.0,RO5.xlsx,RO5 LA Data 2009-10 (3),"row 141, column 22",Net Current Expenditure (C7 = C3 - C6)
2009/10,E1931,,Broxbourne,SD,Library service,0,0.0,RO5.xlsx,RO5 LA Data 2009-10 (3),"row 141, column 50",Net Current Expenditure (C7 = C3 - C6)
2009/10,E1932,,Dacorum,SD,Archives,0,0.0,RO5.xlsx,RO5 LA Data 2009-10 (3),"row 142, column 6",Net Current Expenditure (C7 = C3 - C6)
2009/10,E1932,,Dacorum,SD,Arts development and support,60,60000.0,RO5.xlsx,RO5 LA Data 2009-10 (3),"row 142, column 10",Net Current Expenditure (C7 = C3 - C6)
2009/10,E1932,,Dacorum,SD,Heritage,61,61000.0,RO5.xlsx,RO5 LA Data 2009-10 (3),"row 142, column 14",Net Current Expenditure (C7 = C3 - C6)
2009/10,E1932,,Dacorum,SD,Museums and galleries,0,0.0,RO5.xlsx,RO5 LA Data 2009-10 (3),"row 142, column 18",Net Current Expenditure (C7 = C3 - C6)
2009/10,E1932,,Dacorum,SD,Theatres and public entertainment,338,338000.0,RO5.xlsx,RO5 LA Data 2009-10 (3),"row 142, column 22",Net Current Expenditure (C7 = C3 - C6)
2009/10,E1932,,Dacorum,SD,Library service,0,0.0,RO5.xlsx,RO5 LA Data 2009-10 (3),"row 142, column 50",Net Current Expenditure (C7 = C3 - C6)
2009/10,E1933,,East Hertfordshire,SD,Archives,0,0.0,RO5.xlsx,RO5 LA Data 2009-10 (3),"row 143, column 6",Net Current Expenditure (C7 = C3 - C6)
2009/10,E1933,,East Hertfordshire,SD,Arts development and support,167,167000.0,RO5.xlsx,RO5 LA Data 2009-10 (3),"row 143, column 10",Net Current Expenditure (C7 = C3 - C6)
2009/10,E1933,,East Hertfordshire,SD,Heritage,0,0.0,RO5.xlsx,RO5 LA Data 2009-10 (3),"row 143, column 14",Net Current Expenditure (C7 = C3 - C6)
2009/10,E1933,,East Hertfordshire,SD,Museums and galleries,116,116000.0,RO5.xlsx,RO5 LA Data 2009-10 (3),"row 143, column 18",Net Current Expenditure (C7 = C3 - C6)
2009/10,E1933,,East Hertfordshire,SD,Theatres and public entertainment,404,404000.0,RO5.xlsx,RO5 LA Data 2009-10 (3),"row 143, column 22",Net Current Expenditure (C7 = C3 - C6)
2009/10,E1933,,East Hertfordshire,SD,Library service,0,0.0,RO5.xlsx,RO5 LA Data 2009-10 (3),"row 143, column 50",Net Current Expenditure (C7 = C3 - C6)
2009/10,E1934,,Hertsmere,SD,Archives,0,0.0,RO5.xlsx,RO5 LA Data 2009-10 (3),"row 144, column 6",Net Current Expenditure (C7 = C3 - C6)
2009/10,E1934,,Hertsmere,SD,Arts development and support,133,133000.0,RO5.xlsx,RO5 LA Data 2009-10 (3),"row 144, column 10",Net Current Expenditure (C7 = C3 - C6)
2009/10,E1934,,Hertsmere,SD,Heritage,0,0.0,RO5.xlsx,RO5 LA Data 2009-10 (3),"row 144, column 14",Net Current Expenditure (C7 = C3 - C6)
2009/10,E1934,,Hertsmere,SD,Museums and galleries,135,135000.0,RO5.xlsx,RO5 LA Data 2009-10 (3),"row 144, column 18",Net Current Expenditure (C7 = C3 - C6)
2009/10,E1934,,Hertsmere,SD,Theatres and public entertainment,0,0.0,RO5.xlsx,RO5 LA Data 2009-10 (3),"row 144, column 22",Net Current Expenditure (C7 = C3 - C6)
2009/10,E1934,,Hertsmere,SD,Library service,0,0.0,RO5.xlsx,RO5 LA Data 2009-10 (3),"row 144, column 50",Net Current Expenditure (C7 = C3 - C6)
2009/10,E1935,,North Hertfordshire,SD,Archives,0,0.0,RO5.xlsx,RO5 LA Data 2009-10 (3),"row 145, column 6",Net Current Expenditure (C7 = C3 - C6)
2009/10,E1935,,North Hertfordshire,SD,Arts development and support,38,38000.0,RO5.xlsx,RO5 LA Data 2009-10 (3),"row 145, column 10",Net Current Expenditure (C7 = C3 - C6)
2009/10,E1935,,North Hertfordshire,SD,Heritage,0,0.0,RO5.xlsx,RO5 LA Data 2009-10 (3),"row 145, column 14",Net Current Expenditure (C7 = C3 - C6)
2009/10,E1935,,North Hertfordshire,SD,Museums and galleries,616,616000.0,RO5.xlsx,RO5 LA Data 2009-10 (3),"row 145, column 18",Net Current Expenditure (C7 = C3 - C6)
2009/10,E1935,,North Hertfordshire,SD,Theatres and public entertainment,9,9000.0,RO5.xlsx,RO5 LA Data 2009-10 (3),"row 145, column 22",Net Current Expenditure (C7 = C3 - C6)
2009/10,E1935,,North Hertfordshire,SD,Library service,2,2000.0,RO5.xlsx,RO5 LA Data 2009-10 (3),"row 145, column 50",Net Current Expenditure (C7 = C3 - C6)
2009/10,E1936,,St Albans,SD,Archives,1,1000.0,RO5.xlsx,RO5 LA Data 2009-10 (3),"row 146, column 6",Net Current Expenditure (C7 = C3 - C6)
2009/10,E1936,,St Albans,SD,Arts development and support,25,25000.0,RO5.xlsx,RO5 LA Data 2009-10 (3),"row 146, column 10",Net Current Expenditure (C7 = C3 - C6)
2009/10,E1936,,St Albans,SD,Heritage,1553,1553000.0,RO5.xlsx,RO5 LA Data 2009-10 (3),"row 146, column 14",Net Current Expenditure (C7 = C3 - C6)
2009/10,E1936,,St Albans,SD,Museums and galleries,163,163000.0,RO5.xlsx,RO5 LA Data 2009-10 (3),"row 146, column 18",Net Current Expenditure (C7 = C3 - C6)
2009/10,E1936,,St Albans,SD,Theatres and public entertainment,108,108000.0,RO5.xlsx,RO5 LA Data 2009-10 (3),"row 146, column 22",Net Current Expenditure (C7 = C3 - C6)
2009/10,E1936,,St Albans,SD,Library service,0,0.0,RO5.xlsx,RO5 LA Data 2009-10 (3),"row 146, column 50",Net Current Expenditure (C7 = C3 - C6)
2009/10,E1937,,Stevenage,SD,Archives,0,0.0,RO5.xlsx,RO5 LA Data 2009-10 (3),"row 147, column 6",Net Current Expenditure (C7 = C3 - C6)
2009/10,E1937,,Stevenage,SD,Arts development and support,22,22000.0,RO5.xlsx,RO5 LA Data 2009-10 (3),"row 147, column 10",Net Current Expenditure (C7 = C3 - C6)
2009/10,E1937,,Stevenage,SD,Heritage,0,0.0,RO5.xlsx,RO5 LA Data 2009-10 (3),"row 147, column 14",Net Current Expenditure (C7 = C3 - C6)
2009/10,E1937,,Stevenage,SD,Museums and galleries,409,409000.0,RO5.xlsx,RO5 LA Data 2009-10 (3),"row 147, column 18",Net Current Expenditure (C7 = C3 - C6)
2009/10,E1937,,Stevenage,SD,Theatres and public entertainment,693,693000.0,RO5.xlsx,RO5 LA Data 2009-10 (3),"row 147, column 22",Net Current Expenditure (C7 = C3 - C6)
2009/10,E1937,,Stevenage,SD,Library service,0,0.0,RO5.xlsx,RO5 LA Data 2009-10 (3),"row 147, column 50",Net Current Expenditure (C7 = C3 - C6)
2009/10,E1938,,Three Rivers,SD,Archives,0,0.0,RO5.xlsx,RO5 LA Data 2009-10 (3),"row 148, column 6",Net Current Expenditure (C7 = C3 - C6)
2009/10,E1938,,Three Rivers,SD,Arts development and support,119,119000.0,RO5.xlsx,RO5 LA Data 2009-10 (3),"row 148, column 10",Net Current Expenditure (C7 = C3 - C6)
2009/10,E1938,,Three Rivers,SD,Heritage,0,0.0,RO5.xlsx,RO5 LA Data 2009-10 (3),"row 148, column 14",Net Current Expenditure (C7 = C3 - C6)
2009/10,E1938,,Three Rivers,SD,Museums and galleries,46,46000.0,RO5.xlsx,RO5 LA Data 2009-10 (3),"row 148, column 18",Net Current Expenditure (C7 = C3 - C6)
2009/10,E1938,,Three Rivers,SD,Theatres and public entertainment,153,153000.0,RO5.xlsx,RO5 LA Data 2009-10 (3),"row 148, column 22",Net Current Expenditure (C7 = C3 - C6)
2009/10,E1938,,Three Rivers,SD,Library service,0,0.0,RO5.xlsx,RO5 LA Data 2009-10 (3),"row 148, column 50",Net Current Expenditure (C7 = C3 - C6)
2009/10,E1939,,Watford,SD,Archives,0,0.0,RO5.xlsx,RO5 LA Data 2009-10 (3),"row 149, column 6",Net Current Expenditure (C7 = C3 - C6)
2009/10,E1939,,Watford,SD,Arts development and support,208,208000.0,RO5.xlsx,RO5 LA Data 2009-10 (3),"row 149, column 10",Net Current Expenditure (C7 = C3 - C6)
2009/10,E1939,,Watford,SD,Heritage,0,0.0,RO5.xlsx,RO5 LA Data 2009-10 (3),"row 149, column 14",Net Current Expenditure (C7 = C3 - C6)
2009/10,E1939,,Watford,SD,Museums and galleries,330,330000.0,RO5.xlsx,RO5 LA Data 2009-10 (3),"row 149, column 18",Net Current Expenditure (C7 = C3 - C6)
2009/10,E1939,,Watford,SD,Theatres and public entertainment,405,405000.0,RO5.xlsx,RO5 LA Data 2009-10 (3),"row 149, column 22",Net Current Expenditure (C7 = C3 - C6)
2009/10,E1939,,Watford,SD,Library service,0,0.0,RO5.xlsx,RO5 LA Data 2009-10 (3),"row 149, column 50",Net Current Expenditure (C7 = C3 - C6)
2009/10,E1940,,Welwyn Hatfield,SD,Archives,0,0.0,RO5.xlsx,RO5 LA Data 2009-10 (3),"row 150, column 6",Net Current Expenditure (C7 = C3 - C6)
2009/10,E1940,,Welwyn Hatfield,SD,Arts development and support,2,2000.0,RO5.xlsx,RO5 LA Data 2009-10 (3),"row 150, column 10",Net Current Expenditure (C7 = C3 - C6)
2009/10,E1940,,Welwyn Hatfield,SD,Heritage,22,22000.0,RO5.xlsx,RO5 LA Data 2009-10 (3),"row 150, column 14",Net Current Expenditure (C7 = C3 - C6)
2009/10,E1940,,Welwyn Hatfield,SD,Museums and galleries,464,464000.0,RO5.xlsx,RO5 LA Data 2009-10 (3),"row 150, column 18",Net Current Expenditure (C7 = C3 - C6)
2009/10,E1940,,Welwyn Hatfield,SD,Theatres and public entertainment,976,976000.0,RO5.xlsx,RO5 LA Data 2009-10 (3),"row 150, column 22",Net Current Expenditure (C7 = C3 - C6)
2009/10,E1940,,Welwyn Hatfield,SD,Library service,0,0.0,RO5.xlsx,RO5 LA Data 2009-10 (3),"row 150, column 50",Net Current Expenditure (C7 = C3 - C6)
2009/10,E2001,,East Riding of Yorkshire UA,UA,Archives,618,618000.0,RO5.xlsx,RO5 LA Data 2009-10 (3),"row 151, column 6",Net Current Expenditure (C7 = C3 - C6)
2009/10,E2001,,East Riding of Yorkshire UA,UA,Arts development and support,310,310000.0,RO5.xlsx,RO5 LA Data 2009-10 (3),"row 151, column 10",Net Current Expenditure (C7 = C3 - C6)
2009/10,E2001,,East Riding of Yorkshire UA,UA,Heritage,0,0.0,RO5.xlsx,RO5 LA Data 2009-10 (3),"row 151, column 14",Net Current Expenditure (C7 = C3 - C6)
2009/10,E2001,,East Riding of Yorkshire UA,UA,Museums and galleries,842,842000.0,RO5.xlsx,RO5 LA Data 2009-10 (3),"row 151, column 18",Net Current Expenditure (C7 = C3 - C6)
2009/10,E2001,,East Riding of Yorkshire UA,UA,Theatres and public entertainment,1201,1201000.0,RO5.xlsx,RO5 LA Data 2009-10 (3),"row 151, column 22",Net Current Expenditure (C7 = C3 - C6)
2009/10,E2001,,East Riding of Yorkshire UA,UA,Library service,4743,4743000.0,RO5.xlsx,RO5 LA Data 2009-10 (3),"row 151, column 50",Net Current Expenditure (C7 = C3 - C6)
2009/10,E2002,,Kingston upon Hull UA,UA,Archives,699,699000.0,RO5.xlsx,RO5 LA Data 2009-10 (3),"row 152, column 6",Net Current Expenditure (C7 = C3 - C6)
2009/10,E2002,,Kingston upon Hull UA,UA,Arts development and support,738,738000.0,RO5.xlsx,RO5 LA Data 2009-10 (3),"row 152, column 10",Net Current Expenditure (C7 = C3 - C6)
2009/10,E2002,,Kingston upon Hull UA,UA,Heritage,1252,1252000.0,RO5.xlsx,RO5 LA Data 2009-10 (3),"row 152, column 14",Net Current Expenditure (C7 = C3 - C6)
2009/10,E2002,,Kingston upon Hull UA,UA,Museums and galleries,2293,2293000.0,RO5.xlsx,RO5 LA Data 2009-10 (3),"row 152, column 18",Net Current Expenditure (C7 = C3 - C6)
2009/10,E2002,,Kingston upon Hull UA,UA,Theatres and public entertainment,2901,2901000.0,RO5.xlsx,RO5 LA Data 2009-10 (3),"row 152, column 22",Net Current Expenditure (C7 = C3 - C6)
2009/10,E2002,,Kingston upon Hull UA,UA,Library service,3597,3597000.0,RO5.xlsx,RO5 LA Data 2009-10 (3),"row 152, column 50",Net Current Expenditure (C7 = C3 - C6)
2009/10,E2003,,North East Lincolnshire UA,UA,Archives,102,102000.0,RO5.xlsx,RO5 LA Data 2009-10 (3),"row 153, column 6",Net Current Expenditure (C7 = C3 - C6)
2009/10,E2003,,North East Lincolnshire UA,UA,Arts development and support,273,273000.0,RO5.xlsx,RO5 LA Data 2009-10 (3),"row 153, column 10",Net Current Expenditure (C7 = C3 - C6)
2009/10,E2003,,North East Lincolnshire UA,UA,Heritage,-1,-1000.0,RO5.xlsx,RO5 LA Data 2009-10 (3),"row 153, column 14",Net Current Expenditure (C7 = C3 - C6)
2009/10,E2003,,North East Lincolnshire UA,UA,Museums and galleries,1281,1281000.0,RO5.xlsx,RO5 LA Data 2009-10 (3),"row 153, column 18",Net Current Expenditure (C7 = C3 - C6)
2009/10,E2003,,North East Lincolnshire UA,UA,Theatres and public entertainment,616,616000.0,RO5.xlsx,RO5 LA Data 2009-10 (3),"row 153, column 22",Net Current Expenditure (C7 = C3 - C6)
2009/10,E2003,,North East Lincolnshire UA,UA,Library service,4412,4412000.0,RO5.xlsx,RO5 LA Data 2009-10 (3),"row 153, column 50",Net Current Expenditure (C7 = C3 - C6)
2009/10,E2004,,North Lincolnshire UA,UA,Archives,40,40000.0,RO5.xlsx,RO5 LA Data 2009-10 (3),"row 154, column 6",Net Current Expenditure (C7 = C3 - C6)
2009/10,E2004,,North Lincolnshire UA,UA,Arts development and support,511,511000.0,RO5.xlsx,RO5 LA Data 2009-10 (3),"row 154, column 10",Net Current Expenditure (C7 = C3 - C6)
2009/10,E2004,,North Lincolnshire UA,UA,Heritage,419,419000.0,RO5.xlsx,RO5 LA Data 2009-10 (3),"row 154, column 14",Net Current Expenditure (C7 = C3 - C6)
2009/10,E2004,,North Lincolnshire UA,UA,Museums and galleries,511,511000.0,RO5.xlsx,RO5 LA Data 2009-10 (3),"row 154, column 18",Net Current Expenditure (C7 = C3 - C6)
2009/10,E2004,,North Lincolnshire UA,UA,Theatres and public entertainment,544,544000.0,RO5.xlsx,RO5 LA Data 2009-10 (3),"row 154, column 22",Net Current Expenditure (C7 = C3 - C6)
2009/10,E2004,,North Lincolnshire UA,UA,Library service,2246,2246000.0,RO5.xlsx,RO5 LA Data 2009-10 (3),"row 154, column 50",Net Current Expenditure (C7 = C3 - C6)
2009/10,E2101,,Isle of Wight UA,UA,Archives,193,193000.0,RO5.xlsx,RO5 LA Data 2009-10 (3),"row 155, column 6",Net Current Expenditure (C7 = C3 - C6)
2009/10,E2101,,Isle of Wight UA,UA,Arts development and support,215,215000.0,RO5.xlsx,RO5 LA Data 2009-10 (3),"row 155, column 10",Net Current Expenditure (C7 = C3 - C6)
2009/10,E2101,,Isle of Wight UA,UA,Heritage,276,276000.0,RO5.xlsx,RO5 LA Data 2009-10 (3),"row 155, column 14",Net Current Expenditure (C7 = C3 - C6)
2009/10,E2101,,Isle of Wight UA,UA,Museums and galleries,304,304000.0,RO5.xlsx,RO5 LA Data 2009-10 (3),"row 155, column 18",Net Current Expenditure (C7 = C3 - C6)
2009/10,E2101,,Isle of Wight UA,UA,Theatres and public entertainment,390,390000.0,RO5.xlsx,RO5 LA Data 2009-10 (3),"row 155, column 22",Net Current Expenditure (C7 = C3 - C6)
2009/10,E2101,,Isle of Wight UA,UA,Library service,1935,1935000.0,RO5.xlsx,RO5 LA Data 2009-10 (3),"row 155, column 50",Net Current Expenditure (C7 = C3 - C6)
2009/10,E2201,,The Medway Towns UA,UA,Archives,247,247000.0,RO5.xlsx,RO5 LA Data 2009-10 (3),"row 156, column 6",Net Current Expenditure (C7 = C3 - C6)
2009/10,E2201,,The Medway Towns UA,UA,Arts development and support,515,515000.0,RO5.xlsx,RO5 LA Data 2009-10 (3),"row 156, column 10",Net Current Expenditure (C7 = C3 - C6)
2009/10,E2201,,The Medway Towns UA,UA,Heritage,260,260000.0,RO5.xlsx,RO5 LA Data 2009-10 (3),"row 156, column 14",Net Current Expenditure (C7 = C3 - C6)
2009/10,E2201,,The Medway Towns UA,UA,Museums and galleries,509,509000.0,RO5.xlsx,RO5 LA Data 2009-10 (3),"row 156, column 18",Net Current Expenditure (C7 = C3 - C6)
2009/10,E2201,,The Medway Towns UA,UA,Theatres and public entertainment,1718,1718000.0,RO5.xlsx,RO5 LA Data 2009-10 (3),"row 156, column 22",Net Current Expenditure (C7 = C3 - C6)
2009/10,E2201,,The Medway Towns UA,UA,Library service,4112,4112000.0,RO5.xlsx,RO5 LA Data 2009-10 (3),"row 156, column 50",Net Current Expenditure (C7 = C3 - C6)
2009/10,E2221,,Kent,SC,Archives,1084,1084000.0,RO5.xlsx,RO5 LA Data 2009-10 (3),"row 157, column 6",Net Current Expenditure (C7 = C3 - C6)
2009/10,E2221,,Kent,SC,Arts development and support,340,340000.0,RO5.xlsx,RO5 LA Data 2009-10 (3),"row 157, column 10",Net Current Expenditure (C7 = C3 - C6)
2009/10,E2221,,Kent,SC,Heritage,114,114000.0,RO5.xlsx,RO5 LA Data 2009-10 (3),"row 157, column 14",Net Current Expenditure (C7 = C3 - C6)
2009/10,E2221,,Kent,SC,Museums and galleries,124,124000.0,RO5.xlsx,RO5 LA Data 2009-10 (3),"row 157, column 18",Net Current Expenditure (C7 = C3 - C6)
2009/10,E2221,,Kent,SC,Theatres and public entertainment,0,0.0,RO5.xlsx,RO5 LA Data 2009-10 (3),"row 157, column 22",Net Current Expenditure (C7 = C3 - C6)
2009/10,E2221,,Kent,SC,Library service,22200,22200000.0,RO5.xlsx,RO5 LA Data 2009-10 (3),"row 157, column 50",Net Current Expenditure (C7 = C3 - C6)
2009/10,E2231,,Ashford,SD,Archives,0,0.0,RO5.xlsx,RO5 LA Data 2009-10 (3),"row 158, column 6",Net Current Expenditure (C7 = C3 - C6)
2009/10,E2231,,Ashford,SD,Arts development and support,76,76000.0,RO5.xlsx,RO5 LA Data 2009-10 (3),"row 158, column 10",Net Current Expenditure (C7 = C3 - C6)
2009/10,E2231,,Ashford,SD,Heritage,22,22000.0,RO5.xlsx,RO5 LA Data 2009-10 (3),"row 158, column 14",Net Current Expenditure (C7 = C3 - C6)
2009/10,E2231,,Ashford,SD,Museums and galleries,6,6000.0,RO5.xlsx,RO5 LA Data 2009-10 (3),"row 158, column 18",Net Current Expenditure (C7 = C3 - C6)
2009/10,E2231,,Ashford,SD,Theatres and public entertainment,0,0.0,RO5.xlsx,RO5 LA Data 2009-10 (3),"row 158, column 22",Net Current Expenditure (C7 = C3 - C6)
2009/10,E2231,,Ashford,SD,Library service,0,0.0,RO5.xlsx,RO5 LA Data 2009-10 (3),"row 158, column 50",Net Current Expenditure (C7 = C3 - C6)
2009/10,E2232,,Canterbury,SD,Archives,59,59000.0,RO5.xlsx,RO5 LA Data 2009-10 (3),"row 159, column 6",Net Current Expenditure (C7 = C3 - C6)
2009/10,E2232,,Canterbury,SD,Arts development and support,346,346000.0,RO5.xlsx,RO5 LA Data 2009-10 (3),"row 159, column 10",Net Current Expenditure (C7 = C3 - C6)
2009/10,E2232,,Canterbury,SD,Heritage,8,8000.0,RO5.xlsx,RO5 LA Data 2009-10 (3),"row 159, column 14",Net Current Expenditure (C7 = C3 - C6)
2009/10,E2232,,Canterbury,SD,Museums and galleries,932,932000.0,RO5.xlsx,RO5 LA Data 2009-10 (3),"row 159, column 18",Net Current Expenditure (C7 = C3 - C6)
2009/10,E2232,,Canterbury,SD,Theatres and public entertainment,737,737000.0,RO5.xlsx,RO5 LA Data 2009-10 (3),"row 159, column 22",Net Current Expenditure (C7 = C3 - C6)
2009/10,E2232,,Canterbury,SD,Library service,0,0.0,RO5.xlsx,RO5 LA Data 2009-10 (3),"row 159, column 50",Net Current Expenditure (C7 = C3 - C6)
2009/10,E2233,,Dartford,SD,Archives,0,0.0,RO5.xlsx,RO5 LA Data 2009-10 (3),"row 160, column 6",Net Current Expenditure (C7 = C3 - C6)
2009/10,E2233,,Dartford,SD,Arts development and support,110,110000.0,RO5.xlsx,RO5 LA Data 2009-10 (3),"row 160, column 10",Net Current Expenditure (C7 = C3 - C6)
2009/10,E2233,,Dartford,SD,Heritage,0,0.0,RO5.xlsx,RO5 LA Data 2009-10 (3),"row 160, column 14",Net Current Expenditure (C7 = C3 - C6)
2009/10,E2233,,Dartford,SD,Museums and galleries,92,92000.0,RO5.xlsx,RO5 LA Data 2009-10 (3),"row 160, column 18",Net Current Expenditure (C7 = C3 - C6)
2009/10,E2233,,Dartford,SD,Theatres and public entertainment,41,41000.0,RO5.xlsx,RO5 LA Data 2009-10 (3),"row 160, column 22",Net Current Expenditure (C7 = C3 - C6)
2009/10,E2233,,Dartford,SD,Library service,0,0.0,RO5.xlsx,RO5 LA Data 2009-10 (3),"row 160, column 50",Net Current Expenditure (C7 = C3 - C6)
2009/10,E2234,,Dover,SD,Archives,0,0.0,RO5.xlsx,RO5 LA Data 2009-10 (3),"row 161, column 6",Net Current Expenditure (C7 = C3 - C6)
2009/10,E2234,,Dover,SD,Arts development and support,0,0.0,RO5.xlsx,RO5 LA Data 2009-10 (3),"row 161, column 10",Net Current Expenditure (C7 = C3 - C6)
2009/10,E2234,,Dover,SD,Heritage,0,0.0,RO5.xlsx,RO5 LA Data 2009-10 (3),"row 161, column 14",Net Current Expenditure (C7 = C3 - C6)
2009/10,E2234,,Dover,SD,Museums and galleries,462,462000.0,RO5.xlsx,RO5 LA Data 2009-10 (3),"row 161, column 18",Net Current Expenditure (C7 = C3 - C6)
2009/10,E2234,,Dover,SD,Theatres and public entertainment,0,0.0,RO5.xlsx,RO5 LA Data 2009-10 (3),"row 161, column 22",Net Current Expenditure (C7 = C3 - C6)
2009/10,E2234,,Dover,SD,Library service,0,0.0,RO5.xlsx,RO5 LA Data 2009-10 (3),"row 161, column 50",Net Current Expenditure (C7 = C3 - C6)
2009/10,E2236,,Gravesham,SD,Archives,-5,-5000.0,RO5.xlsx,RO5 LA Data 2009-10 (3),"row 162, column 6",Net Current Expenditure (C7 = C3 - C6)
2009/10,E2236,,Gravesham,SD,Arts development and support,110,110000.0,RO5.xlsx,RO5 LA Data 2009-10 (3),"row 162, column 10",Net Current Expenditure (C7 = C3 - C6)
2009/10,E2236,,Gravesham,SD,Heritage,51,51000.0,RO5.xlsx,RO5 LA Data 2009-10 (3),"row 162, column 14",Net Current Expenditure (C7 = C3 - C6)
2009/10,E2236,,Gravesham,SD,Museums and galleries,0,0.0,RO5.xlsx,RO5 LA Data 2009-10 (3),"row 162, column 18",Net Current Expenditure (C7 = C3 - C6)
2009/10,E2236,,Gravesham,SD,Theatres and public entertainment,498,498000.0,RO5.xlsx,RO5 LA Data 2009-10 (3),"row 162, column 22",Net Current Expenditure (C7 = C3 - C6)
2009/10,E2236,,Gravesham,SD,Library service,0,0.0,RO5.xlsx,RO5 LA Data 2009-10 (3),"row 162, column 50",Net Current Expenditure (C7 = C3 - C6)
2009/10,E2237,,Maidstone,SD,Archives,0,0.0,RO5.xlsx,RO5 LA Data 2009-10 (3),"row 163, column 6",Net Current Expenditure (C7 = C3 - C6)
2009/10,E2237,,Maidstone,SD,Arts development and support,1,1000.0,RO5.xlsx,RO5 LA Data 2009-10 (3),"row 163, column 10",Net Current Expenditure (C7 = C3 - C6)
2009/10,E2237,,Maidstone,SD,Heritage,0,0.0,RO5.xlsx,RO5 LA Data 2009-10 (3),"row 163, column 14",Net Current Expenditure (C7 = C3 - C6)
2009/10,E2237,,Maidstone,SD,Museums and galleries,1187,1187000.0,RO5.xlsx,RO5 LA Data 2009-10 (3),"row 163, column 18",Net Current Expenditure (C7 = C3 - C6)
2009/10,E2237,,Maidstone,SD,Theatres and public entertainment,675,675000.0,RO5.xlsx,RO5 LA Data 2009-10 (3),"row 163, column 22",Net Current Expenditure (C7 = C3 - C6)
2009/10,E2237,,Maidstone,SD,Library service,0,0.0,RO5.xlsx,RO5 LA Data 2009-10 (3),"row 163, column 50",Net Current Expenditure (C7 = C3 - C6)
2009/10,E2239,,Sevenoaks,SD,Archives,0,0.0,RO5.xlsx,RO5 LA Data 2009-10 (3),"row 164, column 6",Net Current Expenditure (C7 = C3 - C6)
2009/10,E2239,,Sevenoaks,SD,Arts development and support,8,8000.0,RO5.xlsx,RO5 LA Data 2009-10 (3),"row 164, column 10",Net Current Expenditure (C7 = C3 - C6)
2009/10,E2239,,Sevenoaks,SD,Heritage,0,0.0,RO5.xlsx,RO5 LA Data 2009-10 (3),"row 164, column 14",Net Current Expenditure (C7 = C3 - C6)
2009/10,E2239,,Sevenoaks,SD,Museums and galleries,0,0.0,RO5.xlsx,RO5 LA Data 2009-10 (3),"row 164, column 18",Net Current Expenditure (C7 = C3 - C6)
2009/10,E2239,,Sevenoaks,SD,Theatres and public entertainment,112,112000.0,RO5.xlsx,RO5 LA Data 2009-10 (3),"row 164, column 22",Net Current Expenditure (C7 = C3 - C6)
2009/10,E2239,,Sevenoaks,SD,Library service,0,0.0,RO5.xlsx,RO5 LA Data 2009-10 (3),"row 164, column 50",Net Current Expenditure (C7 = C3 - C6)
2009/10,E2240,,Shepway,SD,Archives,0,0.0,RO5.xlsx,RO5 LA Data 2009-10 (3),"row 165, column 6",Net Current Expenditure (C7 = C3 - C6)
2009/10,E2240,,Shepway,SD,Arts development and support,154,154000.0,RO5.xlsx,RO5 LA Data 2009-10 (3),"row 165, column 10",Net Current Expenditure (C7 = C3 - C6)
2009/10,E2240,,Shepway,SD,Heritage,0,0.0,RO5.xlsx,RO5 LA Data 2009-10 (3),"row 165, column 14",Net Current Expenditure (C7 = C3 - C6)
2009/10,E2240,,Shepway,SD,Museums and galleries,0,0.0,RO5.xlsx,RO5 LA Data 2009-10 (3),"row 165, column 18",Net Current Expenditure (C7 = C3 - C6)
2009/10,E2240,,Shepway,SD,Theatres and public entertainment,392,392000.0,RO5.xlsx,RO5 LA Data 2009-10 (3),"row 165, column 22",Net Current Expenditure (C7 = C3 - C6)
2009/10,E2240,,Shepway,SD,Library service,0,0.0,RO5.xlsx,RO5 LA Data 2009-10 (3),"row 165, column 50",Net Current Expenditure (C7 = C3 - C6)
2009/10,E2241,,Swale,SD,Archives,0,0.0,RO5.xlsx,RO5 LA Data 2009-10 (3),"row 166, column 6",Net Current Expenditure (C7 = C3 - C6)
2009/10,E2241,,Swale,SD,Arts development and support,52,52000.0,RO5.xlsx,RO5 LA Data 2009-10 (3),"row 166, column 10",Net Current Expenditure (C7 = C3 - C6)
2009/10,E2241,,Swale,SD,Heritage,0,0.0,RO5.xlsx,RO5 LA Data 2009-10 (3),"row 166, column 14",Net Current Expenditure (C7 = C3 - C6)
2009/10,E2241,,Swale,SD,Museums and galleries,17,17000.0,RO5.xlsx,RO5 LA Data 2009-10 (3),"row 166, column 18",Net Current Expenditure (C7 = C3 - C6)
2009/10,E2241,,Swale,SD,Theatres and public entertainment,47,47000.0,RO5.xlsx,RO5 LA Data 2009-10 (3),"row 166, column 22",Net Current Expenditure (C7 = C3 - C6)
2009/10,E2241,,Swale,SD,Library service,0,0.0,RO5.xlsx,RO5 LA Data 2009-10 (3),"row 166, column 50",Net Current Expenditure (C7 = C3 - C6)
2009/10,E2242,,Thanet,SD,Archives,0,0.0,RO5.xlsx,RO5 LA Data 2009-10 (3),"row 167, column 6",Net Current Expenditure (C7 = C3 - C6)
2009/10,E2242,,Thanet,SD,Arts development and support,154,154000.0,RO5.xlsx,RO5 LA Data 2009-10 (3),"row 167, column 10",Net Current Expenditure (C7 = C3 - C6)
2009/10,E2242,,Thanet,SD,Heritage,48,48000.0,RO5.xlsx,RO5 LA Data 2009-10 (3),"row 167, column 14",Net Current Expenditure (C7 = C3 - C6)
2009/10,E2242,,Thanet,SD,Museums and galleries,51,51000.0,RO5.xlsx,RO5 LA Data 2009-10 (3),"row 167, column 18",Net Current Expenditure (C7 = C3 - C6)
2009/10,E2242,,Thanet,SD,Theatres and public entertainment,701,701000.0,RO5.xlsx,RO5 LA Data 2009-10 (3),"row 167, column 22",Net Current Expenditure (C7 = C3 - C6)
2009/10,E2242,,Thanet,SD,Library service,0,0.0,RO5.xlsx,RO5 LA Data 2009-10 (3),"row 167, column 50",Net Current Expenditure (C7 = C3 - C6)
2009/10,E2243,,Tonbridge & Malling,SD,Archives,0,0.0,RO5.xlsx,RO5 LA Data 2009-10 (3),"row 168, column 6",Net Current Expenditure (C7 = C3 - C6)
2009/10,E2243,,Tonbridge & Malling,SD,Arts development and support,70,70000.0,RO5.xlsx,RO5 LA Data 2009-10 (3),"row 168, column 10",Net Current Expenditure (C7 = C3 - C6)
2009/10,E2243,,Tonbridge & Malling,SD,Heritage,18,18000.0,RO5.xlsx,RO5 LA Data 2009-10 (3),"row 168, column 14",Net Current Expenditure (C7 = C3 - C6)
2009/10,E2243,,Tonbridge & Malling,SD,Museums and galleries,0,0.0,RO5.xlsx,RO5 LA Data 2009-10 (3),"row 168, column 18",Net Current Expenditure (C7 = C3 - C6)
2009/10,E2243,,Tonbridge & Malling,SD,Theatres and public entertainment,0,0.0,RO5.xlsx,RO5 LA Data 2009-10 (3),"row 168, column 22",Net Current Expenditure (C7 = C3 - C6)
2009/10,E2243,,Tonbridge & Malling,SD,Library service,0,0.0,RO5.xlsx,RO5 LA Data 2009-10 (3),"row 168, column 50",Net Current Expenditure (C7 = C3 - C6)
2009/10,E2244,,Tunbridge Wells,SD,Archives,0,0.0,RO5.xlsx,RO5 LA Data 2009-10 (3),"row 169, column 6",Net Current Expenditure (C7 = C3 - C6)
2009/10,E2244,,Tunbridge Wells,SD,Arts development and support,159,159000.0,RO5.xlsx,RO5 LA Data 2009-10 (3),"row 169, column 10",Net Current Expenditure (C7 = C3 - C6)
2009/10,E2244,,Tunbridge Wells,SD,Heritage,3,3000.0,RO5.xlsx,RO5 LA Data 2009-10 (3),"row 169, column 14",Net Current Expenditure (C7 = C3 - C6)
2009/10,E2244,,Tunbridge Wells,SD,Museums and galleries,461,461000.0,RO5.xlsx,RO5 LA Data 2009-10 (3),"row 169, column 18",Net Current Expenditure (C7 = C3 - C6)
2009/10,E2244,,Tunbridge Wells,SD,Theatres and public entertainment,643,643000.0,RO5.xlsx,RO5 LA Data 2009-10 (3),"row 169, column 22",Net Current Expenditure (C7 = C3 - C6)
2009/10,E2244,,Tunbridge Wells,SD,Library service,0,0.0,RO5.xlsx,RO5 LA Data 2009-10 (3),"row 169, column 50",Net Current Expenditure (C7 = C3 - C6)
2009/10,E2301,,Blackburn with Darwen UA,UA,Archives,99,99000.0,RO5.xlsx,RO5 LA Data 2009-10 (3),"row 170, column 6",Net Current Expenditure (C7 = C3 - C6)
2009/10,E2301,,Blackburn with Darwen UA,UA,Arts development and support,143,143000.0,RO5.xlsx,RO5 LA Data 2009-10 (3),"row 170, column 10",Net Current Expenditure (C7 = C3 - C6)
2009/10,E2301,,Blackburn with Darwen UA,UA,Heritage,0,0.0,RO5.xlsx,RO5 LA Data 2009-10 (3),"row 170, column 14",Net Current Expenditure (C7 = C3 - C6)
2009/10,E2301,,Blackburn with Darwen UA,UA,Museums and galleries,607,607000.0,RO5.xlsx,RO5 LA Data 2009-10 (3),"row 170, column 18",Net Current Expenditure (C7 = C3 - C6)
2009/10,E2301,,Blackburn with Darwen UA,UA,Theatres and public entertainment,1483,1483000.0,RO5.xlsx,RO5 LA Data 2009-10 (3),"row 170, column 22",Net Current Expenditure (C7 = C3 - C6)
2009/10,E2301,,Blackburn with Darwen UA,UA,Library service,3144,3144000.0,RO5.xlsx,RO5 LA Data 2009-10 (3),"row 170, column 50",Net Current Expenditure (C7 = C3 - C6)
2009/10,E2302,,Blackpool UA,UA,Archives,100,100000.0,RO5.xlsx,RO5 LA Data 2009-10 (3),"row 171, column 6",Net Current Expenditure (C7 = C3 - C6)
2009/10,E2302,,Blackpool UA,UA,Arts development and support,176,176000.0,RO5.xlsx,RO5 LA Data 2009-10 (3),"row 171, column 10",Net Current Expenditure (C7 = C3 - C6)
2009/10,E2302,,Blackpool UA,UA,Heritage,50,50000.0,RO5.xlsx,RO5 LA Data 2009-10 (3),"row 171, column 14",Net Current Expenditure (C7 = C3 - C6)
2009/10,E2302,,Blackpool UA,UA,Museums and galleries,137,137000.0,RO5.xlsx,RO5 LA Data 2009-10 (3),"row 171, column 18",Net Current Expenditure (C7 = C3 - C6)
2009/10,E2302,,Blackpool UA,UA,Theatres and public entertainment,106,106000.0,RO5.xlsx,RO5 LA Data 2009-10 (3),"row 171, column 22",Net Current Expenditure (C7 = C3 - C6)
2009/10,E2302,,Blackpool UA,UA,Library service,2181,2181000.0,RO5.xlsx,RO5 LA Data 2009-10 (3),"row 171, column 50",Net Current Expenditure (C7 = C3 - C6)
2009/10,E2321,,Lancashire,SC,Archives,991,991000.0,RO5.xlsx,RO5 LA Data 2009-10 (3),"row 172, column 6",Net Current Expenditure (C7 = C3 - C6)
2009/10,E2321,,Lancashire,SC,Arts development and support,902,902000.0,RO5.xlsx,RO5 LA Data 2009-10 (3),"row 172, column 10",Net Current Expenditure (C7 = C3 - C6)
2009/10,E2321,,Lancashire,SC,Heritage,0,0.0,RO5.xlsx,RO5 LA Data 2009-10 (3),"row 172, column 14",Net Current Expenditure (C7 = C3 - C6)
2009/10,E2321,,Lancashire,SC,Museums and galleries,2071,2071000.0,RO5.xlsx,RO5 LA Data 2009-10 (3),"row 172, column 18",Net Current Expenditure (C7 = C3 - C6)
2009/10,E2321,,Lancashire,SC,Theatres and public entertainment,0,0.0,RO5.xlsx,RO5 LA Data 2009-10 (3),"row 172, column 22",Net Current Expenditure (C7 = C3 - C6)
2009/10,E2321,,Lancashire,SC,Library service,21747,21747000.0,RO5.xlsx,RO5 LA Data 2009-10 (3),"row 172, column 50",Net Current Expenditure (C7 = C3 - C6)
2009/10,E2333,,Burnley,SD,Archives,0,0.0,RO5.xlsx,RO5 LA Data 2009-10 (3),"row 173, column 6",Net Current Expenditure (C7 = C3 - C6)
2009/10,E2333,,Burnley,SD,Arts development and support,155,155000.0,RO5.xlsx,RO5 LA Data 2009-10 (3),"row 173, column 10",Net Current Expenditure (C7 = C3 - C6)
2009/10,E2333,,Burnley,SD,Heritage,0,0.0,RO5.xlsx,RO5 LA Data 2009-10 (3),"row 173, column 14",Net Current Expenditure (C7 = C3 - C6)
2009/10,E2333,,Burnley,SD,Museums and galleries,548,548000.0,RO5.xlsx,RO5 LA Data 2009-10 (3),"row 173, column 18",Net Current Expenditure (C7 = C3 - C6)
2009/10,E2333,,Burnley,SD,Theatres and public entertainment,460,460000.0,RO5.xlsx,RO5 LA Data 2009-10 (3),"row 173, column 22",Net Current Expenditure (C7 = C3 - C6)
2009/10,E2333,,Burnley,SD,Library service,0,0.0,RO5.xlsx,RO5 LA Data 2009-10 (3),"row 173, column 50",Net Current Expenditure (C7 = C3 - C6)
2009/10,E2334,,Chorley,SD,Archives,0,0.0,RO5.xlsx,RO5 LA Data 2009-10 (3),"row 174, column 6",Net Current Expenditure (C7 = C3 - C6)
2009/10,E2334,,Chorley,SD,Arts development and support,72,72000.0,RO5.xlsx,RO5 LA Data 2009-10 (3),"row 174, column 10",Net Current Expenditure (C7 = C3 - C6)
2009/10,E2334,,Chorley,SD,Heritage,0,0.0,RO5.xlsx,RO5 LA Data 2009-10 (3),"row 174, column 14",Net Current Expenditure (C7 = C3 - C6)
2009/10,E2334,,Chorley,SD,Museums and galleries,285,285000.0,RO5.xlsx,RO5 LA Data 2009-10 (3),"row 174, column 18",Net Current Expenditure (C7 = C3 - C6)
2009/10,E2334,,Chorley,SD,Theatres and public entertainment,0,0.0,RO5.xlsx,RO5 LA Data 2009-10 (3),"row 174, column 22",Net Current Expenditure (C7 = C3 - C6)
2009/10,E2334,,Chorley,SD,Library service,0,0.0,RO5.xlsx,RO5 LA Data 2009-10 (3),"row 174, column 50",Net Current Expenditure (C7 = C3 - C6)
2009/10,E2335,,Fylde,SD,Archives,0,0.0,RO5.xlsx,RO5 LA Data 2009-10 (3),"row 175, column 6",Net Current Expenditure (C7 = C3 - C6)
2009/10,E2335,,Fylde,SD,Arts development and support,15,15000.0,RO5.xlsx,RO5 LA Data 2009-10 (3),"row 175, column 10",Net Current Expenditure (C7 = C3 - C6)
2009/10,E2335,,Fylde,SD,Heritage,267,267000.0,RO5.xlsx,RO5 LA Data 2009-10 (3),"row 175, column 14",Net Current Expenditure (C7 = C3 - C6)
2009/10,E2335,,Fylde,SD,Museums and galleries,0,0.0,RO5.xlsx,RO5 LA Data 2009-10 (3),"row 175, column 18",Net Current Expenditure (C7 = C3 - C6)
2009/10,E2335,,Fylde,SD,Theatres and public entertainment,25,25000.0,RO5.xlsx,RO5 LA Data 2009-10 (3),"row 175, column 22",Net Current Expenditure (C7 = C3 - C6)
2009/10,E2335,,Fylde,SD,Library service,0,0.0,RO5.xlsx,RO5 LA Data 2009-10 (3),"row 175, column 50",Net Current Expenditure (C7 = C3 - C6)
2009/10,E2336,,Hyndburn,SD,Archives,0,0.0,RO5.xlsx,RO5 LA Data 2009-10 (3),"row 176, column 6",Net Current Expenditure (C7 = C3 - C6)
2009/10,E2336,,Hyndburn,SD,Arts development and support,0,0.0,RO5.xlsx,RO5 LA Data 2009-10 (3),"row 176, column 10",Net Current Expenditure (C7 = C3 - C6)
2009/10,E2336,,Hyndburn,SD,Heritage,0,0.0,RO5.xlsx,RO5 LA Data 2009-10 (3),"row 176, column 14",Net Current Expenditure (C7 = C3 - C6)
2009/10,E2336,,Hyndburn,SD,Museums and galleries,168,168000.0,RO5.xlsx,RO5 LA Data 2009-10 (3),"row 176, column 18",Net Current Expenditure (C7 = C3 - C6)
2009/10,E2336,,Hyndburn,SD,Theatres and public entertainment,303,303000.0,RO5.xlsx,RO5 LA Data 2009-10 (3),"row 176, column 22",Net Current Expenditure (C7 = C3 - C6)
2009/10,E2336,,Hyndburn,SD,Library service,0,0.0,RO5.xlsx,RO5 LA Data 2009-10 (3),"row 176, column 50",Net Current Expenditure (C7 = C3 - C6)
2009/10,E2337,,Lancaster,SD,Archives,0,0.0,RO5.xlsx,RO5 LA Data 2009-10 (3),"row 177, column 6",Net Current Expenditure (C7 = C3 - C6)
2009/10,E2337,,Lancaster,SD,Arts development and support,0,0.0,RO5.xlsx,RO5 LA Data 2009-10 (3),"row 177, column 10",Net Current Expenditure (C7 = C3 - C6)
2009/10,E2337,,Lancaster,SD,Heritage,32,32000.0,RO5.xlsx,RO5 LA Data 2009-10 (3),"row 177, column 14",Net Current Expenditure (C7 = C3 - C6)
2009/10,E2337,,Lancaster,SD,Museums and galleries,602,602000.0,RO5.xlsx,RO5 LA Data 2009-10 (3),"row 177, column 18",Net Current Expenditure (C7 = C3 - C6)
2009/10,E2337,,Lancaster,SD,Theatres and public entertainment,961,961000.0,RO5.xlsx,RO5 LA Data 2009-10 (3),"row 177, column 22",Net Current Expenditure (C7 = C3 - C6)
2009/10,E2337,,Lancaster,SD,Library service,0,0.0,RO5.xlsx,RO5 LA Data 2009-10 (3),"row 177, column 50",Net Current Expenditure (C7 = C3 - C6)
2009/10,E2338,,Pendle,SD,Archives,0,0.0,RO5.xlsx,RO5 LA Data 2009-10 (3),"row 178, column 6",Net Current Expenditure (C7 = C3 - C6)
2009/10,E2338,,Pendle,SD,Arts development and support,24,24000.0,RO5.xlsx,RO5 LA Data 2009-10 (3),"row 178, column 10",Net Current Expenditure (C7 = C3 - C6)
2009/10,E2338,,Pendle,SD,Heritage,89,89000.0,RO5.xlsx,RO5 LA Data 2009-10 (3),"row 178, column 14",Net Current Expenditure (C7 = C3 - C6)
2009/10,E2338,,Pendle,SD,Museums and galleries,0,0.0,RO5.xlsx,RO5 LA Data 2009-10 (3),"row 178, column 18",Net Current Expenditure (C7 = C3 - C6)
2009/10,E2338,,Pendle,SD,Theatres and public entertainment,188,188000.0,RO5.xlsx,RO5 LA Data 2009-10 (3),"row 178, column 22",Net Current Expenditure (C7 = C3 - C6)
2009/10,E2338,,Pendle,SD,Library service,0,0.0,RO5.xlsx,RO5 LA Data 2009-10 (3),"row 178, column 50",Net Current Expenditure (C7 = C3 - C6)
2009/10,E2339,,Preston,SD,Archives,0,0.0,RO5.xlsx,RO5 LA Data 2009-10 (3),"row 179, column 6",Net Current Expenditure (C7 = C3 - C6)
2009/10,E2339,,Preston,SD,Arts development and support,64,64000.0,RO5.xlsx,RO5 LA Data 2009-10 (3),"row 179, column 10",Net Current Expenditure (C7 = C3 - C6)
2009/10,E2339,,Preston,SD,Heritage,120,120000.0,RO5.xlsx,RO5 LA Data 2009-10 (3),"row 179, column 14",Net Current Expenditure (C7 = C3 - C6)
2009/10,E2339,,Preston,SD,Museums and galleries,1267,1267000.0,RO5.xlsx,RO5 LA Data 2009-10 (3),"row 179, column 18",Net Current Expenditure (C7 = C3 - C6)
2009/10,E2339,,Preston,SD,Theatres and public entertainment,1955,1955000.0,RO5.xlsx,RO5 LA Data 2009-10 (3),"row 179, column 22",Net Current Expenditure (C7 = C3 - C6)
2009/10,E2339,,Preston,SD,Library service,0,0.0,RO5.xlsx,RO5 LA Data 2009-10 (3),"row 179, column 50",Net Current Expenditure (C7 = C3 - C6)
2009/10,E2340,,Ribble Valley,SD,Archives,0,0.0,RO5.xlsx,RO5 LA Data 2009-10 (3),"row 180, column 6",Net Current Expenditure (C7 = C3 - C6)
2009/10,E2340,,Ribble Valley,SD,Arts development and support,34,34000.0,RO5.xlsx,RO5 LA Data 2009-10 (3),"row 180, column 10",Net Current Expenditure (C7 = C3 - C6)
2009/10,E2340,,Ribble Valley,SD,Heritage,0,0.0,RO5.xlsx,RO5 LA Data 2009-10 (3),"row 180, column 14",Net Current Expenditure (C7 = C3 - C6)
2009/10,E2340,,Ribble Valley,SD,Museums and galleries,288,288000.0,RO5.xlsx,RO5 LA Data 2009-10 (3),"row 180, column 18",Net Current Expenditure (C7 = C3 - C6)
2009/10,E2340,,Ribble Valley,SD,Theatres and public entertainment,0,0.0,RO5.xlsx,RO5 LA Data 2009-10 (3),"row 180, column 22",Net Current Expenditure (C7 = C3 - C6)
2009/10,E2340,,Ribble Valley,SD,Library service,0,0.0,RO5.xlsx,RO5 LA Data 2009-10 (3),"row 180, column 50",Net Current Expenditure (C7 = C3 - C6)
2009/10,E2341,,Rossendale,SD,Archives,0,0.0,RO5.xlsx,RO5 LA Data 2009-10 (3),"row 181, column 6",Net Current Expenditure (C7 = C3 - C6)
2009/10,E2341,,Rossendale,SD,Arts development and support,0,0.0,RO5.xlsx,RO5 LA Data 2009-10 (3),"row 181, column 10",Net Current Expenditure (C7 = C3 - C6)
2009/10,E2341,,Rossendale,SD,Heritage,0,0.0,RO5.xlsx,RO5 LA Data 2009-10 (3),"row 181, column 14",Net Current Expenditure (C7 = C3 - C6)
2009/10,E2341,,Rossendale,SD,Museums and galleries,120,120000.0,RO5.xlsx,RO5 LA Data 2009-10 (3),"row 181, column 18",Net Current Expenditure (C7 = C3 - C6)
2009/10,E2341,,Rossendale,SD,Theatres and public entertainment,0,0.0,RO5.xlsx,RO5 LA Data 2009-10 (3),"row 181, column 22",Net Current Expenditure (C7 = C3 - C6)
2009/10,E2341,,Rossendale,SD,Library service,0,0.0,RO5.xlsx,RO5 LA Data 2009-10 (3),"row 181, column 50",Net Current Expenditure (C7 = C3 - C6)
2009/10,E2342,,South Ribble,SD,Archives,0,0.0,RO5.xlsx,RO5 LA Data 2009-10 (3),"row 182, column 6",Net Current Expenditure (C7 = C3 - C6)
2009/10,E2342,,South Ribble,SD,Arts development and support,106,106000.0,RO5.xlsx,RO5 LA Data 2009-10 (3),"row 182, column 10",Net Current Expenditure (C7 = C3 - C6)
2009/10,E2342,,South Ribble,SD,Heritage,2,2000.0,RO5.xlsx,RO5 LA Data 2009-10 (3),"row 182, column 14",Net Current Expenditure (C7 = C3 - C6)
2009/10,E2342,,South Ribble,SD,Museums and galleries,77,77000.0,RO5.xlsx,RO5 LA Data 2009-10 (3),"row 182, column 18",Net Current Expenditure (C7 = C3 - C6)
2009/10,E2342,,South Ribble,SD,Theatres and public entertainment,111,111000.0,RO5.xlsx,RO5 LA Data 2009-10 (3),"row 182, column 22",Net Current Expenditure (C7 = C3 - C6)
2009/10,E2342,,South Ribble,SD,Library service,0,0.0,RO5.xlsx,RO5 LA Data 2009-10 (3),"row 182, column 50",Net Current Expenditure (C7 = C3 - C6)
2009/10,E2343,,West Lancashire,SD,Archives,0,0.0,RO5.xlsx,RO5 LA Data 2009-10 (3),"row 183, column 6",Net Current Expenditure (C7 = C3 - C6)
2009/10,E2343,,West Lancashire,SD,Arts development and support,174,174000.0,RO5.xlsx,RO5 LA Data 2009-10 (3),"row 183, column 10",Net Current Expenditure (C7 = C3 - C6)
2009/10,E2343,,West Lancashire,SD,Heritage,2,2000.0,RO5.xlsx,RO5 LA Data 2009-10 (3),"row 183, column 14",Net Current Expenditure (C7 = C3 - C6)
2009/10,E2343,,West Lancashire,SD,Museums and galleries,149,149000.0,RO5.xlsx,RO5 LA Data 2009-10 (3),"row 183, column 18",Net Current Expenditure (C7 = C3 - C6)
2009/10,E2343,,West Lancashire,SD,Theatres and public entertainment,79,79000.0,RO5.xlsx,RO5 LA Data 2009-10 (3),"row 183, column 22",Net Current Expenditure (C7 = C3 - C6)
2009/10,E2343,,West Lancashire,SD,Library service,0,0.0,RO5.xlsx,RO5 LA Data 2009-10 (3),"row 183, column 50",Net Current Expenditure (C7 = C3 - C6)
2009/10,E2344,,Wyre,SD,Archives,0,0.0,RO5.xlsx,RO5 LA Data 2009-10 (3),"row 184, column 6",Net Current Expenditure (C7 = C3 - C6)
2009/10,E2344,,Wyre,SD,Arts development and support,30,30000.0,RO5.xlsx,RO5 LA Data 2009-10 (3),"row 184, column 10",Net Current Expenditure (C7 = C3 - C6)
2009/10,E2344,,Wyre,SD,Heritage,68,68000.0,RO5.xlsx,RO5 LA Data 2009-10 (3),"row 184, column 14",Net Current Expenditure (C7 = C3 - C6)
2009/10,E2344,,Wyre,SD,Museums and galleries,0,0.0,RO5.xlsx,RO5 LA Data 2009-10 (3),"row 184, column 18",Net Current Expenditure (C7 = C3 - C6)
2009/10,E2344,,Wyre,SD,Theatres and public entertainment,486,486000.0,RO5.xlsx,RO5 LA Data 2009-10 (3),"row 184, column 22",Net Current Expenditure (C7 = C3 - C6)
2009/10,E2344,,Wyre,SD,Library service,0,0.0,RO5.xlsx,RO5 LA Data 2009-10 (3),"row 184, column 50",Net Current Expenditure (C7 = C3 - C6)
2009/10,E2401,,Leicester City UA,UA,Archives,222,222000.0,RO5.xlsx,RO5 LA Data 2009-10 (3),"row 185, column 6",Net Current Expenditure (C7 = C3 - C6)
2009/10,E2401,,Leicester City UA,UA,Arts development and support,166,166000.0,RO5.xlsx,RO5 LA Data 2009-10 (3),"row 185, column 10",Net Current Expenditure (C7 = C3 - C6)
2009/10,E2401,,Leicester City UA,UA,Heritage,0,0.0,RO5.xlsx,RO5 LA Data 2009-10 (3),"row 185, column 14",Net Current Expenditure (C7 = C3 - C6)
2009/10,E2401,,Leicester City UA,UA,Museums and galleries,3888,3888000.0,RO5.xlsx,RO5 LA Data 2009-10 (3),"row 185, column 18",Net Current Expenditure (C7 = C3 - C6)
2009/10,E2401,,Leicester City UA,UA,Theatres and public entertainment,2756,2756000.0,RO5.xlsx,RO5 LA Data 2009-10 (3),"row 185, column 22",Net Current Expenditure (C7 = C3 - C6)
2009/10,E2401,,Leicester City UA,UA,Library service,5209,5209000.0,RO5.xlsx,RO5 LA Data 2009-10 (3),"row 185, column 50",Net Current Expenditure (C7 = C3 - C6)
2009/10,E2402,,Rutland UA,UA,Archives,0,0.0,RO5.xlsx,RO5 LA Data 2009-10 (3),"row 186, column 6",Net Current Expenditure (C7 = C3 - C6)
2009/10,E2402,,Rutland UA,UA,Arts development and support,22,22000.0,RO5.xlsx,RO5 LA Data 2009-10 (3),"row 186, column 10",Net Current Expenditure (C7 = C3 - C6)
2009/10,E2402,,Rutland UA,UA,Heritage,65,65000.0,RO5.xlsx,RO5 LA Data 2009-10 (3),"row 186, column 14",Net Current Expenditure (C7 = C3 - C6)
2009/10,E2402,,Rutland UA,UA,Museums and galleries,431,431000.0,RO5.xlsx,RO5 LA Data 2009-10 (3),"row 186, column 18",Net Current Expenditure (C7 = C3 - C6)
2009/10,E2402,,Rutland UA,UA,Theatres and public entertainment,55,55000.0,RO5.xlsx,RO5 LA Data 2009-10 (3),"row 186, column 22",Net Current Expenditure (C7 = C3 - C6)
2009/10,E2402,,Rutland UA,UA,Library service,625,625000.0,RO5.xlsx,RO5 LA Data 2009-10 (3),"row 186, column 50",Net Current Expenditure (C7 = C3 - C6)
2009/10,E2421,,Leicestershire,SC,Archives,1368,1368000.0,RO5.xlsx,RO5 LA Data 2009-10 (3),"row 187, column 6",Net Current Expenditure (C7 = C3 - C6)
2009/10,E2421,,Leicestershire,SC,Arts development and support,2552,2552000.0,RO5.xlsx,RO5 LA Data 2009-10 (3),"row 187, column 10",Net Current Expenditure (C7 = C3 - C6)
2009/10,E2421,,Leicestershire,SC,Heritage,0,0.0,RO5.xlsx,RO5 LA Data 2009-10 (3),"row 187, column 14",Net Current Expenditure (C7 = C3 - C6)
2009/10,E2421,,Leicestershire,SC,Museums and galleries,6717,6717000.0,RO5.xlsx,RO5 LA Data 2009-10 (3),"row 187, column 18",Net Current Expenditure (C7 = C3 - C6)
2009/10,E2421,,Leicestershire,SC,Theatres and public entertainment,0,0.0,RO5.xlsx,RO5 LA Data 2009-10 (3),"row 187, column 22",Net Current Expenditure (C7 = C3 - C6)
2009/10,E2421,,Leicestershire,SC,Library service,10957,10957000.0,RO5.xlsx,RO5 LA Data 2009-10 (3),"row 187, column 50",Net Current Expenditure (C7 = C3 - C6)
2009/10,E2431,,Blaby,SD,Archives,0,0.0,RO5.xlsx,RO5 LA Data 2009-10 (3),"row 188, column 6",Net Current Expenditure (C7 = C3 - C6)
2009/10,E2431,,Blaby,SD,Arts development and support,57,57000.0,RO5.xlsx,RO5 LA Data 2009-10 (3),"row 188, column 10",Net Current Expenditure (C7 = C3 - C6)
2009/10,E2431,,Blaby,SD,Heritage,0,0.0,RO5.xlsx,RO5 LA Data 2009-10 (3),"row 188, column 14",Net Current Expenditure (C7 = C3 - C6)
2009/10,E2431,,Blaby,SD,Museums and galleries,0,0.0,RO5.xlsx,RO5 LA Data 2009-10 (3),"row 188, column 18",Net Current Expenditure (C7 = C3 - C6)
2009/10,E2431,,Blaby,SD,Theatres and public entertainment,0,0.0,RO5.xlsx,RO5 LA Data 2009-10 (3),"row 188, column 22",Net Current Expenditure (C7 = C3 - C6)
2009/10,E2431,,Blaby,SD,Library service,0,0.0,RO5.xlsx,RO5 LA Data 2009-10 (3),"row 188, column 50",Net Current Expenditure (C7 = C3 - C6)
2009/10,E2432,,Charnwood,SD,Archives,0,0.0,RO5.xlsx,RO5 LA Data 2009-10 (3),"row 189, column 6",Net Current Expenditure (C7 = C3 - C6)
2009/10,E2432,,Charnwood,SD,Arts development and support,137,137000.0,RO5.xlsx,RO5 LA Data 2009-10 (3),"row 189, column 10",Net Current Expenditure (C7 = C3 - C6)
2009/10,E2432,,Charnwood,SD,Heritage,38,38000.0,RO5.xlsx,RO5 LA Data 2009-10 (3),"row 189, column 14",Net Current Expenditure (C7 = C3 - C6)
2009/10,E2432,,Charnwood,SD,Museums and galleries,184,184000.0,RO5.xlsx,RO5 LA Data 2009-10 (3),"row 189, column 18",Net Current Expenditure (C7 = C3 - C6)
2009/10,E2432,,Charnwood,SD,Theatres and public entertainment,389,389000.0,RO5.xlsx,RO5 LA Data 2009-10 (3),"row 189, column 22",Net Current Expenditure (C7 = C3 - C6)
2009/10,E2432,,Charnwood,SD,Library service,0,0.0,RO5.xlsx,RO5 LA Data 2009-10 (3),"row 189, column 50",Net Current Expenditure (C7 = C3 - C6)
2009/10,E2433,,Harborough,SD,Archives,0,0.0,RO5.xlsx,RO5 LA Data 2009-10 (3),"row 190, column 6",Net Current Expenditure (C7 = C3 - C6)
2009/10,E2433,,Harborough,SD,Arts development and support,17,17000.0,RO5.xlsx,RO5 LA Data 2009-10 (3),"row 190, column 10",Net Current Expenditure (C7 = C3 - C6)
2009/10,E2433,,Harborough,SD,Heritage,5,5000.0,RO5.xlsx,RO5 LA Data 2009-10 (3),"row 190, column 14",Net Current Expenditure (C7 = C3 - C6)
2009/10,E2433,,Harborough,SD,Museums and galleries,127,127000.0,RO5.xlsx,RO5 LA Data 2009-10 (3),"row 190, column 18",Net Current Expenditure (C7 = C3 - C6)
2009/10,E2433,,Harborough,SD,Theatres and public entertainment,0,0.0,RO5.xlsx,RO5 LA Data 2009-10 (3),"row 190, column 22",Net Current Expenditure (C7 = C3 - C6)
2009/10,E2433,,Harborough,SD,Library service,0,0.0,RO5.xlsx,RO5 LA Data 2009-10 (3),"row 190, column 50",Net Current Expenditure (C7 = C3 - C6)
2009/10,E2434,,Hinckley & Bosworth,SD,Archives,0,0.0,RO5.xlsx,RO5 LA Data 2009-10 (3),"row 191, column 6",Net Current Expenditure (C7 = C3 - C6)
2009/10,E2434,,Hinckley & Bosworth,SD,Arts development and support,76,76000.0,RO5.xlsx,RO5 LA Data 2009-10 (3),"row 191, column 10",Net Current Expenditure (C7 = C3 - C6)
2009/10,E2434,,Hinckley & Bosworth,SD,Heritage,0,0.0,RO5.xlsx,RO5 LA Data 2009-10 (3),"row 191, column 14",Net Current Expenditure (C7 = C3 - C6)
2009/10,E2434,,Hinckley & Bosworth,SD,Museums and galleries,0,0.0,RO5.xlsx,RO5 LA Data 2009-10 (3),"row 191, column 18",Net Current Expenditure (C7 = C3 - C6)
2009/10,E2434,,Hinckley & Bosworth,SD,Theatres and public entertainment,418,418000.0,RO5.xlsx,RO5 LA Data 2009-10 (3),"row 191, column 22",Net Current Expenditure (C7 = C3 - C6)
2009/10,E2434,,Hinckley & Bosworth,SD,Library service,0,0.0,RO5.xlsx,RO5 LA Data 2009-10 (3),"row 191, column 50",Net Current Expenditure (C7 = C3 - C6)
2009/10,E2436,,Melton,SD,Archives,0,0.0,RO5.xlsx,RO5 LA Data 2009-10 (3),"row 192, column 6",Net Current Expenditure (C7 = C3 - C6)
2009/10,E2436,,Melton,SD,Arts development and support,33,33000.0,RO5.xlsx,RO5 LA Data 2009-10 (3),"row 192, column 10",Net Current Expenditure (C7 = C3 - C6)
2009/10,E2436,,Melton,SD,Heritage,0,0.0,RO5.xlsx,RO5 LA Data 2009-10 (3),"row 192, column 14",Net Current Expenditure (C7 = C3 - C6)
2009/10,E2436,,Melton,SD,Museums and galleries,0,0.0,RO5.xlsx,RO5 LA Data 2009-10 (3),"row 192, column 18",Net Current Expenditure (C7 = C3 - C6)
2009/10,E2436,,Melton,SD,Theatres and public entertainment,0,0.0,RO5.xlsx,RO5 LA Data 2009-10 (3),"row 192, column 22",Net Current Expenditure (C7 = C3 - C6)
2009/10,E2436,,Melton,SD,Library service,0,0.0,RO5.xlsx,RO5 LA Data 2009-10 (3),"row 192, column 50",Net Current Expenditure (C7 = C3 - C6)
2009/10,E2437,,North West Leicestershire,SD,Archives,0,0.0,RO5.xlsx,RO5 LA Data 2009-10 (3),"row 193, column 6",Net Current Expenditure (C7 = C3 - C6)
2009/10,E2437,,North West Leicestershire,SD,Arts development and support,270,270000.0,RO5.xlsx,RO5 LA Data 2009-10 (3),"row 193, column 10",Net Current Expenditure (C7 = C3 - C6)
2009/10,E2437,,North West Leicestershire,SD,Heritage,0,0.0,RO5.xlsx,RO5 LA Data 2009-10 (3),"row 193, column 14",Net Current Expenditure (C7 = C3 - C6)
2009/10,E2437,,North West Leicestershire,SD,Museums and galleries,66,66000.0,RO5.xlsx,RO5 LA Data 2009-10 (3),"row 193, column 18",Net Current Expenditure (C7 = C3 - C6)
2009/10,E2437,,North West Leicestershire,SD,Theatres and public entertainment,0,0.0,RO5.xlsx,RO5 LA Data 2009-10 (3),"row 193, column 22",Net Current Expenditure (C7 = C3 - C6)
2009/10,E2437,,North West Leicestershire,SD,Library service,0,0.0,RO5.xlsx,RO5 LA Data 2009-10 (3),"row 193, column 50",Net Current Expenditure (C7 = C3 - C6)
2009/10,E2438,,Oadby & Wigston,SD,Archives,0,0.0,RO5.xlsx,RO5 LA Data 2009-10 (3),"row 194, column 6",Net Current Expenditure (C7 = C3 - C6)
2009/10,E2438,,Oadby & Wigston,SD,Arts development and support,14,14000.0,RO5.xlsx,RO5 LA Data 2009-10 (3),"row 194, column 10",Net Current Expenditure (C7 = C3 - C6)
2009/10,E2438,,Oadby & Wigston,SD,Heritage,0,0.0,RO5.xlsx,RO5 LA Data 2009-10 (3),"row 194, column 14",Net Current Expenditure (C7 = C3 - C6)
2009/10,E2438,,Oadby & Wigston,SD,Museums and galleries,0,0.0,RO5.xlsx,RO5 LA Data 2009-10 (3),"row 194, column 18",Net Current Expenditure (C7 = C3 - C6)
2009/10,E2438,,Oadby & Wigston,SD,Theatres and public entertainment,0,0.0,RO5.xlsx,RO5 LA Data 2009-10 (3),"row 194, column 22",Net Current Expenditure (C7 = C3 - C6)
2009/10,E2438,,Oadby & Wigston,SD,Library service,0,0.0,RO5.xlsx,RO5 LA Data 2009-10 (3),"row 194, column 50",Net Current Expenditure (C7 = C3 - C6)
2009/10,E2520,,Lincolnshire,SC,Archives,721,721000.0,RO5.xlsx,RO5 LA Data 2009-10 (3),"row 195, column 6",Net Current Expenditure (C7 = C3 - C6)
2009/10,E2520,,Lincolnshire,SC,Arts development and support,300,300000.0,RO5.xlsx,RO5 LA Data 2009-10 (3),"row 195, column 10",Net Current Expenditure (C7 = C3 - C6)
2009/10,E2520,,Lincolnshire,SC,Heritage,1400,1400000.0,RO5.xlsx,RO5 LA Data 2009-10 (3),"row 195, column 14",Net Current Expenditure (C7 = C3 - C6)
2009/10,E2520,,Lincolnshire,SC,Museums and galleries,2664,2664000.0,RO5.xlsx,RO5 LA Data 2009-10 (3),"row 195, column 18",Net Current Expenditure (C7 = C3 - C6)
2009/10,E2520,,Lincolnshire,SC,Theatres and public entertainment,0,0.0,RO5.xlsx,RO5 LA Data 2009-10 (3),"row 195, column 22",Net Current Expenditure (C7 = C3 - C6)
2009/10,E2520,,Lincolnshire,SC,Library service,10712,10712000.0,RO5.xlsx,RO5 LA Data 2009-10 (3),"row 195, column 50",Net Current Expenditure (C7 = C3 - C6)
2009/10,E2531,,Boston,SD,Archives,0,0.0,RO5.xlsx,RO5 LA Data 2009-10 (3),"row 196, column 6",Net Current Expenditure (C7 = C3 - C6)
2009/10,E2531,,Boston,SD,Arts development and support,21,21000.0,RO5.xlsx,RO5 LA Data 2009-10 (3),"row 196, column 10",Net Current Expenditure (C7 = C3 - C6)
2009/10,E2531,,Boston,SD,Heritage,0,0.0,RO5.xlsx,RO5 LA Data 2009-10 (3),"row 196, column 14",Net Current Expenditure (C7 = C3 - C6)
2009/10,E2531,,Boston,SD,Museums and galleries,264,264000.0,RO5.xlsx,RO5 LA Data 2009-10 (3),"row 196, column 18",Net Current Expenditure (C7 = C3 - C6)
2009/10,E2531,,Boston,SD,Theatres and public entertainment,9,9000.0,RO5.xlsx,RO5 LA Data 2009-10 (3),"row 196, column 22",Net Current Expenditure (C7 = C3 - C6)
2009/10,E2531,,Boston,SD,Library service,0,0.0,RO5.xlsx,RO5 LA Data 2009-10 (3),"row 196, column 50",Net Current Expenditure (C7 = C3 - C6)
2009/10,E2532,,East Lindsey,SD,Archives,0,0.0,RO5.xlsx,RO5 LA Data 2009-10 (3),"row 197, column 6",Net Current Expenditure (C7 = C3 - C6)
2009/10,E2532,,East Lindsey,SD,Arts development and support,306,306000.0,RO5.xlsx,RO5 LA Data 2009-10 (3),"row 197, column 10",Net Current Expenditure (C7 = C3 - C6)
2009/10,E2532,,East Lindsey,SD,Heritage,27,27000.0,RO5.xlsx,RO5 LA Data 2009-10 (3),"row 197, column 14",Net Current Expenditure (C7 = C3 - C6)
2009/10,E2532,,East Lindsey,SD,Museums and galleries,0,0.0,RO5.xlsx,RO5 LA Data 2009-10 (3),"row 197, column 18",Net Current Expenditure (C7 = C3 - C6)
2009/10,E2532,,East Lindsey,SD,Theatres and public entertainment,458,458000.0,RO5.xlsx,RO5 LA Data 2009-10 (3),"row 197, column 22",Net Current Expenditure (C7 = C3 - C6)
2009/10,E2532,,East Lindsey,SD,Library service,0,0.0,RO5.xlsx,RO5 LA Data 2009-10 (3),"row 197, column 50",Net Current Expenditure (C7 = C3 - C6)
2009/10,E2533,,Lincoln,SD,Archives,0,0.0,RO5.xlsx,RO5 LA Data 2009-10 (3),"row 198, column 6",Net Current Expenditure (C7 = C3 - C6)
2009/10,E2533,,Lincoln,SD,Arts development and support,49,49000.0,RO5.xlsx,RO5 LA Data 2009-10 (3),"row 198, column 10",Net Current Expenditure (C7 = C3 - C6)
2009/10,E2533,,Lincoln,SD,Heritage,23,23000.0,RO5.xlsx,RO5 LA Data 2009-10 (3),"row 198, column 14",Net Current Expenditure (C7 = C3 - C6)
2009/10,E2533,,Lincoln,SD,Museums and galleries,0,0.0,RO5.xlsx,RO5 LA Data 2009-10 (3),"row 198, column 18",Net Current Expenditure (C7 = C3 - C6)
2009/10,E2533,,Lincoln,SD,Theatres and public entertainment,329,329000.0,RO5.xlsx,RO5 LA Data 2009-10 (3),"row 198, column 22",Net Current Expenditure (C7 = C3 - C6)
2009/10,E2533,,Lincoln,SD,Library service,0,0.0,RO5.xlsx,RO5 LA Data 2009-10 (3),"row 198, column 50",Net Current Expenditure (C7 = C3 - C6)
2009/10,E2534,,North Kesteven,SD,Archives,0,0.0,RO5.xlsx,RO5 LA Data 2009-10 (3),"row 199, column 6",Net Current Expenditure (C7 = C3 - C6)
2009/10,E2534,,North Kesteven,SD,Arts development and support,329,329000.0,RO5.xlsx,RO5 LA Data 2009-10 (3),"row 199, column 10",Net Current Expenditure (C7 = C3 - C6)
2009/10,E2534,,North Kesteven,SD,Heritage,22,22000.0,RO5.xlsx,RO5 LA Data 2009-10 (3),"row 199, column 14",Net Current Expenditure (C7 = C3 - C6)
2009/10,E2534,,North Kesteven,SD,Museums and galleries,22,22000.0,RO5.xlsx,RO5 LA Data 2009-10 (3),"row 199, column 18",Net Current Expenditure (C7 = C3 - C6)
2009/10,E2534,,North Kesteven,SD,Theatres and public entertainment,0,0.0,RO5.xlsx,RO5 LA Data 2009-10 (3),"row 199, column 22",Net Current Expenditure (C7 = C3 - C6)
2009/10,E2534,,North Kesteven,SD,Library service,0,0.0,RO5.xlsx,RO5 LA Data 2009-10 (3),"row 199, column 50",Net Current Expenditure (C7 = C3 - C6)
2009/10,E2535,,South Holland,SD,Archives,0,0.0,RO5.xlsx,RO5 LA Data 2009-10 (3),"row 200, column 6",Net Current Expenditure (C7 = C3 - C6)
2009/10,E2535,,South Holland,SD,Arts development and support,109,109000.0,RO5.xlsx,RO5 LA Data 2009-10 (3),"row 200, column 10",Net Current Expenditure (C7 = C3 - C6)
2009/10,E2535,,South Holland,SD,Heritage,77,77000.0,RO5.xlsx,RO5 LA Data 2009-10 (3),"row 200, column 14",Net Current Expenditure (C7 = C3 - C6)
2009/10,E2535,,South Holland,SD,Museums and galleries,241,241000.0,RO5.xlsx,RO5 LA Data 2009-10 (3),"row 200, column 18",Net Current Expenditure (C7 = C3 - C6)
2009/10,E2535,,South Holland,SD,Theatres and public entertainment,447,447000.0,RO5.xlsx,RO5 LA Data 2009-10 (3),"row 200, column 22",Net Current Expenditure (C7 = C3 - C6)
2009/10,E2535,,South Holland,SD,Library service,0,0.0,RO5.xlsx,RO5 LA Data 2009-10 (3),"row 200, column 50",Net Current Expenditure (C7 = C3 - C6)
2009/10,E2536,,South Kesteven,SD,Archives,0,0.0,RO5.xlsx,RO5 LA Data 2009-10 (3),"row 201, column 6",Net Current Expenditure (C7 = C3 - C6)
2009/10,E2536,,South Kesteven,SD,Arts development and support,27,27000.0,RO5.xlsx,RO5 LA Data 2009-10 (3),"row 201, column 10",Net Current Expenditure (C7 = C3 - C6)
2009/10,E2536,,South Kesteven,SD,Heritage,0,0.0,RO5.xlsx,RO5 LA Data 2009-10 (3),"row 201, column 14",Net Current Expenditure (C7 = C3 - C6)
2009/10,E2536,,South Kesteven,SD,Museums and galleries,-1,-1000.0,RO5.xlsx,RO5 LA Data 2009-10 (3),"row 201, column 18",Net Current Expenditure (C7 = C3 - C6)
2009/10,E2536,,South Kesteven,SD,Theatres and public entertainment,958,958000.0,RO5.xlsx,RO5 LA Data 2009-10 (3),"row 201, column 22",Net Current Expenditure (C7 = C3 - C6)
2009/10,E2536,,South Kesteven,SD,Library service,0,0.0,RO5.xlsx,RO5 LA Data 2009-10 (3),"row 201, column 50",Net Current Expenditure (C7 = C3 - C6)
2009/10,E2537,,West Lindsey,SD,Archives,0,0.0,RO5.xlsx,RO5 LA Data 2009-10 (3),"row 202, column 6",Net Current Expenditure (C7 = C3 - C6)
2009/10,E2537,,West Lindsey,SD,Arts development and support,185,185000.0,RO5.xlsx,RO5 LA Data 2009-10 (3),"row 202, column 10",Net Current Expenditure (C7 = C3 - C6)
2009/10,E2537,,West Lindsey,SD,Heritage,0,0.0,RO5.xlsx,RO5 LA Data 2009-10 (3),"row 202, column 14",Net Current Expenditure (C7 = C3 - C6)
2009/10,E2537,,West Lindsey,SD,Museums and galleries,0,0.0,RO5.xlsx,RO5 LA Data 2009-10 (3),"row 202, column 18",Net Current Expenditure (C7 = C3 - C6)
2009/10,E2537,,West Lindsey,SD,Theatres and public entertainment,411,411000.0,RO5.xlsx,RO5 LA Data 2009-10 (3),"row 202, column 22",Net Current Expenditure (C7 = C3 - C6)
2009/10,E2537,,West Lindsey,SD,Library service,0,0.0,RO5.xlsx,RO5 LA Data 2009-10 (3),"row 202, column 50",Net Current Expenditure (C7 = C3 - C6)
2009/10,E2620,,Norfolk,SC,Archives,1737,1737000.0,RO5.xlsx,RO5 LA Data 2009-10 (3),"row 203, column 6",Net Current Expenditure (C7 = C3 - C6)
2009/10,E2620,,Norfolk,SC,Arts development and support,0,0.0,RO5.xlsx,RO5 LA Data 2009-10 (3),"row 203, column 10",Net Current Expenditure (C7 = C3 - C6)
2009/10,E2620,,Norfolk,SC,Heritage,163,163000.0,RO5.xlsx,RO5 LA Data 2009-10 (3),"row 203, column 14",Net Current Expenditure (C7 = C3 - C6)
2009/10,E2620,,Norfolk,SC,Museums and galleries,6472,6472000.0,RO5.xlsx,RO5 LA Data 2009-10 (3),"row 203, column 18",Net Current Expenditure (C7 = C3 - C6)
2009/10,E2620,,Norfolk,SC,Theatres and public entertainment,0,0.0,RO5.xlsx,RO5 LA Data 2009-10 (3),"row 203, column 22",Net Current Expenditure (C7 = C3 - C6)
2009/10,E2620,,Norfolk,SC,Library service,13518,13518000.0,RO5.xlsx,RO5 LA Data 2009-10 (3),"row 203, column 50",Net Current Expenditure (C7 = C3 - C6)
2009/10,E2631,,Breckland,SD,Archives,0,0.0,RO5.xlsx,RO5 LA Data 2009-10 (3),"row 204, column 6",Net Current Expenditure (C7 = C3 - C6)
2009/10,E2631,,Breckland,SD,Arts development and support,78,78000.0,RO5.xlsx,RO5 LA Data 2009-10 (3),"row 204, column 10",Net Current Expenditure (C7 = C3 - C6)
2009/10,E2631,,Breckland,SD,Heritage,170,170000.0,RO5.xlsx,RO5 LA Data 2009-10 (3),"row 204, column 14",Net Current Expenditure (C7 = C3 - C6)
2009/10,E2631,,Breckland,SD,Museums and galleries,0,0.0,RO5.xlsx,RO5 LA Data 2009-10 (3),"row 204, column 18",Net Current Expenditure (C7 = C3 - C6)
2009/10,E2631,,Breckland,SD,Theatres and public entertainment,0,0.0,RO5.xlsx,RO5 LA Data 2009-10 (3),"row 204, column 22",Net Current Expenditure (C7 = C3 - C6)
2009/10,E2631,,Breckland,SD,Library service,0,0.0,RO5.xlsx,RO5 LA Data 2009-10 (3),"row 204, column 50",Net Current Expenditure (C7 = C3 - C6)
2009/10,E2632,,Broadland,SD,Archives,0,0.0,RO5.xlsx,RO5 LA Data 2009-10 (3),"row 205, column 6",Net Current Expenditure (C7 = C3 - C6)
2009/10,E2632,,Broadland,SD,Arts development and support,82,82000.0,RO5.xlsx,RO5 LA Data 2009-10 (3),"row 205, column 10",Net Current Expenditure (C7 = C3 - C6)
2009/10,E2632,,Broadland,SD,Heritage,0,0.0,RO5.xlsx,RO5 LA Data 2009-10 (3),"row 205, column 14",Net Current Expenditure (C7 = C3 - C6)
2009/10,E2632,,Broadland,SD,Museums and galleries,0,0.0,RO5.xlsx,RO5 LA Data 2009-10 (3),"row 205, column 18",Net Current Expenditure (C7 = C3 - C6)
2009/10,E2632,,Broadland,SD,Theatres and public entertainment,3,3000.0,RO5.xlsx,RO5 LA Data 2009-10 (3),"row 205, column 22",Net Current Expenditure (C7 = C3 - C6)
2009/10,E2632,,Broadland,SD,Library service,0,0.0,RO5.xlsx,RO5 LA Data 2009-10 (3),"row 205, column 50",Net Current Expenditure (C7 = C3 - C6)
2009/10,E2633,,Great Yarmouth,SD,Archives,0,0.0,RO5.xlsx,RO5 LA Data 2009-10 (3),"row 206, column 6",Net Current Expenditure (C7 = C3 - C6)
2009/10,E2633,,Great Yarmouth,SD,Arts development and support,227,227000.0,RO5.xlsx,RO5 LA Data 2009-10 (3),"row 206, column 10",Net Current Expenditure (C7 = C3 - C6)
2009/10,E2633,,Great Yarmouth,SD,Heritage,56,56000.0,RO5.xlsx,RO5 LA Data 2009-10 (3),"row 206, column 14",Net Current Expenditure (C7 = C3 - C6)
2009/10,E2633,,Great Yarmouth,SD,Museums and galleries,58,58000.0,RO5.xlsx,RO5 LA Data 2009-10 (3),"row 206, column 18",Net Current Expenditure (C7 = C3 - C6)
2009/10,E2633,,Great Yarmouth,SD,Theatres and public entertainment,0,0.0,RO5.xlsx,RO5 LA Data 2009-10 (3),"row 206, column 22",Net Current Expenditure (C7 = C3 - C6)
2009/10,E2633,,Great Yarmouth,SD,Library service,0,0.0,RO5.xlsx,RO5 LA Data 2009-10 (3),"row 206, column 50",Net Current Expenditure (C7 = C3 - C6)
2009/10,E2634,,King's Lynn & West Norfolk,SD,Archives,0,0.0,RO5.xlsx,RO5 LA Data 2009-10 (3),"row 207, column 6",Net Current Expenditure (C7 = C3 - C6)
2009/10,E2634,,King's Lynn & West Norfolk,SD,Arts development and support,159,159000.0,RO5.xlsx,RO5 LA Data 2009-10 (3),"row 207, column 10",Net Current Expenditure (C7 = C3 - C6)
2009/10,E2634,,King's Lynn & West Norfolk,SD,Heritage,228,228000.0,RO5.xlsx,RO5 LA Data 2009-10 (3),"row 207, column 14",Net Current Expenditure (C7 = C3 - C6)
2009/10,E2634,,King's Lynn & West Norfolk,SD,Museums and galleries,151,151000.0,RO5.xlsx,RO5 LA Data 2009-10 (3),"row 207, column 18",Net Current Expenditure (C7 = C3 - C6)
2009/10,E2634,,King's Lynn & West Norfolk,SD,Theatres and public entertainment,1073,1073000.0,RO5.xlsx,RO5 LA Data 2009-10 (3),"row 207, column 22",Net Current Expenditure (C7 = C3 - C6)
2009/10,E2634,,King's Lynn & West Norfolk,SD,Library service,0,0.0,RO5.xlsx,RO5 LA Data 2009-10 (3),"row 207, column 50",Net Current Expenditure (C7 = C3 - C6)
2009/10,E2635,,North Norfolk,SD,Archives,0,0.0,RO5.xlsx,RO5 LA Data 2009-10 (3),"row 208, column 6",Net Current Expenditure (C7 = C3 - C6)
2009/10,E2635,,North Norfolk,SD,Arts development and support,0,0.0,RO5.xlsx,RO5 LA Data 2009-10 (3),"row 208, column 10",Net Current Expenditure (C7 = C3 - C6)
2009/10,E2635,,North Norfolk,SD,Heritage,167,167000.0,RO5.xlsx,RO5 LA Data 2009-10 (3),"row 208, column 14",Net Current Expenditure (C7 = C3 - C6)
2009/10,E2635,,North Norfolk,SD,Museums and galleries,123,123000.0,RO5.xlsx,RO5 LA Data 2009-10 (3),"row 208, column 18",Net Current Expenditure (C7 = C3 - C6)
2009/10,E2635,,North Norfolk,SD,Theatres and public entertainment,340,340000.0,RO5.xlsx,RO5 LA Data 2009-10 (3),"row 208, column 22",Net Current Expenditure (C7 = C3 - C6)
2009/10,E2635,,North Norfolk,SD,Library service,0,0.0,RO5.xlsx,RO5 LA Data 2009-10 (3),"row 208, column 50",Net Current Expenditure (C7 = C3 - C6)
2009/10,E2636,,Norwich,SD,Archives,0,0.0,RO5.xlsx,RO5 LA Data 2009-10 (3),"row 209, column 6",Net Current Expenditure (C7 = C3 - C6)
2009/10,E2636,,Norwich,SD,Arts development and support,0,0.0,RO5.xlsx,RO5 LA Data 2009-10 (3),"row 209, column 10",Net Current Expenditure (C7 = C3 - C6)
2009/10,E2636,,Norwich,SD,Heritage,1297,1297000.0,RO5.xlsx,RO5 LA Data 2009-10 (3),"row 209, column 14",Net Current Expenditure (C7 = C3 - C6)
2009/10,E2636,,Norwich,SD,Museums and galleries,0,0.0,RO5.xlsx,RO5 LA Data 2009-10 (3),"row 209, column 18",Net Current Expenditure (C7 = C3 - C6)
2009/10,E2636,,Norwich,SD,Theatres and public entertainment,435,435000.0,RO5.xlsx,RO5 LA Data 2009-10 (3),"row 209, column 22",Net Current Expenditure (C7 = C3 - C6)
2009/10,E2636,,Norwich,SD,Library service,0,0.0,RO5.xlsx,RO5 LA Data 2009-10 (3),"row 209, column 50",Net Current Expenditure (C7 = C3 - C6)
2009/10,E2637,,South Norfolk,SD,Archives,0,0.0,RO5.xlsx,RO5 LA Data 2009-10 (3),"row 210, column 6",Net Current Expenditure (C7 = C3 - C6)
2009/10,E2637,,South Norfolk,SD,Arts development and support,0,0.0,RO5.xlsx,RO5 LA Data 2009-10 (3),"row 210, column 10",Net Current Expenditure (C7 = C3 - C6)
2009/10,E2637,,South Norfolk,SD,Heritage,189,189000.0,RO5.xlsx,RO5 LA Data 2009-10 (3),"row 210, column 14",Net Current Expenditure (C7 = C3 - C6)
2009/10,E2637,,South Norfolk,SD,Museums and galleries,0,0.0,RO5.xlsx,RO5 LA Data 2009-10 (3),"row 210, column 18",Net Current Expenditure (C7 = C3 - C6)
2009/10,E2637,,South Norfolk,SD,Theatres and public entertainment,0,0.0,RO5.xlsx,RO5 LA Data 2009-10 (3),"row 210, column 22",Net Current Expenditure (C7 = C3 - C6)
2009/10,E2637,,South Norfolk,SD,Library service,0,0.0,RO5.xlsx,RO5 LA Data 2009-10 (3),"row 210, column 50",Net Current Expenditure (C7 = C3 - C6)
2009/10,E2701,,York UA,UA,Archives,182,182000.0,RO5.xlsx,RO5 LA Data 2009-10 (3),"row 211, column 6",Net Current Expenditure (C7 = C3 - C6)
2009/10,E2701,,York UA,UA,Arts development and support,587,587000.0,RO5.xlsx,RO5 LA Data 2009-10 (3),"row 211, column 10",Net Current Expenditure (C7 = C3 - C6)
2009/10,E2701,,York UA,UA,Heritage,103,103000.0,RO5.xlsx,RO5 LA Data 2009-10 (3),"row 211, column 14",Net Current Expenditure (C7 = C3 - C6)
2009/10,E2701,,York UA,UA,Museums and galleries,1569,1569000.0,RO5.xlsx,RO5 LA Data 2009-10 (3),"row 211, column 18",Net Current Expenditure (C7 = C3 - C6)
2009/10,E2701,,York UA,UA,Theatres and public entertainment,304,304000.0,RO5.xlsx,RO5 LA Data 2009-10 (3),"row 211, column 22",Net Current Expenditure (C7 = C3 - C6)
2009/10,E2701,,York UA,UA,Library service,2751,2751000.0,RO5.xlsx,RO5 LA Data 2009-10 (3),"row 211, column 50",Net Current Expenditure (C7 = C3 - C6)
2009/10,E2721,,North Yorkshire,SC,Archives,465,465000.0,RO5.xlsx,RO5 LA Data 2009-10 (3),"row 212, column 6",Net Current Expenditure (C7 = C3 - C6)
2009/10,E2721,,North Yorkshire,SC,Arts development and support,0,0.0,RO5.xlsx,RO5 LA Data 2009-10 (3),"row 212, column 10",Net Current Expenditure (C7 = C3 - C6)
2009/10,E2721,,North Yorkshire,SC,Heritage,36,36000.0,RO5.xlsx,RO5 LA Data 2009-10 (3),"row 212, column 14",Net Current Expenditure (C7 = C3 - C6)
2009/10,E2721,,North Yorkshire,SC,Museums and galleries,0,0.0,RO5.xlsx,RO5 LA Data 2009-10 (3),"row 212, column 18",Net Current Expenditure (C7 = C3 - C6)
2009/10,E2721,,North Yorkshire,SC,Theatres and public entertainment,192,192000.0,RO5.xlsx,RO5 LA Data 2009-10 (3),"row 212, column 22",Net Current Expenditure (C7 = C3 - C6)
2009/10,E2721,,North Yorkshire,SC,Library service,10375,10375000.0,RO5.xlsx,RO5 LA Data 2009-10 (3),"row 212, column 50",Net Current Expenditure (C7 = C3 - C6)
2009/10,E2731,,Craven,SD,Archives,0,0.0,RO5.xlsx,RO5 LA Data 2009-10 (3),"row 213, column 6",Net Current Expenditure (C7 = C3 - C6)
2009/10,E2731,,Craven,SD,Arts development and support,81,81000.0,RO5.xlsx,RO5 LA Data 2009-10 (3),"row 213, column 10",Net Current Expenditure (C7 = C3 - C6)
2009/10,E2731,,Craven,SD,Heritage,0,0.0,RO5.xlsx,RO5 LA Data 2009-10 (3),"row 213, column 14",Net Current Expenditure (C7 = C3 - C6)
2009/10,E2731,,Craven,SD,Museums and galleries,238,238000.0,RO5.xlsx,RO5 LA Data 2009-10 (3),"row 213, column 18",Net Current Expenditure (C7 = C3 - C6)
2009/10,E2731,,Craven,SD,Theatres and public entertainment,0,0.0,RO5.xlsx,RO5 LA Data 2009-10 (3),"row 213, column 22",Net Current Expenditure (C7 = C3 - C6)
2009/10,E2731,,Craven,SD,Library service,0,0.0,RO5.xlsx,RO5 LA Data 2009-10 (3),"row 213, column 50",Net Current Expenditure (C7 = C3 - C6)
2009/10,E2732,,Hambleton,SD,Archives,0,0.0,RO5.xlsx,RO5 LA Data 2009-10 (3),"row 214, column 6",Net Current Expenditure (C7 = C3 - C6)
2009/10,E2732,,Hambleton,SD,Arts development and support,59,59000.0,RO5.xlsx,RO5 LA Data 2009-10 (3),"row 214, column 10",Net Current Expenditure (C7 = C3 - C6)
2009/10,E2732,,Hambleton,SD,Heritage,0,0.0,RO5.xlsx,RO5 LA Data 2009-10 (3),"row 214, column 14",Net Current Expenditure (C7 = C3 - C6)
2009/10,E2732,,Hambleton,SD,Museums and galleries,4,4000.0,RO5.xlsx,RO5 LA Data 2009-10 (3),"row 214, column 18",Net Current Expenditure (C7 = C3 - C6)
2009/10,E2732,,Hambleton,SD,Theatres and public entertainment,0,0.0,RO5.xlsx,RO5 LA Data 2009-10 (3),"row 214, column 22",Net Current Expenditure (C7 = C3 - C6)
2009/10,E2732,,Hambleton,SD,Library service,0,0.0,RO5.xlsx,RO5 LA Data 2009-10 (3),"row 214, column 50",Net Current Expenditure (C7 = C3 - C6)
2009/10,E2734,,Richmondshire,SD,Archives,0,0.0,RO5.xlsx,RO5 LA Data 2009-10 (3),"row 215, column 6",Net Current Expenditure (C7 = C3 - C6)
2009/10,E2734,,Richmondshire,SD,Arts development and support,0,0.0,RO5.xlsx,RO5 LA Data 2009-10 (3),"row 215, column 10",Net Current Expenditure (C7 = C3 - C6)
2009/10,E2734,,Richmondshire,SD,Heritage,0,0.0,RO5.xlsx,RO5 LA Data 2009-10 (3),"row 215, column 14",Net Current Expenditure (C7 = C3 - C6)
2009/10,E2734,,Richmondshire,SD,Museums and galleries,32,32000.0,RO5.xlsx,RO5 LA Data 2009-10 (3),"row 215, column 18",Net Current Expenditure (C7 = C3 - C6)
2009/10,E2734,,Richmondshire,SD,Theatres and public entertainment,0,0.0,RO5.xlsx,RO5 LA Data 2009-10 (3),"row 215, column 22",Net Current Expenditure (C7 = C3 - C6)
2009/10,E2734,,Richmondshire,SD,Library service,0,0.0,RO5.xlsx,RO5 LA Data 2009-10 (3),"row 215, column 50",Net Current Expenditure (C7 = C3 - C6)
2009/10,E2736,,Scarborough,SD,Archives,0,0.0,RO5.xlsx,RO5 LA Data 2009-10 (3),"row 216, column 6",Net Current Expenditure (C7 = C3 - C6)
2009/10,E2736,,Scarborough,SD,Arts development and support,0,0.0,RO5.xlsx,RO5 LA Data 2009-10 (3),"row 216, column 10",Net Current Expenditure (C7 = C3 - C6)
2009/10,E2736,,Scarborough,SD,Heritage,0,0.0,RO5.xlsx,RO5 LA Data 2009-10 (3),"row 216, column 14",Net Current Expenditure (C7 = C3 - C6)
2009/10,E2736,,Scarborough,SD,Museums and galleries,644,644000.0,RO5.xlsx,RO5 LA Data 2009-10 (3),"row 216, column 18",Net Current Expenditure (C7 = C3 - C6)
2009/10,E2736,,Scarborough,SD,Theatres and public entertainment,1590,1590000.0,RO5.xlsx,RO5 LA Data 2009-10 (3),"row 216, column 22",Net Current Expenditure (C7 = C3 - C6)
2009/10,E2736,,Scarborough,SD,Library service,0,0.0,RO5.xlsx,RO5 LA Data 2009-10 (3),"row 216, column 50",Net Current Expenditure (C7 = C3 - C6)
2009/10,E2753,,Harrogate,SD,Archives,0,0.0,RO5.xlsx,RO5 LA Data 2009-10 (3),"row 217, column 6",Net Current Expenditure (C7 = C3 - C6)
2009/10,E2753,,Harrogate,SD,Arts development and support,24,24000.0,RO5.xlsx,RO5 LA Data 2009-10 (3),"row 217, column 10",Net Current Expenditure (C7 = C3 - C6)
2009/10,E2753,,Harrogate,SD,Heritage,177,177000.0,RO5.xlsx,RO5 LA Data 2009-10 (3),"row 217, column 14",Net Current Expenditure (C7 = C3 - C6)
2009/10,E2753,,Harrogate,SD,Museums and galleries,547,547000.0,RO5.xlsx,RO5 LA Data 2009-10 (3),"row 217, column 18",Net Current Expenditure (C7 = C3 - C6)
2009/10,E2753,,Harrogate,SD,Theatres and public entertainment,197,197000.0,RO5.xlsx,RO5 LA Data 2009-10 (3),"row 217, column 22",Net Current Expenditure (C7 = C3 - C6)
2009/10,E2753,,Harrogate,SD,Library service,0,0.0,RO5.xlsx,RO5 LA Data 2009-10 (3),"row 217, column 50",Net Current Expenditure (C7 = C3 - C6)
2009/10,E2755,,Ryedale,SD,Archives,0,0.0,RO5.xlsx,RO5 LA Data 2009-10 (3),"row 218, column 6",Net Current Expenditure (C7 = C3 - C6)
2009/10,E2755,,Ryedale,SD,Arts development and support,153,153000.0,RO5.xlsx,RO5 LA Data 2009-10 (3),"row 218, column 10",Net Current Expenditure (C7 = C3 - C6)
2009/10,E2755,,Ryedale,SD,Heritage,0,0.0,RO5.xlsx,RO5 LA Data 2009-10 (3),"row 218, column 14",Net Current Expenditure (C7 = C3 - C6)
2009/10,E2755,,Ryedale,SD,Museums and galleries,86,86000.0,RO5.xlsx,RO5 LA Data 2009-10 (3),"row 218, column 18",Net Current Expenditure (C7 = C3 - C6)
2009/10,E2755,,Ryedale,SD,Theatres and public entertainment,0,0.0,RO5.xlsx,RO5 LA Data 2009-10 (3),"row 218, column 22",Net Current Expenditure (C7 = C3 - C6)
2009/10,E2755,,Ryedale,SD,Library service,0,0.0,RO5.xlsx,RO5 LA Data 2009-10 (3),"row 218, column 50",Net Current Expenditure (C7 = C3 - C6)
2009/10,E2757,,Selby,SD,Archives,0,0.0,RO5.xlsx,RO5 LA Data 2009-10 (3),"row 219, column 6",Net Current Expenditure (C7 = C3 - C6)
2009/10,E2757,,Selby,SD,Arts development and support,0,0.0,RO5.xlsx,RO5 LA Data 2009-10 (3),"row 219, column 10",Net Current Expenditure (C7 = C3 - C6)
2009/10,E2757,,Selby,SD,Heritage,0,0.0,RO5.xlsx,RO5 LA Data 2009-10 (3),"row 219, column 14",Net Current Expenditure (C7 = C3 - C6)
2009/10,E2757,,Selby,SD,Museums and galleries,0,0.0,RO5.xlsx,RO5 LA Data 2009-10 (3),"row 219, column 18",Net Current Expenditure (C7 = C3 - C6)
2009/10,E2757,,Selby,SD,Theatres and public entertainment,0,0.0,RO5.xlsx,RO5 LA Data 2009-10 (3),"row 219, column 22",Net Current Expenditure (C7 = C3 - C6)
2009/10,E2757,,Selby,SD,Library service,0,0.0,RO5.xlsx,RO5 LA Data 2009-10 (3),"row 219, column 50",Net Current Expenditure (C7 = C3 - C6)
2009/10,E2820,,Northamptonshire,SC,Archives,595,595000.0,RO5.xlsx,RO5 LA Data 2009-10 (3),"row 220, column 6",Net Current Expenditure (C7 = C3 - C6)
2009/10,E2820,,Northamptonshire,SC,Arts development and support,713,713000.0,RO5.xlsx,RO5 LA Data 2009-10 (3),"row 220, column 10",Net Current Expenditure (C7 = C3 - C6)
2009/10,E2820,,Northamptonshire,SC,Heritage,436,436000.0,RO5.xlsx,RO5 LA Data 2009-10 (3),"row 220, column 14",Net Current Expenditure (C7 = C3 - C6)
2009/10,E2820,,Northamptonshire,SC,Museums and galleries,0,0.0,RO5.xlsx,RO5 LA Data 2009-10 (3),"row 220, column 18",Net Current Expenditure (C7 = C3 - C6)
2009/10,E2820,,Northamptonshire,SC,Theatres and public entertainment,0,0.0,RO5.xlsx,RO5 LA Data 2009-10 (3),"row 220, column 22",Net Current Expenditure (C7 = C3 - C6)
2009/10,E2820,,Northamptonshire,SC,Library service,7097,7097000.0,RO5.xlsx,RO5 LA Data 2009-10 (3),"row 220, column 50",Net Current Expenditure (C7 = C3 - C6)
2009/10,E2831,,Corby,SD,Archives,0,0.0,RO5.xlsx,RO5 LA Data 2009-10 (3),"row 221, column 6",Net Current Expenditure (C7 = C3 - C6)
2009/10,E2831,,Corby,SD,Arts development and support,149,149000.0,RO5.xlsx,RO5 LA Data 2009-10 (3),"row 221, column 10",Net Current Expenditure (C7 = C3 - C6)
2009/10,E2831,,Corby,SD,Heritage,13,13000.0,RO5.xlsx,RO5 LA Data 2009-10 (3),"row 221, column 14",Net Current Expenditure (C7 = C3 - C6)
2009/10,E2831,,Corby,SD,Museums and galleries,0,0.0,RO5.xlsx,RO5 LA Data 2009-10 (3),"row 221, column 18",Net Current Expenditure (C7 = C3 - C6)
2009/10,E2831,,Corby,SD,Theatres and public entertainment,26,26000.0,RO5.xlsx,RO5 LA Data 2009-10 (3),"row 221, column 22",Net Current Expenditure (C7 = C3 - C6)
2009/10,E2831,,Corby,SD,Library service,0,0.0,RO5.xlsx,RO5 LA Data 2009-10 (3),"row 221, column 50",Net Current Expenditure (C7 = C3 - C6)
2009/10,E2832,,Daventry,SD,Archives,0,0.0,RO5.xlsx,RO5 LA Data 2009-10 (3),"row 222, column 6",Net Current Expenditure (C7 = C3 - C6)
2009/10,E2832,,Daventry,SD,Arts development and support,0,0.0,RO5.xlsx,RO5 LA Data 2009-10 (3),"row 222, column 10",Net Current Expenditure (C7 = C3 - C6)
2009/10,E2832,,Daventry,SD,Heritage,0,0.0,RO5.xlsx,RO5 LA Data 2009-10 (3),"row 222, column 14",Net Current Expenditure (C7 = C3 - C6)
2009/10,E2832,,Daventry,SD,Museums and galleries,10,10000.0,RO5.xlsx,RO5 LA Data 2009-10 (3),"row 222, column 18",Net Current Expenditure (C7 = C3 - C6)
2009/10,E2832,,Daventry,SD,Theatres and public entertainment,0,0.0,RO5.xlsx,RO5 LA Data 2009-10 (3),"row 222, column 22",Net Current Expenditure (C7 = C3 - C6)
2009/10,E2832,,Daventry,SD,Library service,0,0.0,RO5.xlsx,RO5 LA Data 2009-10 (3),"row 222, column 50",Net Current Expenditure (C7 = C3 - C6)
2009/10,E2833,,East Northamptonshire,SD,Archives,0,0.0,RO5.xlsx,RO5 LA Data 2009-10 (3),"row 223, column 6",Net Current Expenditure (C7 = C3 - C6)
2009/10,E2833,,East Northamptonshire,SD,Arts development and support,23,23000.0,RO5.xlsx,RO5 LA Data 2009-10 (3),"row 223, column 10",Net Current Expenditure (C7 = C3 - C6)
2009/10,E2833,,East Northamptonshire,SD,Heritage,13,13000.0,RO5.xlsx,RO5 LA Data 2009-10 (3),"row 223, column 14",Net Current Expenditure (C7 = C3 - C6)
2009/10,E2833,,East Northamptonshire,SD,Museums and galleries,3,3000.0,RO5.xlsx,RO5 LA Data 2009-10 (3),"row 223, column 18",Net Current Expenditure (C7 = C3 - C6)
2009/10,E2833,,East Northamptonshire,SD,Theatres and public entertainment,0,0.0,RO5.xlsx,RO5 LA Data 2009-10 (3),"row 223, column 22",Net Current Expenditure (C7 = C3 - C6)
2009/10,E2833,,East Northamptonshire,SD,Library service,0,0.0,RO5.xlsx,RO5 LA Data 2009-10 (3),"row 223, column 50",Net Current Expenditure (C7 = C3 - C6)
2009/10,E2834,,Kettering,SD,Archives,0,0.0,RO5.xlsx,RO5 LA Data 2009-10 (3),"row 224, column 6",Net Current Expenditure (C7 = C3 - C6)
2009/10,E2834,,Kettering,SD,Arts development and support,0,0.0,RO5.xlsx,RO5 LA Data 2009-10 (3),"row 224, column 10",Net Current Expenditure (C7 = C3 - C6)
2009/10,E2834,,Kettering,SD,Heritage,0,0.0,RO5.xlsx,RO5 LA Data 2009-10 (3),"row 224, column 14",Net Current Expenditure (C7 = C3 - C6)
2009/10,E2834,,Kettering,SD,Museums and galleries,310,310000.0,RO5.xlsx,RO5 LA Data 2009-10 (3),"row 224, column 18",Net Current Expenditure (C7 = C3 - C6)
2009/10,E2834,,Kettering,SD,Theatres and public entertainment,0,0.0,RO5.xlsx,RO5 LA Data 2009-10 (3),"row 224, column 22",Net Current Expenditure (C7 = C3 - C6)
2009/10,E2834,,Kettering,SD,Library service,0,0.0,RO5.xlsx,RO5 LA Data 2009-10 (3),"row 224, column 50",Net Current Expenditure (C7 = C3 - C6)
2009/10,E2835,,Northampton,SD,Archives,0,0.0,RO5.xlsx,RO5 LA Data 2009-10 (3),"row 225, column 6",Net Current Expenditure (C7 = C3 - C6)
2009/10,E2835,,Northampton,SD,Arts development and support,211,211000.0,RO5.xlsx,RO5 LA Data 2009-10 (3),"row 225, column 10",Net Current Expenditure (C7 = C3 - C6)
2009/10,E2835,,Northampton,SD,Heritage,16,16000.0,RO5.xlsx,RO5 LA Data 2009-10 (3),"row 225, column 14",Net Current Expenditure (C7 = C3 - C6)
2009/10,E2835,,Northampton,SD,Museums and galleries,937,937000.0,RO5.xlsx,RO5 LA Data 2009-10 (3),"row 225, column 18",Net Current Expenditure (C7 = C3 - C6)
2009/10,E2835,,Northampton,SD,Theatres and public entertainment,60,60000.0,RO5.xlsx,RO5 LA Data 2009-10 (3),"row 225, column 22",Net Current Expenditure (C7 = C3 - C6)
2009/10,E2835,,Northampton,SD,Library service,0,0.0,RO5.xlsx,RO5 LA Data 2009-10 (3),"row 225, column 50",Net Current Expenditure (C7 = C3 - C6)
2009/10,E2836,,South Northamptonshire,SD,Archives,0,0.0,RO5.xlsx,RO5 LA Data 2009-10 (3),"row 226, column 6",Net Current Expenditure (C7 = C3 - C6)
2009/10,E2836,,South Northamptonshire,SD,Arts development and support,47,47000.0,RO5.xlsx,RO5 LA Data 2009-10 (3),"row 226, column 10",Net Current Expenditure (C7 = C3 - C6)
2009/10,E2836,,South Northamptonshire,SD,Heritage,0,0.0,RO5.xlsx,RO5 LA Data 2009-10 (3),"row 226, column 14",Net Current Expenditure (C7 = C3 - C6)
2009/10,E2836,,South Northamptonshire,SD,Museums and galleries,0,0.0,RO5.xlsx,RO5 LA Data 2009-10 (3),"row 226, column 18",Net Current Expenditure (C7 = C3 - C6)
2009/10,E2836,,South Northamptonshire,SD,Theatres and public entertainment,0,0.0,RO5.xlsx,RO5 LA Data 2009-10 (3),"row 226, column 22",Net Current Expenditure (C7 = C3 - C6)
2009/10,E2836,,South Northamptonshire,SD,Library service,0,0.0,RO5.xlsx,RO5 LA Data 2009-10 (3),"row 226, column 50",Net Current Expenditure (C7 = C3 - C6)
2009/10,E2837,,Wellingborough,SD,Archives,0,0.0,RO5.xlsx,RO5 LA Data 2009-10 (3),"row 227, column 6",Net Current Expenditure (C7 = C3 - C6)
2009/10,E2837,,Wellingborough,SD,Arts development and support,54,54000.0,RO5.xlsx,RO5 LA Data 2009-10 (3),"row 227, column 10",Net Current Expenditure (C7 = C3 - C6)
2009/10,E2837,,Wellingborough,SD,Heritage,8,8000.0,RO5.xlsx,RO5 LA Data 2009-10 (3),"row 227, column 14",Net Current Expenditure (C7 = C3 - C6)
2009/10,E2837,,Wellingborough,SD,Museums and galleries,0,0.0,RO5.xlsx,RO5 LA Data 2009-10 (3),"row 227, column 18",Net Current Expenditure (C7 = C3 - C6)
2009/10,E2837,,Wellingborough,SD,Theatres and public entertainment,685,685000.0,RO5.xlsx,RO5 LA Data 2009-10 (3),"row 227, column 22",Net Current Expenditure (C7 = C3 - C6)
2009/10,E2837,,Wellingborough,SD,Library service,0,0.0,RO5.xlsx,RO5 LA Data 2009-10 (3),"row 227, column 50",Net Current Expenditure (C7 = C3 - C6)
2009/10,E2901,,Northumberland UA,UA,Archives,24,24000.0,RO5.xlsx,RO5 LA Data 2009-10 (3),"row 228, column 6",Net Current Expenditure (C7 = C3 - C6)
2009/10,E2901,,Northumberland UA,UA,Arts development and support,523,523000.0,RO5.xlsx,RO5 LA Data 2009-10 (3),"row 228, column 10",Net Current Expenditure (C7 = C3 - C6)
2009/10,E2901,,Northumberland UA,UA,Heritage,29,29000.0,RO5.xlsx,RO5 LA Data 2009-10 (3),"row 228, column 14",Net Current Expenditure (C7 = C3 - C6)
2009/10,E2901,,Northumberland UA,UA,Museums and galleries,1371,1371000.0,RO5.xlsx,RO5 LA Data 2009-10 (3),"row 228, column 18",Net Current Expenditure (C7 = C3 - C6)
2009/10,E2901,,Northumberland UA,UA,Theatres and public entertainment,205,205000.0,RO5.xlsx,RO5 LA Data 2009-10 (3),"row 228, column 22",Net Current Expenditure (C7 = C3 - C6)
2009/10,E2901,,Northumberland UA,UA,Library service,4108,4108000.0,RO5.xlsx,RO5 LA Data 2009-10 (3),"row 228, column 50",Net Current Expenditure (C7 = C3 - C6)
2009/10,E3001,,City of Nottingham UA,UA,Archives,0,0.0,RO5.xlsx,RO5 LA Data 2009-10 (3),"row 229, column 6",Net Current Expenditure (C7 = C3 - C6)
2009/10,E3001,,City of Nottingham UA,UA,Arts development and support,0,0.0,RO5.xlsx,RO5 LA Data 2009-10 (3),"row 229, column 10",Net Current Expenditure (C7 = C3 - C6)
2009/10,E3001,,City of Nottingham UA,UA,Heritage,0,0.0,RO5.xlsx,RO5 LA Data 2009-10 (3),"row 229, column 14",Net Current Expenditure (C7 = C3 - C6)
2009/10,E3001,,City of Nottingham UA,UA,Museums and galleries,3295,3295000.0,RO5.xlsx,RO5 LA Data 2009-10 (3),"row 229, column 18",Net Current Expenditure (C7 = C3 - C6)
2009/10,E3001,,City of Nottingham UA,UA,Theatres and public entertainment,1584,1584000.0,RO5.xlsx,RO5 LA Data 2009-10 (3),"row 229, column 22",Net Current Expenditure (C7 = C3 - C6)
2009/10,E3001,,City of Nottingham UA,UA,Library service,5261,5261000.0,RO5.xlsx,RO5 LA Data 2009-10 (3),"row 229, column 50",Net Current Expenditure (C7 = C3 - C6)
2009/10,E3021,,Nottinghamshire,SC,Archives,944,944000.0,RO5.xlsx,RO5 LA Data 2009-10 (3),"row 230, column 6",Net Current Expenditure (C7 = C3 - C6)
2009/10,E3021,,Nottinghamshire,SC,Arts development and support,1372,1372000.0,RO5.xlsx,RO5 LA Data 2009-10 (3),"row 230, column 10",Net Current Expenditure (C7 = C3 - C6)
2009/10,E3021,,Nottinghamshire,SC,Heritage,6,6000.0,RO5.xlsx,RO5 LA Data 2009-10 (3),"row 230, column 14",Net Current Expenditure (C7 = C3 - C6)
2009/10,E3021,,Nottinghamshire,SC,Museums and galleries,0,0.0,RO5.xlsx,RO5 LA Data 2009-10 (3),"row 230, column 18",Net Current Expenditure (C7 = C3 - C6)
2009/10,E3021,,Nottinghamshire,SC,Theatres and public entertainment,0,0.0,RO5.xlsx,RO5 LA Data 2009-10 (3),"row 230, column 22",Net Current Expenditure (C7 = C3 - C6)
2009/10,E3021,,Nottinghamshire,SC,Library service,12898,12898000.0,RO5.xlsx,RO5 LA Data 2009-10 (3),"row 230, column 50",Net Current Expenditure (C7 = C3 - C6)
2009/10,E3031,,Ashfield,SD,Archives,0,0.0,RO5.xlsx,RO5 LA Data 2009-10 (3),"row 231, column 6",Net Current Expenditure (C7 = C3 - C6)
2009/10,E3031,,Ashfield,SD,Arts development and support,53,53000.0,RO5.xlsx,RO5 LA Data 2009-10 (3),"row 231, column 10",Net Current Expenditure (C7 = C3 - C6)
2009/10,E3031,,Ashfield,SD,Heritage,105,105000.0,RO5.xlsx,RO5 LA Data 2009-10 (3),"row 231, column 14",Net Current Expenditure (C7 = C3 - C6)
2009/10,E3031,,Ashfield,SD,Museums and galleries,0,0.0,RO5.xlsx,RO5 LA Data 2009-10 (3),"row 231, column 18",Net Current Expenditure (C7 = C3 - C6)
2009/10,E3031,,Ashfield,SD,Theatres and public entertainment,32,32000.0,RO5.xlsx,RO5 LA Data 2009-10 (3),"row 231, column 22",Net Current Expenditure (C7 = C3 - C6)
2009/10,E3031,,Ashfield,SD,Library service,0,0.0,RO5.xlsx,RO5 LA Data 2009-10 (3),"row 231, column 50",Net Current Expenditure (C7 = C3 - C6)
2009/10,E3032,,Bassetlaw,SD,Archives,0,0.0,RO5.xlsx,RO5 LA Data 2009-10 (3),"row 232, column 6",Net Current Expenditure (C7 = C3 - C6)
2009/10,E3032,,Bassetlaw,SD,Arts development and support,64,64000.0,RO5.xlsx,RO5 LA Data 2009-10 (3),"row 232, column 10",Net Current Expenditure (C7 = C3 - C6)
2009/10,E3032,,Bassetlaw,SD,Heritage,0,0.0,RO5.xlsx,RO5 LA Data 2009-10 (3),"row 232, column 14",Net Current Expenditure (C7 = C3 - C6)
2009/10,E3032,,Bassetlaw,SD,Museums and galleries,222,222000.0,RO5.xlsx,RO5 LA Data 2009-10 (3),"row 232, column 18",Net Current Expenditure (C7 = C3 - C6)
2009/10,E3032,,Bassetlaw,SD,Theatres and public entertainment,14,14000.0,RO5.xlsx,RO5 LA Data 2009-10 (3),"row 232, column 22",Net Current Expenditure (C7 = C3 - C6)
2009/10,E3032,,Bassetlaw,SD,Library service,0,0.0,RO5.xlsx,RO5 LA Data 2009-10 (3),"row 232, column 50",Net Current Expenditure (C7 = C3 - C6)
2009/10,E3033,,Broxtowe,SD,Archives,0,0.0,RO5.xlsx,RO5 LA Data 2009-10 (3),"row 233, column 6",Net Current Expenditure (C7 = C3 - C6)
2009/10,E3033,,Broxtowe,SD,Arts development and support,145,145000.0,RO5.xlsx,RO5 LA Data 2009-10 (3),"row 233, column 10",Net Current Expenditure (C7 = C3 - C6)
2009/10,E3033,,Broxtowe,SD,Heritage,0,0.0,RO5.xlsx,RO5 LA Data 2009-10 (3),"row 233, column 14",Net Current Expenditure (C7 = C3 - C6)
2009/10,E3033,,Broxtowe,SD,Museums and galleries,298,298000.0,RO5.xlsx,RO5 LA Data 2009-10 (3),"row 233, column 18",Net Current Expenditure (C7 = C3 - C6)
2009/10,E3033,,Broxtowe,SD,Theatres and public entertainment,0,0.0,RO5.xlsx,RO5 LA Data 2009-10 (3),"row 233, column 22",Net Current Expenditure (C7 = C3 - C6)
2009/10,E3033,,Broxtowe,SD,Library service,0,0.0,RO5.xlsx,RO5 LA Data 2009-10 (3),"row 233, column 50",Net Current Expenditure (C7 = C3 - C6)
2009/10,E3034,,Gedling,SD,Archives,0,0.0,RO5.xlsx,RO5 LA Data 2009-10 (3),"row 234, column 6",Net Current Expenditure (C7 = C3 - C6)
2009/10,E3034,,Gedling,SD,Arts development and support,232,232000.0,RO5.xlsx,RO5 LA Data 2009-10 (3),"row 234, column 10",Net Current Expenditure (C7 = C3 - C6)
2009/10,E3034,,Gedling,SD,Heritage,0,0.0,RO5.xlsx,RO5 LA Data 2009-10 (3),"row 234, column 14",Net Current Expenditure (C7 = C3 - C6)
2009/10,E3034,,Gedling,SD,Museums and galleries,0,0.0,RO5.xlsx,RO5 LA Data 2009-10 (3),"row 234, column 18",Net Current Expenditure (C7 = C3 - C6)
2009/10,E3034,,Gedling,SD,Theatres and public entertainment,0,0.0,RO5.xlsx,RO5 LA Data 2009-10 (3),"row 234, column 22",Net Current Expenditure (C7 = C3 - C6)
2009/10,E3034,,Gedling,SD,Library service,0,0.0,RO5.xlsx,RO5 LA Data 2009-10 (3),"row 234, column 50",Net Current Expenditure (C7 = C3 - C6)
2009/10,E3035,,Mansfield,SD,Archives,0,0.0,RO5.xlsx,RO5 LA Data 2009-10 (3),"row 235, column 6",Net Current Expenditure (C7 = C3 - C6)
2009/10,E3035,,Mansfield,SD,Arts development and support,0,0.0,RO5.xlsx,RO5 LA Data 2009-10 (3),"row 235, column 10",Net Current Expenditure (C7 = C3 - C6)
2009/10,E3035,,Mansfield,SD,Heritage,0,0.0,RO5.xlsx,RO5 LA Data 2009-10 (3),"row 235, column 14",Net Current Expenditure (C7 = C3 - C6)
2009/10,E3035,,Mansfield,SD,Museums and galleries,263,263000.0,RO5.xlsx,RO5 LA Data 2009-10 (3),"row 235, column 18",Net Current Expenditure (C7 = C3 - C6)
2009/10,E3035,,Mansfield,SD,Theatres and public entertainment,497,497000.0,RO5.xlsx,RO5 LA Data 2009-10 (3),"row 235, column 22",Net Current Expenditure (C7 = C3 - C6)
2009/10,E3035,,Mansfield,SD,Library service,0,0.0,RO5.xlsx,RO5 LA Data 2009-10 (3),"row 235, column 50",Net Current Expenditure (C7 = C3 - C6)
2009/10,E3036,,Newark & Sherwood,SD,Archives,0,0.0,RO5.xlsx,RO5 LA Data 2009-10 (3),"row 236, column 6",Net Current Expenditure (C7 = C3 - C6)
2009/10,E3036,,Newark & Sherwood,SD,Arts development and support,0,0.0,RO5.xlsx,RO5 LA Data 2009-10 (3),"row 236, column 10",Net Current Expenditure (C7 = C3 - C6)
2009/10,E3036,,Newark & Sherwood,SD,Heritage,101,101000.0,RO5.xlsx,RO5 LA Data 2009-10 (3),"row 236, column 14",Net Current Expenditure (C7 = C3 - C6)
2009/10,E3036,,Newark & Sherwood,SD,Museums and galleries,600,600000.0,RO5.xlsx,RO5 LA Data 2009-10 (3),"row 236, column 18",Net Current Expenditure (C7 = C3 - C6)
2009/10,E3036,,Newark & Sherwood,SD,Theatres and public entertainment,509,509000.0,RO5.xlsx,RO5 LA Data 2009-10 (3),"row 236, column 22",Net Current Expenditure (C7 = C3 - C6)
2009/10,E3036,,Newark & Sherwood,SD,Library service,0,0.0,RO5.xlsx,RO5 LA Data 2009-10 (3),"row 236, column 50",Net Current Expenditure (C7 = C3 - C6)
2009/10,E3038,,Rushcliffe,SD,Archives,0,0.0,RO5.xlsx,RO5 LA Data 2009-10 (3),"row 237, column 6",Net Current Expenditure (C7 = C3 - C6)
2009/10,E3038,,Rushcliffe,SD,Arts development and support,125,125000.0,RO5.xlsx,RO5 LA Data 2009-10 (3),"row 237, column 10",Net Current Expenditure (C7 = C3 - C6)
2009/10,E3038,,Rushcliffe,SD,Heritage,0,0.0,RO5.xlsx,RO5 LA Data 2009-10 (3),"row 237, column 14",Net Current Expenditure (C7 = C3 - C6)
2009/10,E3038,,Rushcliffe,SD,Museums and galleries,0,0.0,RO5.xlsx,RO5 LA Data 2009-10 (3),"row 237, column 18",Net Current Expenditure (C7 = C3 - C6)
2009/10,E3038,,Rushcliffe,SD,Theatres and public entertainment,0,0.0,RO5.xlsx,RO5 LA Data 2009-10 (3),"row 237, column 22",Net Current Expenditure (C7 = C3 - C6)
2009/10,E3038,,Rushcliffe,SD,Library service,0,0.0,RO5.xlsx,RO5 LA Data 2009-10 (3),"row 237, column 50",Net Current Expenditure (C7 = C3 - C6)
2009/10,E3120,,Oxfordshire,SC,Archives,628,628000.0,RO5.xlsx,RO5 LA Data 2009-10 (3),"row 238, column 6",Net Current Expenditure (C7 = C3 - C6)
2009/10,E3120,,Oxfordshire,SC,Arts development and support,633,633000.0,RO5.xlsx,RO5 LA Data 2009-10 (3),"row 238, column 10",Net Current Expenditure (C7 = C3 - C6)
2009/10,E3120,,Oxfordshire,SC,Heritage,983,983000.0,RO5.xlsx,RO5 LA Data 2009-10 (3),"row 238, column 14",Net Current Expenditure (C7 = C3 - C6)
2009/10,E3120,,Oxfordshire,SC,Museums and galleries,1396,1396000.0,RO5.xlsx,RO5 LA Data 2009-10 (3),"row 238, column 18",Net Current Expenditure (C7 = C3 - C6)
2009/10,E3120,,Oxfordshire,SC,Theatres and public entertainment,0,0.0,RO5.xlsx,RO5 LA Data 2009-10 (3),"row 238, column 22",Net Current Expenditure (C7 = C3 - C6)
2009/10,E3120,,Oxfordshire,SC,Library service,10397,10397000.0,RO5.xlsx,RO5 LA Data 2009-10 (3),"row 238, column 50",Net Current Expenditure (C7 = C3 - C6)
2009/10,E3131,,Cherwell,SD,Archives,0,0.0,RO5.xlsx,RO5 LA Data 2009-10 (3),"row 239, column 6",Net Current Expenditure (C7 = C3 - C6)
2009/10,E3131,,Cherwell,SD,Arts development and support,156,156000.0,RO5.xlsx,RO5 LA Data 2009-10 (3),"row 239, column 10",Net Current Expenditure (C7 = C3 - C6)
2009/10,E3131,,Cherwell,SD,Heritage,49,49000.0,RO5.xlsx,RO5 LA Data 2009-10 (3),"row 239, column 14",Net Current Expenditure (C7 = C3 - C6)
2009/10,E3131,,Cherwell,SD,Museums and galleries,426,426000.0,RO5.xlsx,RO5 LA Data 2009-10 (3),"row 239, column 18",Net Current Expenditure (C7 = C3 - C6)
2009/10,E3131,,Cherwell,SD,Theatres and public entertainment,148,148000.0,RO5.xlsx,RO5 LA Data 2009-10 (3),"row 239, column 22",Net Current Expenditure (C7 = C3 - C6)
2009/10,E3131,,Cherwell,SD,Library service,0,0.0,RO5.xlsx,RO5 LA Data 2009-10 (3),"row 239, column 50",Net Current Expenditure (C7 = C3 - C6)
2009/10,E3132,,Oxford,SD,Archives,0,0.0,RO5.xlsx,RO5 LA Data 2009-10 (3),"row 240, column 6",Net Current Expenditure (C7 = C3 - C6)
2009/10,E3132,,Oxford,SD,Arts development and support,130,130000.0,RO5.xlsx,RO5 LA Data 2009-10 (3),"row 240, column 10",Net Current Expenditure (C7 = C3 - C6)
2009/10,E3132,,Oxford,SD,Heritage,0,0.0,RO5.xlsx,RO5 LA Data 2009-10 (3),"row 240, column 14",Net Current Expenditure (C7 = C3 - C6)
2009/10,E3132,,Oxford,SD,Museums and galleries,266,266000.0,RO5.xlsx,RO5 LA Data 2009-10 (3),"row 240, column 18",Net Current Expenditure (C7 = C3 - C6)
2009/10,E3132,,Oxford,SD,Theatres and public entertainment,0,0.0,RO5.xlsx,RO5 LA Data 2009-10 (3),"row 240, column 22",Net Current Expenditure (C7 = C3 - C6)
2009/10,E3132,,Oxford,SD,Library service,0,0.0,RO5.xlsx,RO5 LA Data 2009-10 (3),"row 240, column 50",Net Current Expenditure (C7 = C3 - C6)
2009/10,E3133,,South Oxfordshire,SD,Archives,0,0.0,RO5.xlsx,RO5 LA Data 2009-10 (3),"row 241, column 6",Net Current Expenditure (C7 = C3 - C6)
2009/10,E3133,,South Oxfordshire,SD,Arts development and support,67,67000.0,RO5.xlsx,RO5 LA Data 2009-10 (3),"row 241, column 10",Net Current Expenditure (C7 = C3 - C6)
2009/10,E3133,,South Oxfordshire,SD,Heritage,0,0.0,RO5.xlsx,RO5 LA Data 2009-10 (3),"row 241, column 14",Net Current Expenditure (C7 = C3 - C6)
2009/10,E3133,,South Oxfordshire,SD,Museums and galleries,0,0.0,RO5.xlsx,RO5 LA Data 2009-10 (3),"row 241, column 18",Net Current Expenditure (C7 = C3 - C6)
2009/10,E3133,,South Oxfordshire,SD,Theatres and public entertainment,1122,1122000.0,RO5.xlsx,RO5 LA Data 2009-10 (3),"row 241, column 22",Net Current Expenditure (C7 = C3 - C6)
2009/10,E3133,,South Oxfordshire,SD,Library service,0,0.0,RO5.xlsx,RO5 LA Data 2009-10 (3),"row 241, column 50",Net Current Expenditure (C7 = C3 - C6)
2009/10,E3134,,Vale of White Horse,SD,Archives,0,0.0,RO5.xlsx,RO5 LA Data 2009-10 (3),"row 242, column 6",Net Current Expenditure (C7 = C3 - C6)
2009/10,E3134,,Vale of White Horse,SD,Arts development and support,69,69000.0,RO5.xlsx,RO5 LA Data 2009-10 (3),"row 242, column 10",Net Current Expenditure (C7 = C3 - C6)
2009/10,E3134,,Vale of White Horse,SD,Heritage,0,0.0,RO5.xlsx,RO5 LA Data 2009-10 (3),"row 242, column 14",Net Current Expenditure (C7 = C3 - C6)
2009/10,E3134,,Vale of White Horse,SD,Museums and galleries,0,0.0,RO5.xlsx,RO5 LA Data 2009-10 (3),"row 242, column 18",Net Current Expenditure (C7 = C3 - C6)
2009/10,E3134,,Vale of White Horse,SD,Theatres and public entertainment,0,0.0,RO5.xlsx,RO5 LA Data 2009-10 (3),"row 242, column 22",Net Current Expenditure (C7 = C3 - C6)
2009/10,E3134,,Vale of White Horse,SD,Library service,0,0.0,RO5.xlsx,RO5 LA Data 2009-10 (3),"row 242, column 50",Net Current Expenditure (C7 = C3 - C6)
2009/10,E3135,,West Oxfordshire,SD,Archives,0,0.0,RO5.xlsx,RO5 LA Data 2009-10 (3),"row 243, column 6",Net Current Expenditure (C7 = C3 - C6)
2009/10,E3135,,West Oxfordshire,SD,Arts development and support,160,160000.0,RO5.xlsx,RO5 LA Data 2009-10 (3),"row 243, column 10",Net Current Expenditure (C7 = C3 - C6)
2009/10,E3135,,West Oxfordshire,SD,Heritage,0,0.0,RO5.xlsx,RO5 LA Data 2009-10 (3),"row 243, column 14",Net Current Expenditure (C7 = C3 - C6)
2009/10,E3135,,West Oxfordshire,SD,Museums and galleries,6,6000.0,RO5.xlsx,RO5 LA Data 2009-10 (3),"row 243, column 18",Net Current Expenditure (C7 = C3 - C6)
2009/10,E3135,,West Oxfordshire,SD,Theatres and public entertainment,0,0.0,RO5.xlsx,RO5 LA Data 2009-10 (3),"row 243, column 22",Net Current Expenditure (C7 = C3 - C6)
2009/10,E3135,,West Oxfordshire,SD,Library service,0,0.0,RO5.xlsx,RO5 LA Data 2009-10 (3),"row 243, column 50",Net Current Expenditure (C7 = C3 - C6)
2009/10,E3201,,Telford and the Wrekin UA,UA,Archives,0,0.0,RO5.xlsx,RO5 LA Data 2009-10 (3),"row 244, column 6",Net Current Expenditure (C7 = C3 - C6)
2009/10,E3201,,Telford and the Wrekin UA,UA,Arts development and support,0,0.0,RO5.xlsx,RO5 LA Data 2009-10 (3),"row 244, column 10",Net Current Expenditure (C7 = C3 - C6)
2009/10,E3201,,Telford and the Wrekin UA,UA,Heritage,114,114000.0,RO5.xlsx,RO5 LA Data 2009-10 (3),"row 244, column 14",Net Current Expenditure (C7 = C3 - C6)
2009/10,E3201,,Telford and the Wrekin UA,UA,Museums and galleries,0,0.0,RO5.xlsx,RO5 LA Data 2009-10 (3),"row 244, column 18",Net Current Expenditure (C7 = C3 - C6)
2009/10,E3201,,Telford and the Wrekin UA,UA,Theatres and public entertainment,801,801000.0,RO5.xlsx,RO5 LA Data 2009-10 (3),"row 244, column 22",Net Current Expenditure (C7 = C3 - C6)
2009/10,E3201,,Telford and the Wrekin UA,UA,Library service,2101,2101000.0,RO5.xlsx,RO5 LA Data 2009-10 (3),"row 244, column 50",Net Current Expenditure (C7 = C3 - C6)
2009/10,E3202,,Shropshire UA,UA,Archives,521,521000.0,RO5.xlsx,RO5 LA Data 2009-10 (3),"row 245, column 6",Net Current Expenditure (C7 = C3 - C6)
2009/10,E3202,,Shropshire UA,UA,Arts development and support,757,757000.0,RO5.xlsx,RO5 LA Data 2009-10 (3),"row 245, column 10",Net Current Expenditure (C7 = C3 - C6)
2009/10,E3202,,Shropshire UA,UA,Heritage,28,28000.0,RO5.xlsx,RO5 LA Data 2009-10 (3),"row 245, column 14",Net Current Expenditure (C7 = C3 - C6)
2009/10,E3202,,Shropshire UA,UA,Museums and galleries,1915,1915000.0,RO5.xlsx,RO5 LA Data 2009-10 (3),"row 245, column 18",Net Current Expenditure (C7 = C3 - C6)
2009/10,E3202,,Shropshire UA,UA,Theatres and public entertainment,886,886000.0,RO5.xlsx,RO5 LA Data 2009-10 (3),"row 245, column 22",Net Current Expenditure (C7 = C3 - C6)
2009/10,E3202,,Shropshire UA,UA,Library service,4511,4511000.0,RO5.xlsx,RO5 LA Data 2009-10 (3),"row 245, column 50",Net Current Expenditure (C7 = C3 - C6)
2009/10,E3320,,Somerset,SC,Archives,544,544000.0,RO5.xlsx,RO5 LA Data 2009-10 (3),"row 246, column 6",Net Current Expenditure (C7 = C3 - C6)
2009/10,E3320,,Somerset,SC,Arts development and support,365,365000.0,RO5.xlsx,RO5 LA Data 2009-10 (3),"row 246, column 10",Net Current Expenditure (C7 = C3 - C6)
2009/10,E3320,,Somerset,SC,Heritage,275,275000.0,RO5.xlsx,RO5 LA Data 2009-10 (3),"row 246, column 14",Net Current Expenditure (C7 = C3 - C6)
2009/10,E3320,,Somerset,SC,Museums and galleries,942,942000.0,RO5.xlsx,RO5 LA Data 2009-10 (3),"row 246, column 18",Net Current Expenditure (C7 = C3 - C6)
2009/10,E3320,,Somerset,SC,Theatres and public entertainment,0,0.0,RO5.xlsx,RO5 LA Data 2009-10 (3),"row 246, column 22",Net Current Expenditure (C7 = C3 - C6)
2009/10,E3320,,Somerset,SC,Library service,6681,6681000.0,RO5.xlsx,RO5 LA Data 2009-10 (3),"row 246, column 50",Net Current Expenditure (C7 = C3 - C6)
2009/10,E3331,,Mendip,SD,Archives,0,0.0,RO5.xlsx,RO5 LA Data 2009-10 (3),"row 247, column 6",Net Current Expenditure (C7 = C3 - C6)
2009/10,E3331,,Mendip,SD,Arts development and support,110,110000.0,RO5.xlsx,RO5 LA Data 2009-10 (3),"row 247, column 10",Net Current Expenditure (C7 = C3 - C6)
2009/10,E3331,,Mendip,SD,Heritage,263,263000.0,RO5.xlsx,RO5 LA Data 2009-10 (3),"row 247, column 14",Net Current Expenditure (C7 = C3 - C6)
2009/10,E3331,,Mendip,SD,Museums and galleries,0,0.0,RO5.xlsx,RO5 LA Data 2009-10 (3),"row 247, column 18",Net Current Expenditure (C7 = C3 - C6)
2009/10,E3331,,Mendip,SD,Theatres and public entertainment,0,0.0,RO5.xlsx,RO5 LA Data 2009-10 (3),"row 247, column 22",Net Current Expenditure (C7 = C3 - C6)
2009/10,E3331,,Mendip,SD,Library service,0,0.0,RO5.xlsx,RO5 LA Data 2009-10 (3),"row 247, column 50",Net Current Expenditure (C7 = C3 - C6)
2009/10,E3332,,Sedgemoor,SD,Archives,0,0.0,RO5.xlsx,RO5 LA Data 2009-10 (3),"row 248, column 6",Net Current Expenditure (C7 = C3 - C6)
2009/10,E3332,,Sedgemoor,SD,Arts development and support,91,91000.0,RO5.xlsx,RO5 LA Data 2009-10 (3),"row 248, column 10",Net Current Expenditure (C7 = C3 - C6)
2009/10,E3332,,Sedgemoor,SD,Heritage,4,4000.0,RO5.xlsx,RO5 LA Data 2009-10 (3),"row 248, column 14",Net Current Expenditure (C7 = C3 - C6)
2009/10,E3332,,Sedgemoor,SD,Museums and galleries,195,195000.0,RO5.xlsx,RO5 LA Data 2009-10 (3),"row 248, column 18",Net Current Expenditure (C7 = C3 - C6)
2009/10,E3332,,Sedgemoor,SD,Theatres and public entertainment,251,251000.0,RO5.xlsx,RO5 LA Data 2009-10 (3),"row 248, column 22",Net Current Expenditure (C7 = C3 - C6)
2009/10,E3332,,Sedgemoor,SD,Library service,0,0.0,RO5.xlsx,RO5 LA Data 2009-10 (3),"row 248, column 50",Net Current Expenditure (C7 = C3 - C6)
2009/10,E3333,,Taunton Deane,SD,Archives,0,0.0,RO5.xlsx,RO5 LA Data 2009-10 (3),"row 249, column 6",Net Current Expenditure (C7 = C3 - C6)
2009/10,E3333,,Taunton Deane,SD,Arts development and support,34,34000.0,RO5.xlsx,RO5 LA Data 2009-10 (3),"row 249, column 10",Net Current Expenditure (C7 = C3 - C6)
2009/10,E3333,,Taunton Deane,SD,Heritage,0,0.0,RO5.xlsx,RO5 LA Data 2009-10 (3),"row 249, column 14",Net Current Expenditure (C7 = C3 - C6)
2009/10,E3333,,Taunton Deane,SD,Museums and galleries,0,0.0,RO5.xlsx,RO5 LA Data 2009-10 (3),"row 249, column 18",Net Current Expenditure (C7 = C3 - C6)
2009/10,E3333,,Taunton Deane,SD,Theatres and public entertainment,202,202000.0,RO5.xlsx,RO5 LA Data 2009-10 (3),"row 249, column 22",Net Current Expenditure (C7 = C3 - C6)
2009/10,E3333,,Taunton Deane,SD,Library service,0,0.0,RO5.xlsx,RO5 LA Data 2009-10 (3),"row 249, column 50",Net Current Expenditure (C7 = C3 - C6)
2009/10,E3334,,South Somerset,SD,Archives,0,0.0,RO5.xlsx,RO5 LA Data 2009-10 (3),"row 250, column 6",Net Current Expenditure (C7 = C3 - C6)
2009/10,E3334,,South Somerset,SD,Arts development and support,166,166000.0,RO5.xlsx,RO5 LA Data 2009-10 (3),"row 250, column 10",Net Current Expenditure (C7 = C3 - C6)
2009/10,E3334,,South Somerset,SD,Heritage,0,0.0,RO5.xlsx,RO5 LA Data 2009-10 (3),"row 250, column 14",Net Current Expenditure (C7 = C3 - C6)
2009/10,E3334,,South Somerset,SD,Museums and galleries,233,233000.0,RO5.xlsx,RO5 LA Data 2009-10 (3),"row 250, column 18",Net Current Expenditure (C7 = C3 - C6)
2009/10,E3334,,South Somerset,SD,Theatres and public entertainment,107,107000.0,RO5.xlsx,RO5 LA Data 2009-10 (3),"row 250, column 22",Net Current Expenditure (C7 = C3 - C6)
2009/10,E3334,,South Somerset,SD,Library service,0,0.0,RO5.xlsx,RO5 LA Data 2009-10 (3),"row 250, column 50",Net Current Expenditure (C7 = C3 - C6)
2009/10,E3335,,West Somerset,SD,Archives,0,0.0,RO5.xlsx,RO5 LA Data 2009-10 (3),"row 251, column 6",Net Current Expenditure (C7 = C3 - C6)
2009/10,E3335,,West Somerset,SD,Arts development and support,23,23000.0,RO5.xlsx,RO5 LA Data 2009-10 (3),"row 251, column 10",Net Current Expenditure (C7 = C3 - C6)
2009/10,E3335,,West Somerset,SD,Heritage,0,0.0,RO5.xlsx,RO5 LA Data 2009-10 (3),"row 251, column 14",Net Current Expenditure (C7 = C3 - C6)
2009/10,E3335,,West Somerset,SD,Museums and galleries,0,0.0,RO5.xlsx,RO5 LA Data 2009-10 (3),"row 251, column 18",Net Current Expenditure (C7 = C3 - C6)
2009/10,E3335,,West Somerset,SD,Theatres and public entertainment,0,0.0,RO5.xlsx,RO5 LA Data 2009-10 (3),"row 251, column 22",Net Current Expenditure (C7 = C3 - C6)
2009/10,E3335,,West Somerset,SD,Library service,0,0.0,RO5.xlsx,RO5 LA Data 2009-10 (3),"row 251, column 50",Net Current Expenditure (C7 = C3 - C6)
2009/10,E3401,,Stoke-on-Trent UA,UA,Archives,258,258000.0,RO5.xlsx,RO5 LA Data 2009-10 (3),"row 252, column 6",Net Current Expenditure (C7 = C3 - C6)
2009/10,E3401,,Stoke-on-Trent UA,UA,Arts development and support,1802,1802000.0,RO5.xlsx,RO5 LA Data 2009-10 (3),"row 252, column 10",Net Current Expenditure (C7 = C3 - C6)
2009/10,E3401,,Stoke-on-Trent UA,UA,Heritage,177,177000.0,RO5.xlsx,RO5 LA Data 2009-10 (3),"row 252, column 14",Net Current Expenditure (C7 = C3 - C6)
2009/10,E3401,,Stoke-on-Trent UA,UA,Museums and galleries,2412,2412000.0,RO5.xlsx,RO5 LA Data 2009-10 (3),"row 252, column 18",Net Current Expenditure (C7 = C3 - C6)
2009/10,E3401,,Stoke-on-Trent UA,UA,Theatres and public entertainment,600,600000.0,RO5.xlsx,RO5 LA Data 2009-10 (3),"row 252, column 22",Net Current Expenditure (C7 = C3 - C6)
2009/10,E3401,,Stoke-on-Trent UA,UA,Library service,3670,3670000.0,RO5.xlsx,RO5 LA Data 2009-10 (3),"row 252, column 50",Net Current Expenditure (C7 = C3 - C6)
2009/10,E3421,,Staffordshire,SC,Archives,1989,1989000.0,RO5.xlsx,RO5 LA Data 2009-10 (3),"row 253, column 6",Net Current Expenditure (C7 = C3 - C6)
2009/10,E3421,,Staffordshire,SC,Arts development and support,261,261000.0,RO5.xlsx,RO5 LA Data 2009-10 (3),"row 253, column 10",Net Current Expenditure (C7 = C3 - C6)
2009/10,E3421,,Staffordshire,SC,Heritage,0,0.0,RO5.xlsx,RO5 LA Data 2009-10 (3),"row 253, column 14",Net Current Expenditure (C7 = C3 - C6)
2009/10,E3421,,Staffordshire,SC,Museums and galleries,889,889000.0,RO5.xlsx,RO5 LA Data 2009-10 (3),"row 253, column 18",Net Current Expenditure (C7 = C3 - C6)
2009/10,E3421,,Staffordshire,SC,Theatres and public entertainment,0,0.0,RO5.xlsx,RO5 LA Data 2009-10 (3),"row 253, column 22",Net Current Expenditure (C7 = C3 - C6)
2009/10,E3421,,Staffordshire,SC,Library service,11110,11110000.0,RO5.xlsx,RO5 LA Data 2009-10 (3),"row 253, column 50",Net Current Expenditure (C7 = C3 - C6)
2009/10,E3431,,Cannock Chase,SD,Archives,0,0.0,RO5.xlsx,RO5 LA Data 2009-10 (3),"row 254, column 6",Net Current Expenditure (C7 = C3 - C6)
2009/10,E3431,,Cannock Chase,SD,Arts development and support,163,163000.0,RO5.xlsx,RO5 LA Data 2009-10 (3),"row 254, column 10",Net Current Expenditure (C7 = C3 - C6)
2009/10,E3431,,Cannock Chase,SD,Heritage,0,0.0,RO5.xlsx,RO5 LA Data 2009-10 (3),"row 254, column 14",Net Current Expenditure (C7 = C3 - C6)
2009/10,E3431,,Cannock Chase,SD,Museums and galleries,303,303000.0,RO5.xlsx,RO5 LA Data 2009-10 (3),"row 254, column 18",Net Current Expenditure (C7 = C3 - C6)
2009/10,E3431,,Cannock Chase,SD,Theatres and public entertainment,462,462000.0,RO5.xlsx,RO5 LA Data 2009-10 (3),"row 254, column 22",Net Current Expenditure (C7 = C3 - C6)
2009/10,E3431,,Cannock Chase,SD,Library service,0,0.0,RO5.xlsx,RO5 LA Data 2009-10 (3),"row 254, column 50",Net Current Expenditure (C7 = C3 - C6)
2009/10,E3432,,East Staffordshire,SD,Archives,0,0.0,RO5.xlsx,RO5 LA Data 2009-10 (3),"row 255, column 6",Net Current Expenditure (C7 = C3 - C6)
2009/10,E3432,,East Staffordshire,SD,Arts development and support,461,461000.0,RO5.xlsx,RO5 LA Data 2009-10 (3),"row 255, column 10",Net Current Expenditure (C7 = C3 - C6)
2009/10,E3432,,East Staffordshire,SD,Heritage,0,0.0,RO5.xlsx,RO5 LA Data 2009-10 (3),"row 255, column 14",Net Current Expenditure (C7 = C3 - C6)
2009/10,E3432,,East Staffordshire,SD,Museums and galleries,0,0.0,RO5.xlsx,RO5 LA Data 2009-10 (3),"row 255, column 18",Net Current Expenditure (C7 = C3 - C6)
2009/10,E3432,,East Staffordshire,SD,Theatres and public entertainment,124,124000.0,RO5.xlsx,RO5 LA Data 2009-10 (3),"row 255, column 22",Net Current Expenditure (C7 = C3 - C6)
2009/10,E3432,,East Staffordshire,SD,Library service,0,0.0,RO5.xlsx,RO5 LA Data 2009-10 (3),"row 255, column 50",Net Current Expenditure (C7 = C3 - C6)
2009/10,E3433,,Lichfield,SD,Archives,0,0.0,RO5.xlsx,RO5 LA Data 2009-10 (3),"row 256, column 6",Net Current Expenditure (C7 = C3 - C6)
2009/10,E3433,,Lichfield,SD,Arts development and support,0,0.0,RO5.xlsx,RO5 LA Data 2009-10 (3),"row 256, column 10",Net Current Expenditure (C7 = C3 - C6)
2009/10,E3433,,Lichfield,SD,Heritage,0,0.0,RO5.xlsx,RO5 LA Data 2009-10 (3),"row 256, column 14",Net Current Expenditure (C7 = C3 - C6)
2009/10,E3433,,Lichfield,SD,Museums and galleries,12,12000.0,RO5.xlsx,RO5 LA Data 2009-10 (3),"row 256, column 18",Net Current Expenditure (C7 = C3 - C6)
2009/10,E3433,,Lichfield,SD,Theatres and public entertainment,762,762000.0,RO5.xlsx,RO5 LA Data 2009-10 (3),"row 256, column 22",Net Current Expenditure (C7 = C3 - C6)
2009/10,E3433,,Lichfield,SD,Library service,0,0.0,RO5.xlsx,RO5 LA Data 2009-10 (3),"row 256, column 50",Net Current Expenditure (C7 = C3 - C6)
2009/10,E3434,,Newcastle-under-Lyme,SD,Archives,0,0.0,RO5.xlsx,RO5 LA Data 2009-10 (3),"row 257, column 6",Net Current Expenditure (C7 = C3 - C6)
2009/10,E3434,,Newcastle-under-Lyme,SD,Arts development and support,14,14000.0,RO5.xlsx,RO5 LA Data 2009-10 (3),"row 257, column 10",Net Current Expenditure (C7 = C3 - C6)
2009/10,E3434,,Newcastle-under-Lyme,SD,Heritage,0,0.0,RO5.xlsx,RO5 LA Data 2009-10 (3),"row 257, column 14",Net Current Expenditure (C7 = C3 - C6)
2009/10,E3434,,Newcastle-under-Lyme,SD,Museums and galleries,263,263000.0,RO5.xlsx,RO5 LA Data 2009-10 (3),"row 257, column 18",Net Current Expenditure (C7 = C3 - C6)
2009/10,E3434,,Newcastle-under-Lyme,SD,Theatres and public entertainment,262,262000.0,RO5.xlsx,RO5 LA Data 2009-10 (3),"row 257, column 22",Net Current Expenditure (C7 = C3 - C6)
2009/10,E3434,,Newcastle-under-Lyme,SD,Library service,0,0.0,RO5.xlsx,RO5 LA Data 2009-10 (3),"row 257, column 50",Net Current Expenditure (C7 = C3 - C6)
2009/10,E3435,,South Staffordshire,SD,Archives,0,0.0,RO5.xlsx,RO5 LA Data 2009-10 (3),"row 258, column 6",Net Current Expenditure (C7 = C3 - C6)
2009/10,E3435,,South Staffordshire,SD,Arts development and support,14,14000.0,RO5.xlsx,RO5 LA Data 2009-10 (3),"row 258, column 10",Net Current Expenditure (C7 = C3 - C6)
2009/10,E3435,,South Staffordshire,SD,Heritage,0,0.0,RO5.xlsx,RO5 LA Data 2009-10 (3),"row 258, column 14",Net Current Expenditure (C7 = C3 - C6)
2009/10,E3435,,South Staffordshire,SD,Museums and galleries,0,0.0,RO5.xlsx,RO5 LA Data 2009-10 (3),"row 258, column 18",Net Current Expenditure (C7 = C3 - C6)
2009/10,E3435,,South Staffordshire,SD,Theatres and public entertainment,0,0.0,RO5.xlsx,RO5 LA Data 2009-10 (3),"row 258, column 22",Net Current Expenditure (C7 = C3 - C6)
2009/10,E3435,,South Staffordshire,SD,Library service,0,0.0,RO5.xlsx,RO5 LA Data 2009-10 (3),"row 258, column 50",Net Current Expenditure (C7 = C3 - C6)
2009/10,E3436,,Stafford,SD,Archives,0,0.0,RO5.xlsx,RO5 LA Data 2009-10 (3),"row 259, column 6",Net Current Expenditure (C7 = C3 - C6)
2009/10,E3436,,Stafford,SD,Arts development and support,22,22000.0,RO5.xlsx,RO5 LA Data 2009-10 (3),"row 259, column 10",Net Current Expenditure (C7 = C3 - C6)
2009/10,E3436,,Stafford,SD,Heritage,27,27000.0,RO5.xlsx,RO5 LA Data 2009-10 (3),"row 259, column 14",Net Current Expenditure (C7 = C3 - C6)
2009/10,E3436,,Stafford,SD,Museums and galleries,364,364000.0,RO5.xlsx,RO5 LA Data 2009-10 (3),"row 259, column 18",Net Current Expenditure (C7 = C3 - C6)
2009/10,E3436,,Stafford,SD,Theatres and public entertainment,792,792000.0,RO5.xlsx,RO5 LA Data 2009-10 (3),"row 259, column 22",Net Current Expenditure (C7 = C3 - C6)
2009/10,E3436,,Stafford,SD,Library service,0,0.0,RO5.xlsx,RO5 LA Data 2009-10 (3),"row 259, column 50",Net Current Expenditure (C7 = C3 - C6)
2009/10,E3437,,Staffordshire Moorlands,SD,Archives,0,0.0,RO5.xlsx,RO5 LA Data 2009-10 (3),"row 260, column 6",Net Current Expenditure (C7 = C3 - C6)
2009/10,E3437,,Staffordshire Moorlands,SD,Arts development and support,0,0.0,RO5.xlsx,RO5 LA Data 2009-10 (3),"row 260, column 10",Net Current Expenditure (C7 = C3 - C6)
2009/10,E3437,,Staffordshire Moorlands,SD,Heritage,0,0.0,RO5.xlsx,RO5 LA Data 2009-10 (3),"row 260, column 14",Net Current Expenditure (C7 = C3 - C6)
2009/10,E3437,,Staffordshire Moorlands,SD,Museums and galleries,156,156000.0,RO5.xlsx,RO5 LA Data 2009-10 (3),"row 260, column 18",Net Current Expenditure (C7 = C3 - C6)
2009/10,E3437,,Staffordshire Moorlands,SD,Theatres and public entertainment,0,0.0,RO5.xlsx,RO5 LA Data 2009-10 (3),"row 260, column 22",Net Current Expenditure (C7 = C3 - C6)
2009/10,E3437,,Staffordshire Moorlands,SD,Library service,0,0.0,RO5.xlsx,RO5 LA Data 2009-10 (3),"row 260, column 50",Net Current Expenditure (C7 = C3 - C6)
2009/10,E3439,,Tamworth,SD,Archives,0,0.0,RO5.xlsx,RO5 LA Data 2009-10 (3),"row 261, column 6",Net Current Expenditure (C7 = C3 - C6)
2009/10,E3439,,Tamworth,SD,Arts development and support,0,0.0,RO5.xlsx,RO5 LA Data 2009-10 (3),"row 261, column 10",Net Current Expenditure (C7 = C3 - C6)
2009/10,E3439,,Tamworth,SD,Heritage,0,0.0,RO5.xlsx,RO5 LA Data 2009-10 (3),"row 261, column 14",Net Current Expenditure (C7 = C3 - C6)
2009/10,E3439,,Tamworth,SD,Museums and galleries,300,300000.0,RO5.xlsx,RO5 LA Data 2009-10 (3),"row 261, column 18",Net Current Expenditure (C7 = C3 - C6)
2009/10,E3439,,Tamworth,SD,Theatres and public entertainment,382,382000.0,RO5.xlsx,RO5 LA Data 2009-10 (3),"row 261, column 22",Net Current Expenditure (C7 = C3 - C6)
2009/10,E3439,,Tamworth,SD,Library service,0,0.0,RO5.xlsx,RO5 LA Data 2009-10 (3),"row 261, column 50",Net Current Expenditure (C7 = C3 - C6)
2009/10,E3520,,Suffolk,SC,Archives,1654,1654000.0,RO5.xlsx,RO5 LA Data 2009-10 (3),"row 262, column 6",Net Current Expenditure (C7 = C3 - C6)
2009/10,E3520,,Suffolk,SC,Arts development and support,1366,1366000.0,RO5.xlsx,RO5 LA Data 2009-10 (3),"row 262, column 10",Net Current Expenditure (C7 = C3 - C6)
2009/10,E3520,,Suffolk,SC,Heritage,0,0.0,RO5.xlsx,RO5 LA Data 2009-10 (3),"row 262, column 14",Net Current Expenditure (C7 = C3 - C6)
2009/10,E3520,,Suffolk,SC,Museums and galleries,363,363000.0,RO5.xlsx,RO5 LA Data 2009-10 (3),"row 262, column 18",Net Current Expenditure (C7 = C3 - C6)
2009/10,E3520,,Suffolk,SC,Theatres and public entertainment,0,0.0,RO5.xlsx,RO5 LA Data 2009-10 (3),"row 262, column 22",Net Current Expenditure (C7 = C3 - C6)
2009/10,E3520,,Suffolk,SC,Library service,14411,14411000.0,RO5.xlsx,RO5 LA Data 2009-10 (3),"row 262, column 50",Net Current Expenditure (C7 = C3 - C6)
2009/10,E3531,,Babergh,SD,Archives,0,0.0,RO5.xlsx,RO5 LA Data 2009-10 (3),"row 263, column 6",Net Current Expenditure (C7 = C3 - C6)
2009/10,E3531,,Babergh,SD,Arts development and support,66,66000.0,RO5.xlsx,RO5 LA Data 2009-10 (3),"row 263, column 10",Net Current Expenditure (C7 = C3 - C6)
2009/10,E3531,,Babergh,SD,Heritage,0,0.0,RO5.xlsx,RO5 LA Data 2009-10 (3),"row 263, column 14",Net Current Expenditure (C7 = C3 - C6)
2009/10,E3531,,Babergh,SD,Museums and galleries,0,0.0,RO5.xlsx,RO5 LA Data 2009-10 (3),"row 263, column 18",Net Current Expenditure (C7 = C3 - C6)
2009/10,E3531,,Babergh,SD,Theatres and public entertainment,66,66000.0,RO5.xlsx,RO5 LA Data 2009-10 (3),"row 263, column 22",Net Current Expenditure (C7 = C3 - C6)
2009/10,E3531,,Babergh,SD,Library service,0,0.0,RO5.xlsx,RO5 LA Data 2009-10 (3),"row 263, column 50",Net Current Expenditure (C7 = C3 - C6)
2009/10,E3532,,Forest Heath,SD,Archives,0,0.0,RO5.xlsx,RO5 LA Data 2009-10 (3),"row 264, column 6",Net Current Expenditure (C7 = C3 - C6)
2009/10,E3532,,Forest Heath,SD,Arts development and support,65,65000.0,RO5.xlsx,RO5 LA Data 2009-10 (3),"row 264, column 10",Net Current Expenditure (C7 = C3 - C6)
2009/10,E3532,,Forest Heath,SD,Heritage,2,2000.0,RO5.xlsx,RO5 LA Data 2009-10 (3),"row 264, column 14",Net Current Expenditure (C7 = C3 - C6)
2009/10,E3532,,Forest Heath,SD,Museums and galleries,0,0.0,RO5.xlsx,RO5 LA Data 2009-10 (3),"row 264, column 18",Net Current Expenditure (C7 = C3 - C6)
2009/10,E3532,,Forest Heath,SD,Theatres and public entertainment,0,0.0,RO5.xlsx,RO5 LA Data 2009-10 (3),"row 264, column 22",Net Current Expenditure (C7 = C3 - C6)
2009/10,E3532,,Forest Heath,SD,Library service,0,0.0,RO5.xlsx,RO5 LA Data 2009-10 (3),"row 264, column 50",Net Current Expenditure (C7 = C3 - C6)
2009/10,E3533,,Ipswich,SD,Archives,0,0.0,RO5.xlsx,RO5 LA Data 2009-10 (3),"row 265, column 6",Net Current Expenditure (C7 = C3 - C6)
2009/10,E3533,,Ipswich,SD,Arts development and support,72,72000.0,RO5.xlsx,RO5 LA Data 2009-10 (3),"row 265, column 10",Net Current Expenditure (C7 = C3 - C6)
2009/10,E3533,,Ipswich,SD,Heritage,76,76000.0,RO5.xlsx,RO5 LA Data 2009-10 (3),"row 265, column 14",Net Current Expenditure (C7 = C3 - C6)
2009/10,E3533,,Ipswich,SD,Museums and galleries,1374,1374000.0,RO5.xlsx,RO5 LA Data 2009-10 (3),"row 265, column 18",Net Current Expenditure (C7 = C3 - C6)
2009/10,E3533,,Ipswich,SD,Theatres and public entertainment,615,615000.0,RO5.xlsx,RO5 LA Data 2009-10 (3),"row 265, column 22",Net Current Expenditure (C7 = C3 - C6)
2009/10,E3533,,Ipswich,SD,Library service,0,0.0,RO5.xlsx,RO5 LA Data 2009-10 (3),"row 265, column 50",Net Current Expenditure (C7 = C3 - C6)
2009/10,E3534,,Mid Suffolk,SD,Archives,0,0.0,RO5.xlsx,RO5 LA Data 2009-10 (3),"row 266, column 6",Net Current Expenditure (C7 = C3 - C6)
2009/10,E3534,,Mid Suffolk,SD,Arts development and support,151,151000.0,RO5.xlsx,RO5 LA Data 2009-10 (3),"row 266, column 10",Net Current Expenditure (C7 = C3 - C6)
2009/10,E3534,,Mid Suffolk,SD,Heritage,0,0.0,RO5.xlsx,RO5 LA Data 2009-10 (3),"row 266, column 14",Net Current Expenditure (C7 = C3 - C6)
2009/10,E3534,,Mid Suffolk,SD,Museums and galleries,0,0.0,RO5.xlsx,RO5 LA Data 2009-10 (3),"row 266, column 18",Net Current Expenditure (C7 = C3 - C6)
2009/10,E3534,,Mid Suffolk,SD,Theatres and public entertainment,0,0.0,RO5.xlsx,RO5 LA Data 2009-10 (3),"row 266, column 22",Net Current Expenditure (C7 = C3 - C6)
2009/10,E3534,,Mid Suffolk,SD,Library service,0,0.0,RO5.xlsx,RO5 LA Data 2009-10 (3),"row 266, column 50",Net Current Expenditure (C7 = C3 - C6)
2009/10,E3535,,St Edmundsbury,SD,Archives,0,0.0,RO5.xlsx,RO5 LA Data 2009-10 (3),"row 267, column 6",Net Current Expenditure (C7 = C3 - C6)
2009/10,E3535,,St Edmundsbury,SD,Arts development and support,268,268000.0,RO5.xlsx,RO5 LA Data 2009-10 (3),"row 267, column 10",Net Current Expenditure (C7 = C3 - C6)
2009/10,E3535,,St Edmundsbury,SD,Heritage,-10,-10000.0,RO5.xlsx,RO5 LA Data 2009-10 (3),"row 267, column 14",Net Current Expenditure (C7 = C3 - C6)
2009/10,E3535,,St Edmundsbury,SD,Museums and galleries,722,722000.0,RO5.xlsx,RO5 LA Data 2009-10 (3),"row 267, column 18",Net Current Expenditure (C7 = C3 - C6)
2009/10,E3535,,St Edmundsbury,SD,Theatres and public entertainment,547,547000.0,RO5.xlsx,RO5 LA Data 2009-10 (3),"row 267, column 22",Net Current Expenditure (C7 = C3 - C6)
2009/10,E3535,,St Edmundsbury,SD,Library service,0,0.0,RO5.xlsx,RO5 LA Data 2009-10 (3),"row 267, column 50",Net Current Expenditure (C7 = C3 - C6)
2009/10,E3536,,Suffolk Coastal,SD,Archives,0,0.0,RO5.xlsx,RO5 LA Data 2009-10 (3),"row 268, column 6",Net Current Expenditure (C7 = C3 - C6)
2009/10,E3536,,Suffolk Coastal,SD,Arts development and support,69,69000.0,RO5.xlsx,RO5 LA Data 2009-10 (3),"row 268, column 10",Net Current Expenditure (C7 = C3 - C6)
2009/10,E3536,,Suffolk Coastal,SD,Heritage,0,0.0,RO5.xlsx,RO5 LA Data 2009-10 (3),"row 268, column 14",Net Current Expenditure (C7 = C3 - C6)
2009/10,E3536,,Suffolk Coastal,SD,Museums and galleries,0,0.0,RO5.xlsx,RO5 LA Data 2009-10 (3),"row 268, column 18",Net Current Expenditure (C7 = C3 - C6)
2009/10,E3536,,Suffolk Coastal,SD,Theatres and public entertainment,271,271000.0,RO5.xlsx,RO5 LA Data 2009-10 (3),"row 268, column 22",Net Current Expenditure (C7 = C3 - C6)
2009/10,E3536,,Suffolk Coastal,SD,Library service,0,0.0,RO5.xlsx,RO5 LA Data 2009-10 (3),"row 268, column 50",Net Current Expenditure (C7 = C3 - C6)
2009/10,E3537,,Waveney,SD,Archives,0,0.0,RO5.xlsx,RO5 LA Data 2009-10 (3),"row 269, column 6",Net Current Expenditure (C7 = C3 - C6)
2009/10,E3537,,Waveney,SD,Arts development and support,52,52000.0,RO5.xlsx,RO5 LA Data 2009-10 (3),"row 269, column 10",Net Current Expenditure (C7 = C3 - C6)
2009/10,E3537,,Waveney,SD,Heritage,28,28000.0,RO5.xlsx,RO5 LA Data 2009-10 (3),"row 269, column 14",Net Current Expenditure (C7 = C3 - C6)
2009/10,E3537,,Waveney,SD,Museums and galleries,19,19000.0,RO5.xlsx,RO5 LA Data 2009-10 (3),"row 269, column 18",Net Current Expenditure (C7 = C3 - C6)
2009/10,E3537,,Waveney,SD,Theatres and public entertainment,360,360000.0,RO5.xlsx,RO5 LA Data 2009-10 (3),"row 269, column 22",Net Current Expenditure (C7 = C3 - C6)
2009/10,E3537,,Waveney,SD,Library service,0,0.0,RO5.xlsx,RO5 LA Data 2009-10 (3),"row 269, column 50",Net Current Expenditure (C7 = C3 - C6)
2009/10,E3620,,Surrey,SC,Archives,1750,1750000.0,RO5.xlsx,RO5 LA Data 2009-10 (3),"row 270, column 6",Net Current Expenditure (C7 = C3 - C6)
2009/10,E3620,,Surrey,SC,Arts development and support,338,338000.0,RO5.xlsx,RO5 LA Data 2009-10 (3),"row 270, column 10",Net Current Expenditure (C7 = C3 - C6)
2009/10,E3620,,Surrey,SC,Heritage,855,855000.0,RO5.xlsx,RO5 LA Data 2009-10 (3),"row 270, column 14",Net Current Expenditure (C7 = C3 - C6)
2009/10,E3620,,Surrey,SC,Museums and galleries,1,1000.0,RO5.xlsx,RO5 LA Data 2009-10 (3),"row 270, column 18",Net Current Expenditure (C7 = C3 - C6)
2009/10,E3620,,Surrey,SC,Theatres and public entertainment,0,0.0,RO5.xlsx,RO5 LA Data 2009-10 (3),"row 270, column 22",Net Current Expenditure (C7 = C3 - C6)
2009/10,E3620,,Surrey,SC,Library service,18688,18688000.0,RO5.xlsx,RO5 LA Data 2009-10 (3),"row 270, column 50",Net Current Expenditure (C7 = C3 - C6)
2009/10,E3631,,Elmbridge,SD,Archives,0,0.0,RO5.xlsx,RO5 LA Data 2009-10 (3),"row 271, column 6",Net Current Expenditure (C7 = C3 - C6)
2009/10,E3631,,Elmbridge,SD,Arts development and support,97,97000.0,RO5.xlsx,RO5 LA Data 2009-10 (3),"row 271, column 10",Net Current Expenditure (C7 = C3 - C6)
2009/10,E3631,,Elmbridge,SD,Heritage,0,0.0,RO5.xlsx,RO5 LA Data 2009-10 (3),"row 271, column 14",Net Current Expenditure (C7 = C3 - C6)
2009/10,E3631,,Elmbridge,SD,Museums and galleries,239,239000.0,RO5.xlsx,RO5 LA Data 2009-10 (3),"row 271, column 18",Net Current Expenditure (C7 = C3 - C6)
2009/10,E3631,,Elmbridge,SD,Theatres and public entertainment,0,0.0,RO5.xlsx,RO5 LA Data 2009-10 (3),"row 271, column 22",Net Current Expenditure (C7 = C3 - C6)
2009/10,E3631,,Elmbridge,SD,Library service,0,0.0,RO5.xlsx,RO5 LA Data 2009-10 (3),"row 271, column 50",Net Current Expenditure (C7 = C3 - C6)
2009/10,E3632,,Epsom & Ewell,SD,Archives,0,0.0,RO5.xlsx,RO5 LA Data 2009-10 (3),"row 272, column 6",Net Current Expenditure (C7 = C3 - C6)
2009/10,E3632,,Epsom & Ewell,SD,Arts development and support,0,0.0,RO5.xlsx,RO5 LA Data 2009-10 (3),"row 272, column 10",Net Current Expenditure (C7 = C3 - C6)
2009/10,E3632,,Epsom & Ewell,SD,Heritage,0,0.0,RO5.xlsx,RO5 LA Data 2009-10 (3),"row 272, column 14",Net Current Expenditure (C7 = C3 - C6)
2009/10,E3632,,Epsom & Ewell,SD,Museums and galleries,147,147000.0,RO5.xlsx,RO5 LA Data 2009-10 (3),"row 272, column 18",Net Current Expenditure (C7 = C3 - C6)
2009/10,E3632,,Epsom & Ewell,SD,Theatres and public entertainment,449,449000.0,RO5.xlsx,RO5 LA Data 2009-10 (3),"row 272, column 22",Net Current Expenditure (C7 = C3 - C6)
2009/10,E3632,,Epsom & Ewell,SD,Library service,0,0.0,RO5.xlsx,RO5 LA Data 2009-10 (3),"row 272, column 50",Net Current Expenditure (C7 = C3 - C6)
2009/10,E3633,,Guildford,SD,Archives,0,0.0,RO5.xlsx,RO5 LA Data 2009-10 (3),"row 273, column 6",Net Current Expenditure (C7 = C3 - C6)
2009/10,E3633,,Guildford,SD,Arts development and support,74,74000.0,RO5.xlsx,RO5 LA Data 2009-10 (3),"row 273, column 10",Net Current Expenditure (C7 = C3 - C6)
2009/10,E3633,,Guildford,SD,Heritage,105,105000.0,RO5.xlsx,RO5 LA Data 2009-10 (3),"row 273, column 14",Net Current Expenditure (C7 = C3 - C6)
2009/10,E3633,,Guildford,SD,Museums and galleries,736,736000.0,RO5.xlsx,RO5 LA Data 2009-10 (3),"row 273, column 18",Net Current Expenditure (C7 = C3 - C6)
2009/10,E3633,,Guildford,SD,Theatres and public entertainment,1000,1000000.0,RO5.xlsx,RO5 LA Data 2009-10 (3),"row 273, column 22",Net Current Expenditure (C7 = C3 - C6)
2009/10,E3633,,Guildford,SD,Library service,0,0.0,RO5.xlsx,RO5 LA Data 2009-10 (3),"row 273, column 50",Net Current Expenditure (C7 = C3 - C6)
2009/10,E3634,,Mole Valley,SD,Archives,0,0.0,RO5.xlsx,RO5 LA Data 2009-10 (3),"row 274, column 6",Net Current Expenditure (C7 = C3 - C6)
2009/10,E3634,,Mole Valley,SD,Arts development and support,276,276000.0,RO5.xlsx,RO5 LA Data 2009-10 (3),"row 274, column 10",Net Current Expenditure (C7 = C3 - C6)
2009/10,E3634,,Mole Valley,SD,Heritage,0,0.0,RO5.xlsx,RO5 LA Data 2009-10 (3),"row 274, column 14",Net Current Expenditure (C7 = C3 - C6)
2009/10,E3634,,Mole Valley,SD,Museums and galleries,0,0.0,RO5.xlsx,RO5 LA Data 2009-10 (3),"row 274, column 18",Net Current Expenditure (C7 = C3 - C6)
2009/10,E3634,,Mole Valley,SD,Theatres and public entertainment,613,613000.0,RO5.xlsx,RO5 LA Data 2009-10 (3),"row 274, column 22",Net Current Expenditure (C7 = C3 - C6)
2009/10,E3634,,Mole Valley,SD,Library service,0,0.0,RO5.xlsx,RO5 LA Data 2009-10 (3),"row 274, column 50",Net Current Expenditure (C7 = C3 - C6)
2009/10,E3635,,Reigate & Banstead,SD,Archives,0,0.0,RO5.xlsx,RO5 LA Data 2009-10 (3),"row 275, column 6",Net Current Expenditure (C7 = C3 - C6)
2009/10,E3635,,Reigate & Banstead,SD,Arts development and support,0,0.0,RO5.xlsx,RO5 LA Data 2009-10 (3),"row 275, column 10",Net Current Expenditure (C7 = C3 - C6)
2009/10,E3635,,Reigate & Banstead,SD,Heritage,0,0.0,RO5.xlsx,RO5 LA Data 2009-10 (3),"row 275, column 14",Net Current Expenditure (C7 = C3 - C6)
2009/10,E3635,,Reigate & Banstead,SD,Museums and galleries,0,0.0,RO5.xlsx,RO5 LA Data 2009-10 (3),"row 275, column 18",Net Current Expenditure (C7 = C3 - C6)
2009/10,E3635,,Reigate & Banstead,SD,Theatres and public entertainment,860,860000.0,RO5.xlsx,RO5 LA Data 2009-10 (3),"row 275, column 22",Net Current Expenditure (C7 = C3 - C6)
2009/10,E3635,,Reigate & Banstead,SD,Library service,0,0.0,RO5.xlsx,RO5 LA Data 2009-10 (3),"row 275, column 50",Net Current Expenditure (C7 = C3 - C6)
2009/10,E3636,,Runnymede,SD,Archives,0,0.0,RO5.xlsx,RO5 LA Data 2009-10 (3),"row 276, column 6",Net Current Expenditure (C7 = C3 - C6)
2009/10,E3636,,Runnymede,SD,Arts development and support,31,31000.0,RO5.xlsx,RO5 LA Data 2009-10 (3),"row 276, column 10",Net Current Expenditure (C7 = C3 - C6)
2009/10,E3636,,Runnymede,SD,Heritage,2,2000.0,RO5.xlsx,RO5 LA Data 2009-10 (3),"row 276, column 14",Net Current Expenditure (C7 = C3 - C6)
2009/10,E3636,,Runnymede,SD,Museums and galleries,201,201000.0,RO5.xlsx,RO5 LA Data 2009-10 (3),"row 276, column 18",Net Current Expenditure (C7 = C3 - C6)
2009/10,E3636,,Runnymede,SD,Theatres and public entertainment,0,0.0,RO5.xlsx,RO5 LA Data 2009-10 (3),"row 276, column 22",Net Current Expenditure (C7 = C3 - C6)
2009/10,E3636,,Runnymede,SD,Library service,0,0.0,RO5.xlsx,RO5 LA Data 2009-10 (3),"row 276, column 50",Net Current Expenditure (C7 = C3 - C6)
2009/10,E3637,,Spelthorne,SD,Archives,0,0.0,RO5.xlsx,RO5 LA Data 2009-10 (3),"row 277, column 6",Net Current Expenditure (C7 = C3 - C6)
2009/10,E3637,,Spelthorne,SD,Arts development and support,45,45000.0,RO5.xlsx,RO5 LA Data 2009-10 (3),"row 277, column 10",Net Current Expenditure (C7 = C3 - C6)
2009/10,E3637,,Spelthorne,SD,Heritage,0,0.0,RO5.xlsx,RO5 LA Data 2009-10 (3),"row 277, column 14",Net Current Expenditure (C7 = C3 - C6)
2009/10,E3637,,Spelthorne,SD,Museums and galleries,-6,-6000.0,RO5.xlsx,RO5 LA Data 2009-10 (3),"row 277, column 18",Net Current Expenditure (C7 = C3 - C6)
2009/10,E3637,,Spelthorne,SD,Theatres and public entertainment,0,0.0,RO5.xlsx,RO5 LA Data 2009-10 (3),"row 277, column 22",Net Current Expenditure (C7 = C3 - C6)
2009/10,E3637,,Spelthorne,SD,Library service,0,0.0,RO5.xlsx,RO5 LA Data 2009-10 (3),"row 277, column 50",Net Current Expenditure (C7 = C3 - C6)
2009/10,E3638,,Surrey Heath,SD,Archives,0,0.0,RO5.xlsx,RO5 LA Data 2009-10 (3),"row 278, column 6",Net Current Expenditure (C7 = C3 - C6)
2009/10,E3638,,Surrey Heath,SD,Arts development and support,0,0.0,RO5.xlsx,RO5 LA Data 2009-10 (3),"row 278, column 10",Net Current Expenditure (C7 = C3 - C6)
2009/10,E3638,,Surrey Heath,SD,Heritage,0,0.0,RO5.xlsx,RO5 LA Data 2009-10 (3),"row 278, column 14",Net Current Expenditure (C7 = C3 - C6)
2009/10,E3638,,Surrey Heath,SD,Museums and galleries,186,186000.0,RO5.xlsx,RO5 LA Data 2009-10 (3),"row 278, column 18",Net Current Expenditure (C7 = C3 - C6)
2009/10,E3638,,Surrey Heath,SD,Theatres and public entertainment,630,630000.0,RO5.xlsx,RO5 LA Data 2009-10 (3),"row 278, column 22",Net Current Expenditure (C7 = C3 - C6)
2009/10,E3638,,Surrey Heath,SD,Library service,0,0.0,RO5.xlsx,RO5 LA Data 2009-10 (3),"row 278, column 50",Net Current Expenditure (C7 = C3 - C6)
2009/10,E3639,,Tandridge,SD,Archives,0,0.0,RO5.xlsx,RO5 LA Data 2009-10 (3),"row 279, column 6",Net Current Expenditure (C7 = C3 - C6)
2009/10,E3639,,Tandridge,SD,Arts development and support,0,0.0,RO5.xlsx,RO5 LA Data 2009-10 (3),"row 279, column 10",Net Current Expenditure (C7 = C3 - C6)
2009/10,E3639,,Tandridge,SD,Heritage,0,0.0,RO5.xlsx,RO5 LA Data 2009-10 (3),"row 279, column 14",Net Current Expenditure (C7 = C3 - C6)
2009/10,E3639,,Tandridge,SD,Museums and galleries,0,0.0,RO5.xlsx,RO5 LA Data 2009-10 (3),"row 279, column 18",Net Current Expenditure (C7 = C3 - C6)
2009/10,E3639,,Tandridge,SD,Theatres and public entertainment,0,0.0,RO5.xlsx,RO5 LA Data 2009-10 (3),"row 279, column 22",Net Current Expenditure (C7 = C3 - C6)
2009/10,E3639,,Tandridge,SD,Library service,0,0.0,RO5.xlsx,RO5 LA Data 2009-10 (3),"row 279, column 50",Net Current Expenditure (C7 = C3 - C6)
2009/10,E3640,,Waverley,SD,Archives,0,0.0,RO5.xlsx,RO5 LA Data 2009-10 (3),"row 280, column 6",Net Current Expenditure (C7 = C3 - C6)
2009/10,E3640,,Waverley,SD,Arts development and support,220,220000.0,RO5.xlsx,RO5 LA Data 2009-10 (3),"row 280, column 10",Net Current Expenditure (C7 = C3 - C6)
2009/10,E3640,,Waverley,SD,Heritage,0,0.0,RO5.xlsx,RO5 LA Data 2009-10 (3),"row 280, column 14",Net Current Expenditure (C7 = C3 - C6)
2009/10,E3640,,Waverley,SD,Museums and galleries,279,279000.0,RO5.xlsx,RO5 LA Data 2009-10 (3),"row 280, column 18",Net Current Expenditure (C7 = C3 - C6)
2009/10,E3640,,Waverley,SD,Theatres and public entertainment,0,0.0,RO5.xlsx,RO5 LA Data 2009-10 (3),"row 280, column 22",Net Current Expenditure (C7 = C3 - C6)
2009/10,E3640,,Waverley,SD,Library service,0,0.0,RO5.xlsx,RO5 LA Data 2009-10 (3),"row 280, column 50",Net Current Expenditure (C7 = C3 - C6)
2009/10,E3641,,Woking,SD,Archives,0,0.0,RO5.xlsx,RO5 LA Data 2009-10 (3),"row 281, column 6",Net Current Expenditure (C7 = C3 - C6)
2009/10,E3641,,Woking,SD,Arts development and support,231,231000.0,RO5.xlsx,RO5 LA Data 2009-10 (3),"row 281, column 10",Net Current Expenditure (C7 = C3 - C6)
2009/10,E3641,,Woking,SD,Heritage,5,5000.0,RO5.xlsx,RO5 LA Data 2009-10 (3),"row 281, column 14",Net Current Expenditure (C7 = C3 - C6)
2009/10,E3641,,Woking,SD,Museums and galleries,306,306000.0,RO5.xlsx,RO5 LA Data 2009-10 (3),"row 281, column 18",Net Current Expenditure (C7 = C3 - C6)
2009/10,E3641,,Woking,SD,Theatres and public entertainment,482,482000.0,RO5.xlsx,RO5 LA Data 2009-10 (3),"row 281, column 22",Net Current Expenditure (C7 = C3 - C6)
2009/10,E3641,,Woking,SD,Library service,0,0.0,RO5.xlsx,RO5 LA Data 2009-10 (3),"row 281, column 50",Net Current Expenditure (C7 = C3 - C6)
2009/10,E3720,,Warwickshire,SC,Archives,650,650000.0,RO5.xlsx,RO5 LA Data 2009-10 (3),"row 282, column 6",Net Current Expenditure (C7 = C3 - C6)
2009/10,E3720,,Warwickshire,SC,Arts development and support,359,359000.0,RO5.xlsx,RO5 LA Data 2009-10 (3),"row 282, column 10",Net Current Expenditure (C7 = C3 - C6)
2009/10,E3720,,Warwickshire,SC,Heritage,165,165000.0,RO5.xlsx,RO5 LA Data 2009-10 (3),"row 282, column 14",Net Current Expenditure (C7 = C3 - C6)
2009/10,E3720,,Warwickshire,SC,Museums and galleries,1727,1727000.0,RO5.xlsx,RO5 LA Data 2009-10 (3),"row 282, column 18",Net Current Expenditure (C7 = C3 - C6)
2009/10,E3720,,Warwickshire,SC,Theatres and public entertainment,0,0.0,RO5.xlsx,RO5 LA Data 2009-10 (3),"row 282, column 22",Net Current Expenditure (C7 = C3 - C6)
2009/10,E3720,,Warwickshire,SC,Library service,8768,8768000.0,RO5.xlsx,RO5 LA Data 2009-10 (3),"row 282, column 50",Net Current Expenditure (C7 = C3 - C6)
2009/10,E3731,,North Warwickshire,SD,Archives,0,0.0,RO5.xlsx,RO5 LA Data 2009-10 (3),"row 283, column 6",Net Current Expenditure (C7 = C3 - C6)
2009/10,E3731,,North Warwickshire,SD,Arts development and support,1,1000.0,RO5.xlsx,RO5 LA Data 2009-10 (3),"row 283, column 10",Net Current Expenditure (C7 = C3 - C6)
2009/10,E3731,,North Warwickshire,SD,Heritage,0,0.0,RO5.xlsx,RO5 LA Data 2009-10 (3),"row 283, column 14",Net Current Expenditure (C7 = C3 - C6)
2009/10,E3731,,North Warwickshire,SD,Museums and galleries,0,0.0,RO5.xlsx,RO5 LA Data 2009-10 (3),"row 283, column 18",Net Current Expenditure (C7 = C3 - C6)
2009/10,E3731,,North Warwickshire,SD,Theatres and public entertainment,47,47000.0,RO5.xlsx,RO5 LA Data 2009-10 (3),"row 283, column 22",Net Current Expenditure (C7 = C3 - C6)
2009/10,E3731,,North Warwickshire,SD,Library service,0,0.0,RO5.xlsx,RO5 LA Data 2009-10 (3),"row 283, column 50",Net Current Expenditure (C7 = C3 - C6)
2009/10,E3732,,Nuneaton & Bedworth,SD,Archives,0,0.0,RO5.xlsx,RO5 LA Data 2009-10 (3),"row 284, column 6",Net Current Expenditure (C7 = C3 - C6)
2009/10,E3732,,Nuneaton & Bedworth,SD,Arts development and support,10,10000.0,RO5.xlsx,RO5 LA Data 2009-10 (3),"row 284, column 10",Net Current Expenditure (C7 = C3 - C6)
2009/10,E3732,,Nuneaton & Bedworth,SD,Heritage,3,3000.0,RO5.xlsx,RO5 LA Data 2009-10 (3),"row 284, column 14",Net Current Expenditure (C7 = C3 - C6)
2009/10,E3732,,Nuneaton & Bedworth,SD,Museums and galleries,320,320000.0,RO5.xlsx,RO5 LA Data 2009-10 (3),"row 284, column 18",Net Current Expenditure (C7 = C3 - C6)
2009/10,E3732,,Nuneaton & Bedworth,SD,Theatres and public entertainment,631,631000.0,RO5.xlsx,RO5 LA Data 2009-10 (3),"row 284, column 22",Net Current Expenditure (C7 = C3 - C6)
2009/10,E3732,,Nuneaton & Bedworth,SD,Library service,0,0.0,RO5.xlsx,RO5 LA Data 2009-10 (3),"row 284, column 50",Net Current Expenditure (C7 = C3 - C6)
2009/10,E3733,,Rugby,SD,Archives,0,0.0,RO5.xlsx,RO5 LA Data 2009-10 (3),"row 285, column 6",Net Current Expenditure (C7 = C3 - C6)
2009/10,E3733,,Rugby,SD,Arts development and support,20,20000.0,RO5.xlsx,RO5 LA Data 2009-10 (3),"row 285, column 10",Net Current Expenditure (C7 = C3 - C6)
2009/10,E3733,,Rugby,SD,Heritage,0,0.0,RO5.xlsx,RO5 LA Data 2009-10 (3),"row 285, column 14",Net Current Expenditure (C7 = C3 - C6)
2009/10,E3733,,Rugby,SD,Museums and galleries,630,630000.0,RO5.xlsx,RO5 LA Data 2009-10 (3),"row 285, column 18",Net Current Expenditure (C7 = C3 - C6)
2009/10,E3733,,Rugby,SD,Theatres and public entertainment,0,0.0,RO5.xlsx,RO5 LA Data 2009-10 (3),"row 285, column 22",Net Current Expenditure (C7 = C3 - C6)
2009/10,E3733,,Rugby,SD,Library service,0,0.0,RO5.xlsx,RO5 LA Data 2009-10 (3),"row 285, column 50",Net Current Expenditure (C7 = C3 - C6)
2009/10,E3734,,Stratford-on-Avon,SD,Archives,0,0.0,RO5.xlsx,RO5 LA Data 2009-10 (3),"row 286, column 6",Net Current Expenditure (C7 = C3 - C6)
2009/10,E3734,,Stratford-on-Avon,SD,Arts development and support,250,250000.0,RO5.xlsx,RO5 LA Data 2009-10 (3),"row 286, column 10",Net Current Expenditure (C7 = C3 - C6)
2009/10,E3734,,Stratford-on-Avon,SD,Heritage,53,53000.0,RO5.xlsx,RO5 LA Data 2009-10 (3),"row 286, column 14",Net Current Expenditure (C7 = C3 - C6)
2009/10,E3734,,Stratford-on-Avon,SD,Museums and galleries,0,0.0,RO5.xlsx,RO5 LA Data 2009-10 (3),"row 286, column 18",Net Current Expenditure (C7 = C3 - C6)
2009/10,E3734,,Stratford-on-Avon,SD,Theatres and public entertainment,0,0.0,RO5.xlsx,RO5 LA Data 2009-10 (3),"row 286, column 22",Net Current Expenditure (C7 = C3 - C6)
2009/10,E3734,,Stratford-on-Avon,SD,Library service,0,0.0,RO5.xlsx,RO5 LA Data 2009-10 (3),"row 286, column 50",Net Current Expenditure (C7 = C3 - C6)
2009/10,E3735,,Warwick,SD,Archives,0,0.0,RO5.xlsx,RO5 LA Data 2009-10 (3),"row 287, column 6",Net Current Expenditure (C7 = C3 - C6)
2009/10,E3735,,Warwick,SD,Arts development and support,0,0.0,RO5.xlsx,RO5 LA Data 2009-10 (3),"row 287, column 10",Net Current Expenditure (C7 = C3 - C6)
2009/10,E3735,,Warwick,SD,Heritage,0,0.0,RO5.xlsx,RO5 LA Data 2009-10 (3),"row 287, column 14",Net Current Expenditure (C7 = C3 - C6)
2009/10,E3735,,Warwick,SD,Museums and galleries,738,738000.0,RO5.xlsx,RO5 LA Data 2009-10 (3),"row 287, column 18",Net Current Expenditure (C7 = C3 - C6)
2009/10,E3735,,Warwick,SD,Theatres and public entertainment,333,333000.0,RO5.xlsx,RO5 LA Data 2009-10 (3),"row 287, column 22",Net Current Expenditure (C7 = C3 - C6)
2009/10,E3735,,Warwick,SD,Library service,0,0.0,RO5.xlsx,RO5 LA Data 2009-10 (3),"row 287, column 50",Net Current Expenditure (C7 = C3 - C6)
2009/10,E3820,,West Sussex,SC,Archives,726,726000.0,RO5.xlsx,RO5 LA Data 2009-10 (3),"row 288, column 6",Net Current Expenditure (C7 = C3 - C6)
2009/10,E3820,,West Sussex,SC,Arts development and support,501,501000.0,RO5.xlsx,RO5 LA Data 2009-10 (3),"row 288, column 10",Net Current Expenditure (C7 = C3 - C6)
2009/10,E3820,,West Sussex,SC,Heritage,0,0.0,RO5.xlsx,RO5 LA Data 2009-10 (3),"row 288, column 14",Net Current Expenditure (C7 = C3 - C6)
2009/10,E3820,,West Sussex,SC,Museums and galleries,0,0.0,RO5.xlsx,RO5 LA Data 2009-10 (3),"row 288, column 18",Net Current Expenditure (C7 = C3 - C6)
2009/10,E3820,,West Sussex,SC,Theatres and public entertainment,0,0.0,RO5.xlsx,RO5 LA Data 2009-10 (3),"row 288, column 22",Net Current Expenditure (C7 = C3 - C6)
2009/10,E3820,,West Sussex,SC,Library service,10505,10505000.0,RO5.xlsx,RO5 LA Data 2009-10 (3),"row 288, column 50",Net Current Expenditure (C7 = C3 - C6)
2009/10,E3831,,Adur,SD,Archives,0,0.0,RO5.xlsx,RO5 LA Data 2009-10 (3),"row 289, column 6",Net Current Expenditure (C7 = C3 - C6)
2009/10,E3831,,Adur,SD,Arts development and support,95,95000.0,RO5.xlsx,RO5 LA Data 2009-10 (3),"row 289, column 10",Net Current Expenditure (C7 = C3 - C6)
2009/10,E3831,,Adur,SD,Heritage,0,0.0,RO5.xlsx,RO5 LA Data 2009-10 (3),"row 289, column 14",Net Current Expenditure (C7 = C3 - C6)
2009/10,E3831,,Adur,SD,Museums and galleries,0,0.0,RO5.xlsx,RO5 LA Data 2009-10 (3),"row 289, column 18",Net Current Expenditure (C7 = C3 - C6)
2009/10,E3831,,Adur,SD,Theatres and public entertainment,0,0.0,RO5.xlsx,RO5 LA Data 2009-10 (3),"row 289, column 22",Net Current Expenditure (C7 = C3 - C6)
2009/10,E3831,,Adur,SD,Library service,0,0.0,RO5.xlsx,RO5 LA Data 2009-10 (3),"row 289, column 50",Net Current Expenditure (C7 = C3 - C6)
2009/10,E3832,,Arun,SD,Archives,0,0.0,RO5.xlsx,RO5 LA Data 2009-10 (3),"row 290, column 6",Net Current Expenditure (C7 = C3 - C6)
2009/10,E3832,,Arun,SD,Arts development and support,0,0.0,RO5.xlsx,RO5 LA Data 2009-10 (3),"row 290, column 10",Net Current Expenditure (C7 = C3 - C6)
2009/10,E3832,,Arun,SD,Heritage,0,0.0,RO5.xlsx,RO5 LA Data 2009-10 (3),"row 290, column 14",Net Current Expenditure (C7 = C3 - C6)
2009/10,E3832,,Arun,SD,Museums and galleries,0,0.0,RO5.xlsx,RO5 LA Data 2009-10 (3),"row 290, column 18",Net Current Expenditure (C7 = C3 - C6)
2009/10,E3832,,Arun,SD,Theatres and public entertainment,183,183000.0,RO5.xlsx,RO5 LA Data 2009-10 (3),"row 290, column 22",Net Current Expenditure (C7 = C3 - C6)
2009/10,E3832,,Arun,SD,Library service,0,0.0,RO5.xlsx,RO5 LA Data 2009-10 (3),"row 290, column 50",Net Current Expenditure (C7 = C3 - C6)
2009/10,E3833,,Chichester,SD,Archives,1,1000.0,RO5.xlsx,RO5 LA Data 2009-10 (3),"row 291, column 6",Net Current Expenditure (C7 = C3 - C6)
2009/10,E3833,,Chichester,SD,Arts development and support,70,70000.0,RO5.xlsx,RO5 LA Data 2009-10 (3),"row 291, column 10",Net Current Expenditure (C7 = C3 - C6)
2009/10,E3833,,Chichester,SD,Heritage,183,183000.0,RO5.xlsx,RO5 LA Data 2009-10 (3),"row 291, column 14",Net Current Expenditure (C7 = C3 - C6)
2009/10,E3833,,Chichester,SD,Museums and galleries,502,502000.0,RO5.xlsx,RO5 LA Data 2009-10 (3),"row 291, column 18",Net Current Expenditure (C7 = C3 - C6)
2009/10,E3833,,Chichester,SD,Theatres and public entertainment,253,253000.0,RO5.xlsx,RO5 LA Data 2009-10 (3),"row 291, column 22",Net Current Expenditure (C7 = C3 - C6)
2009/10,E3833,,Chichester,SD,Library service,0,0.0,RO5.xlsx,RO5 LA Data 2009-10 (3),"row 291, column 50",Net Current Expenditure (C7 = C3 - C6)
2009/10,E3834,,Crawley,SD,Archives,0,0.0,RO5.xlsx,RO5 LA Data 2009-10 (3),"row 292, column 6",Net Current Expenditure (C7 = C3 - C6)
2009/10,E3834,,Crawley,SD,Arts development and support,0,0.0,RO5.xlsx,RO5 LA Data 2009-10 (3),"row 292, column 10",Net Current Expenditure (C7 = C3 - C6)
2009/10,E3834,,Crawley,SD,Heritage,37,37000.0,RO5.xlsx,RO5 LA Data 2009-10 (3),"row 292, column 14",Net Current Expenditure (C7 = C3 - C6)
2009/10,E3834,,Crawley,SD,Museums and galleries,56,56000.0,RO5.xlsx,RO5 LA Data 2009-10 (3),"row 292, column 18",Net Current Expenditure (C7 = C3 - C6)
2009/10,E3834,,Crawley,SD,Theatres and public entertainment,1058,1058000.0,RO5.xlsx,RO5 LA Data 2009-10 (3),"row 292, column 22",Net Current Expenditure (C7 = C3 - C6)
2009/10,E3834,,Crawley,SD,Library service,0,0.0,RO5.xlsx,RO5 LA Data 2009-10 (3),"row 292, column 50",Net Current Expenditure (C7 = C3 - C6)
2009/10,E3835,,Horsham,SD,Archives,0,0.0,RO5.xlsx,RO5 LA Data 2009-10 (3),"row 293, column 6",Net Current Expenditure (C7 = C3 - C6)
2009/10,E3835,,Horsham,SD,Arts development and support,42,42000.0,RO5.xlsx,RO5 LA Data 2009-10 (3),"row 293, column 10",Net Current Expenditure (C7 = C3 - C6)
2009/10,E3835,,Horsham,SD,Heritage,0,0.0,RO5.xlsx,RO5 LA Data 2009-10 (3),"row 293, column 14",Net Current Expenditure (C7 = C3 - C6)
2009/10,E3835,,Horsham,SD,Museums and galleries,271,271000.0,RO5.xlsx,RO5 LA Data 2009-10 (3),"row 293, column 18",Net Current Expenditure (C7 = C3 - C6)
2009/10,E3835,,Horsham,SD,Theatres and public entertainment,745,745000.0,RO5.xlsx,RO5 LA Data 2009-10 (3),"row 293, column 22",Net Current Expenditure (C7 = C3 - C6)
2009/10,E3835,,Horsham,SD,Library service,0,0.0,RO5.xlsx,RO5 LA Data 2009-10 (3),"row 293, column 50",Net Current Expenditure (C7 = C3 - C6)
2009/10,E3836,,Mid Sussex,SD,Archives,0,0.0,RO5.xlsx,RO5 LA Data 2009-10 (3),"row 294, column 6",Net Current Expenditure (C7 = C3 - C6)
2009/10,E3836,,Mid Sussex,SD,Arts development and support,262,262000.0,RO5.xlsx,RO5 LA Data 2009-10 (3),"row 294, column 10",Net Current Expenditure (C7 = C3 - C6)
2009/10,E3836,,Mid Sussex,SD,Heritage,0,0.0,RO5.xlsx,RO5 LA Data 2009-10 (3),"row 294, column 14",Net Current Expenditure (C7 = C3 - C6)
2009/10,E3836,,Mid Sussex,SD,Museums and galleries,0,0.0,RO5.xlsx,RO5 LA Data 2009-10 (3),"row 294, column 18",Net Current Expenditure (C7 = C3 - C6)
2009/10,E3836,,Mid Sussex,SD,Theatres and public entertainment,239,239000.0,RO5.xlsx,RO5 LA Data 2009-10 (3),"row 294, column 22",Net Current Expenditure (C7 = C3 - C6)
2009/10,E3836,,Mid Sussex,SD,Library service,0,0.0,RO5.xlsx,RO5 LA Data 2009-10 (3),"row 294, column 50",Net Current Expenditure (C7 = C3 - C6)
2009/10,E3837,,Worthing,SD,Archives,0,0.0,RO5.xlsx,RO5 LA Data 2009-10 (3),"row 295, column 6",Net Current Expenditure (C7 = C3 - C6)
2009/10,E3837,,Worthing,SD,Arts development and support,11,11000.0,RO5.xlsx,RO5 LA Data 2009-10 (3),"row 295, column 10",Net Current Expenditure (C7 = C3 - C6)
2009/10,E3837,,Worthing,SD,Heritage,0,0.0,RO5.xlsx,RO5 LA Data 2009-10 (3),"row 295, column 14",Net Current Expenditure (C7 = C3 - C6)
2009/10,E3837,,Worthing,SD,Museums and galleries,343,343000.0,RO5.xlsx,RO5 LA Data 2009-10 (3),"row 295, column 18",Net Current Expenditure (C7 = C3 - C6)
2009/10,E3837,,Worthing,SD,Theatres and public entertainment,982,982000.0,RO5.xlsx,RO5 LA Data 2009-10 (3),"row 295, column 22",Net Current Expenditure (C7 = C3 - C6)
2009/10,E3837,,Worthing,SD,Library service,0,0.0,RO5.xlsx,RO5 LA Data 2009-10 (3),"row 295, column 50",Net Current Expenditure (C7 = C3 - C6)
2009/10,E3901,,Swindon UA,UA,Archives,0,0.0,RO5.xlsx,RO5 LA Data 2009-10 (3),"row 296, column 6",Net Current Expenditure (C7 = C3 - C6)
2009/10,E3901,,Swindon UA,UA,Arts development and support,814,814000.0,RO5.xlsx,RO5 LA Data 2009-10 (3),"row 296, column 10",Net Current Expenditure (C7 = C3 - C6)
2009/10,E3901,,Swindon UA,UA,Heritage,538,538000.0,RO5.xlsx,RO5 LA Data 2009-10 (3),"row 296, column 14",Net Current Expenditure (C7 = C3 - C6)
2009/10,E3901,,Swindon UA,UA,Museums and galleries,1146,1146000.0,RO5.xlsx,RO5 LA Data 2009-10 (3),"row 296, column 18",Net Current Expenditure (C7 = C3 - C6)
2009/10,E3901,,Swindon UA,UA,Theatres and public entertainment,1070,1070000.0,RO5.xlsx,RO5 LA Data 2009-10 (3),"row 296, column 22",Net Current Expenditure (C7 = C3 - C6)
2009/10,E3901,,Swindon UA,UA,Library service,4009,4009000.0,RO5.xlsx,RO5 LA Data 2009-10 (3),"row 296, column 50",Net Current Expenditure (C7 = C3 - C6)
2009/10,E3902,,Wiltshire UA,UA,Archives,898,898000.0,RO5.xlsx,RO5 LA Data 2009-10 (3),"row 297, column 6",Net Current Expenditure (C7 = C3 - C6)
2009/10,E3902,,Wiltshire UA,UA,Arts development and support,971,971000.0,RO5.xlsx,RO5 LA Data 2009-10 (3),"row 297, column 10",Net Current Expenditure (C7 = C3 - C6)
2009/10,E3902,,Wiltshire UA,UA,Heritage,1017,1017000.0,RO5.xlsx,RO5 LA Data 2009-10 (3),"row 297, column 14",Net Current Expenditure (C7 = C3 - C6)
2009/10,E3902,,Wiltshire UA,UA,Museums and galleries,247,247000.0,RO5.xlsx,RO5 LA Data 2009-10 (3),"row 297, column 18",Net Current Expenditure (C7 = C3 - C6)
2009/10,E3902,,Wiltshire UA,UA,Theatres and public entertainment,283,283000.0,RO5.xlsx,RO5 LA Data 2009-10 (3),"row 297, column 22",Net Current Expenditure (C7 = C3 - C6)
2009/10,E3902,,Wiltshire UA,UA,Library service,6853,6853000.0,RO5.xlsx,RO5 LA Data 2009-10 (3),"row 297, column 50",Net Current Expenditure (C7 = C3 - C6)
2009/10,E4001,,Isles of Scilly,UA,Archives,0,0.0,RO5.xlsx,RO5 LA Data 2009-10 (3),"row 298, column 6",Net Current Expenditure (C7 = C3 - C6)
2009/10,E4001,,Isles of Scilly,UA,Arts development and support,0,0.0,RO5.xlsx,RO5 LA Data 2009-10 (3),"row 298, column 10",Net Current Expenditure (C7 = C3 - C6)
2009/10,E4001,,Isles of Scilly,UA,Heritage,0,0.0,RO5.xlsx,RO5 LA Data 2009-10 (3),"row 298, column 14",Net Current Expenditure (C7 = C3 - C6)
2009/10,E4001,,Isles of Scilly,UA,Museums and galleries,0,0.0,RO5.xlsx,RO5 LA Data 2009-10 (3),"row 298, column 18",Net Current Expenditure (C7 = C3 - C6)
2009/10,E4001,,Isles of Scilly,UA,Theatres and public entertainment,0,0.0,RO5.xlsx,RO5 LA Data 2009-10 (3),"row 298, column 22",Net Current Expenditure (C7 = C3 - C6)
2009/10,E4001,,Isles of Scilly,UA,Library service,31,31000.0,RO5.xlsx,RO5 LA Data 2009-10 (3),"row 298, column 50",Net Current Expenditure (C7 = C3 - C6)
2009/10,E4201,,Bolton,MD,Archives,0,0.0,RO5.xlsx,RO5 LA Data 2009-10 (3),"row 299, column 6",Net Current Expenditure (C7 = C3 - C6)
2009/10,E4201,,Bolton,MD,Arts development and support,69,69000.0,RO5.xlsx,RO5 LA Data 2009-10 (3),"row 299, column 10",Net Current Expenditure (C7 = C3 - C6)
2009/10,E4201,,Bolton,MD,Heritage,0,0.0,RO5.xlsx,RO5 LA Data 2009-10 (3),"row 299, column 14",Net Current Expenditure (C7 = C3 - C6)
2009/10,E4201,,Bolton,MD,Museums and galleries,1506,1506000.0,RO5.xlsx,RO5 LA Data 2009-10 (3),"row 299, column 18",Net Current Expenditure (C7 = C3 - C6)
2009/10,E4201,,Bolton,MD,Theatres and public entertainment,508,508000.0,RO5.xlsx,RO5 LA Data 2009-10 (3),"row 299, column 22",Net Current Expenditure (C7 = C3 - C6)
2009/10,E4201,,Bolton,MD,Library service,4241,4241000.0,RO5.xlsx,RO5 LA Data 2009-10 (3),"row 299, column 50",Net Current Expenditure (C7 = C3 - C6)
2009/10,E4202,,Bury,MD,Archives,97,97000.0,RO5.xlsx,RO5 LA Data 2009-10 (3),"row 300, column 6",Net Current Expenditure (C7 = C3 - C6)
2009/10,E4202,,Bury,MD,Arts development and support,171,171000.0,RO5.xlsx,RO5 LA Data 2009-10 (3),"row 300, column 10",Net Current Expenditure (C7 = C3 - C6)
2009/10,E4202,,Bury,MD,Heritage,83,83000.0,RO5.xlsx,RO5 LA Data 2009-10 (3),"row 300, column 14",Net Current Expenditure (C7 = C3 - C6)
2009/10,E4202,,Bury,MD,Museums and galleries,409,409000.0,RO5.xlsx,RO5 LA Data 2009-10 (3),"row 300, column 18",Net Current Expenditure (C7 = C3 - C6)
2009/10,E4202,,Bury,MD,Theatres and public entertainment,0,0.0,RO5.xlsx,RO5 LA Data 2009-10 (3),"row 300, column 22",Net Current Expenditure (C7 = C3 - C6)
2009/10,E4202,,Bury,MD,Library service,3100,3100000.0,RO5.xlsx,RO5 LA Data 2009-10 (3),"row 300, column 50",Net Current Expenditure (C7 = C3 - C6)
2009/10,E4203,,Manchester,MD,Archives,117,117000.0,RO5.xlsx,RO5 LA Data 2009-10 (3),"row 301, column 6",Net Current Expenditure (C7 = C3 - C6)
2009/10,E4203,,Manchester,MD,Arts development and support,3414,3414000.0,RO5.xlsx,RO5 LA Data 2009-10 (3),"row 301, column 10",Net Current Expenditure (C7 = C3 - C6)
2009/10,E4203,,Manchester,MD,Heritage,0,0.0,RO5.xlsx,RO5 LA Data 2009-10 (3),"row 301, column 14",Net Current Expenditure (C7 = C3 - C6)
2009/10,E4203,,Manchester,MD,Museums and galleries,6934,6934000.0,RO5.xlsx,RO5 LA Data 2009-10 (3),"row 301, column 18",Net Current Expenditure (C7 = C3 - C6)
2009/10,E4203,,Manchester,MD,Theatres and public entertainment,5064,5064000.0,RO5.xlsx,RO5 LA Data 2009-10 (3),"row 301, column 22",Net Current Expenditure (C7 = C3 - C6)
2009/10,E4203,,Manchester,MD,Library service,13608,13608000.0,RO5.xlsx,RO5 LA Data 2009-10 (3),"row 301, column 50",Net Current Expenditure (C7 = C3 - C6)
2009/10,E4204,,Oldham,MD,Archives,27,27000.0,RO5.xlsx,RO5 LA Data 2009-10 (3),"row 302, column 6",Net Current Expenditure (C7 = C3 - C6)
2009/10,E4204,,Oldham,MD,Arts development and support,163,163000.0,RO5.xlsx,RO5 LA Data 2009-10 (3),"row 302, column 10",Net Current Expenditure (C7 = C3 - C6)
2009/10,E4204,,Oldham,MD,Heritage,451,451000.0,RO5.xlsx,RO5 LA Data 2009-10 (3),"row 302, column 14",Net Current Expenditure (C7 = C3 - C6)
2009/10,E4204,,Oldham,MD,Museums and galleries,858,858000.0,RO5.xlsx,RO5 LA Data 2009-10 (3),"row 302, column 18",Net Current Expenditure (C7 = C3 - C6)
2009/10,E4204,,Oldham,MD,Theatres and public entertainment,340,340000.0,RO5.xlsx,RO5 LA Data 2009-10 (3),"row 302, column 22",Net Current Expenditure (C7 = C3 - C6)
2009/10,E4204,,Oldham,MD,Library service,8246,8246000.0,RO5.xlsx,RO5 LA Data 2009-10 (3),"row 302, column 50",Net Current Expenditure (C7 = C3 - C6)
2009/10,E4205,,Rochdale,MD,Archives,0,0.0,RO5.xlsx,RO5 LA Data 2009-10 (3),"row 303, column 6",Net Current Expenditure (C7 = C3 - C6)
2009/10,E4205,,Rochdale,MD,Arts development and support,532,532000.0,RO5.xlsx,RO5 LA Data 2009-10 (3),"row 303, column 10",Net Current Expenditure (C7 = C3 - C6)
2009/10,E4205,,Rochdale,MD,Heritage,196,196000.0,RO5.xlsx,RO5 LA Data 2009-10 (3),"row 303, column 14",Net Current Expenditure (C7 = C3 - C6)
2009/10,E4205,,Rochdale,MD,Museums and galleries,1128,1128000.0,RO5.xlsx,RO5 LA Data 2009-10 (3),"row 303, column 18",Net Current Expenditure (C7 = C3 - C6)
2009/10,E4205,,Rochdale,MD,Theatres and public entertainment,41,41000.0,RO5.xlsx,RO5 LA Data 2009-10 (3),"row 303, column 22",Net Current Expenditure (C7 = C3 - C6)
2009/10,E4205,,Rochdale,MD,Library service,3187,3187000.0,RO5.xlsx,RO5 LA Data 2009-10 (3),"row 303, column 50",Net Current Expenditure (C7 = C3 - C6)
2009/10,E4206,,Salford,MD,Archives,0,0.0,RO5.xlsx,RO5 LA Data 2009-10 (3),"row 304, column 6",Net Current Expenditure (C7 = C3 - C6)
2009/10,E4206,,Salford,MD,Arts development and support,260,260000.0,RO5.xlsx,RO5 LA Data 2009-10 (3),"row 304, column 10",Net Current Expenditure (C7 = C3 - C6)
2009/10,E4206,,Salford,MD,Heritage,0,0.0,RO5.xlsx,RO5 LA Data 2009-10 (3),"row 304, column 14",Net Current Expenditure (C7 = C3 - C6)
2009/10,E4206,,Salford,MD,Museums and galleries,2213,2213000.0,RO5.xlsx,RO5 LA Data 2009-10 (3),"row 304, column 18",Net Current Expenditure (C7 = C3 - C6)
2009/10,E4206,,Salford,MD,Theatres and public entertainment,391,391000.0,RO5.xlsx,RO5 LA Data 2009-10 (3),"row 304, column 22",Net Current Expenditure (C7 = C3 - C6)
2009/10,E4206,,Salford,MD,Library service,3694,3694000.0,RO5.xlsx,RO5 LA Data 2009-10 (3),"row 304, column 50",Net Current Expenditure (C7 = C3 - C6)
2009/10,E4207,,Stockport,MD,Archives,0,0.0,RO5.xlsx,RO5 LA Data 2009-10 (3),"row 305, column 6",Net Current Expenditure (C7 = C3 - C6)
2009/10,E4207,,Stockport,MD,Arts development and support,125,125000.0,RO5.xlsx,RO5 LA Data 2009-10 (3),"row 305, column 10",Net Current Expenditure (C7 = C3 - C6)
2009/10,E4207,,Stockport,MD,Heritage,496,496000.0,RO5.xlsx,RO5 LA Data 2009-10 (3),"row 305, column 14",Net Current Expenditure (C7 = C3 - C6)
2009/10,E4207,,Stockport,MD,Museums and galleries,1254,1254000.0,RO5.xlsx,RO5 LA Data 2009-10 (3),"row 305, column 18",Net Current Expenditure (C7 = C3 - C6)
2009/10,E4207,,Stockport,MD,Theatres and public entertainment,379,379000.0,RO5.xlsx,RO5 LA Data 2009-10 (3),"row 305, column 22",Net Current Expenditure (C7 = C3 - C6)
2009/10,E4207,,Stockport,MD,Library service,4394,4394000.0,RO5.xlsx,RO5 LA Data 2009-10 (3),"row 305, column 50",Net Current Expenditure (C7 = C3 - C6)
2009/10,E4208,,Tameside,MD,Archives,0,0.0,RO5.xlsx,RO5 LA Data 2009-10 (3),"row 306, column 6",Net Current Expenditure (C7 = C3 - C6)
2009/10,E4208,,Tameside,MD,Arts development and support,36,36000.0,RO5.xlsx,RO5 LA Data 2009-10 (3),"row 306, column 10",Net Current Expenditure (C7 = C3 - C6)
2009/10,E4208,,Tameside,MD,Heritage,607,607000.0,RO5.xlsx,RO5 LA Data 2009-10 (3),"row 306, column 14",Net Current Expenditure (C7 = C3 - C6)
2009/10,E4208,,Tameside,MD,Museums and galleries,778,778000.0,RO5.xlsx,RO5 LA Data 2009-10 (3),"row 306, column 18",Net Current Expenditure (C7 = C3 - C6)
2009/10,E4208,,Tameside,MD,Theatres and public entertainment,835,835000.0,RO5.xlsx,RO5 LA Data 2009-10 (3),"row 306, column 22",Net Current Expenditure (C7 = C3 - C6)
2009/10,E4208,,Tameside,MD,Library service,3464,3464000.0,RO5.xlsx,RO5 LA Data 2009-10 (3),"row 306, column 50",Net Current Expenditure (C7 = C3 - C6)
2009/10,E4209,,Trafford,MD,Archives,0,0.0,RO5.xlsx,RO5 LA Data 2009-10 (3),"row 307, column 6",Net Current Expenditure (C7 = C3 - C6)
2009/10,E4209,,Trafford,MD,Arts development and support,590,590000.0,RO5.xlsx,RO5 LA Data 2009-10 (3),"row 307, column 10",Net Current Expenditure (C7 = C3 - C6)
2009/10,E4209,,Trafford,MD,Heritage,0,0.0,RO5.xlsx,RO5 LA Data 2009-10 (3),"row 307, column 14",Net Current Expenditure (C7 = C3 - C6)
2009/10,E4209,,Trafford,MD,Museums and galleries,0,0.0,RO5.xlsx,RO5 LA Data 2009-10 (3),"row 307, column 18",Net Current Expenditure (C7 = C3 - C6)
2009/10,E4209,,Trafford,MD,Theatres and public entertainment,489,489000.0,RO5.xlsx,RO5 LA Data 2009-10 (3),"row 307, column 22",Net Current Expenditure (C7 = C3 - C6)
2009/10,E4209,,Trafford,MD,Library service,3378,3378000.0,RO5.xlsx,RO5 LA Data 2009-10 (3),"row 307, column 50",Net Current Expenditure (C7 = C3 - C6)
2009/10,E4210,,Wigan,MD,Archives,0,0.0,RO5.xlsx,RO5 LA Data 2009-10 (3),"row 308, column 6",Net Current Expenditure (C7 = C3 - C6)
2009/10,E4210,,Wigan,MD,Arts development and support,0,0.0,RO5.xlsx,RO5 LA Data 2009-10 (3),"row 308, column 10",Net Current Expenditure (C7 = C3 - C6)
2009/10,E4210,,Wigan,MD,Heritage,0,0.0,RO5.xlsx,RO5 LA Data 2009-10 (3),"row 308, column 14",Net Current Expenditure (C7 = C3 - C6)
2009/10,E4210,,Wigan,MD,Museums and galleries,0,0.0,RO5.xlsx,RO5 LA Data 2009-10 (3),"row 308, column 18",Net Current Expenditure (C7 = C3 - C6)
2009/10,E4210,,Wigan,MD,Theatres and public entertainment,0,0.0,RO5.xlsx,RO5 LA Data 2009-10 (3),"row 308, column 22",Net Current Expenditure (C7 = C3 - C6)
2009/10,E4210,,Wigan,MD,Library service,0,0.0,RO5.xlsx,RO5 LA Data 2009-10 (3),"row 308, column 50",Net Current Expenditure (C7 = C3 - C6)
2009/10,E4301,,Knowsley,MD,Archives,0,0.0,RO5.xlsx,RO5 LA Data 2009-10 (3),"row 309, column 6",Net Current Expenditure (C7 = C3 - C6)
2009/10,E4301,,Knowsley,MD,Arts development and support,2160,2160000.0,RO5.xlsx,RO5 LA Data 2009-10 (3),"row 309, column 10",Net Current Expenditure (C7 = C3 - C6)
2009/10,E4301,,Knowsley,MD,Heritage,128,128000.0,RO5.xlsx,RO5 LA Data 2009-10 (3),"row 309, column 14",Net Current Expenditure (C7 = C3 - C6)
2009/10,E4301,,Knowsley,MD,Museums and galleries,179,179000.0,RO5.xlsx,RO5 LA Data 2009-10 (3),"row 309, column 18",Net Current Expenditure (C7 = C3 - C6)
2009/10,E4301,,Knowsley,MD,Theatres and public entertainment,624,624000.0,RO5.xlsx,RO5 LA Data 2009-10 (3),"row 309, column 22",Net Current Expenditure (C7 = C3 - C6)
2009/10,E4301,,Knowsley,MD,Library service,2660,2660000.0,RO5.xlsx,RO5 LA Data 2009-10 (3),"row 309, column 50",Net Current Expenditure (C7 = C3 - C6)
2009/10,E4302,,Liverpool,MD,Archives,425,425000.0,RO5.xlsx,RO5 LA Data 2009-10 (3),"row 310, column 6",Net Current Expenditure (C7 = C3 - C6)
2009/10,E4302,,Liverpool,MD,Arts development and support,6814,6814000.0,RO5.xlsx,RO5 LA Data 2009-10 (3),"row 310, column 10",Net Current Expenditure (C7 = C3 - C6)
2009/10,E4302,,Liverpool,MD,Heritage,2552,2552000.0,RO5.xlsx,RO5 LA Data 2009-10 (3),"row 310, column 14",Net Current Expenditure (C7 = C3 - C6)
2009/10,E4302,,Liverpool,MD,Museums and galleries,0,0.0,RO5.xlsx,RO5 LA Data 2009-10 (3),"row 310, column 18",Net Current Expenditure (C7 = C3 - C6)
2009/10,E4302,,Liverpool,MD,Theatres and public entertainment,6415,6415000.0,RO5.xlsx,RO5 LA Data 2009-10 (3),"row 310, column 22",Net Current Expenditure (C7 = C3 - C6)
2009/10,E4302,,Liverpool,MD,Library service,9718,9718000.0,RO5.xlsx,RO5 LA Data 2009-10 (3),"row 310, column 50",Net Current Expenditure (C7 = C3 - C6)
2009/10,E4303,,St Helens,MD,Archives,356,356000.0,RO5.xlsx,RO5 LA Data 2009-10 (3),"row 311, column 6",Net Current Expenditure (C7 = C3 - C6)
2009/10,E4303,,St Helens,MD,Arts development and support,381,381000.0,RO5.xlsx,RO5 LA Data 2009-10 (3),"row 311, column 10",Net Current Expenditure (C7 = C3 - C6)
2009/10,E4303,,St Helens,MD,Heritage,355,355000.0,RO5.xlsx,RO5 LA Data 2009-10 (3),"row 311, column 14",Net Current Expenditure (C7 = C3 - C6)
2009/10,E4303,,St Helens,MD,Museums and galleries,30,30000.0,RO5.xlsx,RO5 LA Data 2009-10 (3),"row 311, column 18",Net Current Expenditure (C7 = C3 - C6)
2009/10,E4303,,St Helens,MD,Theatres and public entertainment,385,385000.0,RO5.xlsx,RO5 LA Data 2009-10 (3),"row 311, column 22",Net Current Expenditure (C7 = C3 - C6)
2009/10,E4303,,St Helens,MD,Library service,3548,3548000.0,RO5.xlsx,RO5 LA Data 2009-10 (3),"row 311, column 50",Net Current Expenditure (C7 = C3 - C6)
2009/10,E4304,,Sefton,MD,Archives,12,12000.0,RO5.xlsx,RO5 LA Data 2009-10 (3),"row 312, column 6",Net Current Expenditure (C7 = C3 - C6)
2009/10,E4304,,Sefton,MD,Arts development and support,228,228000.0,RO5.xlsx,RO5 LA Data 2009-10 (3),"row 312, column 10",Net Current Expenditure (C7 = C3 - C6)
2009/10,E4304,,Sefton,MD,Heritage,0,0.0,RO5.xlsx,RO5 LA Data 2009-10 (3),"row 312, column 14",Net Current Expenditure (C7 = C3 - C6)
2009/10,E4304,,Sefton,MD,Museums and galleries,380,380000.0,RO5.xlsx,RO5 LA Data 2009-10 (3),"row 312, column 18",Net Current Expenditure (C7 = C3 - C6)
2009/10,E4304,,Sefton,MD,Theatres and public entertainment,1401,1401000.0,RO5.xlsx,RO5 LA Data 2009-10 (3),"row 312, column 22",Net Current Expenditure (C7 = C3 - C6)
2009/10,E4304,,Sefton,MD,Library service,3982,3982000.0,RO5.xlsx,RO5 LA Data 2009-10 (3),"row 312, column 50",Net Current Expenditure (C7 = C3 - C6)
2009/10,E4305,,Wirral,MD,Archives,0,0.0,RO5.xlsx,RO5 LA Data 2009-10 (3),"row 313, column 6",Net Current Expenditure (C7 = C3 - C6)
2009/10,E4305,,Wirral,MD,Arts development and support,105,105000.0,RO5.xlsx,RO5 LA Data 2009-10 (3),"row 313, column 10",Net Current Expenditure (C7 = C3 - C6)
2009/10,E4305,,Wirral,MD,Heritage,0,0.0,RO5.xlsx,RO5 LA Data 2009-10 (3),"row 313, column 14",Net Current Expenditure (C7 = C3 - C6)
2009/10,E4305,,Wirral,MD,Museums and galleries,840,840000.0,RO5.xlsx,RO5 LA Data 2009-10 (3),"row 313, column 18",Net Current Expenditure (C7 = C3 - C6)
2009/10,E4305,,Wirral,MD,Theatres and public entertainment,1003,1003000.0,RO5.xlsx,RO5 LA Data 2009-10 (3),"row 313, column 22",Net Current Expenditure (C7 = C3 - C6)
2009/10,E4305,,Wirral,MD,Library service,6154,6154000.0,RO5.xlsx,RO5 LA Data 2009-10 (3),"row 313, column 50",Net Current Expenditure (C7 = C3 - C6)
2009/10,E4401,,Barnsley,MD,Archives,305,305000.0,RO5.xlsx,RO5 LA Data 2009-10 (3),"row 314, column 6",Net Current Expenditure (C7 = C3 - C6)
2009/10,E4401,,Barnsley,MD,Arts development and support,523,523000.0,RO5.xlsx,RO5 LA Data 2009-10 (3),"row 314, column 10",Net Current Expenditure (C7 = C3 - C6)
2009/10,E4401,,Barnsley,MD,Heritage,695,695000.0,RO5.xlsx,RO5 LA Data 2009-10 (3),"row 314, column 14",Net Current Expenditure (C7 = C3 - C6)
2009/10,E4401,,Barnsley,MD,Museums and galleries,483,483000.0,RO5.xlsx,RO5 LA Data 2009-10 (3),"row 314, column 18",Net Current Expenditure (C7 = C3 - C6)
2009/10,E4401,,Barnsley,MD,Theatres and public entertainment,390,390000.0,RO5.xlsx,RO5 LA Data 2009-10 (3),"row 314, column 22",Net Current Expenditure (C7 = C3 - C6)
2009/10,E4401,,Barnsley,MD,Library service,2942,2942000.0,RO5.xlsx,RO5 LA Data 2009-10 (3),"row 314, column 50",Net Current Expenditure (C7 = C3 - C6)
2009/10,E4402,,Doncaster,MD,Archives,149,149000.0,RO5.xlsx,RO5 LA Data 2009-10 (3),"row 315, column 6",Net Current Expenditure (C7 = C3 - C6)
2009/10,E4402,,Doncaster,MD,Arts development and support,526,526000.0,RO5.xlsx,RO5 LA Data 2009-10 (3),"row 315, column 10",Net Current Expenditure (C7 = C3 - C6)
2009/10,E4402,,Doncaster,MD,Heritage,0,0.0,RO5.xlsx,RO5 LA Data 2009-10 (3),"row 315, column 14",Net Current Expenditure (C7 = C3 - C6)
2009/10,E4402,,Doncaster,MD,Museums and galleries,1325,1325000.0,RO5.xlsx,RO5 LA Data 2009-10 (3),"row 315, column 18",Net Current Expenditure (C7 = C3 - C6)
2009/10,E4402,,Doncaster,MD,Theatres and public entertainment,239,239000.0,RO5.xlsx,RO5 LA Data 2009-10 (3),"row 315, column 22",Net Current Expenditure (C7 = C3 - C6)
2009/10,E4402,,Doncaster,MD,Library service,5421,5421000.0,RO5.xlsx,RO5 LA Data 2009-10 (3),"row 315, column 50",Net Current Expenditure (C7 = C3 - C6)
2009/10,E4403,,Rotherham,MD,Archives,246,246000.0,RO5.xlsx,RO5 LA Data 2009-10 (3),"row 316, column 6",Net Current Expenditure (C7 = C3 - C6)
2009/10,E4403,,Rotherham,MD,Arts development and support,94,94000.0,RO5.xlsx,RO5 LA Data 2009-10 (3),"row 316, column 10",Net Current Expenditure (C7 = C3 - C6)
2009/10,E4403,,Rotherham,MD,Heritage,3,3000.0,RO5.xlsx,RO5 LA Data 2009-10 (3),"row 316, column 14",Net Current Expenditure (C7 = C3 - C6)
2009/10,E4403,,Rotherham,MD,Museums and galleries,389,389000.0,RO5.xlsx,RO5 LA Data 2009-10 (3),"row 316, column 18",Net Current Expenditure (C7 = C3 - C6)
2009/10,E4403,,Rotherham,MD,Theatres and public entertainment,355,355000.0,RO5.xlsx,RO5 LA Data 2009-10 (3),"row 316, column 22",Net Current Expenditure (C7 = C3 - C6)
2009/10,E4403,,Rotherham,MD,Library service,3376,3376000.0,RO5.xlsx,RO5 LA Data 2009-10 (3),"row 316, column 50",Net Current Expenditure (C7 = C3 - C6)
2009/10,E4404,,Sheffield,MD,Archives,507,507000.0,RO5.xlsx,RO5 LA Data 2009-10 (3),"row 317, column 6",Net Current Expenditure (C7 = C3 - C6)
2009/10,E4404,,Sheffield,MD,Arts development and support,0,0.0,RO5.xlsx,RO5 LA Data 2009-10 (3),"row 317, column 10",Net Current Expenditure (C7 = C3 - C6)
2009/10,E4404,,Sheffield,MD,Heritage,0,0.0,RO5.xlsx,RO5 LA Data 2009-10 (3),"row 317, column 14",Net Current Expenditure (C7 = C3 - C6)
2009/10,E4404,,Sheffield,MD,Museums and galleries,5473,5473000.0,RO5.xlsx,RO5 LA Data 2009-10 (3),"row 317, column 18",Net Current Expenditure (C7 = C3 - C6)
2009/10,E4404,,Sheffield,MD,Theatres and public entertainment,1270,1270000.0,RO5.xlsx,RO5 LA Data 2009-10 (3),"row 317, column 22",Net Current Expenditure (C7 = C3 - C6)
2009/10,E4404,,Sheffield,MD,Library service,9191,9191000.0,RO5.xlsx,RO5 LA Data 2009-10 (3),"row 317, column 50",Net Current Expenditure (C7 = C3 - C6)
2009/10,E4501,,Gateshead,MD,Archives,8,8000.0,RO5.xlsx,RO5 LA Data 2009-10 (3),"row 318, column 6",Net Current Expenditure (C7 = C3 - C6)
2009/10,E4501,,Gateshead,MD,Arts development and support,487,487000.0,RO5.xlsx,RO5 LA Data 2009-10 (3),"row 318, column 10",Net Current Expenditure (C7 = C3 - C6)
2009/10,E4501,,Gateshead,MD,Heritage,489,489000.0,RO5.xlsx,RO5 LA Data 2009-10 (3),"row 318, column 14",Net Current Expenditure (C7 = C3 - C6)
2009/10,E4501,,Gateshead,MD,Museums and galleries,1199,1199000.0,RO5.xlsx,RO5 LA Data 2009-10 (3),"row 318, column 18",Net Current Expenditure (C7 = C3 - C6)
2009/10,E4501,,Gateshead,MD,Theatres and public entertainment,579,579000.0,RO5.xlsx,RO5 LA Data 2009-10 (3),"row 318, column 22",Net Current Expenditure (C7 = C3 - C6)
2009/10,E4501,,Gateshead,MD,Library service,4416,4416000.0,RO5.xlsx,RO5 LA Data 2009-10 (3),"row 318, column 50",Net Current Expenditure (C7 = C3 - C6)
2009/10,E4502,,Newcastle upon Tyne,MD,Archives,181,181000.0,RO5.xlsx,RO5 LA Data 2009-10 (3),"row 319, column 6",Net Current Expenditure (C7 = C3 - C6)
2009/10,E4502,,Newcastle upon Tyne,MD,Arts development and support,846,846000.0,RO5.xlsx,RO5 LA Data 2009-10 (3),"row 319, column 10",Net Current Expenditure (C7 = C3 - C6)
2009/10,E4502,,Newcastle upon Tyne,MD,Heritage,0,0.0,RO5.xlsx,RO5 LA Data 2009-10 (3),"row 319, column 14",Net Current Expenditure (C7 = C3 - C6)
2009/10,E4502,,Newcastle upon Tyne,MD,Museums and galleries,2272,2272000.0,RO5.xlsx,RO5 LA Data 2009-10 (3),"row 319, column 18",Net Current Expenditure (C7 = C3 - C6)
2009/10,E4502,,Newcastle upon Tyne,MD,Theatres and public entertainment,1351,1351000.0,RO5.xlsx,RO5 LA Data 2009-10 (3),"row 319, column 22",Net Current Expenditure (C7 = C3 - C6)
2009/10,E4502,,Newcastle upon Tyne,MD,Library service,11428,11428000.0,RO5.xlsx,RO5 LA Data 2009-10 (3),"row 319, column 50",Net Current Expenditure (C7 = C3 - C6)
2009/10,E4503,,North Tyneside,MD,Archives,194,194000.0,RO5.xlsx,RO5 LA Data 2009-10 (3),"row 320, column 6",Net Current Expenditure (C7 = C3 - C6)
2009/10,E4503,,North Tyneside,MD,Arts development and support,573,573000.0,RO5.xlsx,RO5 LA Data 2009-10 (3),"row 320, column 10",Net Current Expenditure (C7 = C3 - C6)
2009/10,E4503,,North Tyneside,MD,Heritage,273,273000.0,RO5.xlsx,RO5 LA Data 2009-10 (3),"row 320, column 14",Net Current Expenditure (C7 = C3 - C6)
2009/10,E4503,,North Tyneside,MD,Museums and galleries,1138,1138000.0,RO5.xlsx,RO5 LA Data 2009-10 (3),"row 320, column 18",Net Current Expenditure (C7 = C3 - C6)
2009/10,E4503,,North Tyneside,MD,Theatres and public entertainment,613,613000.0,RO5.xlsx,RO5 LA Data 2009-10 (3),"row 320, column 22",Net Current Expenditure (C7 = C3 - C6)
2009/10,E4503,,North Tyneside,MD,Library service,6423,6423000.0,RO5.xlsx,RO5 LA Data 2009-10 (3),"row 320, column 50",Net Current Expenditure (C7 = C3 - C6)
2009/10,E4504,,South Tyneside,MD,Archives,95,95000.0,RO5.xlsx,RO5 LA Data 2009-10 (3),"row 321, column 6",Net Current Expenditure (C7 = C3 - C6)
2009/10,E4504,,South Tyneside,MD,Arts development and support,741,741000.0,RO5.xlsx,RO5 LA Data 2009-10 (3),"row 321, column 10",Net Current Expenditure (C7 = C3 - C6)
2009/10,E4504,,South Tyneside,MD,Heritage,45,45000.0,RO5.xlsx,RO5 LA Data 2009-10 (3),"row 321, column 14",Net Current Expenditure (C7 = C3 - C6)
2009/10,E4504,,South Tyneside,MD,Museums and galleries,987,987000.0,RO5.xlsx,RO5 LA Data 2009-10 (3),"row 321, column 18",Net Current Expenditure (C7 = C3 - C6)
2009/10,E4504,,South Tyneside,MD,Theatres and public entertainment,353,353000.0,RO5.xlsx,RO5 LA Data 2009-10 (3),"row 321, column 22",Net Current Expenditure (C7 = C3 - C6)
2009/10,E4504,,South Tyneside,MD,Library service,2944,2944000.0,RO5.xlsx,RO5 LA Data 2009-10 (3),"row 321, column 50",Net Current Expenditure (C7 = C3 - C6)
2009/10,E4505,,Sunderland,MD,Archives,178,178000.0,RO5.xlsx,RO5 LA Data 2009-10 (3),"row 322, column 6",Net Current Expenditure (C7 = C3 - C6)
2009/10,E4505,,Sunderland,MD,Arts development and support,847,847000.0,RO5.xlsx,RO5 LA Data 2009-10 (3),"row 322, column 10",Net Current Expenditure (C7 = C3 - C6)
2009/10,E4505,,Sunderland,MD,Heritage,208,208000.0,RO5.xlsx,RO5 LA Data 2009-10 (3),"row 322, column 14",Net Current Expenditure (C7 = C3 - C6)
2009/10,E4505,,Sunderland,MD,Museums and galleries,1493,1493000.0,RO5.xlsx,RO5 LA Data 2009-10 (3),"row 322, column 18",Net Current Expenditure (C7 = C3 - C6)
2009/10,E4505,,Sunderland,MD,Theatres and public entertainment,426,426000.0,RO5.xlsx,RO5 LA Data 2009-10 (3),"row 322, column 22",Net Current Expenditure (C7 = C3 - C6)
2009/10,E4505,,Sunderland,MD,Library service,5281,5281000.0,RO5.xlsx,RO5 LA Data 2009-10 (3),"row 322, column 50",Net Current Expenditure (C7 = C3 - C6)
2009/10,E4601,,Birmingham,MD,Archives,0,0.0,RO5.xlsx,RO5 LA Data 2009-10 (3),"row 323, column 6",Net Current Expenditure (C7 = C3 - C6)
2009/10,E4601,,Birmingham,MD,Arts development and support,7757,7757000.0,RO5.xlsx,RO5 LA Data 2009-10 (3),"row 323, column 10",Net Current Expenditure (C7 = C3 - C6)
2009/10,E4601,,Birmingham,MD,Heritage,0,0.0,RO5.xlsx,RO5 LA Data 2009-10 (3),"row 323, column 14",Net Current Expenditure (C7 = C3 - C6)
2009/10,E4601,,Birmingham,MD,Museums and galleries,8644,8644000.0,RO5.xlsx,RO5 LA Data 2009-10 (3),"row 323, column 18",Net Current Expenditure (C7 = C3 - C6)
2009/10,E4601,,Birmingham,MD,Theatres and public entertainment,419,419000.0,RO5.xlsx,RO5 LA Data 2009-10 (3),"row 323, column 22",Net Current Expenditure (C7 = C3 - C6)
2009/10,E4601,,Birmingham,MD,Library service,28824,28824000.0,RO5.xlsx,RO5 LA Data 2009-10 (3),"row 323, column 50",Net Current Expenditure (C7 = C3 - C6)
2009/10,E4602,,Coventry,MD,Archives,0,0.0,RO5.xlsx,RO5 LA Data 2009-10 (3),"row 324, column 6",Net Current Expenditure (C7 = C3 - C6)
2009/10,E4602,,Coventry,MD,Arts development and support,78,78000.0,RO5.xlsx,RO5 LA Data 2009-10 (3),"row 324, column 10",Net Current Expenditure (C7 = C3 - C6)
2009/10,E4602,,Coventry,MD,Heritage,44,44000.0,RO5.xlsx,RO5 LA Data 2009-10 (3),"row 324, column 14",Net Current Expenditure (C7 = C3 - C6)
2009/10,E4602,,Coventry,MD,Museums and galleries,4306,4306000.0,RO5.xlsx,RO5 LA Data 2009-10 (3),"row 324, column 18",Net Current Expenditure (C7 = C3 - C6)
2009/10,E4602,,Coventry,MD,Theatres and public entertainment,1153,1153000.0,RO5.xlsx,RO5 LA Data 2009-10 (3),"row 324, column 22",Net Current Expenditure (C7 = C3 - C6)
2009/10,E4602,,Coventry,MD,Library service,5362,5362000.0,RO5.xlsx,RO5 LA Data 2009-10 (3),"row 324, column 50",Net Current Expenditure (C7 = C3 - C6)
2009/10,E4603,,Dudley,MD,Archives,267,267000.0,RO5.xlsx,RO5 LA Data 2009-10 (3),"row 325, column 6",Net Current Expenditure (C7 = C3 - C6)
2009/10,E4603,,Dudley,MD,Arts development and support,43,43000.0,RO5.xlsx,RO5 LA Data 2009-10 (3),"row 325, column 10",Net Current Expenditure (C7 = C3 - C6)
2009/10,E4603,,Dudley,MD,Heritage,678,678000.0,RO5.xlsx,RO5 LA Data 2009-10 (3),"row 325, column 14",Net Current Expenditure (C7 = C3 - C6)
2009/10,E4603,,Dudley,MD,Museums and galleries,1173,1173000.0,RO5.xlsx,RO5 LA Data 2009-10 (3),"row 325, column 18",Net Current Expenditure (C7 = C3 - C6)
2009/10,E4603,,Dudley,MD,Theatres and public entertainment,894,894000.0,RO5.xlsx,RO5 LA Data 2009-10 (3),"row 325, column 22",Net Current Expenditure (C7 = C3 - C6)
2009/10,E4603,,Dudley,MD,Library service,3037,3037000.0,RO5.xlsx,RO5 LA Data 2009-10 (3),"row 325, column 50",Net Current Expenditure (C7 = C3 - C6)
2009/10,E4604,,Sandwell,MD,Archives,211,211000.0,RO5.xlsx,RO5 LA Data 2009-10 (3),"row 326, column 6",Net Current Expenditure (C7 = C3 - C6)
2009/10,E4604,,Sandwell,MD,Arts development and support,2884,2884000.0,RO5.xlsx,RO5 LA Data 2009-10 (3),"row 326, column 10",Net Current Expenditure (C7 = C3 - C6)
2009/10,E4604,,Sandwell,MD,Heritage,73,73000.0,RO5.xlsx,RO5 LA Data 2009-10 (3),"row 326, column 14",Net Current Expenditure (C7 = C3 - C6)
2009/10,E4604,,Sandwell,MD,Museums and galleries,771,771000.0,RO5.xlsx,RO5 LA Data 2009-10 (3),"row 326, column 18",Net Current Expenditure (C7 = C3 - C6)
2009/10,E4604,,Sandwell,MD,Theatres and public entertainment,298,298000.0,RO5.xlsx,RO5 LA Data 2009-10 (3),"row 326, column 22",Net Current Expenditure (C7 = C3 - C6)
2009/10,E4604,,Sandwell,MD,Library service,5343,5343000.0,RO5.xlsx,RO5 LA Data 2009-10 (3),"row 326, column 50",Net Current Expenditure (C7 = C3 - C6)
2009/10,E4605,,Solihull,MD,Archives,0,0.0,RO5.xlsx,RO5 LA Data 2009-10 (3),"row 327, column 6",Net Current Expenditure (C7 = C3 - C6)
2009/10,E4605,,Solihull,MD,Arts development and support,0,0.0,RO5.xlsx,RO5 LA Data 2009-10 (3),"row 327, column 10",Net Current Expenditure (C7 = C3 - C6)
2009/10,E4605,,Solihull,MD,Heritage,0,0.0,RO5.xlsx,RO5 LA Data 2009-10 (3),"row 327, column 14",Net Current Expenditure (C7 = C3 - C6)
2009/10,E4605,,Solihull,MD,Museums and galleries,0,0.0,RO5.xlsx,RO5 LA Data 2009-10 (3),"row 327, column 18",Net Current Expenditure (C7 = C3 - C6)
2009/10,E4605,,Solihull,MD,Theatres and public entertainment,479,479000.0,RO5.xlsx,RO5 LA Data 2009-10 (3),"row 327, column 22",Net Current Expenditure (C7 = C3 - C6)
2009/10,E4605,,Solihull,MD,Library service,4918,4918000.0,RO5.xlsx,RO5 LA Data 2009-10 (3),"row 327, column 50",Net Current Expenditure (C7 = C3 - C6)
2009/10,E4606,,Walsall,MD,Archives,415,415000.0,RO5.xlsx,RO5 LA Data 2009-10 (3),"row 328, column 6",Net Current Expenditure (C7 = C3 - C6)
2009/10,E4606,,Walsall,MD,Arts development and support,463,463000.0,RO5.xlsx,RO5 LA Data 2009-10 (3),"row 328, column 10",Net Current Expenditure (C7 = C3 - C6)
2009/10,E4606,,Walsall,MD,Heritage,0,0.0,RO5.xlsx,RO5 LA Data 2009-10 (3),"row 328, column 14",Net Current Expenditure (C7 = C3 - C6)
2009/10,E4606,,Walsall,MD,Museums and galleries,2895,2895000.0,RO5.xlsx,RO5 LA Data 2009-10 (3),"row 328, column 18",Net Current Expenditure (C7 = C3 - C6)
2009/10,E4606,,Walsall,MD,Theatres and public entertainment,229,229000.0,RO5.xlsx,RO5 LA Data 2009-10 (3),"row 328, column 22",Net Current Expenditure (C7 = C3 - C6)
2009/10,E4606,,Walsall,MD,Library service,5976,5976000.0,RO5.xlsx,RO5 LA Data 2009-10 (3),"row 328, column 50",Net Current Expenditure (C7 = C3 - C6)
2009/10,E4607,,Wolverhampton,MD,Archives,318,318000.0,RO5.xlsx,RO5 LA Data 2009-10 (3),"row 329, column 6",Net Current Expenditure (C7 = C3 - C6)
2009/10,E4607,,Wolverhampton,MD,Arts development and support,1114,1114000.0,RO5.xlsx,RO5 LA Data 2009-10 (3),"row 329, column 10",Net Current Expenditure (C7 = C3 - C6)
2009/10,E4607,,Wolverhampton,MD,Heritage,0,0.0,RO5.xlsx,RO5 LA Data 2009-10 (3),"row 329, column 14",Net Current Expenditure (C7 = C3 - C6)
2009/10,E4607,,Wolverhampton,MD,Museums and galleries,1636,1636000.0,RO5.xlsx,RO5 LA Data 2009-10 (3),"row 329, column 18",Net Current Expenditure (C7 = C3 - C6)
2009/10,E4607,,Wolverhampton,MD,Theatres and public entertainment,787,787000.0,RO5.xlsx,RO5 LA Data 2009-10 (3),"row 329, column 22",Net Current Expenditure (C7 = C3 - C6)
2009/10,E4607,,Wolverhampton,MD,Library service,4398,4398000.0,RO5.xlsx,RO5 LA Data 2009-10 (3),"row 329, column 50",Net Current Expenditure (C7 = C3 - C6)
2009/10,E4701,,Bradford,MD,Archives,481,481000.0,RO5.xlsx,RO5 LA Data 2009-10 (3),"row 330, column 6",Net Current Expenditure (C7 = C3 - C6)
2009/10,E4701,,Bradford,MD,Arts development and support,4,4000.0,RO5.xlsx,RO5 LA Data 2009-10 (3),"row 330, column 10",Net Current Expenditure (C7 = C3 - C6)
2009/10,E4701,,Bradford,MD,Heritage,0,0.0,RO5.xlsx,RO5 LA Data 2009-10 (3),"row 330, column 14",Net Current Expenditure (C7 = C3 - C6)
2009/10,E4701,,Bradford,MD,Museums and galleries,2695,2695000.0,RO5.xlsx,RO5 LA Data 2009-10 (3),"row 330, column 18",Net Current Expenditure (C7 = C3 - C6)
2009/10,E4701,,Bradford,MD,Theatres and public entertainment,4439,4439000.0,RO5.xlsx,RO5 LA Data 2009-10 (3),"row 330, column 22",Net Current Expenditure (C7 = C3 - C6)
2009/10,E4701,,Bradford,MD,Library service,5537,5537000.0,RO5.xlsx,RO5 LA Data 2009-10 (3),"row 330, column 50",Net Current Expenditure (C7 = C3 - C6)
2009/10,E4702,,Calderdale,MD,Archives,132,132000.0,RO5.xlsx,RO5 LA Data 2009-10 (3),"row 331, column 6",Net Current Expenditure (C7 = C3 - C6)
2009/10,E4702,,Calderdale,MD,Arts development and support,336,336000.0,RO5.xlsx,RO5 LA Data 2009-10 (3),"row 331, column 10",Net Current Expenditure (C7 = C3 - C6)
2009/10,E4702,,Calderdale,MD,Heritage,46,46000.0,RO5.xlsx,RO5 LA Data 2009-10 (3),"row 331, column 14",Net Current Expenditure (C7 = C3 - C6)
2009/10,E4702,,Calderdale,MD,Museums and galleries,1080,1080000.0,RO5.xlsx,RO5 LA Data 2009-10 (3),"row 331, column 18",Net Current Expenditure (C7 = C3 - C6)
2009/10,E4702,,Calderdale,MD,Theatres and public entertainment,693,693000.0,RO5.xlsx,RO5 LA Data 2009-10 (3),"row 331, column 22",Net Current Expenditure (C7 = C3 - C6)
2009/10,E4702,,Calderdale,MD,Library service,3599,3599000.0,RO5.xlsx,RO5 LA Data 2009-10 (3),"row 331, column 50",Net Current Expenditure (C7 = C3 - C6)
2009/10,E4703,,Kirklees,MD,Archives,340,340000.0,RO5.xlsx,RO5 LA Data 2009-10 (3),"row 332, column 6",Net Current Expenditure (C7 = C3 - C6)
2009/10,E4703,,Kirklees,MD,Arts development and support,961,961000.0,RO5.xlsx,RO5 LA Data 2009-10 (3),"row 332, column 10",Net Current Expenditure (C7 = C3 - C6)
2009/10,E4703,,Kirklees,MD,Heritage,140,140000.0,RO5.xlsx,RO5 LA Data 2009-10 (3),"row 332, column 14",Net Current Expenditure (C7 = C3 - C6)
2009/10,E4703,,Kirklees,MD,Museums and galleries,2341,2341000.0,RO5.xlsx,RO5 LA Data 2009-10 (3),"row 332, column 18",Net Current Expenditure (C7 = C3 - C6)
2009/10,E4703,,Kirklees,MD,Theatres and public entertainment,2836,2836000.0,RO5.xlsx,RO5 LA Data 2009-10 (3),"row 332, column 22",Net Current Expenditure (C7 = C3 - C6)
2009/10,E4703,,Kirklees,MD,Library service,8162,8162000.0,RO5.xlsx,RO5 LA Data 2009-10 (3),"row 332, column 50",Net Current Expenditure (C7 = C3 - C6)
2009/10,E4704,,Leeds,MD,Archives,737,737000.0,RO5.xlsx,RO5 LA Data 2009-10 (3),"row 333, column 6",Net Current Expenditure (C7 = C3 - C6)
2009/10,E4704,,Leeds,MD,Arts development and support,5910,5910000.0,RO5.xlsx,RO5 LA Data 2009-10 (3),"row 333, column 10",Net Current Expenditure (C7 = C3 - C6)
2009/10,E4704,,Leeds,MD,Heritage,1,1000.0,RO5.xlsx,RO5 LA Data 2009-10 (3),"row 333, column 14",Net Current Expenditure (C7 = C3 - C6)
2009/10,E4704,,Leeds,MD,Museums and galleries,6549,6549000.0,RO5.xlsx,RO5 LA Data 2009-10 (3),"row 333, column 18",Net Current Expenditure (C7 = C3 - C6)
2009/10,E4704,,Leeds,MD,Theatres and public entertainment,1161,1161000.0,RO5.xlsx,RO5 LA Data 2009-10 (3),"row 333, column 22",Net Current Expenditure (C7 = C3 - C6)
2009/10,E4704,,Leeds,MD,Library service,13815,13815000.0,RO5.xlsx,RO5 LA Data 2009-10 (3),"row 333, column 50",Net Current Expenditure (C7 = C3 - C6)
2009/10,E4705,,Wakefield,MD,Archives,302,302000.0,RO5.xlsx,RO5 LA Data 2009-10 (3),"row 334, column 6",Net Current Expenditure (C7 = C3 - C6)
2009/10,E4705,,Wakefield,MD,Arts development and support,719,719000.0,RO5.xlsx,RO5 LA Data 2009-10 (3),"row 334, column 10",Net Current Expenditure (C7 = C3 - C6)
2009/10,E4705,,Wakefield,MD,Heritage,759,759000.0,RO5.xlsx,RO5 LA Data 2009-10 (3),"row 334, column 14",Net Current Expenditure (C7 = C3 - C6)
2009/10,E4705,,Wakefield,MD,Museums and galleries,1522,1522000.0,RO5.xlsx,RO5 LA Data 2009-10 (3),"row 334, column 18",Net Current Expenditure (C7 = C3 - C6)
2009/10,E4705,,Wakefield,MD,Theatres and public entertainment,694,694000.0,RO5.xlsx,RO5 LA Data 2009-10 (3),"row 334, column 22",Net Current Expenditure (C7 = C3 - C6)
2009/10,E4705,,Wakefield,MD,Library service,5041,5041000.0,RO5.xlsx,RO5 LA Data 2009-10 (3),"row 334, column 50",Net Current Expenditure (C7 = C3 - C6)
2009/10,E5010,,City of London,L,Archives,3841,3841000.0,RO5.xlsx,RO5 LA Data 2009-10 (3),"row 335, column 6",Net Current Expenditure (C7 = C3 - C6)
2009/10,E5010,,City of London,L,Arts development and support,0,0.0,RO5.xlsx,RO5 LA Data 2009-10 (3),"row 335, column 10",Net Current Expenditure (C7 = C3 - C6)
2009/10,E5010,,City of London,L,Heritage,307,307000.0,RO5.xlsx,RO5 LA Data 2009-10 (3),"row 335, column 14",Net Current Expenditure (C7 = C3 - C6)
2009/10,E5010,,City of London,L,Museums and galleries,7119,7119000.0,RO5.xlsx,RO5 LA Data 2009-10 (3),"row 335, column 18",Net Current Expenditure (C7 = C3 - C6)
2009/10,E5010,,City of London,L,Theatres and public entertainment,25752,25752000.0,RO5.xlsx,RO5 LA Data 2009-10 (3),"row 335, column 22",Net Current Expenditure (C7 = C3 - C6)
2009/10,E5010,,City of London,L,Library service,8083,8083000.0,RO5.xlsx,RO5 LA Data 2009-10 (3),"row 335, column 50",Net Current Expenditure (C7 = C3 - C6)
2009/10,E5011,,Camden,L,Archives,303,303000.0,RO5.xlsx,RO5 LA Data 2009-10 (3),"row 336, column 6",Net Current Expenditure (C7 = C3 - C6)
2009/10,E5011,,Camden,L,Arts development and support,524,524000.0,RO5.xlsx,RO5 LA Data 2009-10 (3),"row 336, column 10",Net Current Expenditure (C7 = C3 - C6)
2009/10,E5011,,Camden,L,Heritage,0,0.0,RO5.xlsx,RO5 LA Data 2009-10 (3),"row 336, column 14",Net Current Expenditure (C7 = C3 - C6)
2009/10,E5011,,Camden,L,Museums and galleries,0,0.0,RO5.xlsx,RO5 LA Data 2009-10 (3),"row 336, column 18",Net Current Expenditure (C7 = C3 - C6)
2009/10,E5011,,Camden,L,Theatres and public entertainment,414,414000.0,RO5.xlsx,RO5 LA Data 2009-10 (3),"row 336, column 22",Net Current Expenditure (C7 = C3 - C6)
2009/10,E5011,,Camden,L,Library service,7207,7207000.0,RO5.xlsx,RO5 LA Data 2009-10 (3),"row 336, column 50",Net Current Expenditure (C7 = C3 - C6)
2009/10,E5012,,Greenwich,L,Archives,0,0.0,RO5.xlsx,RO5 LA Data 2009-10 (3),"row 337, column 6",Net Current Expenditure (C7 = C3 - C6)
2009/10,E5012,,Greenwich,L,Arts development and support,1077,1077000.0,RO5.xlsx,RO5 LA Data 2009-10 (3),"row 337, column 10",Net Current Expenditure (C7 = C3 - C6)
2009/10,E5012,,Greenwich,L,Heritage,0,0.0,RO5.xlsx,RO5 LA Data 2009-10 (3),"row 337, column 14",Net Current Expenditure (C7 = C3 - C6)
2009/10,E5012,,Greenwich,L,Museums and galleries,388,388000.0,RO5.xlsx,RO5 LA Data 2009-10 (3),"row 337, column 18",Net Current Expenditure (C7 = C3 - C6)
2009/10,E5012,,Greenwich,L,Theatres and public entertainment,48,48000.0,RO5.xlsx,RO5 LA Data 2009-10 (3),"row 337, column 22",Net Current Expenditure (C7 = C3 - C6)
2009/10,E5012,,Greenwich,L,Library service,4720,4720000.0,RO5.xlsx,RO5 LA Data 2009-10 (3),"row 337, column 50",Net Current Expenditure (C7 = C3 - C6)
2009/10,E5013,,Hackney,L,Archives,355,355000.0,RO5.xlsx,RO5 LA Data 2009-10 (3),"row 338, column 6",Net Current Expenditure (C7 = C3 - C6)
2009/10,E5013,,Hackney,L,Arts development and support,500,500000.0,RO5.xlsx,RO5 LA Data 2009-10 (3),"row 338, column 10",Net Current Expenditure (C7 = C3 - C6)
2009/10,E5013,,Hackney,L,Heritage,0,0.0,RO5.xlsx,RO5 LA Data 2009-10 (3),"row 338, column 14",Net Current Expenditure (C7 = C3 - C6)
2009/10,E5013,,Hackney,L,Museums and galleries,548,548000.0,RO5.xlsx,RO5 LA Data 2009-10 (3),"row 338, column 18",Net Current Expenditure (C7 = C3 - C6)
2009/10,E5013,,Hackney,L,Theatres and public entertainment,0,0.0,RO5.xlsx,RO5 LA Data 2009-10 (3),"row 338, column 22",Net Current Expenditure (C7 = C3 - C6)
2009/10,E5013,,Hackney,L,Library service,7526,7526000.0,RO5.xlsx,RO5 LA Data 2009-10 (3),"row 338, column 50",Net Current Expenditure (C7 = C3 - C6)
2009/10,E5014,,Hammersmith & Fulham,L,Archives,229,229000.0,RO5.xlsx,RO5 LA Data 2009-10 (3),"row 339, column 6",Net Current Expenditure (C7 = C3 - C6)
2009/10,E5014,,Hammersmith & Fulham,L,Arts development and support,826,826000.0,RO5.xlsx,RO5 LA Data 2009-10 (3),"row 339, column 10",Net Current Expenditure (C7 = C3 - C6)
2009/10,E5014,,Hammersmith & Fulham,L,Heritage,0,0.0,RO5.xlsx,RO5 LA Data 2009-10 (3),"row 339, column 14",Net Current Expenditure (C7 = C3 - C6)
2009/10,E5014,,Hammersmith & Fulham,L,Museums and galleries,454,454000.0,RO5.xlsx,RO5 LA Data 2009-10 (3),"row 339, column 18",Net Current Expenditure (C7 = C3 - C6)
2009/10,E5014,,Hammersmith & Fulham,L,Theatres and public entertainment,123,123000.0,RO5.xlsx,RO5 LA Data 2009-10 (3),"row 339, column 22",Net Current Expenditure (C7 = C3 - C6)
2009/10,E5014,,Hammersmith & Fulham,L,Library service,4834,4834000.0,RO5.xlsx,RO5 LA Data 2009-10 (3),"row 339, column 50",Net Current Expenditure (C7 = C3 - C6)
2009/10,E5015,,Islington,L,Archives,0,0.0,RO5.xlsx,RO5 LA Data 2009-10 (3),"row 340, column 6",Net Current Expenditure (C7 = C3 - C6)
2009/10,E5015,,Islington,L,Arts development and support,85,85000.0,RO5.xlsx,RO5 LA Data 2009-10 (3),"row 340, column 10",Net Current Expenditure (C7 = C3 - C6)
2009/10,E5015,,Islington,L,Heritage,0,0.0,RO5.xlsx,RO5 LA Data 2009-10 (3),"row 340, column 14",Net Current Expenditure (C7 = C3 - C6)
2009/10,E5015,,Islington,L,Museums and galleries,0,0.0,RO5.xlsx,RO5 LA Data 2009-10 (3),"row 340, column 18",Net Current Expenditure (C7 = C3 - C6)
2009/10,E5015,,Islington,L,Theatres and public entertainment,0,0.0,RO5.xlsx,RO5 LA Data 2009-10 (3),"row 340, column 22",Net Current Expenditure (C7 = C3 - C6)
2009/10,E5015,,Islington,L,Library service,6700,6700000.0,RO5.xlsx,RO5 LA Data 2009-10 (3),"row 340, column 50",Net Current Expenditure (C7 = C3 - C6)
2009/10,E5016,,Kensington & Chelsea,L,Archives,74,74000.0,RO5.xlsx,RO5 LA Data 2009-10 (3),"row 341, column 6",Net Current Expenditure (C7 = C3 - C6)
2009/10,E5016,,Kensington & Chelsea,L,Arts development and support,707,707000.0,RO5.xlsx,RO5 LA Data 2009-10 (3),"row 341, column 10",Net Current Expenditure (C7 = C3 - C6)
2009/10,E5016,,Kensington & Chelsea,L,Heritage,0,0.0,RO5.xlsx,RO5 LA Data 2009-10 (3),"row 341, column 14",Net Current Expenditure (C7 = C3 - C6)
2009/10,E5016,,Kensington & Chelsea,L,Museums and galleries,515,515000.0,RO5.xlsx,RO5 LA Data 2009-10 (3),"row 341, column 18",Net Current Expenditure (C7 = C3 - C6)
2009/10,E5016,,Kensington & Chelsea,L,Theatres and public entertainment,1289,1289000.0,RO5.xlsx,RO5 LA Data 2009-10 (3),"row 341, column 22",Net Current Expenditure (C7 = C3 - C6)
2009/10,E5016,,Kensington & Chelsea,L,Library service,6461,6461000.0,RO5.xlsx,RO5 LA Data 2009-10 (3),"row 341, column 50",Net Current Expenditure (C7 = C3 - C6)
2009/10,E5017,,Lambeth,L,Archives,263,263000.0,RO5.xlsx,RO5 LA Data 2009-10 (3),"row 342, column 6",Net Current Expenditure (C7 = C3 - C6)
2009/10,E5017,,Lambeth,L,Arts development and support,1457,1457000.0,RO5.xlsx,RO5 LA Data 2009-10 (3),"row 342, column 10",Net Current Expenditure (C7 = C3 - C6)
2009/10,E5017,,Lambeth,L,Heritage,0,0.0,RO5.xlsx,RO5 LA Data 2009-10 (3),"row 342, column 14",Net Current Expenditure (C7 = C3 - C6)
2009/10,E5017,,Lambeth,L,Museums and galleries,0,0.0,RO5.xlsx,RO5 LA Data 2009-10 (3),"row 342, column 18",Net Current Expenditure (C7 = C3 - C6)
2009/10,E5017,,Lambeth,L,Theatres and public entertainment,0,0.0,RO5.xlsx,RO5 LA Data 2009-10 (3),"row 342, column 22",Net Current Expenditure (C7 = C3 - C6)
2009/10,E5017,,Lambeth,L,Library service,6683,6683000.0,RO5.xlsx,RO5 LA Data 2009-10 (3),"row 342, column 50",Net Current Expenditure (C7 = C3 - C6)
2009/10,E5018,,Lewisham,L,Archives,0,0.0,RO5.xlsx,RO5 LA Data 2009-10 (3),"row 343, column 6",Net Current Expenditure (C7 = C3 - C6)
2009/10,E5018,,Lewisham,L,Arts development and support,1821,1821000.0,RO5.xlsx,RO5 LA Data 2009-10 (3),"row 343, column 10",Net Current Expenditure (C7 = C3 - C6)
2009/10,E5018,,Lewisham,L,Heritage,0,0.0,RO5.xlsx,RO5 LA Data 2009-10 (3),"row 343, column 14",Net Current Expenditure (C7 = C3 - C6)
2009/10,E5018,,Lewisham,L,Museums and galleries,0,0.0,RO5.xlsx,RO5 LA Data 2009-10 (3),"row 343, column 18",Net Current Expenditure (C7 = C3 - C6)
2009/10,E5018,,Lewisham,L,Theatres and public entertainment,579,579000.0,RO5.xlsx,RO5 LA Data 2009-10 (3),"row 343, column 22",Net Current Expenditure (C7 = C3 - C6)
2009/10,E5018,,Lewisham,L,Library service,8139,8139000.0,RO5.xlsx,RO5 LA Data 2009-10 (3),"row 343, column 50",Net Current Expenditure (C7 = C3 - C6)
2009/10,E5019,,Southwark,L,Archives,210,210000.0,RO5.xlsx,RO5 LA Data 2009-10 (3),"row 344, column 6",Net Current Expenditure (C7 = C3 - C6)
2009/10,E5019,,Southwark,L,Arts development and support,626,626000.0,RO5.xlsx,RO5 LA Data 2009-10 (3),"row 344, column 10",Net Current Expenditure (C7 = C3 - C6)
2009/10,E5019,,Southwark,L,Heritage,45,45000.0,RO5.xlsx,RO5 LA Data 2009-10 (3),"row 344, column 14",Net Current Expenditure (C7 = C3 - C6)
2009/10,E5019,,Southwark,L,Museums and galleries,593,593000.0,RO5.xlsx,RO5 LA Data 2009-10 (3),"row 344, column 18",Net Current Expenditure (C7 = C3 - C6)
2009/10,E5019,,Southwark,L,Theatres and public entertainment,169,169000.0,RO5.xlsx,RO5 LA Data 2009-10 (3),"row 344, column 22",Net Current Expenditure (C7 = C3 - C6)
2009/10,E5019,,Southwark,L,Library service,7066,7066000.0,RO5.xlsx,RO5 LA Data 2009-10 (3),"row 344, column 50",Net Current Expenditure (C7 = C3 - C6)
2009/10,E5020,,Tower Hamlets,L,Archives,0,0.0,RO5.xlsx,RO5 LA Data 2009-10 (3),"row 345, column 6",Net Current Expenditure (C7 = C3 - C6)
2009/10,E5020,,Tower Hamlets,L,Arts development and support,1524,1524000.0,RO5.xlsx,RO5 LA Data 2009-10 (3),"row 345, column 10",Net Current Expenditure (C7 = C3 - C6)
2009/10,E5020,,Tower Hamlets,L,Heritage,-54,-54000.0,RO5.xlsx,RO5 LA Data 2009-10 (3),"row 345, column 14",Net Current Expenditure (C7 = C3 - C6)
2009/10,E5020,,Tower Hamlets,L,Museums and galleries,0,0.0,RO5.xlsx,RO5 LA Data 2009-10 (3),"row 345, column 18",Net Current Expenditure (C7 = C3 - C6)
2009/10,E5020,,Tower Hamlets,L,Theatres and public entertainment,0,0.0,RO5.xlsx,RO5 LA Data 2009-10 (3),"row 345, column 22",Net Current Expenditure (C7 = C3 - C6)
2009/10,E5020,,Tower Hamlets,L,Library service,8101,8101000.0,RO5.xlsx,RO5 LA Data 2009-10 (3),"row 345, column 50",Net Current Expenditure (C7 = C3 - C6)
2009/10,E5021,,Wandsworth,L,Archives,0,0.0,RO5.xlsx,RO5 LA Data 2009-10 (3),"row 346, column 6",Net Current Expenditure (C7 = C3 - C6)
2009/10,E5021,,Wandsworth,L,Arts development and support,630,630000.0,RO5.xlsx,RO5 LA Data 2009-10 (3),"row 346, column 10",Net Current Expenditure (C7 = C3 - C6)
2009/10,E5021,,Wandsworth,L,Heritage,2346,2346000.0,RO5.xlsx,RO5 LA Data 2009-10 (3),"row 346, column 14",Net Current Expenditure (C7 = C3 - C6)
2009/10,E5021,,Wandsworth,L,Museums and galleries,346,346000.0,RO5.xlsx,RO5 LA Data 2009-10 (3),"row 346, column 18",Net Current Expenditure (C7 = C3 - C6)
2009/10,E5021,,Wandsworth,L,Theatres and public entertainment,0,0.0,RO5.xlsx,RO5 LA Data 2009-10 (3),"row 346, column 22",Net Current Expenditure (C7 = C3 - C6)
2009/10,E5021,,Wandsworth,L,Library service,6610,6610000.0,RO5.xlsx,RO5 LA Data 2009-10 (3),"row 346, column 50",Net Current Expenditure (C7 = C3 - C6)
2009/10,E5022,,Westminster,L,Archives,902,902000.0,RO5.xlsx,RO5 LA Data 2009-10 (3),"row 347, column 6",Net Current Expenditure (C7 = C3 - C6)
2009/10,E5022,,Westminster,L,Arts development and support,124,124000.0,RO5.xlsx,RO5 LA Data 2009-10 (3),"row 347, column 10",Net Current Expenditure (C7 = C3 - C6)
2009/10,E5022,,Westminster,L,Heritage,0,0.0,RO5.xlsx,RO5 LA Data 2009-10 (3),"row 347, column 14",Net Current Expenditure (C7 = C3 - C6)
2009/10,E5022,,Westminster,L,Museums and galleries,0,0.0,RO5.xlsx,RO5 LA Data 2009-10 (3),"row 347, column 18",Net Current Expenditure (C7 = C3 - C6)
2009/10,E5022,,Westminster,L,Theatres and public entertainment,1063,1063000.0,RO5.xlsx,RO5 LA Data 2009-10 (3),"row 347, column 22",Net Current Expenditure (C7 = C3 - C6)
2009/10,E5022,,Westminster,L,Library service,10349,10349000.0,RO5.xlsx,RO5 LA Data 2009-10 (3),"row 347, column 50",Net Current Expenditure (C7 = C3 - C6)
2009/10,E5030,,Barking & Dagenham,L,Archives,68,68000.0,RO5.xlsx,RO5 LA Data 2009-10 (3),"row 348, column 6",Net Current Expenditure (C7 = C3 - C6)
2009/10,E5030,,Barking & Dagenham,L,Arts development and support,534,534000.0,RO5.xlsx,RO5 LA Data 2009-10 (3),"row 348, column 10",Net Current Expenditure (C7 = C3 - C6)
2009/10,E5030,,Barking & Dagenham,L,Heritage,512,512000.0,RO5.xlsx,RO5 LA Data 2009-10 (3),"row 348, column 14",Net Current Expenditure (C7 = C3 - C6)
2009/10,E5030,,Barking & Dagenham,L,Museums and galleries,492,492000.0,RO5.xlsx,RO5 LA Data 2009-10 (3),"row 348, column 18",Net Current Expenditure (C7 = C3 - C6)
2009/10,E5030,,Barking & Dagenham,L,Theatres and public entertainment,1098,1098000.0,RO5.xlsx,RO5 LA Data 2009-10 (3),"row 348, column 22",Net Current Expenditure (C7 = C3 - C6)
2009/10,E5030,,Barking & Dagenham,L,Library service,3513,3513000.0,RO5.xlsx,RO5 LA Data 2009-10 (3),"row 348, column 50",Net Current Expenditure (C7 = C3 - C6)
2009/10,E5031,,Barnet,L,Archives,75,75000.0,RO5.xlsx,RO5 LA Data 2009-10 (3),"row 349, column 6",Net Current Expenditure (C7 = C3 - C6)
2009/10,E5031,,Barnet,L,Arts development and support,457,457000.0,RO5.xlsx,RO5 LA Data 2009-10 (3),"row 349, column 10",Net Current Expenditure (C7 = C3 - C6)
2009/10,E5031,,Barnet,L,Heritage,57,57000.0,RO5.xlsx,RO5 LA Data 2009-10 (3),"row 349, column 14",Net Current Expenditure (C7 = C3 - C6)
2009/10,E5031,,Barnet,L,Museums and galleries,175,175000.0,RO5.xlsx,RO5 LA Data 2009-10 (3),"row 349, column 18",Net Current Expenditure (C7 = C3 - C6)
2009/10,E5031,,Barnet,L,Theatres and public entertainment,0,0.0,RO5.xlsx,RO5 LA Data 2009-10 (3),"row 349, column 22",Net Current Expenditure (C7 = C3 - C6)
2009/10,E5031,,Barnet,L,Library service,8361,8361000.0,RO5.xlsx,RO5 LA Data 2009-10 (3),"row 349, column 50",Net Current Expenditure (C7 = C3 - C6)
2009/10,E5032,,Bexley,L,Archives,353,353000.0,RO5.xlsx,RO5 LA Data 2009-10 (3),"row 350, column 6",Net Current Expenditure (C7 = C3 - C6)
2009/10,E5032,,Bexley,L,Arts development and support,307,307000.0,RO5.xlsx,RO5 LA Data 2009-10 (3),"row 350, column 10",Net Current Expenditure (C7 = C3 - C6)
2009/10,E5032,,Bexley,L,Heritage,841,841000.0,RO5.xlsx,RO5 LA Data 2009-10 (3),"row 350, column 14",Net Current Expenditure (C7 = C3 - C6)
2009/10,E5032,,Bexley,L,Museums and galleries,0,0.0,RO5.xlsx,RO5 LA Data 2009-10 (3),"row 350, column 18",Net Current Expenditure (C7 = C3 - C6)
2009/10,E5032,,Bexley,L,Theatres and public entertainment,0,0.0,RO5.xlsx,RO5 LA Data 2009-10 (3),"row 350, column 22",Net Current Expenditure (C7 = C3 - C6)
2009/10,E5032,,Bexley,L,Library service,5724,5724000.0,RO5.xlsx,RO5 LA Data 2009-10 (3),"row 350, column 50",Net Current Expenditure (C7 = C3 - C6)
2009/10,E5033,,Brent,L,Archives,117,117000.0,RO5.xlsx,RO5 LA Data 2009-10 (3),"row 351, column 6",Net Current Expenditure (C7 = C3 - C6)
2009/10,E5033,,Brent,L,Arts development and support,728,728000.0,RO5.xlsx,RO5 LA Data 2009-10 (3),"row 351, column 10",Net Current Expenditure (C7 = C3 - C6)
2009/10,E5033,,Brent,L,Heritage,0,0.0,RO5.xlsx,RO5 LA Data 2009-10 (3),"row 351, column 14",Net Current Expenditure (C7 = C3 - C6)
2009/10,E5033,,Brent,L,Museums and galleries,199,199000.0,RO5.xlsx,RO5 LA Data 2009-10 (3),"row 351, column 18",Net Current Expenditure (C7 = C3 - C6)
2009/10,E5033,,Brent,L,Theatres and public entertainment,78,78000.0,RO5.xlsx,RO5 LA Data 2009-10 (3),"row 351, column 22",Net Current Expenditure (C7 = C3 - C6)
2009/10,E5033,,Brent,L,Library service,6478,6478000.0,RO5.xlsx,RO5 LA Data 2009-10 (3),"row 351, column 50",Net Current Expenditure (C7 = C3 - C6)
2009/10,E5034,,Bromley,L,Archives,0,0.0,RO5.xlsx,RO5 LA Data 2009-10 (3),"row 352, column 6",Net Current Expenditure (C7 = C3 - C6)
2009/10,E5034,,Bromley,L,Arts development and support,83,83000.0,RO5.xlsx,RO5 LA Data 2009-10 (3),"row 352, column 10",Net Current Expenditure (C7 = C3 - C6)
2009/10,E5034,,Bromley,L,Heritage,0,0.0,RO5.xlsx,RO5 LA Data 2009-10 (3),"row 352, column 14",Net Current Expenditure (C7 = C3 - C6)
2009/10,E5034,,Bromley,L,Museums and galleries,117,117000.0,RO5.xlsx,RO5 LA Data 2009-10 (3),"row 352, column 18",Net Current Expenditure (C7 = C3 - C6)
2009/10,E5034,,Bromley,L,Theatres and public entertainment,523,523000.0,RO5.xlsx,RO5 LA Data 2009-10 (3),"row 352, column 22",Net Current Expenditure (C7 = C3 - C6)
2009/10,E5034,,Bromley,L,Library service,7023,7023000.0,RO5.xlsx,RO5 LA Data 2009-10 (3),"row 352, column 50",Net Current Expenditure (C7 = C3 - C6)
2009/10,E5035,,Croydon,L,Archives,0,0.0,RO5.xlsx,RO5 LA Data 2009-10 (3),"row 353, column 6",Net Current Expenditure (C7 = C3 - C6)
2009/10,E5035,,Croydon,L,Arts development and support,711,711000.0,RO5.xlsx,RO5 LA Data 2009-10 (3),"row 353, column 10",Net Current Expenditure (C7 = C3 - C6)
2009/10,E5035,,Croydon,L,Heritage,2,2000.0,RO5.xlsx,RO5 LA Data 2009-10 (3),"row 353, column 14",Net Current Expenditure (C7 = C3 - C6)
2009/10,E5035,,Croydon,L,Museums and galleries,766,766000.0,RO5.xlsx,RO5 LA Data 2009-10 (3),"row 353, column 18",Net Current Expenditure (C7 = C3 - C6)
2009/10,E5035,,Croydon,L,Theatres and public entertainment,202,202000.0,RO5.xlsx,RO5 LA Data 2009-10 (3),"row 353, column 22",Net Current Expenditure (C7 = C3 - C6)
2009/10,E5035,,Croydon,L,Library service,8266,8266000.0,RO5.xlsx,RO5 LA Data 2009-10 (3),"row 353, column 50",Net Current Expenditure (C7 = C3 - C6)
2009/10,E5036,,Ealing,L,Archives,0,0.0,RO5.xlsx,RO5 LA Data 2009-10 (3),"row 354, column 6",Net Current Expenditure (C7 = C3 - C6)
2009/10,E5036,,Ealing,L,Arts development and support,406,406000.0,RO5.xlsx,RO5 LA Data 2009-10 (3),"row 354, column 10",Net Current Expenditure (C7 = C3 - C6)
2009/10,E5036,,Ealing,L,Heritage,0,0.0,RO5.xlsx,RO5 LA Data 2009-10 (3),"row 354, column 14",Net Current Expenditure (C7 = C3 - C6)
2009/10,E5036,,Ealing,L,Museums and galleries,817,817000.0,RO5.xlsx,RO5 LA Data 2009-10 (3),"row 354, column 18",Net Current Expenditure (C7 = C3 - C6)
2009/10,E5036,,Ealing,L,Theatres and public entertainment,754,754000.0,RO5.xlsx,RO5 LA Data 2009-10 (3),"row 354, column 22",Net Current Expenditure (C7 = C3 - C6)
2009/10,E5036,,Ealing,L,Library service,6625,6625000.0,RO5.xlsx,RO5 LA Data 2009-10 (3),"row 354, column 50",Net Current Expenditure (C7 = C3 - C6)
2009/10,E5037,,Enfield,L,Archives,0,0.0,RO5.xlsx,RO5 LA Data 2009-10 (3),"row 355, column 6",Net Current Expenditure (C7 = C3 - C6)
2009/10,E5037,,Enfield,L,Arts development and support,520,520000.0,RO5.xlsx,RO5 LA Data 2009-10 (3),"row 355, column 10",Net Current Expenditure (C7 = C3 - C6)
2009/10,E5037,,Enfield,L,Heritage,195,195000.0,RO5.xlsx,RO5 LA Data 2009-10 (3),"row 355, column 14",Net Current Expenditure (C7 = C3 - C6)
2009/10,E5037,,Enfield,L,Museums and galleries,261,261000.0,RO5.xlsx,RO5 LA Data 2009-10 (3),"row 355, column 18",Net Current Expenditure (C7 = C3 - C6)
2009/10,E5037,,Enfield,L,Theatres and public entertainment,823,823000.0,RO5.xlsx,RO5 LA Data 2009-10 (3),"row 355, column 22",Net Current Expenditure (C7 = C3 - C6)
2009/10,E5037,,Enfield,L,Library service,7609,7609000.0,RO5.xlsx,RO5 LA Data 2009-10 (3),"row 355, column 50",Net Current Expenditure (C7 = C3 - C6)
2009/10,E5038,,Haringey,L,Archives,0,0.0,RO5.xlsx,RO5 LA Data 2009-10 (3),"row 356, column 6",Net Current Expenditure (C7 = C3 - C6)
2009/10,E5038,,Haringey,L,Arts development and support,0,0.0,RO5.xlsx,RO5 LA Data 2009-10 (3),"row 356, column 10",Net Current Expenditure (C7 = C3 - C6)
2009/10,E5038,,Haringey,L,Heritage,0,0.0,RO5.xlsx,RO5 LA Data 2009-10 (3),"row 356, column 14",Net Current Expenditure (C7 = C3 - C6)
2009/10,E5038,,Haringey,L,Museums and galleries,378,378000.0,RO5.xlsx,RO5 LA Data 2009-10 (3),"row 356, column 18",Net Current Expenditure (C7 = C3 - C6)
2009/10,E5038,,Haringey,L,Theatres and public entertainment,0,0.0,RO5.xlsx,RO5 LA Data 2009-10 (3),"row 356, column 22",Net Current Expenditure (C7 = C3 - C6)
2009/10,E5038,,Haringey,L,Library service,6311,6311000.0,RO5.xlsx,RO5 LA Data 2009-10 (3),"row 356, column 50",Net Current Expenditure (C7 = C3 - C6)
2009/10,E5039,,Harrow,L,Archives,0,0.0,RO5.xlsx,RO5 LA Data 2009-10 (3),"row 357, column 6",Net Current Expenditure (C7 = C3 - C6)
2009/10,E5039,,Harrow,L,Arts development and support,973,973000.0,RO5.xlsx,RO5 LA Data 2009-10 (3),"row 357, column 10",Net Current Expenditure (C7 = C3 - C6)
2009/10,E5039,,Harrow,L,Heritage,170,170000.0,RO5.xlsx,RO5 LA Data 2009-10 (3),"row 357, column 14",Net Current Expenditure (C7 = C3 - C6)
2009/10,E5039,,Harrow,L,Museums and galleries,173,173000.0,RO5.xlsx,RO5 LA Data 2009-10 (3),"row 357, column 18",Net Current Expenditure (C7 = C3 - C6)
2009/10,E5039,,Harrow,L,Theatres and public entertainment,0,0.0,RO5.xlsx,RO5 LA Data 2009-10 (3),"row 357, column 22",Net Current Expenditure (C7 = C3 - C6)
2009/10,E5039,,Harrow,L,Library service,5374,5374000.0,RO5.xlsx,RO5 LA Data 2009-10 (3),"row 357, column 50",Net Current Expenditure (C7 = C3 - C6)
2009/10,E5040,,Havering,L,Archives,0,0.0,RO5.xlsx,RO5 LA Data 2009-10 (3),"row 358, column 6",Net Current Expenditure (C7 = C3 - C6)
2009/10,E5040,,Havering,L,Arts development and support,461,461000.0,RO5.xlsx,RO5 LA Data 2009-10 (3),"row 358, column 10",Net Current Expenditure (C7 = C3 - C6)
2009/10,E5040,,Havering,L,Heritage,74,74000.0,RO5.xlsx,RO5 LA Data 2009-10 (3),"row 358, column 14",Net Current Expenditure (C7 = C3 - C6)
2009/10,E5040,,Havering,L,Museums and galleries,11,11000.0,RO5.xlsx,RO5 LA Data 2009-10 (3),"row 358, column 18",Net Current Expenditure (C7 = C3 - C6)
2009/10,E5040,,Havering,L,Theatres and public entertainment,528,528000.0,RO5.xlsx,RO5 LA Data 2009-10 (3),"row 358, column 22",Net Current Expenditure (C7 = C3 - C6)
2009/10,E5040,,Havering,L,Library service,3420,3420000.0,RO5.xlsx,RO5 LA Data 2009-10 (3),"row 358, column 50",Net Current Expenditure (C7 = C3 - C6)
2009/10,E5041,,Hillingdon,L,Archives,0,0.0,RO5.xlsx,RO5 LA Data 2009-10 (3),"row 359, column 6",Net Current Expenditure (C7 = C3 - C6)
2009/10,E5041,,Hillingdon,L,Arts development and support,773,773000.0,RO5.xlsx,RO5 LA Data 2009-10 (3),"row 359, column 10",Net Current Expenditure (C7 = C3 - C6)
2009/10,E5041,,Hillingdon,L,Heritage,127,127000.0,RO5.xlsx,RO5 LA Data 2009-10 (3),"row 359, column 14",Net Current Expenditure (C7 = C3 - C6)
2009/10,E5041,,Hillingdon,L,Museums and galleries,0,0.0,RO5.xlsx,RO5 LA Data 2009-10 (3),"row 359, column 18",Net Current Expenditure (C7 = C3 - C6)
2009/10,E5041,,Hillingdon,L,Theatres and public entertainment,449,449000.0,RO5.xlsx,RO5 LA Data 2009-10 (3),"row 359, column 22",Net Current Expenditure (C7 = C3 - C6)
2009/10,E5041,,Hillingdon,L,Library service,5907,5907000.0,RO5.xlsx,RO5 LA Data 2009-10 (3),"row 359, column 50",Net Current Expenditure (C7 = C3 - C6)
2009/10,E5042,,Hounslow,L,Archives,0,0.0,RO5.xlsx,RO5 LA Data 2009-10 (3),"row 360, column 6",Net Current Expenditure (C7 = C3 - C6)
2009/10,E5042,,Hounslow,L,Arts development and support,0,0.0,RO5.xlsx,RO5 LA Data 2009-10 (3),"row 360, column 10",Net Current Expenditure (C7 = C3 - C6)
2009/10,E5042,,Hounslow,L,Heritage,0,0.0,RO5.xlsx,RO5 LA Data 2009-10 (3),"row 360, column 14",Net Current Expenditure (C7 = C3 - C6)
2009/10,E5042,,Hounslow,L,Museums and galleries,146,146000.0,RO5.xlsx,RO5 LA Data 2009-10 (3),"row 360, column 18",Net Current Expenditure (C7 = C3 - C6)
2009/10,E5042,,Hounslow,L,Theatres and public entertainment,174,174000.0,RO5.xlsx,RO5 LA Data 2009-10 (3),"row 360, column 22",Net Current Expenditure (C7 = C3 - C6)
2009/10,E5042,,Hounslow,L,Library service,7245,7245000.0,RO5.xlsx,RO5 LA Data 2009-10 (3),"row 360, column 50",Net Current Expenditure (C7 = C3 - C6)
2009/10,E5043,,Kingston upon Thames,L,Archives,0,0.0,RO5.xlsx,RO5 LA Data 2009-10 (3),"row 361, column 6",Net Current Expenditure (C7 = C3 - C6)
2009/10,E5043,,Kingston upon Thames,L,Arts development and support,275,275000.0,RO5.xlsx,RO5 LA Data 2009-10 (3),"row 361, column 10",Net Current Expenditure (C7 = C3 - C6)
2009/10,E5043,,Kingston upon Thames,L,Heritage,1,1000.0,RO5.xlsx,RO5 LA Data 2009-10 (3),"row 361, column 14",Net Current Expenditure (C7 = C3 - C6)
2009/10,E5043,,Kingston upon Thames,L,Museums and galleries,395,395000.0,RO5.xlsx,RO5 LA Data 2009-10 (3),"row 361, column 18",Net Current Expenditure (C7 = C3 - C6)
2009/10,E5043,,Kingston upon Thames,L,Theatres and public entertainment,687,687000.0,RO5.xlsx,RO5 LA Data 2009-10 (3),"row 361, column 22",Net Current Expenditure (C7 = C3 - C6)
2009/10,E5043,,Kingston upon Thames,L,Library service,3262,3262000.0,RO5.xlsx,RO5 LA Data 2009-10 (3),"row 361, column 50",Net Current Expenditure (C7 = C3 - C6)
2009/10,E5044,,Merton,L,Archives,0,0.0,RO5.xlsx,RO5 LA Data 2009-10 (3),"row 362, column 6",Net Current Expenditure (C7 = C3 - C6)
2009/10,E5044,,Merton,L,Arts development and support,395,395000.0,RO5.xlsx,RO5 LA Data 2009-10 (3),"row 362, column 10",Net Current Expenditure (C7 = C3 - C6)
2009/10,E5044,,Merton,L,Heritage,0,0.0,RO5.xlsx,RO5 LA Data 2009-10 (3),"row 362, column 14",Net Current Expenditure (C7 = C3 - C6)
2009/10,E5044,,Merton,L,Museums and galleries,0,0.0,RO5.xlsx,RO5 LA Data 2009-10 (3),"row 362, column 18",Net Current Expenditure (C7 = C3 - C6)
2009/10,E5044,,Merton,L,Theatres and public entertainment,0,0.0,RO5.xlsx,RO5 LA Data 2009-10 (3),"row 362, column 22",Net Current Expenditure (C7 = C3 - C6)
2009/10,E5044,,Merton,L,Library service,2725,2725000.0,RO5.xlsx,RO5 LA Data 2009-10 (3),"row 362, column 50",Net Current Expenditure (C7 = C3 - C6)
2009/10,E5045,,Newham,L,Archives,0,0.0,RO5.xlsx,RO5 LA Data 2009-10 (3),"row 363, column 6",Net Current Expenditure (C7 = C3 - C6)
2009/10,E5045,,Newham,L,Arts development and support,0,0.0,RO5.xlsx,RO5 LA Data 2009-10 (3),"row 363, column 10",Net Current Expenditure (C7 = C3 - C6)
2009/10,E5045,,Newham,L,Heritage,0,0.0,RO5.xlsx,RO5 LA Data 2009-10 (3),"row 363, column 14",Net Current Expenditure (C7 = C3 - C6)
2009/10,E5045,,Newham,L,Museums and galleries,767,767000.0,RO5.xlsx,RO5 LA Data 2009-10 (3),"row 363, column 18",Net Current Expenditure (C7 = C3 - C6)
2009/10,E5045,,Newham,L,Theatres and public entertainment,887,887000.0,RO5.xlsx,RO5 LA Data 2009-10 (3),"row 363, column 22",Net Current Expenditure (C7 = C3 - C6)
2009/10,E5045,,Newham,L,Library service,5582,5582000.0,RO5.xlsx,RO5 LA Data 2009-10 (3),"row 363, column 50",Net Current Expenditure (C7 = C3 - C6)
2009/10,E5046,,Redbridge,L,Archives,193,193000.0,RO5.xlsx,RO5 LA Data 2009-10 (3),"row 364, column 6",Net Current Expenditure (C7 = C3 - C6)
2009/10,E5046,,Redbridge,L,Arts development and support,326,326000.0,RO5.xlsx,RO5 LA Data 2009-10 (3),"row 364, column 10",Net Current Expenditure (C7 = C3 - C6)
2009/10,E5046,,Redbridge,L,Heritage,495,495000.0,RO5.xlsx,RO5 LA Data 2009-10 (3),"row 364, column 14",Net Current Expenditure (C7 = C3 - C6)
2009/10,E5046,,Redbridge,L,Museums and galleries,347,347000.0,RO5.xlsx,RO5 LA Data 2009-10 (3),"row 364, column 18",Net Current Expenditure (C7 = C3 - C6)
2009/10,E5046,,Redbridge,L,Theatres and public entertainment,257,257000.0,RO5.xlsx,RO5 LA Data 2009-10 (3),"row 364, column 22",Net Current Expenditure (C7 = C3 - C6)
2009/10,E5046,,Redbridge,L,Library service,6196,6196000.0,RO5.xlsx,RO5 LA Data 2009-10 (3),"row 364, column 50",Net Current Expenditure (C7 = C3 - C6)
2009/10,E5047,,Richmond upon Thames,L,Archives,0,0.0,RO5.xlsx,RO5 LA Data 2009-10 (3),"row 365, column 6",Net Current Expenditure (C7 = C3 - C6)
2009/10,E5047,,Richmond upon Thames,L,Arts development and support,259,259000.0,RO5.xlsx,RO5 LA Data 2009-10 (3),"row 365, column 10",Net Current Expenditure (C7 = C3 - C6)
2009/10,E5047,,Richmond upon Thames,L,Heritage,0,0.0,RO5.xlsx,RO5 LA Data 2009-10 (3),"row 365, column 14",Net Current Expenditure (C7 = C3 - C6)
2009/10,E5047,,Richmond upon Thames,L,Museums and galleries,480,480000.0,RO5.xlsx,RO5 LA Data 2009-10 (3),"row 365, column 18",Net Current Expenditure (C7 = C3 - C6)
2009/10,E5047,,Richmond upon Thames,L,Theatres and public entertainment,0,0.0,RO5.xlsx,RO5 LA Data 2009-10 (3),"row 365, column 22",Net Current Expenditure (C7 = C3 - C6)
2009/10,E5047,,Richmond upon Thames,L,Library service,5185,5185000.0,RO5.xlsx,RO5 LA Data 2009-10 (3),"row 365, column 50",Net Current Expenditure (C7 = C3 - C6)
2009/10,E5048,,Sutton,L,Archives,0,0.0,RO5.xlsx,RO5 LA Data 2009-10 (3),"row 366, column 6",Net Current Expenditure (C7 = C3 - C6)
2009/10,E5048,,Sutton,L,Arts development and support,634,634000.0,RO5.xlsx,RO5 LA Data 2009-10 (3),"row 366, column 10",Net Current Expenditure (C7 = C3 - C6)
2009/10,E5048,,Sutton,L,Heritage,262,262000.0,RO5.xlsx,RO5 LA Data 2009-10 (3),"row 366, column 14",Net Current Expenditure (C7 = C3 - C6)
2009/10,E5048,,Sutton,L,Museums and galleries,0,0.0,RO5.xlsx,RO5 LA Data 2009-10 (3),"row 366, column 18",Net Current Expenditure (C7 = C3 - C6)
2009/10,E5048,,Sutton,L,Theatres and public entertainment,545,545000.0,RO5.xlsx,RO5 LA Data 2009-10 (3),"row 366, column 22",Net Current Expenditure (C7 = C3 - C6)
2009/10,E5048,,Sutton,L,Library service,4690,4690000.0,RO5.xlsx,RO5 LA Data 2009-10 (3),"row 366, column 50",Net Current Expenditure (C7 = C3 - C6)
2009/10,E5049,,Waltham Forest,L,Archives,0,0.0,RO5.xlsx,RO5 LA Data 2009-10 (3),"row 367, column 6",Net Current Expenditure (C7 = C3 - C6)
2009/10,E5049,,Waltham Forest,L,Arts development and support,201,201000.0,RO5.xlsx,RO5 LA Data 2009-10 (3),"row 367, column 10",Net Current Expenditure (C7 = C3 - C6)
2009/10,E5049,,Waltham Forest,L,Heritage,0,0.0,RO5.xlsx,RO5 LA Data 2009-10 (3),"row 367, column 14",Net Current Expenditure (C7 = C3 - C6)
2009/10,E5049,,Waltham Forest,L,Museums and galleries,622,622000.0,RO5.xlsx,RO5 LA Data 2009-10 (3),"row 367, column 18",Net Current Expenditure (C7 = C3 - C6)
2009/10,E5049,,Waltham Forest,L,Theatres and public entertainment,777,777000.0,RO5.xlsx,RO5 LA Data 2009-10 (3),"row 367, column 22",Net Current Expenditure (C7 = C3 - C6)
2009/10,E5049,,Waltham Forest,L,Library service,4685,4685000.0,RO5.xlsx,RO5 LA Data 2009-10 (3),"row 367, column 50",Net Current Expenditure (C7 = C3 - C6)
2009/10,E5100,,Greater London Authority,O,Archives,0,0.0,RO5.xlsx,RO5 LA Data 2009-10 (3),"row 368, column 6",Net Current Expenditure (C7 = C3 - C6)
2009/10,E5100,,Greater London Authority,O,Arts development and support,3788,3788000.0,RO5.xlsx,RO5 LA Data 2009-10 (3),"row 368, column 10",Net Current Expenditure (C7 = C3 - C6)
2009/10,E5100,,Greater London Authority,O,Heritage,1850,1850000.0,RO5.xlsx,RO5 LA Data 2009-10 (3),"row 368, column 14",Net Current Expenditure (C7 = C3 - C6)
2009/10,E5100,,Greater London Authority,O,Museums and galleries,9512,9512000.0,RO5.xlsx,RO5 LA Data 2009-10 (3),"row 368, column 18",Net Current Expenditure (C7 = C3 - C6)
2009/10,E5100,,Greater London Authority,O,Theatres and public entertainment,0,0.0,RO5.xlsx,RO5 LA Data 2009-10 (3),"row 368, column 22",Net Current Expenditure (C7 = C3 - C6)
2009/10,E5100,,Greater London Authority,O,Library service,3727,3727000.0,RO5.xlsx,RO5 LA Data 2009-10 (3),"row 368, column 50",Net Current Expenditure (C7 = C3 - C6)
2009/10,E6002,,Bedfordshire Police Authority,O,Archives,0,0.0,RO5.xlsx,RO5 LA Data 2009-10 (3),"row 369, column 6",Net Current Expenditure (C7 = C3 - C6)
2009/10,E6002,,Bedfordshire Police Authority,O,Arts development and support,0,0.0,RO5.xlsx,RO5 LA Data 2009-10 (3),"row 369, column 10",Net Current Expenditure (C7 = C3 - C6)
2009/10,E6002,,Bedfordshire Police Authority,O,Heritage,0,0.0,RO5.xlsx,RO5 LA Data 2009-10 (3),"row 369, column 14",Net Current Expenditure (C7 = C3 - C6)
2009/10,E6002,,Bedfordshire Police Authority,O,Museums and galleries,0,0.0,RO5.xlsx,RO5 LA Data 2009-10 (3),"row 369, column 18",Net Current Expenditure (C7 = C3 - C6)
2009/10,E6002,,Bedfordshire Police Authority,O,Theatres and public entertainment,0,0.0,RO5.xlsx,RO5 LA Data 2009-10 (3),"row 369, column 22",Net Current Expenditure (C7 = C3 - C6)
2009/10,E6002,,Bedfordshire Police Authority,O,Library service,0,0.0,RO5.xlsx,RO5 LA Data 2009-10 (3),"row 369, column 50",Net Current Expenditure (C7 = C3 - C6)
2009/10,E6005,,Cambridgeshire Police Authority,O,Archives,0,0.0,RO5.xlsx,RO5 LA Data 2009-10 (3),"row 370, column 6",Net Current Expenditure (C7 = C3 - C6)
2009/10,E6005,,Cambridgeshire Police Authority,O,Arts development and support,0,0.0,RO5.xlsx,RO5 LA Data 2009-10 (3),"row 370, column 10",Net Current Expenditure (C7 = C3 - C6)
2009/10,E6005,,Cambridgeshire Police Authority,O,Heritage,0,0.0,RO5.xlsx,RO5 LA Data 2009-10 (3),"row 370, column 14",Net Current Expenditure (C7 = C3 - C6)
2009/10,E6005,,Cambridgeshire Police Authority,O,Museums and galleries,0,0.0,RO5.xlsx,RO5 LA Data 2009-10 (3),"row 370, column 18",Net Current Expenditure (C7 = C3 - C6)
2009/10,E6005,,Cambridgeshire Police Authority,O,Theatres and public entertainment,0,0.0,RO5.xlsx,RO5 LA Data 2009-10 (3),"row 370, column 22",Net Current Expenditure (C7 = C3 - C6)
2009/10,E6005,,Cambridgeshire Police Authority,O,Library service,0,0.0,RO5.xlsx,RO5 LA Data 2009-10 (3),"row 370, column 50",Net Current Expenditure (C7 = C3 - C6)
2009/10,E6006,,Cheshire Police Authority,O,Archives,0,0.0,RO5.xlsx,RO5 LA Data 2009-10 (3),"row 371, column 6",Net Current Expenditure (C7 = C3 - C6)
2009/10,E6006,,Cheshire Police Authority,O,Arts development and support,0,0.0,RO5.xlsx,RO5 LA Data 2009-10 (3),"row 371, column 10",Net Current Expenditure (C7 = C3 - C6)
2009/10,E6006,,Cheshire Police Authority,O,Heritage,0,0.0,RO5.xlsx,RO5 LA Data 2009-10 (3),"row 371, column 14",Net Current Expenditure (C7 = C3 - C6)
2009/10,E6006,,Cheshire Police Authority,O,Museums and galleries,0,0.0,RO5.xlsx,RO5 LA Data 2009-10 (3),"row 371, column 18",Net Current Expenditure (C7 = C3 - C6)
2009/10,E6006,,Cheshire Police Authority,O,Theatres and public entertainment,0,0.0,RO5.xlsx,RO5 LA Data 2009-10 (3),"row 371, column 22",Net Current Expenditure (C7 = C3 - C6)
2009/10,E6006,,Cheshire Police Authority,O,Library service,0,0.0,RO5.xlsx,RO5 LA Data 2009-10 (3),"row 371, column 50",Net Current Expenditure (C7 = C3 - C6)
2009/10,E6007,,Cleveland Police Authority,O,Archives,0,0.0,RO5.xlsx,RO5 LA Data 2009-10 (3),"row 372, column 6",Net Current Expenditure (C7 = C3 - C6)
2009/10,E6007,,Cleveland Police Authority,O,Arts development and support,0,0.0,RO5.xlsx,RO5 LA Data 2009-10 (3),"row 372, column 10",Net Current Expenditure (C7 = C3 - C6)
2009/10,E6007,,Cleveland Police Authority,O,Heritage,0,0.0,RO5.xlsx,RO5 LA Data 2009-10 (3),"row 372, column 14",Net Current Expenditure (C7 = C3 - C6)
2009/10,E6007,,Cleveland Police Authority,O,Museums and galleries,0,0.0,RO5.xlsx,RO5 LA Data 2009-10 (3),"row 372, column 18",Net Current Expenditure (C7 = C3 - C6)
2009/10,E6007,,Cleveland Police Authority,O,Theatres and public entertainment,0,0.0,RO5.xlsx,RO5 LA Data 2009-10 (3),"row 372, column 22",Net Current Expenditure (C7 = C3 - C6)
2009/10,E6007,,Cleveland Police Authority,O,Library service,0,0.0,RO5.xlsx,RO5 LA Data 2009-10 (3),"row 372, column 50",Net Current Expenditure (C7 = C3 - C6)
2009/10,E6009,,Cumbria Police Authority,O,Archives,0,0.0,RO5.xlsx,RO5 LA Data 2009-10 (3),"row 373, column 6",Net Current Expenditure (C7 = C3 - C6)
2009/10,E6009,,Cumbria Police Authority,O,Arts development and support,0,0.0,RO5.xlsx,RO5 LA Data 2009-10 (3),"row 373, column 10",Net Current Expenditure (C7 = C3 - C6)
2009/10,E6009,,Cumbria Police Authority,O,Heritage,0,0.0,RO5.xlsx,RO5 LA Data 2009-10 (3),"row 373, column 14",Net Current Expenditure (C7 = C3 - C6)
2009/10,E6009,,Cumbria Police Authority,O,Museums and galleries,0,0.0,RO5.xlsx,RO5 LA Data 2009-10 (3),"row 373, column 18",Net Current Expenditure (C7 = C3 - C6)
2009/10,E6009,,Cumbria Police Authority,O,Theatres and public entertainment,0,0.0,RO5.xlsx,RO5 LA Data 2009-10 (3),"row 373, column 22",Net Current Expenditure (C7 = C3 - C6)
2009/10,E6009,,Cumbria Police Authority,O,Library service,0,0.0,RO5.xlsx,RO5 LA Data 2009-10 (3),"row 373, column 50",Net Current Expenditure (C7 = C3 - C6)
2009/10,E6010,,Derbyshire Police Authority,O,Archives,0,0.0,RO5.xlsx,RO5 LA Data 2009-10 (3),"row 374, column 6",Net Current Expenditure (C7 = C3 - C6)
2009/10,E6010,,Derbyshire Police Authority,O,Arts development and support,0,0.0,RO5.xlsx,RO5 LA Data 2009-10 (3),"row 374, column 10",Net Current Expenditure (C7 = C3 - C6)
2009/10,E6010,,Derbyshire Police Authority,O,Heritage,0,0.0,RO5.xlsx,RO5 LA Data 2009-10 (3),"row 374, column 14",Net Current Expenditure (C7 = C3 - C6)
2009/10,E6010,,Derbyshire Police Authority,O,Museums and galleries,0,0.0,RO5.xlsx,RO5 LA Data 2009-10 (3),"row 374, column 18",Net Current Expenditure (C7 = C3 - C6)
2009/10,E6010,,Derbyshire Police Authority,O,Theatres and public entertainment,0,0.0,RO5.xlsx,RO5 LA Data 2009-10 (3),"row 374, column 22",Net Current Expenditure (C7 = C3 - C6)
2009/10,E6010,,Derbyshire Police Authority,O,Library service,0,0.0,RO5.xlsx,RO5 LA Data 2009-10 (3),"row 374, column 50",Net Current Expenditure (C7 = C3 - C6)
2009/10,E6012,,Dorset Police Authority,O,Archives,0,0.0,RO5.xlsx,RO5 LA Data 2009-10 (3),"row 375, column 6",Net Current Expenditure (C7 = C3 - C6)
2009/10,E6012,,Dorset Police Authority,O,Arts development and support,0,0.0,RO5.xlsx,RO5 LA Data 2009-10 (3),"row 375, column 10",Net Current Expenditure (C7 = C3 - C6)
2009/10,E6012,,Dorset Police Authority,O,Heritage,0,0.0,RO5.xlsx,RO5 LA Data 2009-10 (3),"row 375, column 14",Net Current Expenditure (C7 = C3 - C6)
2009/10,E6012,,Dorset Police Authority,O,Museums and galleries,0,0.0,RO5.xlsx,RO5 LA Data 2009-10 (3),"row 375, column 18",Net Current Expenditure (C7 = C3 - C6)
2009/10,E6012,,Dorset Police Authority,O,Theatres and public entertainment,0,0.0,RO5.xlsx,RO5 LA Data 2009-10 (3),"row 375, column 22",Net Current Expenditure (C7 = C3 - C6)
2009/10,E6012,,Dorset Police Authority,O,Library service,0,0.0,RO5.xlsx,RO5 LA Data 2009-10 (3),"row 375, column 50",Net Current Expenditure (C7 = C3 - C6)
2009/10,E6013,,Durham Police Authority,O,Archives,0,0.0,RO5.xlsx,RO5 LA Data 2009-10 (3),"row 376, column 6",Net Current Expenditure (C7 = C3 - C6)
2009/10,E6013,,Durham Police Authority,O,Arts development and support,0,0.0,RO5.xlsx,RO5 LA Data 2009-10 (3),"row 376, column 10",Net Current Expenditure (C7 = C3 - C6)
2009/10,E6013,,Durham Police Authority,O,Heritage,0,0.0,RO5.xlsx,RO5 LA Data 2009-10 (3),"row 376, column 14",Net Current Expenditure (C7 = C3 - C6)
2009/10,E6013,,Durham Police Authority,O,Museums and galleries,0,0.0,RO5.xlsx,RO5 LA Data 2009-10 (3),"row 376, column 18",Net Current Expenditure (C7 = C3 - C6)
2009/10,E6013,,Durham Police Authority,O,Theatres and public entertainment,0,0.0,RO5.xlsx,RO5 LA Data 2009-10 (3),"row 376, column 22",Net Current Expenditure (C7 = C3 - C6)
2009/10,E6013,,Durham Police Authority,O,Library service,0,0.0,RO5.xlsx,RO5 LA Data 2009-10 (3),"row 376, column 50",Net Current Expenditure (C7 = C3 - C6)
2009/10,E6016,,Gloucestershire Police Authority,O,Archives,0,0.0,RO5.xlsx,RO5 LA Data 2009-10 (3),"row 377, column 6",Net Current Expenditure (C7 = C3 - C6)
2009/10,E6016,,Gloucestershire Police Authority,O,Arts development and support,0,0.0,RO5.xlsx,RO5 LA Data 2009-10 (3),"row 377, column 10",Net Current Expenditure (C7 = C3 - C6)
2009/10,E6016,,Gloucestershire Police Authority,O,Heritage,0,0.0,RO5.xlsx,RO5 LA Data 2009-10 (3),"row 377, column 14",Net Current Expenditure (C7 = C3 - C6)
2009/10,E6016,,Gloucestershire Police Authority,O,Museums and galleries,0,0.0,RO5.xlsx,RO5 LA Data 2009-10 (3),"row 377, column 18",Net Current Expenditure (C7 = C3 - C6)
2009/10,E6016,,Gloucestershire Police Authority,O,Theatres and public entertainment,0,0.0,RO5.xlsx,RO5 LA Data 2009-10 (3),"row 377, column 22",Net Current Expenditure (C7 = C3 - C6)
2009/10,E6016,,Gloucestershire Police Authority,O,Library service,0,0.0,RO5.xlsx,RO5 LA Data 2009-10 (3),"row 377, column 50",Net Current Expenditure (C7 = C3 - C6)
2009/10,E6020,,Humberside Police Authority,O,Archives,0,0.0,RO5.xlsx,RO5 LA Data 2009-10 (3),"row 378, column 6",Net Current Expenditure (C7 = C3 - C6)
2009/10,E6020,,Humberside Police Authority,O,Arts development and support,0,0.0,RO5.xlsx,RO5 LA Data 2009-10 (3),"row 378, column 10",Net Current Expenditure (C7 = C3 - C6)
2009/10,E6020,,Humberside Police Authority,O,Heritage,0,0.0,RO5.xlsx,RO5 LA Data 2009-10 (3),"row 378, column 14",Net Current Expenditure (C7 = C3 - C6)
2009/10,E6020,,Humberside Police Authority,O,Museums and galleries,0,0.0,RO5.xlsx,RO5 LA Data 2009-10 (3),"row 378, column 18",Net Current Expenditure (C7 = C3 - C6)
2009/10,E6020,,Humberside Police Authority,O,Theatres and public entertainment,0,0.0,RO5.xlsx,RO5 LA Data 2009-10 (3),"row 378, column 22",Net Current Expenditure (C7 = C3 - C6)
2009/10,E6020,,Humberside Police Authority,O,Library service,0,0.0,RO5.xlsx,RO5 LA Data 2009-10 (3),"row 378, column 50",Net Current Expenditure (C7 = C3 - C6)
2009/10,E6022,,Kent Police Authority,O,Archives,0,0.0,RO5.xlsx,RO5 LA Data 2009-10 (3),"row 379, column 6",Net Current Expenditure (C7 = C3 - C6)
2009/10,E6022,,Kent Police Authority,O,Arts development and support,0,0.0,RO5.xlsx,RO5 LA Data 2009-10 (3),"row 379, column 10",Net Current Expenditure (C7 = C3 - C6)
2009/10,E6022,,Kent Police Authority,O,Heritage,0,0.0,RO5.xlsx,RO5 LA Data 2009-10 (3),"row 379, column 14",Net Current Expenditure (C7 = C3 - C6)
2009/10,E6022,,Kent Police Authority,O,Museums and galleries,0,0.0,RO5.xlsx,RO5 LA Data 2009-10 (3),"row 379, column 18",Net Current Expenditure (C7 = C3 - C6)
2009/10,E6022,,Kent Police Authority,O,Theatres and public entertainment,0,0.0,RO5.xlsx,RO5 LA Data 2009-10 (3),"row 379, column 22",Net Current Expenditure (C7 = C3 - C6)
2009/10,E6022,,Kent Police Authority,O,Library service,0,0.0,RO5.xlsx,RO5 LA Data 2009-10 (3),"row 379, column 50",Net Current Expenditure (C7 = C3 - C6)
2009/10,E6023,,Lancashire Police Authority,O,Archives,0,0.0,RO5.xlsx,RO5 LA Data 2009-10 (3),"row 380, column 6",Net Current Expenditure (C7 = C3 - C6)
2009/10,E6023,,Lancashire Police Authority,O,Arts development and support,0,0.0,RO5.xlsx,RO5 LA Data 2009-10 (3),"row 380, column 10",Net Current Expenditure (C7 = C3 - C6)
2009/10,E6023,,Lancashire Police Authority,O,Heritage,0,0.0,RO5.xlsx,RO5 LA Data 2009-10 (3),"row 380, column 14",Net Current Expenditure (C7 = C3 - C6)
2009/10,E6023,,Lancashire Police Authority,O,Museums and galleries,0,0.0,RO5.xlsx,RO5 LA Data 2009-10 (3),"row 380, column 18",Net Current Expenditure (C7 = C3 - C6)
2009/10,E6023,,Lancashire Police Authority,O,Theatres and public entertainment,0,0.0,RO5.xlsx,RO5 LA Data 2009-10 (3),"row 380, column 22",Net Current Expenditure (C7 = C3 - C6)
2009/10,E6023,,Lancashire Police Authority,O,Library service,0,0.0,RO5.xlsx,RO5 LA Data 2009-10 (3),"row 380, column 50",Net Current Expenditure (C7 = C3 - C6)
2009/10,E6024,,Leicestershire Police Authority,O,Archives,0,0.0,RO5.xlsx,RO5 LA Data 2009-10 (3),"row 381, column 6",Net Current Expenditure (C7 = C3 - C6)
2009/10,E6024,,Leicestershire Police Authority,O,Arts development and support,0,0.0,RO5.xlsx,RO5 LA Data 2009-10 (3),"row 381, column 10",Net Current Expenditure (C7 = C3 - C6)
2009/10,E6024,,Leicestershire Police Authority,O,Heritage,0,0.0,RO5.xlsx,RO5 LA Data 2009-10 (3),"row 381, column 14",Net Current Expenditure (C7 = C3 - C6)
2009/10,E6024,,Leicestershire Police Authority,O,Museums and galleries,0,0.0,RO5.xlsx,RO5 LA Data 2009-10 (3),"row 381, column 18",Net Current Expenditure (C7 = C3 - C6)
2009/10,E6024,,Leicestershire Police Authority,O,Theatres and public entertainment,0,0.0,RO5.xlsx,RO5 LA Data 2009-10 (3),"row 381, column 22",Net Current Expenditure (C7 = C3 - C6)
2009/10,E6024,,Leicestershire Police Authority,O,Library service,0,0.0,RO5.xlsx,RO5 LA Data 2009-10 (3),"row 381, column 50",Net Current Expenditure (C7 = C3 - C6)
2009/10,E6025,,Lincolnshire Police Authority,O,Archives,0,0.0,RO5.xlsx,RO5 LA Data 2009-10 (3),"row 382, column 6",Net Current Expenditure (C7 = C3 - C6)
2009/10,E6025,,Lincolnshire Police Authority,O,Arts development and support,0,0.0,RO5.xlsx,RO5 LA Data 2009-10 (3),"row 382, column 10",Net Current Expenditure (C7 = C3 - C6)
2009/10,E6025,,Lincolnshire Police Authority,O,Heritage,0,0.0,RO5.xlsx,RO5 LA Data 2009-10 (3),"row 382, column 14",Net Current Expenditure (C7 = C3 - C6)
2009/10,E6025,,Lincolnshire Police Authority,O,Museums and galleries,0,0.0,RO5.xlsx,RO5 LA Data 2009-10 (3),"row 382, column 18",Net Current Expenditure (C7 = C3 - C6)
2009/10,E6025,,Lincolnshire Police Authority,O,Theatres and public entertainment,0,0.0,RO5.xlsx,RO5 LA Data 2009-10 (3),"row 382, column 22",Net Current Expenditure (C7 = C3 - C6)
2009/10,E6025,,Lincolnshire Police Authority,O,Library service,0,0.0,RO5.xlsx,RO5 LA Data 2009-10 (3),"row 382, column 50",Net Current Expenditure (C7 = C3 - C6)
2009/10,E6026,,Norfolk Police Authority,O,Archives,0,0.0,RO5.xlsx,RO5 LA Data 2009-10 (3),"row 383, column 6",Net Current Expenditure (C7 = C3 - C6)
2009/10,E6026,,Norfolk Police Authority,O,Arts development and support,0,0.0,RO5.xlsx,RO5 LA Data 2009-10 (3),"row 383, column 10",Net Current Expenditure (C7 = C3 - C6)
2009/10,E6026,,Norfolk Police Authority,O,Heritage,0,0.0,RO5.xlsx,RO5 LA Data 2009-10 (3),"row 383, column 14",Net Current Expenditure (C7 = C3 - C6)
2009/10,E6026,,Norfolk Police Authority,O,Museums and galleries,0,0.0,RO5.xlsx,RO5 LA Data 2009-10 (3),"row 383, column 18",Net Current Expenditure (C7 = C3 - C6)
2009/10,E6026,,Norfolk Police Authority,O,Theatres and public entertainment,0,0.0,RO5.xlsx,RO5 LA Data 2009-10 (3),"row 383, column 22",Net Current Expenditure (C7 = C3 - C6)
2009/10,E6026,,Norfolk Police Authority,O,Library service,0,0.0,RO5.xlsx,RO5 LA Data 2009-10 (3),"row 383, column 50",Net Current Expenditure (C7 = C3 - C6)
2009/10,E6027,,North Yorkshire Police Authority,O,Archives,0,0.0,RO5.xlsx,RO5 LA Data 2009-10 (3),"row 384, column 6",Net Current Expenditure (C7 = C3 - C6)
2009/10,E6027,,North Yorkshire Police Authority,O,Arts development and support,0,0.0,RO5.xlsx,RO5 LA Data 2009-10 (3),"row 384, column 10",Net Current Expenditure (C7 = C3 - C6)
2009/10,E6027,,North Yorkshire Police Authority,O,Heritage,0,0.0,RO5.xlsx,RO5 LA Data 2009-10 (3),"row 384, column 14",Net Current Expenditure (C7 = C3 - C6)
2009/10,E6027,,North Yorkshire Police Authority,O,Museums and galleries,0,0.0,RO5.xlsx,RO5 LA Data 2009-10 (3),"row 384, column 18",Net Current Expenditure (C7 = C3 - C6)
2009/10,E6027,,North Yorkshire Police Authority,O,Theatres and public entertainment,0,0.0,RO5.xlsx,RO5 LA Data 2009-10 (3),"row 384, column 22",Net Current Expenditure (C7 = C3 - C6)
2009/10,E6027,,North Yorkshire Police Authority,O,Library service,0,0.0,RO5.xlsx,RO5 LA Data 2009-10 (3),"row 384, column 50",Net Current Expenditure (C7 = C3 - C6)
2009/10,E6028,,Northamptonshire Police Authority,O,Archives,0,0.0,RO5.xlsx,RO5 LA Data 2009-10 (3),"row 385, column 6",Net Current Expenditure (C7 = C3 - C6)
2009/10,E6028,,Northamptonshire Police Authority,O,Arts development and support,0,0.0,RO5.xlsx,RO5 LA Data 2009-10 (3),"row 385, column 10",Net Current Expenditure (C7 = C3 - C6)
2009/10,E6028,,Northamptonshire Police Authority,O,Heritage,0,0.0,RO5.xlsx,RO5 LA Data 2009-10 (3),"row 385, column 14",Net Current Expenditure (C7 = C3 - C6)
2009/10,E6028,,Northamptonshire Police Authority,O,Museums and galleries,0,0.0,RO5.xlsx,RO5 LA Data 2009-10 (3),"row 385, column 18",Net Current Expenditure (C7 = C3 - C6)
2009/10,E6028,,Northamptonshire Police Authority,O,Theatres and public entertainment,0,0.0,RO5.xlsx,RO5 LA Data 2009-10 (3),"row 385, column 22",Net Current Expenditure (C7 = C3 - C6)
2009/10,E6028,,Northamptonshire Police Authority,O,Library service,0,0.0,RO5.xlsx,RO5 LA Data 2009-10 (3),"row 385, column 50",Net Current Expenditure (C7 = C3 - C6)
2009/10,E6030,,Nottinghamshire Police Authority,O,Archives,0,0.0,RO5.xlsx,RO5 LA Data 2009-10 (3),"row 386, column 6",Net Current Expenditure (C7 = C3 - C6)
2009/10,E6030,,Nottinghamshire Police Authority,O,Arts development and support,0,0.0,RO5.xlsx,RO5 LA Data 2009-10 (3),"row 386, column 10",Net Current Expenditure (C7 = C3 - C6)
2009/10,E6030,,Nottinghamshire Police Authority,O,Heritage,0,0.0,RO5.xlsx,RO5 LA Data 2009-10 (3),"row 386, column 14",Net Current Expenditure (C7 = C3 - C6)
2009/10,E6030,,Nottinghamshire Police Authority,O,Museums and galleries,0,0.0,RO5.xlsx,RO5 LA Data 2009-10 (3),"row 386, column 18",Net Current Expenditure (C7 = C3 - C6)
2009/10,E6030,,Nottinghamshire Police Authority,O,Theatres and public entertainment,0,0.0,RO5.xlsx,RO5 LA Data 2009-10 (3),"row 386, column 22",Net Current Expenditure (C7 = C3 - C6)
2009/10,E6030,,Nottinghamshire Police Authority,O,Library service,0,0.0,RO5.xlsx,RO5 LA Data 2009-10 (3),"row 386, column 50",Net Current Expenditure (C7 = C3 - C6)
2009/10,E6034,,Staffordshire Police Authority,O,Archives,0,0.0,RO5.xlsx,RO5 LA Data 2009-10 (3),"row 387, column 6",Net Current Expenditure (C7 = C3 - C6)
2009/10,E6034,,Staffordshire Police Authority,O,Arts development and support,0,0.0,RO5.xlsx,RO5 LA Data 2009-10 (3),"row 387, column 10",Net Current Expenditure (C7 = C3 - C6)
2009/10,E6034,,Staffordshire Police Authority,O,Heritage,0,0.0,RO5.xlsx,RO5 LA Data 2009-10 (3),"row 387, column 14",Net Current Expenditure (C7 = C3 - C6)
2009/10,E6034,,Staffordshire Police Authority,O,Museums and galleries,0,0.0,RO5.xlsx,RO5 LA Data 2009-10 (3),"row 387, column 18",Net Current Expenditure (C7 = C3 - C6)
2009/10,E6034,,Staffordshire Police Authority,O,Theatres and public entertainment,0,0.0,RO5.xlsx,RO5 LA Data 2009-10 (3),"row 387, column 22",Net Current Expenditure (C7 = C3 - C6)
2009/10,E6034,,Staffordshire Police Authority,O,Library service,0,0.0,RO5.xlsx,RO5 LA Data 2009-10 (3),"row 387, column 50",Net Current Expenditure (C7 = C3 - C6)
2009/10,E6035,,Suffolk Police Authority,O,Archives,0,0.0,RO5.xlsx,RO5 LA Data 2009-10 (3),"row 388, column 6",Net Current Expenditure (C7 = C3 - C6)
2009/10,E6035,,Suffolk Police Authority,O,Arts development and support,0,0.0,RO5.xlsx,RO5 LA Data 2009-10 (3),"row 388, column 10",Net Current Expenditure (C7 = C3 - C6)
2009/10,E6035,,Suffolk Police Authority,O,Heritage,0,0.0,RO5.xlsx,RO5 LA Data 2009-10 (3),"row 388, column 14",Net Current Expenditure (C7 = C3 - C6)
2009/10,E6035,,Suffolk Police Authority,O,Museums and galleries,0,0.0,RO5.xlsx,RO5 LA Data 2009-10 (3),"row 388, column 18",Net Current Expenditure (C7 = C3 - C6)
2009/10,E6035,,Suffolk Police Authority,O,Theatres and public entertainment,0,0.0,RO5.xlsx,RO5 LA Data 2009-10 (3),"row 388, column 22",Net Current Expenditure (C7 = C3 - C6)
2009/10,E6035,,Suffolk Police Authority,O,Library service,0,0.0,RO5.xlsx,RO5 LA Data 2009-10 (3),"row 388, column 50",Net Current Expenditure (C7 = C3 - C6)
2009/10,E6037,,Warwickshire Police Authority,O,Archives,0,0.0,RO5.xlsx,RO5 LA Data 2009-10 (3),"row 389, column 6",Net Current Expenditure (C7 = C3 - C6)
2009/10,E6037,,Warwickshire Police Authority,O,Arts development and support,0,0.0,RO5.xlsx,RO5 LA Data 2009-10 (3),"row 389, column 10",Net Current Expenditure (C7 = C3 - C6)
2009/10,E6037,,Warwickshire Police Authority,O,Heritage,0,0.0,RO5.xlsx,RO5 LA Data 2009-10 (3),"row 389, column 14",Net Current Expenditure (C7 = C3 - C6)
2009/10,E6037,,Warwickshire Police Authority,O,Museums and galleries,0,0.0,RO5.xlsx,RO5 LA Data 2009-10 (3),"row 389, column 18",Net Current Expenditure (C7 = C3 - C6)
2009/10,E6037,,Warwickshire Police Authority,O,Theatres and public entertainment,0,0.0,RO5.xlsx,RO5 LA Data 2009-10 (3),"row 389, column 22",Net Current Expenditure (C7 = C3 - C6)
2009/10,E6037,,Warwickshire Police Authority,O,Library service,0,0.0,RO5.xlsx,RO5 LA Data 2009-10 (3),"row 389, column 50",Net Current Expenditure (C7 = C3 - C6)
2009/10,E6039,,Wiltshire Police Authority,O,Archives,0,0.0,RO5.xlsx,RO5 LA Data 2009-10 (3),"row 390, column 6",Net Current Expenditure (C7 = C3 - C6)
2009/10,E6039,,Wiltshire Police Authority,O,Arts development and support,0,0.0,RO5.xlsx,RO5 LA Data 2009-10 (3),"row 390, column 10",Net Current Expenditure (C7 = C3 - C6)
2009/10,E6039,,Wiltshire Police Authority,O,Heritage,0,0.0,RO5.xlsx,RO5 LA Data 2009-10 (3),"row 390, column 14",Net Current Expenditure (C7 = C3 - C6)
2009/10,E6039,,Wiltshire Police Authority,O,Museums and galleries,0,0.0,RO5.xlsx,RO5 LA Data 2009-10 (3),"row 390, column 18",Net Current Expenditure (C7 = C3 - C6)
2009/10,E6039,,Wiltshire Police Authority,O,Theatres and public entertainment,0,0.0,RO5.xlsx,RO5 LA Data 2009-10 (3),"row 390, column 22",Net Current Expenditure (C7 = C3 - C6)
2009/10,E6039,,Wiltshire Police Authority,O,Library service,0,0.0,RO5.xlsx,RO5 LA Data 2009-10 (3),"row 390, column 50",Net Current Expenditure (C7 = C3 - C6)
2009/10,E6042,,Greater Manchester Police Authority,O,Archives,0,0.0,RO5.xlsx,RO5 LA Data 2009-10 (3),"row 391, column 6",Net Current Expenditure (C7 = C3 - C6)
2009/10,E6042,,Greater Manchester Police Authority,O,Arts development and support,0,0.0,RO5.xlsx,RO5 LA Data 2009-10 (3),"row 391, column 10",Net Current Expenditure (C7 = C3 - C6)
2009/10,E6042,,Greater Manchester Police Authority,O,Heritage,0,0.0,RO5.xlsx,RO5 LA Data 2009-10 (3),"row 391, column 14",Net Current Expenditure (C7 = C3 - C6)
2009/10,E6042,,Greater Manchester Police Authority,O,Museums and galleries,0,0.0,RO5.xlsx,RO5 LA Data 2009-10 (3),"row 391, column 18",Net Current Expenditure (C7 = C3 - C6)
2009/10,E6042,,Greater Manchester Police Authority,O,Theatres and public entertainment,0,0.0,RO5.xlsx,RO5 LA Data 2009-10 (3),"row 391, column 22",Net Current Expenditure (C7 = C3 - C6)
2009/10,E6042,,Greater Manchester Police Authority,O,Library service,0,0.0,RO5.xlsx,RO5 LA Data 2009-10 (3),"row 391, column 50",Net Current Expenditure (C7 = C3 - C6)
2009/10,E6043,,Merseyside Police Authority,O,Archives,0,0.0,RO5.xlsx,RO5 LA Data 2009-10 (3),"row 392, column 6",Net Current Expenditure (C7 = C3 - C6)
2009/10,E6043,,Merseyside Police Authority,O,Arts development and support,0,0.0,RO5.xlsx,RO5 LA Data 2009-10 (3),"row 392, column 10",Net Current Expenditure (C7 = C3 - C6)
2009/10,E6043,,Merseyside Police Authority,O,Heritage,0,0.0,RO5.xlsx,RO5 LA Data 2009-10 (3),"row 392, column 14",Net Current Expenditure (C7 = C3 - C6)
2009/10,E6043,,Merseyside Police Authority,O,Museums and galleries,0,0.0,RO5.xlsx,RO5 LA Data 2009-10 (3),"row 392, column 18",Net Current Expenditure (C7 = C3 - C6)
2009/10,E6043,,Merseyside Police Authority,O,Theatres and public entertainment,0,0.0,RO5.xlsx,RO5 LA Data 2009-10 (3),"row 392, column 22",Net Current Expenditure (C7 = C3 - C6)
2009/10,E6043,,Merseyside Police Authority,O,Library service,0,0.0,RO5.xlsx,RO5 LA Data 2009-10 (3),"row 392, column 50",Net Current Expenditure (C7 = C3 - C6)
2009/10,E6044,,South Yorkshire Police Authority,O,Archives,0,0.0,RO5.xlsx,RO5 LA Data 2009-10 (3),"row 393, column 6",Net Current Expenditure (C7 = C3 - C6)
2009/10,E6044,,South Yorkshire Police Authority,O,Arts development and support,0,0.0,RO5.xlsx,RO5 LA Data 2009-10 (3),"row 393, column 10",Net Current Expenditure (C7 = C3 - C6)
2009/10,E6044,,South Yorkshire Police Authority,O,Heritage,0,0.0,RO5.xlsx,RO5 LA Data 2009-10 (3),"row 393, column 14",Net Current Expenditure (C7 = C3 - C6)
2009/10,E6044,,South Yorkshire Police Authority,O,Museums and galleries,0,0.0,RO5.xlsx,RO5 LA Data 2009-10 (3),"row 393, column 18",Net Current Expenditure (C7 = C3 - C6)
2009/10,E6044,,South Yorkshire Police Authority,O,Theatres and public entertainment,0,0.0,RO5.xlsx,RO5 LA Data 2009-10 (3),"row 393, column 22",Net Current Expenditure (C7 = C3 - C6)
2009/10,E6044,,South Yorkshire Police Authority,O,Library service,0,0.0,RO5.xlsx,RO5 LA Data 2009-10 (3),"row 393, column 50",Net Current Expenditure (C7 = C3 - C6)
2009/10,E6045,,Northumbria Police Authority,O,Archives,0,0.0,RO5.xlsx,RO5 LA Data 2009-10 (3),"row 394, column 6",Net Current Expenditure (C7 = C3 - C6)
2009/10,E6045,,Northumbria Police Authority,O,Arts development and support,0,0.0,RO5.xlsx,RO5 LA Data 2009-10 (3),"row 394, column 10",Net Current Expenditure (C7 = C3 - C6)
2009/10,E6045,,Northumbria Police Authority,O,Heritage,0,0.0,RO5.xlsx,RO5 LA Data 2009-10 (3),"row 394, column 14",Net Current Expenditure (C7 = C3 - C6)
2009/10,E6045,,Northumbria Police Authority,O,Museums and galleries,0,0.0,RO5.xlsx,RO5 LA Data 2009-10 (3),"row 394, column 18",Net Current Expenditure (C7 = C3 - C6)
2009/10,E6045,,Northumbria Police Authority,O,Theatres and public entertainment,0,0.0,RO5.xlsx,RO5 LA Data 2009-10 (3),"row 394, column 22",Net Current Expenditure (C7 = C3 - C6)
2009/10,E6045,,Northumbria Police Authority,O,Library service,0,0.0,RO5.xlsx,RO5 LA Data 2009-10 (3),"row 394, column 50",Net Current Expenditure (C7 = C3 - C6)
2009/10,E6046,,West Midlands Police Authority,O,Archives,0,0.0,RO5.xlsx,RO5 LA Data 2009-10 (3),"row 395, column 6",Net Current Expenditure (C7 = C3 - C6)
2009/10,E6046,,West Midlands Police Authority,O,Arts development and support,0,0.0,RO5.xlsx,RO5 LA Data 2009-10 (3),"row 395, column 10",Net Current Expenditure (C7 = C3 - C6)
2009/10,E6046,,West Midlands Police Authority,O,Heritage,0,0.0,RO5.xlsx,RO5 LA Data 2009-10 (3),"row 395, column 14",Net Current Expenditure (C7 = C3 - C6)
2009/10,E6046,,West Midlands Police Authority,O,Museums and galleries,0,0.0,RO5.xlsx,RO5 LA Data 2009-10 (3),"row 395, column 18",Net Current Expenditure (C7 = C3 - C6)
2009/10,E6046,,West Midlands Police Authority,O,Theatres and public entertainment,0,0.0,RO5.xlsx,RO5 LA Data 2009-10 (3),"row 395, column 22",Net Current Expenditure (C7 = C3 - C6)
2009/10,E6046,,West Midlands Police Authority,O,Library service,0,0.0,RO5.xlsx,RO5 LA Data 2009-10 (3),"row 395, column 50",Net Current Expenditure (C7 = C3 - C6)
2009/10,E6047,,West Yorkshire Police Authority,O,Archives,0,0.0,RO5.xlsx,RO5 LA Data 2009-10 (3),"row 396, column 6",Net Current Expenditure (C7 = C3 - C6)
2009/10,E6047,,West Yorkshire Police Authority,O,Arts development and support,0,0.0,RO5.xlsx,RO5 LA Data 2009-10 (3),"row 396, column 10",Net Current Expenditure (C7 = C3 - C6)
2009/10,E6047,,West Yorkshire Police Authority,O,Heritage,0,0.0,RO5.xlsx,RO5 LA Data 2009-10 (3),"row 396, column 14",Net Current Expenditure (C7 = C3 - C6)
2009/10,E6047,,West Yorkshire Police Authority,O,Museums and galleries,0,0.0,RO5.xlsx,RO5 LA Data 2009-10 (3),"row 396, column 18",Net Current Expenditure (C7 = C3 - C6)
2009/10,E6047,,West Yorkshire Police Authority,O,Theatres and public entertainment,0,0.0,RO5.xlsx,RO5 LA Data 2009-10 (3),"row 396, column 22",Net Current Expenditure (C7 = C3 - C6)
2009/10,E6047,,West Yorkshire Police Authority,O,Library service,0,0.0,RO5.xlsx,RO5 LA Data 2009-10 (3),"row 396, column 50",Net Current Expenditure (C7 = C3 - C6)
2009/10,E6050,,Avon & Somerset Police Authority,O,Archives,0,0.0,RO5.xlsx,RO5 LA Data 2009-10 (3),"row 397, column 6",Net Current Expenditure (C7 = C3 - C6)
2009/10,E6050,,Avon & Somerset Police Authority,O,Arts development and support,0,0.0,RO5.xlsx,RO5 LA Data 2009-10 (3),"row 397, column 10",Net Current Expenditure (C7 = C3 - C6)
2009/10,E6050,,Avon & Somerset Police Authority,O,Heritage,0,0.0,RO5.xlsx,RO5 LA Data 2009-10 (3),"row 397, column 14",Net Current Expenditure (C7 = C3 - C6)
2009/10,E6050,,Avon & Somerset Police Authority,O,Museums and galleries,0,0.0,RO5.xlsx,RO5 LA Data 2009-10 (3),"row 397, column 18",Net Current Expenditure (C7 = C3 - C6)
2009/10,E6050,,Avon & Somerset Police Authority,O,Theatres and public entertainment,0,0.0,RO5.xlsx,RO5 LA Data 2009-10 (3),"row 397, column 22",Net Current Expenditure (C7 = C3 - C6)
2009/10,E6050,,Avon & Somerset Police Authority,O,Library service,0,0.0,RO5.xlsx,RO5 LA Data 2009-10 (3),"row 397, column 50",Net Current Expenditure (C7 = C3 - C6)
2009/10,E6051,,Devon & Cornwall Police Authority,O,Archives,0,0.0,RO5.xlsx,RO5 LA Data 2009-10 (3),"row 398, column 6",Net Current Expenditure (C7 = C3 - C6)
2009/10,E6051,,Devon & Cornwall Police Authority,O,Arts development and support,0,0.0,RO5.xlsx,RO5 LA Data 2009-10 (3),"row 398, column 10",Net Current Expenditure (C7 = C3 - C6)
2009/10,E6051,,Devon & Cornwall Police Authority,O,Heritage,0,0.0,RO5.xlsx,RO5 LA Data 2009-10 (3),"row 398, column 14",Net Current Expenditure (C7 = C3 - C6)
2009/10,E6051,,Devon & Cornwall Police Authority,O,Museums and galleries,0,0.0,RO5.xlsx,RO5 LA Data 2009-10 (3),"row 398, column 18",Net Current Expenditure (C7 = C3 - C6)
2009/10,E6051,,Devon & Cornwall Police Authority,O,Theatres and public entertainment,0,0.0,RO5.xlsx,RO5 LA Data 2009-10 (3),"row 398, column 22",Net Current Expenditure (C7 = C3 - C6)
2009/10,E6051,,Devon & Cornwall Police Authority,O,Library service,0,0.0,RO5.xlsx,RO5 LA Data 2009-10 (3),"row 398, column 50",Net Current Expenditure (C7 = C3 - C6)
2009/10,E6052,,Hampshire Police Authority,O,Archives,0,0.0,RO5.xlsx,RO5 LA Data 2009-10 (3),"row 399, column 6",Net Current Expenditure (C7 = C3 - C6)
2009/10,E6052,,Hampshire Police Authority,O,Arts development and support,0,0.0,RO5.xlsx,RO5 LA Data 2009-10 (3),"row 399, column 10",Net Current Expenditure (C7 = C3 - C6)
2009/10,E6052,,Hampshire Police Authority,O,Heritage,0,0.0,RO5.xlsx,RO5 LA Data 2009-10 (3),"row 399, column 14",Net Current Expenditure (C7 = C3 - C6)
2009/10,E6052,,Hampshire Police Authority,O,Museums and galleries,0,0.0,RO5.xlsx,RO5 LA Data 2009-10 (3),"row 399, column 18",Net Current Expenditure (C7 = C3 - C6)
2009/10,E6052,,Hampshire Police Authority,O,Theatres and public entertainment,0,0.0,RO5.xlsx,RO5 LA Data 2009-10 (3),"row 399, column 22",Net Current Expenditure (C7 = C3 - C6)
2009/10,E6052,,Hampshire Police Authority,O,Library service,0,0.0,RO5.xlsx,RO5 LA Data 2009-10 (3),"row 399, column 50",Net Current Expenditure (C7 = C3 - C6)
2009/10,E6053,,Sussex Police Authority,O,Archives,0,0.0,RO5.xlsx,RO5 LA Data 2009-10 (3),"row 400, column 6",Net Current Expenditure (C7 = C3 - C6)
2009/10,E6053,,Sussex Police Authority,O,Arts development and support,0,0.0,RO5.xlsx,RO5 LA Data 2009-10 (3),"row 400, column 10",Net Current Expenditure (C7 = C3 - C6)
2009/10,E6053,,Sussex Police Authority,O,Heritage,0,0.0,RO5.xlsx,RO5 LA Data 2009-10 (3),"row 400, column 14",Net Current Expenditure (C7 = C3 - C6)
2009/10,E6053,,Sussex Police Authority,O,Museums and galleries,0,0.0,RO5.xlsx,RO5 LA Data 2009-10 (3),"row 400, column 18",Net Current Expenditure (C7 = C3 - C6)
2009/10,E6053,,Sussex Police Authority,O,Theatres and public entertainment,0,0.0,RO5.xlsx,RO5 LA Data 2009-10 (3),"row 400, column 22",Net Current Expenditure (C7 = C3 - C6)
2009/10,E6053,,Sussex Police Authority,O,Library service,0,0.0,RO5.xlsx,RO5 LA Data 2009-10 (3),"row 400, column 50",Net Current Expenditure (C7 = C3 - C6)
2009/10,E6054,,Thames Valley Police Authority,O,Archives,0,0.0,RO5.xlsx,RO5 LA Data 2009-10 (3),"row 401, column 6",Net Current Expenditure (C7 = C3 - C6)
2009/10,E6054,,Thames Valley Police Authority,O,Arts development and support,0,0.0,RO5.xlsx,RO5 LA Data 2009-10 (3),"row 401, column 10",Net Current Expenditure (C7 = C3 - C6)
2009/10,E6054,,Thames Valley Police Authority,O,Heritage,0,0.0,RO5.xlsx,RO5 LA Data 2009-10 (3),"row 401, column 14",Net Current Expenditure (C7 = C3 - C6)
2009/10,E6054,,Thames Valley Police Authority,O,Museums and galleries,0,0.0,RO5.xlsx,RO5 LA Data 2009-10 (3),"row 401, column 18",Net Current Expenditure (C7 = C3 - C6)
2009/10,E6054,,Thames Valley Police Authority,O,Theatres and public entertainment,0,0.0,RO5.xlsx,RO5 LA Data 2009-10 (3),"row 401, column 22",Net Current Expenditure (C7 = C3 - C6)
2009/10,E6054,,Thames Valley Police Authority,O,Library service,0,0.0,RO5.xlsx,RO5 LA Data 2009-10 (3),"row 401, column 50",Net Current Expenditure (C7 = C3 - C6)
2009/10,E6055,,West Mercia Police Authority,O,Archives,0,0.0,RO5.xlsx,RO5 LA Data 2009-10 (3),"row 402, column 6",Net Current Expenditure (C7 = C3 - C6)
2009/10,E6055,,West Mercia Police Authority,O,Arts development and support,0,0.0,RO5.xlsx,RO5 LA Data 2009-10 (3),"row 402, column 10",Net Current Expenditure (C7 = C3 - C6)
2009/10,E6055,,West Mercia Police Authority,O,Heritage,0,0.0,RO5.xlsx,RO5 LA Data 2009-10 (3),"row 402, column 14",Net Current Expenditure (C7 = C3 - C6)
2009/10,E6055,,West Mercia Police Authority,O,Museums and galleries,0,0.0,RO5.xlsx,RO5 LA Data 2009-10 (3),"row 402, column 18",Net Current Expenditure (C7 = C3 - C6)
2009/10,E6055,,West Mercia Police Authority,O,Theatres and public entertainment,0,0.0,RO5.xlsx,RO5 LA Data 2009-10 (3),"row 402, column 22",Net Current Expenditure (C7 = C3 - C6)
2009/10,E6055,,West Mercia Police Authority,O,Library service,0,0.0,RO5.xlsx,RO5 LA Data 2009-10 (3),"row 402, column 50",Net Current Expenditure (C7 = C3 - C6)
2009/10,E6071,,Essex Police Authority (new),O,Archives,0,0.0,RO5.xlsx,RO5 LA Data 2009-10 (3),"row 403, column 6",Net Current Expenditure (C7 = C3 - C6)
2009/10,E6071,,Essex Police Authority (new),O,Arts development and support,0,0.0,RO5.xlsx,RO5 LA Data 2009-10 (3),"row 403, column 10",Net Current Expenditure (C7 = C3 - C6)
2009/10,E6071,,Essex Police Authority (new),O,Heritage,0,0.0,RO5.xlsx,RO5 LA Data 2009-10 (3),"row 403, column 14",Net Current Expenditure (C7 = C3 - C6)
2009/10,E6071,,Essex Police Authority (new),O,Museums and galleries,0,0.0,RO5.xlsx,RO5 LA Data 2009-10 (3),"row 403, column 18",Net Current Expenditure (C7 = C3 - C6)
2009/10,E6071,,Essex Police Authority (new),O,Theatres and public entertainment,0,0.0,RO5.xlsx,RO5 LA Data 2009-10 (3),"row 403, column 22",Net Current Expenditure (C7 = C3 - C6)
2009/10,E6071,,Essex Police Authority (new),O,Library service,0,0.0,RO5.xlsx,RO5 LA Data 2009-10 (3),"row 403, column 50",Net Current Expenditure (C7 = C3 - C6)
2009/10,E6072,,Hertfordshire Police Authority (new),O,Archives,0,0.0,RO5.xlsx,RO5 LA Data 2009-10 (3),"row 404, column 6",Net Current Expenditure (C7 = C3 - C6)
2009/10,E6072,,Hertfordshire Police Authority (new),O,Arts development and support,0,0.0,RO5.xlsx,RO5 LA Data 2009-10 (3),"row 404, column 10",Net Current Expenditure (C7 = C3 - C6)
2009/10,E6072,,Hertfordshire Police Authority (new),O,Heritage,0,0.0,RO5.xlsx,RO5 LA Data 2009-10 (3),"row 404, column 14",Net Current Expenditure (C7 = C3 - C6)
2009/10,E6072,,Hertfordshire Police Authority (new),O,Museums and galleries,0,0.0,RO5.xlsx,RO5 LA Data 2009-10 (3),"row 404, column 18",Net Current Expenditure (C7 = C3 - C6)
2009/10,E6072,,Hertfordshire Police Authority (new),O,Theatres and public entertainment,0,0.0,RO5.xlsx,RO5 LA Data 2009-10 (3),"row 404, column 22",Net Current Expenditure (C7 = C3 - C6)
2009/10,E6072,,Hertfordshire Police Authority (new),O,Library service,0,0.0,RO5.xlsx,RO5 LA Data 2009-10 (3),"row 404, column 50",Net Current Expenditure (C7 = C3 - C6)
2009/10,E6073,,Surrey Police Authority (new),O,Archives,0,0.0,RO5.xlsx,RO5 LA Data 2009-10 (3),"row 405, column 6",Net Current Expenditure (C7 = C3 - C6)
2009/10,E6073,,Surrey Police Authority (new),O,Arts development and support,0,0.0,RO5.xlsx,RO5 LA Data 2009-10 (3),"row 405, column 10",Net Current Expenditure (C7 = C3 - C6)
2009/10,E6073,,Surrey Police Authority (new),O,Heritage,0,0.0,RO5.xlsx,RO5 LA Data 2009-10 (3),"row 405, column 14",Net Current Expenditure (C7 = C3 - C6)
2009/10,E6073,,Surrey Police Authority (new),O,Museums and galleries,0,0.0,RO5.xlsx,RO5 LA Data 2009-10 (3),"row 405, column 18",Net Current Expenditure (C7 = C3 - C6)
2009/10,E6073,,Surrey Police Authority (new),O,Theatres and public entertainment,0,0.0,RO5.xlsx,RO5 LA Data 2009-10 (3),"row 405, column 22",Net Current Expenditure (C7 = C3 - C6)
2009/10,E6073,,Surrey Police Authority (new),O,Library service,0,0.0,RO5.xlsx,RO5 LA Data 2009-10 (3),"row 405, column 50",Net Current Expenditure (C7 = C3 - C6)
2009/10,E6101,,Avon Combined Fire Authority,O,Archives,0,0.0,RO5.xlsx,RO5 LA Data 2009-10 (3),"row 406, column 6",Net Current Expenditure (C7 = C3 - C6)
2009/10,E6101,,Avon Combined Fire Authority,O,Arts development and support,0,0.0,RO5.xlsx,RO5 LA Data 2009-10 (3),"row 406, column 10",Net Current Expenditure (C7 = C3 - C6)
2009/10,E6101,,Avon Combined Fire Authority,O,Heritage,0,0.0,RO5.xlsx,RO5 LA Data 2009-10 (3),"row 406, column 14",Net Current Expenditure (C7 = C3 - C6)
2009/10,E6101,,Avon Combined Fire Authority,O,Museums and galleries,0,0.0,RO5.xlsx,RO5 LA Data 2009-10 (3),"row 406, column 18",Net Current Expenditure (C7 = C3 - C6)
2009/10,E6101,,Avon Combined Fire Authority,O,Theatres and public entertainment,0,0.0,RO5.xlsx,RO5 LA Data 2009-10 (3),"row 406, column 22",Net Current Expenditure (C7 = C3 - C6)
2009/10,E6101,,Avon Combined Fire Authority,O,Library service,0,0.0,RO5.xlsx,RO5 LA Data 2009-10 (3),"row 406, column 50",Net Current Expenditure (C7 = C3 - C6)
2009/10,E6102,,Bedfordshire Combined Fire Authority,O,Archives,0,0.0,RO5.xlsx,RO5 LA Data 2009-10 (3),"row 407, column 6",Net Current Expenditure (C7 = C3 - C6)
2009/10,E6102,,Bedfordshire Combined Fire Authority,O,Arts development and support,0,0.0,RO5.xlsx,RO5 LA Data 2009-10 (3),"row 407, column 10",Net Current Expenditure (C7 = C3 - C6)
2009/10,E6102,,Bedfordshire Combined Fire Authority,O,Heritage,0,0.0,RO5.xlsx,RO5 LA Data 2009-10 (3),"row 407, column 14",Net Current Expenditure (C7 = C3 - C6)
2009/10,E6102,,Bedfordshire Combined Fire Authority,O,Museums and galleries,0,0.0,RO5.xlsx,RO5 LA Data 2009-10 (3),"row 407, column 18",Net Current Expenditure (C7 = C3 - C6)
2009/10,E6102,,Bedfordshire Combined Fire Authority,O,Theatres and public entertainment,0,0.0,RO5.xlsx,RO5 LA Data 2009-10 (3),"row 407, column 22",Net Current Expenditure (C7 = C3 - C6)
2009/10,E6102,,Bedfordshire Combined Fire Authority,O,Library service,0,0.0,RO5.xlsx,RO5 LA Data 2009-10 (3),"row 407, column 50",Net Current Expenditure (C7 = C3 - C6)
2009/10,E6103,,Berkshire Combined Fire Authority,O,Archives,0,0.0,RO5.xlsx,RO5 LA Data 2009-10 (3),"row 408, column 6",Net Current Expenditure (C7 = C3 - C6)
2009/10,E6103,,Berkshire Combined Fire Authority,O,Arts development and support,0,0.0,RO5.xlsx,RO5 LA Data 2009-10 (3),"row 408, column 10",Net Current Expenditure (C7 = C3 - C6)
2009/10,E6103,,Berkshire Combined Fire Authority,O,Heritage,0,0.0,RO5.xlsx,RO5 LA Data 2009-10 (3),"row 408, column 14",Net Current Expenditure (C7 = C3 - C6)
2009/10,E6103,,Berkshire Combined Fire Authority,O,Museums and galleries,0,0.0,RO5.xlsx,RO5 LA Data 2009-10 (3),"row 408, column 18",Net Current Expenditure (C7 = C3 - C6)
2009/10,E6103,,Berkshire Combined Fire Authority,O,Theatres and public entertainment,0,0.0,RO5.xlsx,RO5 LA Data 2009-10 (3),"row 408, column 22",Net Current Expenditure (C7 = C3 - C6)
2009/10,E6103,,Berkshire Combined Fire Authority,O,Library service,0,0.0,RO5.xlsx,RO5 LA Data 2009-10 (3),"row 408, column 50",Net Current Expenditure (C7 = C3 - C6)
2009/10,E6104,,Buckinghamshire Combined Fire Authority,O,Archives,0,0.0,RO5.xlsx,RO5 LA Data 2009-10 (3),"row 409, column 6",Net Current Expenditure (C7 = C3 - C6)
2009/10,E6104,,Buckinghamshire Combined Fire Authority,O,Arts development and support,0,0.0,RO5.xlsx,RO5 LA Data 2009-10 (3),"row 409, column 10",Net Current Expenditure (C7 = C3 - C6)
2009/10,E6104,,Buckinghamshire Combined Fire Authority,O,Heritage,0,0.0,RO5.xlsx,RO5 LA Data 2009-10 (3),"row 409, column 14",Net Current Expenditure (C7 = C3 - C6)
2009/10,E6104,,Buckinghamshire Combined Fire Authority,O,Museums and galleries,0,0.0,RO5.xlsx,RO5 LA Data 2009-10 (3),"row 409, column 18",Net Current Expenditure (C7 = C3 - C6)
2009/10,E6104,,Buckinghamshire Combined Fire Authority,O,Theatres and public entertainment,0,0.0,RO5.xlsx,RO5 LA Data 2009-10 (3),"row 409, column 22",Net Current Expenditure (C7 = C3 - C6)
2009/10,E6104,,Buckinghamshire Combined Fire Authority,O,Library service,0,0.0,RO5.xlsx,RO5 LA Data 2009-10 (3),"row 409, column 50",Net Current Expenditure (C7 = C3 - C6)
2009/10,E6105,,Cambridgeshire Combined Fire Authority,O,Archives,0,0.0,RO5.xlsx,RO5 LA Data 2009-10 (3),"row 410, column 6",Net Current Expenditure (C7 = C3 - C6)
2009/10,E6105,,Cambridgeshire Combined Fire Authority,O,Arts development and support,0,0.0,RO5.xlsx,RO5 LA Data 2009-10 (3),"row 410, column 10",Net Current Expenditure (C7 = C3 - C6)
2009/10,E6105,,Cambridgeshire Combined Fire Authority,O,Heritage,0,0.0,RO5.xlsx,RO5 LA Data 2009-10 (3),"row 410, column 14",Net Current Expenditure (C7 = C3 - C6)
2009/10,E6105,,Cambridgeshire Combined Fire Authority,O,Museums and galleries,0,0.0,RO5.xlsx,RO5 LA Data 2009-10 (3),"row 410, column 18",Net Current Expenditure (C7 = C3 - C6)
2009/10,E6105,,Cambridgeshire Combined Fire Authority,O,Theatres and public entertainment,0,0.0,RO5.xlsx,RO5 LA Data 2009-10 (3),"row 410, column 22",Net Current Expenditure (C7 = C3 - C6)
2009/10,E6105,,Cambridgeshire Combined Fire Authority,O,Library service,0,0.0,RO5.xlsx,RO5 LA Data 2009-10 (3),"row 410, column 50",Net Current Expenditure (C7 = C3 - C6)
2009/10,E6106,,Cheshire Combined Fire Authority,O,Archives,0,0.0,RO5.xlsx,RO5 LA Data 2009-10 (3),"row 411, column 6",Net Current Expenditure (C7 = C3 - C6)
2009/10,E6106,,Cheshire Combined Fire Authority,O,Arts development and support,0,0.0,RO5.xlsx,RO5 LA Data 2009-10 (3),"row 411, column 10",Net Current Expenditure (C7 = C3 - C6)
2009/10,E6106,,Cheshire Combined Fire Authority,O,Heritage,0,0.0,RO5.xlsx,RO5 LA Data 2009-10 (3),"row 411, column 14",Net Current Expenditure (C7 = C3 - C6)
2009/10,E6106,,Cheshire Combined Fire Authority,O,Museums and galleries,0,0.0,RO5.xlsx,RO5 LA Data 2009-10 (3),"row 411, column 18",Net Current Expenditure (C7 = C3 - C6)
2009/10,E6106,,Cheshire Combined Fire Authority,O,Theatres and public entertainment,0,0.0,RO5.xlsx,RO5 LA Data 2009-10 (3),"row 411, column 22",Net Current Expenditure (C7 = C3 - C6)
2009/10,E6106,,Cheshire Combined Fire Authority,O,Library service,0,0.0,RO5.xlsx,RO5 LA Data 2009-10 (3),"row 411, column 50",Net Current Expenditure (C7 = C3 - C6)
2009/10,E6107,,Cleveland Combined Fire Authority,O,Archives,0,0.0,RO5.xlsx,RO5 LA Data 2009-10 (3),"row 412, column 6",Net Current Expenditure (C7 = C3 - C6)
2009/10,E6107,,Cleveland Combined Fire Authority,O,Arts development and support,0,0.0,RO5.xlsx,RO5 LA Data 2009-10 (3),"row 412, column 10",Net Current Expenditure (C7 = C3 - C6)
2009/10,E6107,,Cleveland Combined Fire Authority,O,Heritage,0,0.0,RO5.xlsx,RO5 LA Data 2009-10 (3),"row 412, column 14",Net Current Expenditure (C7 = C3 - C6)
2009/10,E6107,,Cleveland Combined Fire Authority,O,Museums and galleries,0,0.0,RO5.xlsx,RO5 LA Data 2009-10 (3),"row 412, column 18",Net Current Expenditure (C7 = C3 - C6)
2009/10,E6107,,Cleveland Combined Fire Authority,O,Theatres and public entertainment,0,0.0,RO5.xlsx,RO5 LA Data 2009-10 (3),"row 412, column 22",Net Current Expenditure (C7 = C3 - C6)
2009/10,E6107,,Cleveland Combined Fire Authority,O,Library service,0,0.0,RO5.xlsx,RO5 LA Data 2009-10 (3),"row 412, column 50",Net Current Expenditure (C7 = C3 - C6)
2009/10,E6110,,Derbyshire Combined Fire Authority,O,Archives,0,0.0,RO5.xlsx,RO5 LA Data 2009-10 (3),"row 413, column 6",Net Current Expenditure (C7 = C3 - C6)
2009/10,E6110,,Derbyshire Combined Fire Authority,O,Arts development and support,0,0.0,RO5.xlsx,RO5 LA Data 2009-10 (3),"row 413, column 10",Net Current Expenditure (C7 = C3 - C6)
2009/10,E6110,,Derbyshire Combined Fire Authority,O,Heritage,0,0.0,RO5.xlsx,RO5 LA Data 2009-10 (3),"row 413, column 14",Net Current Expenditure (C7 = C3 - C6)
2009/10,E6110,,Derbyshire Combined Fire Authority,O,Museums and galleries,0,0.0,RO5.xlsx,RO5 LA Data 2009-10 (3),"row 413, column 18",Net Current Expenditure (C7 = C3 - C6)
2009/10,E6110,,Derbyshire Combined Fire Authority,O,Theatres and public entertainment,0,0.0,RO5.xlsx,RO5 LA Data 2009-10 (3),"row 413, column 22",Net Current Expenditure (C7 = C3 - C6)
2009/10,E6110,,Derbyshire Combined Fire Authority,O,Library service,0,0.0,RO5.xlsx,RO5 LA Data 2009-10 (3),"row 413, column 50",Net Current Expenditure (C7 = C3 - C6)
2009/10,E6112,,Dorset Combined Fire Authority,O,Archives,0,0.0,RO5.xlsx,RO5 LA Data 2009-10 (3),"row 414, column 6",Net Current Expenditure (C7 = C3 - C6)
2009/10,E6112,,Dorset Combined Fire Authority,O,Arts development and support,0,0.0,RO5.xlsx,RO5 LA Data 2009-10 (3),"row 414, column 10",Net Current Expenditure (C7 = C3 - C6)
2009/10,E6112,,Dorset Combined Fire Authority,O,Heritage,0,0.0,RO5.xlsx,RO5 LA Data 2009-10 (3),"row 414, column 14",Net Current Expenditure (C7 = C3 - C6)
2009/10,E6112,,Dorset Combined Fire Authority,O,Museums and galleries,0,0.0,RO5.xlsx,RO5 LA Data 2009-10 (3),"row 414, column 18",Net Current Expenditure (C7 = C3 - C6)
2009/10,E6112,,Dorset Combined Fire Authority,O,Theatres and public entertainment,0,0.0,RO5.xlsx,RO5 LA Data 2009-10 (3),"row 414, column 22",Net Current Expenditure (C7 = C3 - C6)
2009/10,E6112,,Dorset Combined Fire Authority,O,Library service,0,0.0,RO5.xlsx,RO5 LA Data 2009-10 (3),"row 414, column 50",Net Current Expenditure (C7 = C3 - C6)
2009/10,E6113,,Durham Combined Fire Authority,O,Archives,0,0.0,RO5.xlsx,RO5 LA Data 2009-10 (3),"row 415, column 6",Net Current Expenditure (C7 = C3 - C6)
2009/10,E6113,,Durham Combined Fire Authority,O,Arts development and support,0,0.0,RO5.xlsx,RO5 LA Data 2009-10 (3),"row 415, column 10",Net Current Expenditure (C7 = C3 - C6)
2009/10,E6113,,Durham Combined Fire Authority,O,Heritage,0,0.0,RO5.xlsx,RO5 LA Data 2009-10 (3),"row 415, column 14",Net Current Expenditure (C7 = C3 - C6)
2009/10,E6113,,Durham Combined Fire Authority,O,Museums and galleries,0,0.0,RO5.xlsx,RO5 LA Data 2009-10 (3),"row 415, column 18",Net Current Expenditure (C7 = C3 - C6)
2009/10,E6113,,Durham Combined Fire Authority,O,Theatres and public entertainment,0,0.0,RO5.xlsx,RO5 LA Data 2009-10 (3),"row 415, column 22",Net Current Expenditure (C7 = C3 - C6)
2009/10,E6113,,Durham Combined Fire Authority,O,Library service,0,0.0,RO5.xlsx,RO5 LA Data 2009-10 (3),"row 415, column 50",Net Current Expenditure (C7 = C3 - C6)
2009/10,E6114,,East Sussex Combined Fire Authority,O,Archives,0,0.0,RO5.xlsx,RO5 LA Data 2009-10 (3),"row 416, column 6",Net Current Expenditure (C7 = C3 - C6)
2009/10,E6114,,East Sussex Combined Fire Authority,O,Arts development and support,0,0.0,RO5.xlsx,RO5 LA Data 2009-10 (3),"row 416, column 10",Net Current Expenditure (C7 = C3 - C6)
2009/10,E6114,,East Sussex Combined Fire Authority,O,Heritage,0,0.0,RO5.xlsx,RO5 LA Data 2009-10 (3),"row 416, column 14",Net Current Expenditure (C7 = C3 - C6)
2009/10,E6114,,East Sussex Combined Fire Authority,O,Museums and galleries,0,0.0,RO5.xlsx,RO5 LA Data 2009-10 (3),"row 416, column 18",Net Current Expenditure (C7 = C3 - C6)
2009/10,E6114,,East Sussex Combined Fire Authority,O,Theatres and public entertainment,0,0.0,RO5.xlsx,RO5 LA Data 2009-10 (3),"row 416, column 22",Net Current Expenditure (C7 = C3 - C6)
2009/10,E6114,,East Sussex Combined Fire Authority,O,Library service,0,0.0,RO5.xlsx,RO5 LA Data 2009-10 (3),"row 416, column 50",Net Current Expenditure (C7 = C3 - C6)
2009/10,E6115,,Essex Combined Fire Authority,O,Archives,0,0.0,RO5.xlsx,RO5 LA Data 2009-10 (3),"row 417, column 6",Net Current Expenditure (C7 = C3 - C6)
2009/10,E6115,,Essex Combined Fire Authority,O,Arts development and support,0,0.0,RO5.xlsx,RO5 LA Data 2009-10 (3),"row 417, column 10",Net Current Expenditure (C7 = C3 - C6)
2009/10,E6115,,Essex Combined Fire Authority,O,Heritage,0,0.0,RO5.xlsx,RO5 LA Data 2009-10 (3),"row 417, column 14",Net Current Expenditure (C7 = C3 - C6)
2009/10,E6115,,Essex Combined Fire Authority,O,Museums and galleries,0,0.0,RO5.xlsx,RO5 LA Data 2009-10 (3),"row 417, column 18",Net Current Expenditure (C7 = C3 - C6)
2009/10,E6115,,Essex Combined Fire Authority,O,Theatres and public entertainment,0,0.0,RO5.xlsx,RO5 LA Data 2009-10 (3),"row 417, column 22",Net Current Expenditure (C7 = C3 - C6)
2009/10,E6115,,Essex Combined Fire Authority,O,Library service,0,0.0,RO5.xlsx,RO5 LA Data 2009-10 (3),"row 417, column 50",Net Current Expenditure (C7 = C3 - C6)
2009/10,E6117,,Hampshire Combined Fire Authority,O,Archives,0,0.0,RO5.xlsx,RO5 LA Data 2009-10 (3),"row 418, column 6",Net Current Expenditure (C7 = C3 - C6)
2009/10,E6117,,Hampshire Combined Fire Authority,O,Arts development and support,0,0.0,RO5.xlsx,RO5 LA Data 2009-10 (3),"row 418, column 10",Net Current Expenditure (C7 = C3 - C6)
2009/10,E6117,,Hampshire Combined Fire Authority,O,Heritage,0,0.0,RO5.xlsx,RO5 LA Data 2009-10 (3),"row 418, column 14",Net Current Expenditure (C7 = C3 - C6)
2009/10,E6117,,Hampshire Combined Fire Authority,O,Museums and galleries,0,0.0,RO5.xlsx,RO5 LA Data 2009-10 (3),"row 418, column 18",Net Current Expenditure (C7 = C3 - C6)
2009/10,E6117,,Hampshire Combined Fire Authority,O,Theatres and public entertainment,0,0.0,RO5.xlsx,RO5 LA Data 2009-10 (3),"row 418, column 22",Net Current Expenditure (C7 = C3 - C6)
2009/10,E6117,,Hampshire Combined Fire Authority,O,Library service,0,0.0,RO5.xlsx,RO5 LA Data 2009-10 (3),"row 418, column 50",Net Current Expenditure (C7 = C3 - C6)
2009/10,E6118,,Hereford & Worcester Combined Fire Authority,O,Archives,0,0.0,RO5.xlsx,RO5 LA Data 2009-10 (3),"row 419, column 6",Net Current Expenditure (C7 = C3 - C6)
2009/10,E6118,,Hereford & Worcester Combined Fire Authority,O,Arts development and support,0,0.0,RO5.xlsx,RO5 LA Data 2009-10 (3),"row 419, column 10",Net Current Expenditure (C7 = C3 - C6)
2009/10,E6118,,Hereford & Worcester Combined Fire Authority,O,Heritage,0,0.0,RO5.xlsx,RO5 LA Data 2009-10 (3),"row 419, column 14",Net Current Expenditure (C7 = C3 - C6)
2009/10,E6118,,Hereford & Worcester Combined Fire Authority,O,Museums and galleries,0,0.0,RO5.xlsx,RO5 LA Data 2009-10 (3),"row 419, column 18",Net Current Expenditure (C7 = C3 - C6)
2009/10,E6118,,Hereford & Worcester Combined Fire Authority,O,Theatres and public entertainment,0,0.0,RO5.xlsx,RO5 LA Data 2009-10 (3),"row 419, column 22",Net Current Expenditure (C7 = C3 - C6)
2009/10,E6118,,Hereford & Worcester Combined Fire Authority,O,Library service,0,0.0,RO5.xlsx,RO5 LA Data 2009-10 (3),"row 419, column 50",Net Current Expenditure (C7 = C3 - C6)
2009/10,E6120,,Humberside Combined Fire Authority,O,Archives,0,0.0,RO5.xlsx,RO5 LA Data 2009-10 (3),"row 420, column 6",Net Current Expenditure (C7 = C3 - C6)
2009/10,E6120,,Humberside Combined Fire Authority,O,Arts development and support,0,0.0,RO5.xlsx,RO5 LA Data 2009-10 (3),"row 420, column 10",Net Current Expenditure (C7 = C3 - C6)
2009/10,E6120,,Humberside Combined Fire Authority,O,Heritage,0,0.0,RO5.xlsx,RO5 LA Data 2009-10 (3),"row 420, column 14",Net Current Expenditure (C7 = C3 - C6)
2009/10,E6120,,Humberside Combined Fire Authority,O,Museums and galleries,0,0.0,RO5.xlsx,RO5 LA Data 2009-10 (3),"row 420, column 18",Net Current Expenditure (C7 = C3 - C6)
2009/10,E6120,,Humberside Combined Fire Authority,O,Theatres and public entertainment,0,0.0,RO5.xlsx,RO5 LA Data 2009-10 (3),"row 420, column 22",Net Current Expenditure (C7 = C3 - C6)
2009/10,E6120,,Humberside Combined Fire Authority,O,Library service,0,0.0,RO5.xlsx,RO5 LA Data 2009-10 (3),"row 420, column 50",Net Current Expenditure (C7 = C3 - C6)
2009/10,E6122,,Kent Combined Fire Authority,O,Archives,0,0.0,RO5.xlsx,RO5 LA Data 2009-10 (3),"row 421, column 6",Net Current Expenditure (C7 = C3 - C6)
2009/10,E6122,,Kent Combined Fire Authority,O,Arts development and support,0,0.0,RO5.xlsx,RO5 LA Data 2009-10 (3),"row 421, column 10",Net Current Expenditure (C7 = C3 - C6)
2009/10,E6122,,Kent Combined Fire Authority,O,Heritage,0,0.0,RO5.xlsx,RO5 LA Data 2009-10 (3),"row 421, column 14",Net Current Expenditure (C7 = C3 - C6)
2009/10,E6122,,Kent Combined Fire Authority,O,Museums and galleries,0,0.0,RO5.xlsx,RO5 LA Data 2009-10 (3),"row 421, column 18",Net Current Expenditure (C7 = C3 - C6)
2009/10,E6122,,Kent Combined Fire Authority,O,Theatres and public entertainment,0,0.0,RO5.xlsx,RO5 LA Data 2009-10 (3),"row 421, column 22",Net Current Expenditure (C7 = C3 - C6)
2009/10,E6122,,Kent Combined Fire Authority,O,Library service,0,0.0,RO5.xlsx,RO5 LA Data 2009-10 (3),"row 421, column 50",Net Current Expenditure (C7 = C3 - C6)
2009/10,E6123,,Lancashire Combined Fire Authority,O,Archives,0,0.0,RO5.xlsx,RO5 LA Data 2009-10 (3),"row 422, column 6",Net Current Expenditure (C7 = C3 - C6)
2009/10,E6123,,Lancashire Combined Fire Authority,O,Arts development and support,0,0.0,RO5.xlsx,RO5 LA Data 2009-10 (3),"row 422, column 10",Net Current Expenditure (C7 = C3 - C6)
2009/10,E6123,,Lancashire Combined Fire Authority,O,Heritage,0,0.0,RO5.xlsx,RO5 LA Data 2009-10 (3),"row 422, column 14",Net Current Expenditure (C7 = C3 - C6)
2009/10,E6123,,Lancashire Combined Fire Authority,O,Museums and galleries,0,0.0,RO5.xlsx,RO5 LA Data 2009-10 (3),"row 422, column 18",Net Current Expenditure (C7 = C3 - C6)
2009/10,E6123,,Lancashire Combined Fire Authority,O,Theatres and public entertainment,0,0.0,RO5.xlsx,RO5 LA Data 2009-10 (3),"row 422, column 22",Net Current Expenditure (C7 = C3 - C6)
2009/10,E6123,,Lancashire Combined Fire Authority,O,Library service,0,0.0,RO5.xlsx,RO5 LA Data 2009-10 (3),"row 422, column 50",Net Current Expenditure (C7 = C3 - C6)
2009/10,E6124,,Leicestershire Combined Fire Authority,O,Archives,0,0.0,RO5.xlsx,RO5 LA Data 2009-10 (3),"row 423, column 6",Net Current Expenditure (C7 = C3 - C6)
2009/10,E6124,,Leicestershire Combined Fire Authority,O,Arts development and support,0,0.0,RO5.xlsx,RO5 LA Data 2009-10 (3),"row 423, column 10",Net Current Expenditure (C7 = C3 - C6)
2009/10,E6124,,Leicestershire Combined Fire Authority,O,Heritage,0,0.0,RO5.xlsx,RO5 LA Data 2009-10 (3),"row 423, column 14",Net Current Expenditure (C7 = C3 - C6)
2009/10,E6124,,Leicestershire Combined Fire Authority,O,Museums and galleries,0,0.0,RO5.xlsx,RO5 LA Data 2009-10 (3),"row 423, column 18",Net Current Expenditure (C7 = C3 - C6)
2009/10,E6124,,Leicestershire Combined Fire Authority,O,Theatres and public entertainment,0,0.0,RO5.xlsx,RO5 LA Data 2009-10 (3),"row 423, column 22",Net Current Expenditure (C7 = C3 - C6)
2009/10,E6124,,Leicestershire Combined Fire Authority,O,Library service,0,0.0,RO5.xlsx,RO5 LA Data 2009-10 (3),"row 423, column 50",Net Current Expenditure (C7 = C3 - C6)
2009/10,E6127,,North Yorkshire Combined Fire Authority,O,Archives,0,0.0,RO5.xlsx,RO5 LA Data 2009-10 (3),"row 424, column 6",Net Current Expenditure (C7 = C3 - C6)
2009/10,E6127,,North Yorkshire Combined Fire Authority,O,Arts development and support,0,0.0,RO5.xlsx,RO5 LA Data 2009-10 (3),"row 424, column 10",Net Current Expenditure (C7 = C3 - C6)
2009/10,E6127,,North Yorkshire Combined Fire Authority,O,Heritage,0,0.0,RO5.xlsx,RO5 LA Data 2009-10 (3),"row 424, column 14",Net Current Expenditure (C7 = C3 - C6)
2009/10,E6127,,North Yorkshire Combined Fire Authority,O,Museums and galleries,0,0.0,RO5.xlsx,RO5 LA Data 2009-10 (3),"row 424, column 18",Net Current Expenditure (C7 = C3 - C6)
2009/10,E6127,,North Yorkshire Combined Fire Authority,O,Theatres and public entertainment,0,0.0,RO5.xlsx,RO5 LA Data 2009-10 (3),"row 424, column 22",Net Current Expenditure (C7 = C3 - C6)
2009/10,E6127,,North Yorkshire Combined Fire Authority,O,Library service,0,0.0,RO5.xlsx,RO5 LA Data 2009-10 (3),"row 424, column 50",Net Current Expenditure (C7 = C3 - C6)
2009/10,E6130,,Nottinghamshire Combined Fire Authority,O,Archives,0,0.0,RO5.xlsx,RO5 LA Data 2009-10 (3),"row 425, column 6",Net Current Expenditure (C7 = C3 - C6)
2009/10,E6130,,Nottinghamshire Combined Fire Authority,O,Arts development and support,0,0.0,RO5.xlsx,RO5 LA Data 2009-10 (3),"row 425, column 10",Net Current Expenditure (C7 = C3 - C6)
2009/10,E6130,,Nottinghamshire Combined Fire Authority,O,Heritage,0,0.0,RO5.xlsx,RO5 LA Data 2009-10 (3),"row 425, column 14",Net Current Expenditure (C7 = C3 - C6)
2009/10,E6130,,Nottinghamshire Combined Fire Authority,O,Museums and galleries,0,0.0,RO5.xlsx,RO5 LA Data 2009-10 (3),"row 425, column 18",Net Current Expenditure (C7 = C3 - C6)
2009/10,E6130,,Nottinghamshire Combined Fire Authority,O,Theatres and public entertainment,0,0.0,RO5.xlsx,RO5 LA Data 2009-10 (3),"row 425, column 22",Net Current Expenditure (C7 = C3 - C6)
2009/10,E6130,,Nottinghamshire Combined Fire Authority,O,Library service,0,0.0,RO5.xlsx,RO5 LA Data 2009-10 (3),"row 425, column 50",Net Current Expenditure (C7 = C3 - C6)
2009/10,E6132,,Shropshire Combined Fire Authority,O,Archives,0,0.0,RO5.xlsx,RO5 LA Data 2009-10 (3),"row 426, column 6",Net Current Expenditure (C7 = C3 - C6)
2009/10,E6132,,Shropshire Combined Fire Authority,O,Arts development and support,0,0.0,RO5.xlsx,RO5 LA Data 2009-10 (3),"row 426, column 10",Net Current Expenditure (C7 = C3 - C6)
2009/10,E6132,,Shropshire Combined Fire Authority,O,Heritage,0,0.0,RO5.xlsx,RO5 LA Data 2009-10 (3),"row 426, column 14",Net Current Expenditure (C7 = C3 - C6)
2009/10,E6132,,Shropshire Combined Fire Authority,O,Museums and galleries,0,0.0,RO5.xlsx,RO5 LA Data 2009-10 (3),"row 426, column 18",Net Current Expenditure (C7 = C3 - C6)
2009/10,E6132,,Shropshire Combined Fire Authority,O,Theatres and public entertainment,0,0.0,RO5.xlsx,RO5 LA Data 2009-10 (3),"row 426, column 22",Net Current Expenditure (C7 = C3 - C6)
2009/10,E6132,,Shropshire Combined Fire Authority,O,Library service,0,0.0,RO5.xlsx,RO5 LA Data 2009-10 (3),"row 426, column 50",Net Current Expenditure (C7 = C3 - C6)
2009/10,E6134,,Staffordshire Combined Fire Authority,O,Archives,0,0.0,RO5.xlsx,RO5 LA Data 2009-10 (3),"row 427, column 6",Net Current Expenditure (C7 = C3 - C6)
2009/10,E6134,,Staffordshire Combined Fire Authority,O,Arts development and support,0,0.0,RO5.xlsx,RO5 LA Data 2009-10 (3),"row 427, column 10",Net Current Expenditure (C7 = C3 - C6)
2009/10,E6134,,Staffordshire Combined Fire Authority,O,Heritage,0,0.0,RO5.xlsx,RO5 LA Data 2009-10 (3),"row 427, column 14",Net Current Expenditure (C7 = C3 - C6)
2009/10,E6134,,Staffordshire Combined Fire Authority,O,Museums and galleries,0,0.0,RO5.xlsx,RO5 LA Data 2009-10 (3),"row 427, column 18",Net Current Expenditure (C7 = C3 - C6)
2009/10,E6134,,Staffordshire Combined Fire Authority,O,Theatres and public entertainment,0,0.0,RO5.xlsx,RO5 LA Data 2009-10 (3),"row 427, column 22",Net Current Expenditure (C7 = C3 - C6)
2009/10,E6134,,Staffordshire Combined Fire Authority,O,Library service,0,0.0,RO5.xlsx,RO5 LA Data 2009-10 (3),"row 427, column 50",Net Current Expenditure (C7 = C3 - C6)
2009/10,E6139,,Wiltshire Combined Fire Authority,O,Archives,0,0.0,RO5.xlsx,RO5 LA Data 2009-10 (3),"row 428, column 6",Net Current Expenditure (C7 = C3 - C6)
2009/10,E6139,,Wiltshire Combined Fire Authority,O,Arts development and support,0,0.0,RO5.xlsx,RO5 LA Data 2009-10 (3),"row 428, column 10",Net Current Expenditure (C7 = C3 - C6)
2009/10,E6139,,Wiltshire Combined Fire Authority,O,Heritage,0,0.0,RO5.xlsx,RO5 LA Data 2009-10 (3),"row 428, column 14",Net Current Expenditure (C7 = C3 - C6)
2009/10,E6139,,Wiltshire Combined Fire Authority,O,Museums and galleries,0,0.0,RO5.xlsx,RO5 LA Data 2009-10 (3),"row 428, column 18",Net Current Expenditure (C7 = C3 - C6)
2009/10,E6139,,Wiltshire Combined Fire Authority,O,Theatres and public entertainment,0,0.0,RO5.xlsx,RO5 LA Data 2009-10 (3),"row 428, column 22",Net Current Expenditure (C7 = C3 - C6)
2009/10,E6139,,Wiltshire Combined Fire Authority,O,Library service,0,0.0,RO5.xlsx,RO5 LA Data 2009-10 (3),"row 428, column 50",Net Current Expenditure (C7 = C3 - C6)
2009/10,E6142,,Greater Manchester Fire & CD Authority,O,Archives,0,0.0,RO5.xlsx,RO5 LA Data 2009-10 (3),"row 429, column 6",Net Current Expenditure (C7 = C3 - C6)
2009/10,E6142,,Greater Manchester Fire & CD Authority,O,Arts development and support,0,0.0,RO5.xlsx,RO5 LA Data 2009-10 (3),"row 429, column 10",Net Current Expenditure (C7 = C3 - C6)
2009/10,E6142,,Greater Manchester Fire & CD Authority,O,Heritage,0,0.0,RO5.xlsx,RO5 LA Data 2009-10 (3),"row 429, column 14",Net Current Expenditure (C7 = C3 - C6)
2009/10,E6142,,Greater Manchester Fire & CD Authority,O,Museums and galleries,0,0.0,RO5.xlsx,RO5 LA Data 2009-10 (3),"row 429, column 18",Net Current Expenditure (C7 = C3 - C6)
2009/10,E6142,,Greater Manchester Fire & CD Authority,O,Theatres and public entertainment,0,0.0,RO5.xlsx,RO5 LA Data 2009-10 (3),"row 429, column 22",Net Current Expenditure (C7 = C3 - C6)
2009/10,E6142,,Greater Manchester Fire & CD Authority,O,Library service,0,0.0,RO5.xlsx,RO5 LA Data 2009-10 (3),"row 429, column 50",Net Current Expenditure (C7 = C3 - C6)
2009/10,E6143,,Merseyside Fire & CD Authority,O,Archives,0,0.0,RO5.xlsx,RO5 LA Data 2009-10 (3),"row 430, column 6",Net Current Expenditure (C7 = C3 - C6)
2009/10,E6143,,Merseyside Fire & CD Authority,O,Arts development and support,0,0.0,RO5.xlsx,RO5 LA Data 2009-10 (3),"row 430, column 10",Net Current Expenditure (C7 = C3 - C6)
2009/10,E6143,,Merseyside Fire & CD Authority,O,Heritage,0,0.0,RO5.xlsx,RO5 LA Data 2009-10 (3),"row 430, column 14",Net Current Expenditure (C7 = C3 - C6)
2009/10,E6143,,Merseyside Fire & CD Authority,O,Museums and galleries,0,0.0,RO5.xlsx,RO5 LA Data 2009-10 (3),"row 430, column 18",Net Current Expenditure (C7 = C3 - C6)
2009/10,E6143,,Merseyside Fire & CD Authority,O,Theatres and public entertainment,0,0.0,RO5.xlsx,RO5 LA Data 2009-10 (3),"row 430, column 22",Net Current Expenditure (C7 = C3 - C6)
2009/10,E6143,,Merseyside Fire & CD Authority,O,Library service,0,0.0,RO5.xlsx,RO5 LA Data 2009-10 (3),"row 430, column 50",Net Current Expenditure (C7 = C3 - C6)
2009/10,E6144,,South Yorkshire Fire & CD Authority,O,Archives,0,0.0,RO5.xlsx,RO5 LA Data 2009-10 (3),"row 431, column 6",Net Current Expenditure (C7 = C3 - C6)
2009/10,E6144,,South Yorkshire Fire & CD Authority,O,Arts development and support,0,0.0,RO5.xlsx,RO5 LA Data 2009-10 (3),"row 431, column 10",Net Current Expenditure (C7 = C3 - C6)
2009/10,E6144,,South Yorkshire Fire & CD Authority,O,Heritage,0,0.0,RO5.xlsx,RO5 LA Data 2009-10 (3),"row 431, column 14",Net Current Expenditure (C7 = C3 - C6)
2009/10,E6144,,South Yorkshire Fire & CD Authority,O,Museums and galleries,0,0.0,RO5.xlsx,RO5 LA Data 2009-10 (3),"row 431, column 18",Net Current Expenditure (C7 = C3 - C6)
2009/10,E6144,,South Yorkshire Fire & CD Authority,O,Theatres and public entertainment,0,0.0,RO5.xlsx,RO5 LA Data 2009-10 (3),"row 431, column 22",Net Current Expenditure (C7 = C3 - C6)
2009/10,E6144,,South Yorkshire Fire & CD Authority,O,Library service,0,0.0,RO5.xlsx,RO5 LA Data 2009-10 (3),"row 431, column 50",Net Current Expenditure (C7 = C3 - C6)
2009/10,E6145,,Tyne and Wear Fire & CD Authority,O,Archives,0,0.0,RO5.xlsx,RO5 LA Data 2009-10 (3),"row 432, column 6",Net Current Expenditure (C7 = C3 - C6)
2009/10,E6145,,Tyne and Wear Fire & CD Authority,O,Arts development and support,0,0.0,RO5.xlsx,RO5 LA Data 2009-10 (3),"row 432, column 10",Net Current Expenditure (C7 = C3 - C6)
2009/10,E6145,,Tyne and Wear Fire & CD Authority,O,Heritage,0,0.0,RO5.xlsx,RO5 LA Data 2009-10 (3),"row 432, column 14",Net Current Expenditure (C7 = C3 - C6)
2009/10,E6145,,Tyne and Wear Fire & CD Authority,O,Museums and galleries,0,0.0,RO5.xlsx,RO5 LA Data 2009-10 (3),"row 432, column 18",Net Current Expenditure (C7 = C3 - C6)
2009/10,E6145,,Tyne and Wear Fire & CD Authority,O,Theatres and public entertainment,0,0.0,RO5.xlsx,RO5 LA Data 2009-10 (3),"row 432, column 22",Net Current Expenditure (C7 = C3 - C6)
2009/10,E6145,,Tyne and Wear Fire & CD Authority,O,Library service,0,0.0,RO5.xlsx,RO5 LA Data 2009-10 (3),"row 432, column 50",Net Current Expenditure (C7 = C3 - C6)
2009/10,E6146,,West Midlands Fire & CD Authority,O,Archives,0,0.0,RO5.xlsx,RO5 LA Data 2009-10 (3),"row 433, column 6",Net Current Expenditure (C7 = C3 - C6)
2009/10,E6146,,West Midlands Fire & CD Authority,O,Arts development and support,0,0.0,RO5.xlsx,RO5 LA Data 2009-10 (3),"row 433, column 10",Net Current Expenditure (C7 = C3 - C6)
2009/10,E6146,,West Midlands Fire & CD Authority,O,Heritage,0,0.0,RO5.xlsx,RO5 LA Data 2009-10 (3),"row 433, column 14",Net Current Expenditure (C7 = C3 - C6)
2009/10,E6146,,West Midlands Fire & CD Authority,O,Museums and galleries,0,0.0,RO5.xlsx,RO5 LA Data 2009-10 (3),"row 433, column 18",Net Current Expenditure (C7 = C3 - C6)
2009/10,E6146,,West Midlands Fire & CD Authority,O,Theatres and public entertainment,0,0.0,RO5.xlsx,RO5 LA Data 2009-10 (3),"row 433, column 22",Net Current Expenditure (C7 = C3 - C6)
2009/10,E6146,,West Midlands Fire & CD Authority,O,Library service,0,0.0,RO5.xlsx,RO5 LA Data 2009-10 (3),"row 433, column 50",Net Current Expenditure (C7 = C3 - C6)
2009/10,E6147,,West Yorkshire Fire & CD Authority,O,Archives,0,0.0,RO5.xlsx,RO5 LA Data 2009-10 (3),"row 434, column 6",Net Current Expenditure (C7 = C3 - C6)
2009/10,E6147,,West Yorkshire Fire & CD Authority,O,Arts development and support,0,0.0,RO5.xlsx,RO5 LA Data 2009-10 (3),"row 434, column 10",Net Current Expenditure (C7 = C3 - C6)
2009/10,E6147,,West Yorkshire Fire & CD Authority,O,Heritage,0,0.0,RO5.xlsx,RO5 LA Data 2009-10 (3),"row 434, column 14",Net Current Expenditure (C7 = C3 - C6)
2009/10,E6147,,West Yorkshire Fire & CD Authority,O,Museums and galleries,0,0.0,RO5.xlsx,RO5 LA Data 2009-10 (3),"row 434, column 18",Net Current Expenditure (C7 = C3 - C6)
2009/10,E6147,,West Yorkshire Fire & CD Authority,O,Theatres and public entertainment,0,0.0,RO5.xlsx,RO5 LA Data 2009-10 (3),"row 434, column 22",Net Current Expenditure (C7 = C3 - C6)
2009/10,E6147,,West Yorkshire Fire & CD Authority,O,Library service,0,0.0,RO5.xlsx,RO5 LA Data 2009-10 (3),"row 434, column 50",Net Current Expenditure (C7 = C3 - C6)
2009/10,E6161,,Devon and Somerset Combined Fire Authority,O,Archives,0,0.0,RO5.xlsx,RO5 LA Data 2009-10 (3),"row 435, column 6",Net Current Expenditure (C7 = C3 - C6)
2009/10,E6161,,Devon and Somerset Combined Fire Authority,O,Arts development and support,0,0.0,RO5.xlsx,RO5 LA Data 2009-10 (3),"row 435, column 10",Net Current Expenditure (C7 = C3 - C6)
2009/10,E6161,,Devon and Somerset Combined Fire Authority,O,Heritage,0,0.0,RO5.xlsx,RO5 LA Data 2009-10 (3),"row 435, column 14",Net Current Expenditure (C7 = C3 - C6)
2009/10,E6161,,Devon and Somerset Combined Fire Authority,O,Museums and galleries,0,0.0,RO5.xlsx,RO5 LA Data 2009-10 (3),"row 435, column 18",Net Current Expenditure (C7 = C3 - C6)
2009/10,E6161,,Devon and Somerset Combined Fire Authority,O,Theatres and public entertainment,0,0.0,RO5.xlsx,RO5 LA Data 2009-10 (3),"row 435, column 22",Net Current Expenditure (C7 = C3 - C6)
2009/10,E6161,,Devon and Somerset Combined Fire Authority,O,Library service,0,0.0,RO5.xlsx,RO5 LA Data 2009-10 (3),"row 435, column 50",Net Current Expenditure (C7 = C3 - C6)
2009/10,E6201,,East London Waste Authority,O,Archives,0,0.0,RO5.xlsx,RO5 LA Data 2009-10 (3),"row 436, column 6",Net Current Expenditure (C7 = C3 - C6)
2009/10,E6201,,East London Waste Authority,O,Arts development and support,0,0.0,RO5.xlsx,RO5 LA Data 2009-10 (3),"row 436, column 10",Net Current Expenditure (C7 = C3 - C6)
2009/10,E6201,,East London Waste Authority,O,Heritage,0,0.0,RO5.xlsx,RO5 LA Data 2009-10 (3),"row 436, column 14",Net Current Expenditure (C7 = C3 - C6)
2009/10,E6201,,East London Waste Authority,O,Museums and galleries,0,0.0,RO5.xlsx,RO5 LA Data 2009-10 (3),"row 436, column 18",Net Current Expenditure (C7 = C3 - C6)
2009/10,E6201,,East London Waste Authority,O,Theatres and public entertainment,0,0.0,RO5.xlsx,RO5 LA Data 2009-10 (3),"row 436, column 22",Net Current Expenditure (C7 = C3 - C6)
2009/10,E6201,,East London Waste Authority,O,Library service,0,0.0,RO5.xlsx,RO5 LA Data 2009-10 (3),"row 436, column 50",Net Current Expenditure (C7 = C3 - C6)
2009/10,E6202,,Greater Manchester Waste Disposal Authority,O,Archives,0,0.0,RO5.xlsx,RO5 LA Data 2009-10 (3),"row 437, column 6",Net Current Expenditure (C7 = C3 - C6)
2009/10,E6202,,Greater Manchester Waste Disposal Authority,O,Arts development and support,0,0.0,RO5.xlsx,RO5 LA Data 2009-10 (3),"row 437, column 10",Net Current Expenditure (C7 = C3 - C6)
2009/10,E6202,,Greater Manchester Waste Disposal Authority,O,Heritage,0,0.0,RO5.xlsx,RO5 LA Data 2009-10 (3),"row 437, column 14",Net Current Expenditure (C7 = C3 - C6)
2009/10,E6202,,Greater Manchester Waste Disposal Authority,O,Museums and galleries,0,0.0,RO5.xlsx,RO5 LA Data 2009-10 (3),"row 437, column 18",Net Current Expenditure (C7 = C3 - C6)
2009/10,E6202,,Greater Manchester Waste Disposal Authority,O,Theatres and public entertainment,0,0.0,RO5.xlsx,RO5 LA Data 2009-10 (3),"row 437, column 22",Net Current Expenditure (C7 = C3 - C6)
2009/10,E6202,,Greater Manchester Waste Disposal Authority,O,Library service,0,0.0,RO5.xlsx,RO5 LA Data 2009-10 (3),"row 437, column 50",Net Current Expenditure (C7 = C3 - C6)
2009/10,E6204,,Merseyside Waste Disposal Authority,O,Archives,0,0.0,RO5.xlsx,RO5 LA Data 2009-10 (3),"row 438, column 6",Net Current Expenditure (C7 = C3 - C6)
2009/10,E6204,,Merseyside Waste Disposal Authority,O,Arts development and support,0,0.0,RO5.xlsx,RO5 LA Data 2009-10 (3),"row 438, column 10",Net Current Expenditure (C7 = C3 - C6)
2009/10,E6204,,Merseyside Waste Disposal Authority,O,Heritage,0,0.0,RO5.xlsx,RO5 LA Data 2009-10 (3),"row 438, column 14",Net Current Expenditure (C7 = C3 - C6)
2009/10,E6204,,Merseyside Waste Disposal Authority,O,Museums and galleries,0,0.0,RO5.xlsx,RO5 LA Data 2009-10 (3),"row 438, column 18",Net Current Expenditure (C7 = C3 - C6)
2009/10,E6204,,Merseyside Waste Disposal Authority,O,Theatres and public entertainment,0,0.0,RO5.xlsx,RO5 LA Data 2009-10 (3),"row 438, column 22",Net Current Expenditure (C7 = C3 - C6)
2009/10,E6204,,Merseyside Waste Disposal Authority,O,Library service,0,0.0,RO5.xlsx,RO5 LA Data 2009-10 (3),"row 438, column 50",Net Current Expenditure (C7 = C3 - C6)
2009/10,E6205,,North London Waste Authority,O,Archives,0,0.0,RO5.xlsx,RO5 LA Data 2009-10 (3),"row 439, column 6",Net Current Expenditure (C7 = C3 - C6)
2009/10,E6205,,North London Waste Authority,O,Arts development and support,0,0.0,RO5.xlsx,RO5 LA Data 2009-10 (3),"row 439, column 10",Net Current Expenditure (C7 = C3 - C6)
2009/10,E6205,,North London Waste Authority,O,Heritage,0,0.0,RO5.xlsx,RO5 LA Data 2009-10 (3),"row 439, column 14",Net Current Expenditure (C7 = C3 - C6)
2009/10,E6205,,North London Waste Authority,O,Museums and galleries,0,0.0,RO5.xlsx,RO5 LA Data 2009-10 (3),"row 439, column 18",Net Current Expenditure (C7 = C3 - C6)
2009/10,E6205,,North London Waste Authority,O,Theatres and public entertainment,0,0.0,RO5.xlsx,RO5 LA Data 2009-10 (3),"row 439, column 22",Net Current Expenditure (C7 = C3 - C6)
2009/10,E6205,,North London Waste Authority,O,Library service,0,0.0,RO5.xlsx,RO5 LA Data 2009-10 (3),"row 439, column 50",Net Current Expenditure (C7 = C3 - C6)
2009/10,E6206,,Western Riverside Waste Authority,O,Archives,0,0.0,RO5.xlsx,RO5 LA Data 2009-10 (3),"row 440, column 6",Net Current Expenditure (C7 = C3 - C6)
2009/10,E6206,,Western Riverside Waste Authority,O,Arts development and support,0,0.0,RO5.xlsx,RO5 LA Data 2009-10 (3),"row 440, column 10",Net Current Expenditure (C7 = C3 - C6)
2009/10,E6206,,Western Riverside Waste Authority,O,Heritage,0,0.0,RO5.xlsx,RO5 LA Data 2009-10 (3),"row 440, column 14",Net Current Expenditure (C7 = C3 - C6)
2009/10,E6206,,Western Riverside Waste Authority,O,Museums and galleries,0,0.0,RO5.xlsx,RO5 LA Data 2009-10 (3),"row 440, column 18",Net Current Expenditure (C7 = C3 - C6)
2009/10,E6206,,Western Riverside Waste Authority,O,Theatres and public entertainment,0,0.0,RO5.xlsx,RO5 LA Data 2009-10 (3),"row 440, column 22",Net Current Expenditure (C7 = C3 - C6)
2009/10,E6206,,Western Riverside Waste Authority,O,Library service,0,0.0,RO5.xlsx,RO5 LA Data 2009-10 (3),"row 440, column 50",Net Current Expenditure (C7 = C3 - C6)
2009/10,E6207,,West London Waste Authority,O,Archives,0,0.0,RO5.xlsx,RO5 LA Data 2009-10 (3),"row 441, column 6",Net Current Expenditure (C7 = C3 - C6)
2009/10,E6207,,West London Waste Authority,O,Arts development and support,0,0.0,RO5.xlsx,RO5 LA Data 2009-10 (3),"row 441, column 10",Net Current Expenditure (C7 = C3 - C6)
2009/10,E6207,,West London Waste Authority,O,Heritage,0,0.0,RO5.xlsx,RO5 LA Data 2009-10 (3),"row 441, column 14",Net Current Expenditure (C7 = C3 - C6)
2009/10,E6207,,West London Waste Authority,O,Museums and galleries,0,0.0,RO5.xlsx,RO5 LA Data 2009-10 (3),"row 441, column 18",Net Current Expenditure (C7 = C3 - C6)
2009/10,E6207,,West London Waste Authority,O,Theatres and public entertainment,0,0.0,RO5.xlsx,RO5 LA Data 2009-10 (3),"row 441, column 22",Net Current Expenditure (C7 = C3 - C6)
2009/10,E6207,,West London Waste Authority,O,Library service,0,0.0,RO5.xlsx,RO5 LA Data 2009-10 (3),"row 441, column 50",Net Current Expenditure (C7 = C3 - C6)
2009/10,E6342,,Greater Manchester Passenger Transport Authority,O,Archives,0,0.0,RO5.xlsx,RO5 LA Data 2009-10 (3),"row 442, column 6",Net Current Expenditure (C7 = C3 - C6)
2009/10,E6342,,Greater Manchester Passenger Transport Authority,O,Arts development and support,0,0.0,RO5.xlsx,RO5 LA Data 2009-10 (3),"row 442, column 10",Net Current Expenditure (C7 = C3 - C6)
2009/10,E6342,,Greater Manchester Passenger Transport Authority,O,Heritage,0,0.0,RO5.xlsx,RO5 LA Data 2009-10 (3),"row 442, column 14",Net Current Expenditure (C7 = C3 - C6)
2009/10,E6342,,Greater Manchester Passenger Transport Authority,O,Museums and galleries,0,0.0,RO5.xlsx,RO5 LA Data 2009-10 (3),"row 442, column 18",Net Current Expenditure (C7 = C3 - C6)
2009/10,E6342,,Greater Manchester Passenger Transport Authority,O,Theatres and public entertainment,0,0.0,RO5.xlsx,RO5 LA Data 2009-10 (3),"row 442, column 22",Net Current Expenditure (C7 = C3 - C6)
2009/10,E6342,,Greater Manchester Passenger Transport Authority,O,Library service,0,0.0,RO5.xlsx,RO5 LA Data 2009-10 (3),"row 442, column 50",Net Current Expenditure (C7 = C3 - C6)
2009/10,E6343,,Merseyside Passenger Transport Authority,O,Archives,0,0.0,RO5.xlsx,RO5 LA Data 2009-10 (3),"row 443, column 6",Net Current Expenditure (C7 = C3 - C6)
2009/10,E6343,,Merseyside Passenger Transport Authority,O,Arts development and support,0,0.0,RO5.xlsx,RO5 LA Data 2009-10 (3),"row 443, column 10",Net Current Expenditure (C7 = C3 - C6)
2009/10,E6343,,Merseyside Passenger Transport Authority,O,Heritage,0,0.0,RO5.xlsx,RO5 LA Data 2009-10 (3),"row 443, column 14",Net Current Expenditure (C7 = C3 - C6)
2009/10,E6343,,Merseyside Passenger Transport Authority,O,Museums and galleries,0,0.0,RO5.xlsx,RO5 LA Data 2009-10 (3),"row 443, column 18",Net Current Expenditure (C7 = C3 - C6)
2009/10,E6343,,Merseyside Passenger Transport Authority,O,Theatres and public entertainment,0,0.0,RO5.xlsx,RO5 LA Data 2009-10 (3),"row 443, column 22",Net Current Expenditure (C7 = C3 - C6)
2009/10,E6343,,Merseyside Passenger Transport Authority,O,Library service,0,0.0,RO5.xlsx,RO5 LA Data 2009-10 (3),"row 443, column 50",Net Current Expenditure (C7 = C3 - C6)
2009/10,E6344,,South Yorkshire Passenger Transport Authority,O,Archives,0,0.0,RO5.xlsx,RO5 LA Data 2009-10 (3),"row 444, column 6",Net Current Expenditure (C7 = C3 - C6)
2009/10,E6344,,South Yorkshire Passenger Transport Authority,O,Arts development and support,0,0.0,RO5.xlsx,RO5 LA Data 2009-10 (3),"row 444, column 10",Net Current Expenditure (C7 = C3 - C6)
2009/10,E6344,,South Yorkshire Passenger Transport Authority,O,Heritage,0,0.0,RO5.xlsx,RO5 LA Data 2009-10 (3),"row 444, column 14",Net Current Expenditure (C7 = C3 - C6)
2009/10,E6344,,South Yorkshire Passenger Transport Authority,O,Museums and galleries,0,0.0,RO5.xlsx,RO5 LA Data 2009-10 (3),"row 444, column 18",Net Current Expenditure (C7 = C3 - C6)
2009/10,E6344,,South Yorkshire Passenger Transport Authority,O,Theatres and public entertainment,0,0.0,RO5.xlsx,RO5 LA Data 2009-10 (3),"row 444, column 22",Net Current Expenditure (C7 = C3 - C6)
2009/10,E6344,,South Yorkshire Passenger Transport Authority,O,Library service,0,0.0,RO5.xlsx,RO5 LA Data 2009-10 (3),"row 444, column 50",Net Current Expenditure (C7 = C3 - C6)
2009/10,E6345,,Tyne and Wear Passenger Transport Authority,O,Archives,0,0.0,RO5.xlsx,RO5 LA Data 2009-10 (3),"row 445, column 6",Net Current Expenditure (C7 = C3 - C6)
2009/10,E6345,,Tyne and Wear Passenger Transport Authority,O,Arts development and support,0,0.0,RO5.xlsx,RO5 LA Data 2009-10 (3),"row 445, column 10",Net Current Expenditure (C7 = C3 - C6)
2009/10,E6345,,Tyne and Wear Passenger Transport Authority,O,Heritage,0,0.0,RO5.xlsx,RO5 LA Data 2009-10 (3),"row 445, column 14",Net Current Expenditure (C7 = C3 - C6)
2009/10,E6345,,Tyne and Wear Passenger Transport Authority,O,Museums and galleries,0,0.0,RO5.xlsx,RO5 LA Data 2009-10 (3),"row 445, column 18",Net Current Expenditure (C7 = C3 - C6)
2009/10,E6345,,Tyne and Wear Passenger Transport Authority,O,Theatres and public entertainment,0,0.0,RO5.xlsx,RO5 LA Data 2009-10 (3),"row 445, column 22",Net Current Expenditure (C7 = C3 - C6)
2009/10,E6345,,Tyne and Wear Passenger Transport Authority,O,Library service,0,0.0,RO5.xlsx,RO5 LA Data 2009-10 (3),"row 445, column 50",Net Current Expenditure (C7 = C3 - C6)
2009/10,E6346,,West Midlands Passenger Transport Authority,O,Archives,0,0.0,RO5.xlsx,RO5 LA Data 2009-10 (3),"row 446, column 6",Net Current Expenditure (C7 = C3 - C6)
2009/10,E6346,,West Midlands Passenger Transport Authority,O,Arts development and support,0,0.0,RO5.xlsx,RO5 LA Data 2009-10 (3),"row 446, column 10",Net Current Expenditure (C7 = C3 - C6)
2009/10,E6346,,West Midlands Passenger Transport Authority,O,Heritage,0,0.0,RO5.xlsx,RO5 LA Data 2009-10 (3),"row 446, column 14",Net Current Expenditure (C7 = C3 - C6)
2009/10,E6346,,West Midlands Passenger Transport Authority,O,Museums and galleries,0,0.0,RO5.xlsx,RO5 LA Data 2009-10 (3),"row 446, column 18",Net Current Expenditure (C7 = C3 - C6)
2009/10,E6346,,West Midlands Passenger Transport Authority,O,Theatres and public entertainment,0,0.0,RO5.xlsx,RO5 LA Data 2009-10 (3),"row 446, column 22",Net Current Expenditure (C7 = C3 - C6)
2009/10,E6346,,West Midlands Passenger Transport Authority,O,Library service,0,0.0,RO5.xlsx,RO5 LA Data 2009-10 (3),"row 446, column 50",Net Current Expenditure (C7 = C3 - C6)
2009/10,E6347,,West Yorkshire Passenger Transport Authority,O,Archives,0,0.0,RO5.xlsx,RO5 LA Data 2009-10 (3),"row 447, column 6",Net Current Expenditure (C7 = C3 - C6)
2009/10,E6347,,West Yorkshire Passenger Transport Authority,O,Arts development and support,0,0.0,RO5.xlsx,RO5 LA Data 2009-10 (3),"row 447, column 10",Net Current Expenditure (C7 = C3 - C6)
2009/10,E6347,,West Yorkshire Passenger Transport Authority,O,Heritage,0,0.0,RO5.xlsx,RO5 LA Data 2009-10 (3),"row 447, column 14",Net Current Expenditure (C7 = C3 - C6)
2009/10,E6347,,West Yorkshire Passenger Transport Authority,O,Museums and galleries,0,0.0,RO5.xlsx,RO5 LA Data 2009-10 (3),"row 447, column 18",Net Current Expenditure (C7 = C3 - C6)
2009/10,E6347,,West Yorkshire Passenger Transport Authority,O,Theatres and public entertainment,0,0.0,RO5.xlsx,RO5 LA Data 2009-10 (3),"row 447, column 22",Net Current Expenditure (C7 = C3 - C6)
2009/10,E6347,,West Yorkshire Passenger Transport Authority,O,Library service,0,0.0,RO5.xlsx,RO5 LA Data 2009-10 (3),"row 447, column 50",Net Current Expenditure (C7 = C3 - C6)
2009/10,E6401,,Dartmoor National Park Authority,O,Archives,0,0.0,RO5.xlsx,RO5 LA Data 2009-10 (3),"row 448, column 6",Net Current Expenditure (C7 = C3 - C6)
2009/10,E6401,,Dartmoor National Park Authority,O,Arts development and support,0,0.0,RO5.xlsx,RO5 LA Data 2009-10 (3),"row 448, column 10",Net Current Expenditure (C7 = C3 - C6)
2009/10,E6401,,Dartmoor National Park Authority,O,Heritage,261,261000.0,RO5.xlsx,RO5 LA Data 2009-10 (3),"row 448, column 14",Net Current Expenditure (C7 = C3 - C6)
2009/10,E6401,,Dartmoor National Park Authority,O,Museums and galleries,0,0.0,RO5.xlsx,RO5 LA Data 2009-10 (3),"row 448, column 18",Net Current Expenditure (C7 = C3 - C6)
2009/10,E6401,,Dartmoor National Park Authority,O,Theatres and public entertainment,0,0.0,RO5.xlsx,RO5 LA Data 2009-10 (3),"row 448, column 22",Net Current Expenditure (C7 = C3 - C6)
2009/10,E6401,,Dartmoor National Park Authority,O,Library service,0,0.0,RO5.xlsx,RO5 LA Data 2009-10 (3),"row 448, column 50",Net Current Expenditure (C7 = C3 - C6)
2009/10,E6402,,Exmoor National Park Authority,O,Archives,0,0.0,RO5.xlsx,RO5 LA Data 2009-10 (3),"row 449, column 6",Net Current Expenditure (C7 = C3 - C6)
2009/10,E6402,,Exmoor National Park Authority,O,Arts development and support,0,0.0,RO5.xlsx,RO5 LA Data 2009-10 (3),"row 449, column 10",Net Current Expenditure (C7 = C3 - C6)
2009/10,E6402,,Exmoor National Park Authority,O,Heritage,379,379000.0,RO5.xlsx,RO5 LA Data 2009-10 (3),"row 449, column 14",Net Current Expenditure (C7 = C3 - C6)
2009/10,E6402,,Exmoor National Park Authority,O,Museums and galleries,0,0.0,RO5.xlsx,RO5 LA Data 2009-10 (3),"row 449, column 18",Net Current Expenditure (C7 = C3 - C6)
2009/10,E6402,,Exmoor National Park Authority,O,Theatres and public entertainment,0,0.0,RO5.xlsx,RO5 LA Data 2009-10 (3),"row 449, column 22",Net Current Expenditure (C7 = C3 - C6)
2009/10,E6402,,Exmoor National Park Authority,O,Library service,0,0.0,RO5.xlsx,RO5 LA Data 2009-10 (3),"row 449, column 50",Net Current Expenditure (C7 = C3 - C6)
2009/10,E6403,,Lake District National Park Authority,O,Archives,0,0.0,RO5.xlsx,RO5 LA Data 2009-10 (3),"row 450, column 6",Net Current Expenditure (C7 = C3 - C6)
2009/10,E6403,,Lake District National Park Authority,O,Arts development and support,0,0.0,RO5.xlsx,RO5 LA Data 2009-10 (3),"row 450, column 10",Net Current Expenditure (C7 = C3 - C6)
2009/10,E6403,,Lake District National Park Authority,O,Heritage,282,282000.0,RO5.xlsx,RO5 LA Data 2009-10 (3),"row 450, column 14",Net Current Expenditure (C7 = C3 - C6)
2009/10,E6403,,Lake District National Park Authority,O,Museums and galleries,0,0.0,RO5.xlsx,RO5 LA Data 2009-10 (3),"row 450, column 18",Net Current Expenditure (C7 = C3 - C6)
2009/10,E6403,,Lake District National Park Authority,O,Theatres and public entertainment,0,0.0,RO5.xlsx,RO5 LA Data 2009-10 (3),"row 450, column 22",Net Current Expenditure (C7 = C3 - C6)
2009/10,E6403,,Lake District National Park Authority,O,Library service,0,0.0,RO5.xlsx,RO5 LA Data 2009-10 (3),"row 450, column 50",Net Current Expenditure (C7 = C3 - C6)
2009/10,E6404,,North York Moors National Park Authority,O,Archives,0,0.0,RO5.xlsx,RO5 LA Data 2009-10 (3),"row 451, column 6",Net Current Expenditure (C7 = C3 - C6)
2009/10,E6404,,North York Moors National Park Authority,O,Arts development and support,0,0.0,RO5.xlsx,RO5 LA Data 2009-10 (3),"row 451, column 10",Net Current Expenditure (C7 = C3 - C6)
2009/10,E6404,,North York Moors National Park Authority,O,Heritage,0,0.0,RO5.xlsx,RO5 LA Data 2009-10 (3),"row 451, column 14",Net Current Expenditure (C7 = C3 - C6)
2009/10,E6404,,North York Moors National Park Authority,O,Museums and galleries,0,0.0,RO5.xlsx,RO5 LA Data 2009-10 (3),"row 451, column 18",Net Current Expenditure (C7 = C3 - C6)
2009/10,E6404,,North York Moors National Park Authority,O,Theatres and public entertainment,0,0.0,RO5.xlsx,RO5 LA Data 2009-10 (3),"row 451, column 22",Net Current Expenditure (C7 = C3 - C6)
2009/10,E6404,,North York Moors National Park Authority,O,Library service,0,0.0,RO5.xlsx,RO5 LA Data 2009-10 (3),"row 451, column 50",Net Current Expenditure (C7 = C3 - C6)
2009/10,E6405,,Northumberland National Park Authority,O,Archives,0,0.0,RO5.xlsx,RO5 LA Data 2009-10 (3),"row 452, column 6",Net Current Expenditure (C7 = C3 - C6)
2009/10,E6405,,Northumberland National Park Authority,O,Arts development and support,0,0.0,RO5.xlsx,RO5 LA Data 2009-10 (3),"row 452, column 10",Net Current Expenditure (C7 = C3 - C6)
2009/10,E6405,,Northumberland National Park Authority,O,Heritage,681,681000.0,RO5.xlsx,RO5 LA Data 2009-10 (3),"row 452, column 14",Net Current Expenditure (C7 = C3 - C6)
2009/10,E6405,,Northumberland National Park Authority,O,Museums and galleries,0,0.0,RO5.xlsx,RO5 LA Data 2009-10 (3),"row 452, column 18",Net Current Expenditure (C7 = C3 - C6)
2009/10,E6405,,Northumberland National Park Authority,O,Theatres and public entertainment,0,0.0,RO5.xlsx,RO5 LA Data 2009-10 (3),"row 452, column 22",Net Current Expenditure (C7 = C3 - C6)
2009/10,E6405,,Northumberland National Park Authority,O,Library service,0,0.0,RO5.xlsx,RO5 LA Data 2009-10 (3),"row 452, column 50",Net Current Expenditure (C7 = C3 - C6)
2009/10,E6406,,Peak District National Park Authority,O,Archives,0,0.0,RO5.xlsx,RO5 LA Data 2009-10 (3),"row 453, column 6",Net Current Expenditure (C7 = C3 - C6)
2009/10,E6406,,Peak District National Park Authority,O,Arts development and support,0,0.0,RO5.xlsx,RO5 LA Data 2009-10 (3),"row 453, column 10",Net Current Expenditure (C7 = C3 - C6)
2009/10,E6406,,Peak District National Park Authority,O,Heritage,0,0.0,RO5.xlsx,RO5 LA Data 2009-10 (3),"row 453, column 14",Net Current Expenditure (C7 = C3 - C6)
2009/10,E6406,,Peak District National Park Authority,O,Museums and galleries,0,0.0,RO5.xlsx,RO5 LA Data 2009-10 (3),"row 453, column 18",Net Current Expenditure (C7 = C3 - C6)
2009/10,E6406,,Peak District National Park Authority,O,Theatres and public entertainment,0,0.0,RO5.xlsx,RO5 LA Data 2009-10 (3),"row 453, column 22",Net Current Expenditure (C7 = C3 - C6)
2009/10,E6406,,Peak District National Park Authority,O,Library service,0,0.0,RO5.xlsx,RO5 LA Data 2009-10 (3),"row 453, column 50",Net Current Expenditure (C7 = C3 - C6)
2009/10,E6407,,Yorkshire Dales National Park Authority,O,Archives,0,0.0,RO5.xlsx,RO5 LA Data 2009-10 (3),"row 454, column 6",Net Current Expenditure (C7 = C3 - C6)
2009/10,E6407,,Yorkshire Dales National Park Authority,O,Arts development and support,0,0.0,RO5.xlsx,RO5 LA Data 2009-10 (3),"row 454, column 10",Net Current Expenditure (C7 = C3 - C6)
2009/10,E6407,,Yorkshire Dales National Park Authority,O,Heritage,0,0.0,RO5.xlsx,RO5 LA Data 2009-10 (3),"row 454, column 14",Net Current Expenditure (C7 = C3 - C6)
2009/10,E6407,,Yorkshire Dales National Park Authority,O,Museums and galleries,140,140000.0,RO5.xlsx,RO5 LA Data 2009-10 (3),"row 454, column 18",Net Current Expenditure (C7 = C3 - C6)
2009/10,E6407,,Yorkshire Dales National Park Authority,O,Theatres and public entertainment,0,0.0,RO5.xlsx,RO5 LA Data 2009-10 (3),"row 454, column 22",Net Current Expenditure (C7 = C3 - C6)
2009/10,E6407,,Yorkshire Dales National Park Authority,O,Library service,0,0.0,RO5.xlsx,RO5 LA Data 2009-10 (3),"row 454, column 50",Net Current Expenditure (C7 = C3 - C6)
2009/10,E6408,,The Broads Authority,O,Archives,0,0.0,RO5.xlsx,RO5 LA Data 2009-10 (3),"row 455, column 6",Net Current Expenditure (C7 = C3 - C6)
2009/10,E6408,,The Broads Authority,O,Arts development and support,0,0.0,RO5.xlsx,RO5 LA Data 2009-10 (3),"row 455, column 10",Net Current Expenditure (C7 = C3 - C6)
2009/10,E6408,,The Broads Authority,O,Heritage,0,0.0,RO5.xlsx,RO5 LA Data 2009-10 (3),"row 455, column 14",Net Current Expenditure (C7 = C3 - C6)
2009/10,E6408,,The Broads Authority,O,Museums and galleries,0,0.0,RO5.xlsx,RO5 LA Data 2009-10 (3),"row 455, column 18",Net Current Expenditure (C7 = C3 - C6)
2009/10,E6408,,The Broads Authority,O,Theatres and public entertainment,0,0.0,RO5.xlsx,RO5 LA Data 2009-10 (3),"row 455, column 22",Net Current Expenditure (C7 = C3 - C6)
2009/10,E6408,,The Broads Authority,O,Library service,0,0.0,RO5.xlsx,RO5 LA Data 2009-10 (3),"row 455, column 50",Net Current Expenditure (C7 = C3 - C6)
2009/10,E6409,,New Forest National Park Authority  ,O,Archives,0,0.0,RO5.xlsx,RO5 LA Data 2009-10 (3),"row 456, column 6",Net Current Expenditure (C7 = C3 - C6)
2009/10,E6409,,New Forest National Park Authority  ,O,Arts development and support,0,0.0,RO5.xlsx,RO5 LA Data 2009-10 (3),"row 456, column 10",Net Current Expenditure (C7 = C3 - C6)
2009/10,E6409,,New Forest National Park Authority  ,O,Heritage,1051,1051000.0,RO5.xlsx,RO5 LA Data 2009-10 (3),"row 456, column 14",Net Current Expenditure (C7 = C3 - C6)
2009/10,E6409,,New Forest National Park Authority  ,O,Museums and galleries,0,0.0,RO5.xlsx,RO5 LA Data 2009-10 (3),"row 456, column 18",Net Current Expenditure (C7 = C3 - C6)
2009/10,E6409,,New Forest National Park Authority  ,O,Theatres and public entertainment,0,0.0,RO5.xlsx,RO5 LA Data 2009-10 (3),"row 456, column 22",Net Current Expenditure (C7 = C3 - C6)
2009/10,E6409,,New Forest National Park Authority  ,O,Library service,0,0.0,RO5.xlsx,RO5 LA Data 2009-10 (3),"row 456, column 50",Net Current Expenditure (C7 = C3 - C6)
2009/10,E6803,,Lee Valley Regional Park Authority,O,Archives,0,0.0,RO5.xlsx,RO5 LA Data 2009-10 (3),"row 457, column 6",Net Current Expenditure (C7 = C3 - C6)
2009/10,E6803,,Lee Valley Regional Park Authority,O,Arts development and support,8,8000.0,RO5.xlsx,RO5 LA Data 2009-10 (3),"row 457, column 10",Net Current Expenditure (C7 = C3 - C6)
2009/10,E6803,,Lee Valley Regional Park Authority,O,Heritage,52,52000.0,RO5.xlsx,RO5 LA Data 2009-10 (3),"row 457, column 14",Net Current Expenditure (C7 = C3 - C6)
2009/10,E6803,,Lee Valley Regional Park Authority,O,Museums and galleries,0,0.0,RO5.xlsx,RO5 LA Data 2009-10 (3),"row 457, column 18",Net Current Expenditure (C7 = C3 - C6)
2009/10,E6803,,Lee Valley Regional Park Authority,O,Theatres and public entertainment,0,0.0,RO5.xlsx,RO5 LA Data 2009-10 (3),"row 457, column 22",Net Current Expenditure (C7 = C3 - C6)
2009/10,E6803,,Lee Valley Regional Park Authority,O,Library service,0,0.0,RO5.xlsx,RO5 LA Data 2009-10 (3),"row 457, column 50",Net Current Expenditure (C7 = C3 - C6)
