financial_year,legacy_e_code,ons_code,local_authority,class,original_service_label,original_value_thousand_gbp,value_gbp,source_file,source_sheet,source_locator,original_measure_heading
2013/14,E0101,,Bath & North East Somerset UA,UA,Archives,466,466000.0,Revenue_Outturn__RO5__data_2013-14_by_LA.xlsx,RO5 LA Data 2013-14 (3),"row 15, column 6",Net Current Expenditure (C7 = C3 - C6)
2013/14,E0101,,Bath & North East Somerset UA,UA,Arts development and support,811,811000.0,Revenue_Outturn__RO5__data_2013-14_by_LA.xlsx,RO5 LA Data 2013-14 (3),"row 15, column 10",Net Current Expenditure (C7 = C3 - C6)
2013/14,E0101,,Bath & North East Somerset UA,UA,Heritage,-5737,-5737000.0,Revenue_Outturn__RO5__data_2013-14_by_LA.xlsx,RO5 LA Data 2013-14 (3),"row 15, column 14",Net Current Expenditure (C7 = C3 - C6)
2013/14,E0101,,Bath & North East Somerset UA,UA,Museums and galleries,0,0.0,Revenue_Outturn__RO5__data_2013-14_by_LA.xlsx,RO5 LA Data 2013-14 (3),"row 15, column 18",Net Current Expenditure (C7 = C3 - C6)
2013/14,E0101,,Bath & North East Somerset UA,UA,Theatres and public entertainment,0,0.0,Revenue_Outturn__RO5__data_2013-14_by_LA.xlsx,RO5 LA Data 2013-14 (3),"row 15, column 22",Net Current Expenditure (C7 = C3 - C6)
2013/14,E0101,,Bath & North East Somerset UA,UA,Library service,2798,2798000.0,Revenue_Outturn__RO5__data_2013-14_by_LA.xlsx,RO5 LA Data 2013-14 (3),"row 15, column 50",Net Current Expenditure (C7 = C3 - C6)
2013/14,E0102,,Bristol UA,UA,Archives,393,393000.0,Revenue_Outturn__RO5__data_2013-14_by_LA.xlsx,RO5 LA Data 2013-14 (3),"row 16, column 6",Net Current Expenditure (C7 = C3 - C6)
2013/14,E0102,,Bristol UA,UA,Arts development and support,2838,2838000.0,Revenue_Outturn__RO5__data_2013-14_by_LA.xlsx,RO5 LA Data 2013-14 (3),"row 16, column 10",Net Current Expenditure (C7 = C3 - C6)
2013/14,E0102,,Bristol UA,UA,Heritage,1124,1124000.0,Revenue_Outturn__RO5__data_2013-14_by_LA.xlsx,RO5 LA Data 2013-14 (3),"row 16, column 14",Net Current Expenditure (C7 = C3 - C6)
2013/14,E0102,,Bristol UA,UA,Museums and galleries,5237,5237000.0,Revenue_Outturn__RO5__data_2013-14_by_LA.xlsx,RO5 LA Data 2013-14 (3),"row 16, column 18",Net Current Expenditure (C7 = C3 - C6)
2013/14,E0102,,Bristol UA,UA,Theatres and public entertainment,22,22000.0,Revenue_Outturn__RO5__data_2013-14_by_LA.xlsx,RO5 LA Data 2013-14 (3),"row 16, column 22",Net Current Expenditure (C7 = C3 - C6)
2013/14,E0102,,Bristol UA,UA,Library service,6254,6254000.0,Revenue_Outturn__RO5__data_2013-14_by_LA.xlsx,RO5 LA Data 2013-14 (3),"row 16, column 50",Net Current Expenditure (C7 = C3 - C6)
2013/14,E0103,,South Gloucestershire UA,UA,Archives,0,0.0,Revenue_Outturn__RO5__data_2013-14_by_LA.xlsx,RO5 LA Data 2013-14 (3),"row 17, column 6",Net Current Expenditure (C7 = C3 - C6)
2013/14,E0103,,South Gloucestershire UA,UA,Arts development and support,86,86000.0,Revenue_Outturn__RO5__data_2013-14_by_LA.xlsx,RO5 LA Data 2013-14 (3),"row 17, column 10",Net Current Expenditure (C7 = C3 - C6)
2013/14,E0103,,South Gloucestershire UA,UA,Heritage,154,154000.0,Revenue_Outturn__RO5__data_2013-14_by_LA.xlsx,RO5 LA Data 2013-14 (3),"row 17, column 14",Net Current Expenditure (C7 = C3 - C6)
2013/14,E0103,,South Gloucestershire UA,UA,Museums and galleries,3,3000.0,Revenue_Outturn__RO5__data_2013-14_by_LA.xlsx,RO5 LA Data 2013-14 (3),"row 17, column 18",Net Current Expenditure (C7 = C3 - C6)
2013/14,E0103,,South Gloucestershire UA,UA,Theatres and public entertainment,5,5000.0,Revenue_Outturn__RO5__data_2013-14_by_LA.xlsx,RO5 LA Data 2013-14 (3),"row 17, column 22",Net Current Expenditure (C7 = C3 - C6)
2013/14,E0103,,South Gloucestershire UA,UA,Library service,2855,2855000.0,Revenue_Outturn__RO5__data_2013-14_by_LA.xlsx,RO5 LA Data 2013-14 (3),"row 17, column 50",Net Current Expenditure (C7 = C3 - C6)
2013/14,E0104,,North Somerset UA,UA,Archives,157,157000.0,Revenue_Outturn__RO5__data_2013-14_by_LA.xlsx,RO5 LA Data 2013-14 (3),"row 18, column 6",Net Current Expenditure (C7 = C3 - C6)
2013/14,E0104,,North Somerset UA,UA,Arts development and support,0,0.0,Revenue_Outturn__RO5__data_2013-14_by_LA.xlsx,RO5 LA Data 2013-14 (3),"row 18, column 10",Net Current Expenditure (C7 = C3 - C6)
2013/14,E0104,,North Somerset UA,UA,Heritage,-4,-4000.0,Revenue_Outturn__RO5__data_2013-14_by_LA.xlsx,RO5 LA Data 2013-14 (3),"row 18, column 14",Net Current Expenditure (C7 = C3 - C6)
2013/14,E0104,,North Somerset UA,UA,Museums and galleries,-6,-6000.0,Revenue_Outturn__RO5__data_2013-14_by_LA.xlsx,RO5 LA Data 2013-14 (3),"row 18, column 18",Net Current Expenditure (C7 = C3 - C6)
2013/14,E0104,,North Somerset UA,UA,Theatres and public entertainment,94,94000.0,Revenue_Outturn__RO5__data_2013-14_by_LA.xlsx,RO5 LA Data 2013-14 (3),"row 18, column 22",Net Current Expenditure (C7 = C3 - C6)
2013/14,E0104,,North Somerset UA,UA,Library service,2441,2441000.0,Revenue_Outturn__RO5__data_2013-14_by_LA.xlsx,RO5 LA Data 2013-14 (3),"row 18, column 50",Net Current Expenditure (C7 = C3 - C6)
2013/14,E0201,,Luton UA,UA,Archives,0,0.0,Revenue_Outturn__RO5__data_2013-14_by_LA.xlsx,RO5 LA Data 2013-14 (3),"row 19, column 6",Net Current Expenditure (C7 = C3 - C6)
2013/14,E0201,,Luton UA,UA,Arts development and support,0,0.0,Revenue_Outturn__RO5__data_2013-14_by_LA.xlsx,RO5 LA Data 2013-14 (3),"row 19, column 10",Net Current Expenditure (C7 = C3 - C6)
2013/14,E0201,,Luton UA,UA,Heritage,5,5000.0,Revenue_Outturn__RO5__data_2013-14_by_LA.xlsx,RO5 LA Data 2013-14 (3),"row 19, column 14",Net Current Expenditure (C7 = C3 - C6)
2013/14,E0201,,Luton UA,UA,Museums and galleries,1128,1128000.0,Revenue_Outturn__RO5__data_2013-14_by_LA.xlsx,RO5 LA Data 2013-14 (3),"row 19, column 18",Net Current Expenditure (C7 = C3 - C6)
2013/14,E0201,,Luton UA,UA,Theatres and public entertainment,0,0.0,Revenue_Outturn__RO5__data_2013-14_by_LA.xlsx,RO5 LA Data 2013-14 (3),"row 19, column 22",Net Current Expenditure (C7 = C3 - C6)
2013/14,E0201,,Luton UA,UA,Library service,1,1000.0,Revenue_Outturn__RO5__data_2013-14_by_LA.xlsx,RO5 LA Data 2013-14 (3),"row 19, column 50",Net Current Expenditure (C7 = C3 - C6)
2013/14,E0202,,Bedford UA,UA,Archives,194,194000.0,Revenue_Outturn__RO5__data_2013-14_by_LA.xlsx,RO5 LA Data 2013-14 (3),"row 20, column 6",Net Current Expenditure (C7 = C3 - C6)
2013/14,E0202,,Bedford UA,UA,Arts development and support,-5,-5000.0,Revenue_Outturn__RO5__data_2013-14_by_LA.xlsx,RO5 LA Data 2013-14 (3),"row 20, column 10",Net Current Expenditure (C7 = C3 - C6)
2013/14,E0202,,Bedford UA,UA,Heritage,52,52000.0,Revenue_Outturn__RO5__data_2013-14_by_LA.xlsx,RO5 LA Data 2013-14 (3),"row 20, column 14",Net Current Expenditure (C7 = C3 - C6)
2013/14,E0202,,Bedford UA,UA,Museums and galleries,983,983000.0,Revenue_Outturn__RO5__data_2013-14_by_LA.xlsx,RO5 LA Data 2013-14 (3),"row 20, column 18",Net Current Expenditure (C7 = C3 - C6)
2013/14,E0202,,Bedford UA,UA,Theatres and public entertainment,610,610000.0,Revenue_Outturn__RO5__data_2013-14_by_LA.xlsx,RO5 LA Data 2013-14 (3),"row 20, column 22",Net Current Expenditure (C7 = C3 - C6)
2013/14,E0202,,Bedford UA,UA,Library service,2242,2242000.0,Revenue_Outturn__RO5__data_2013-14_by_LA.xlsx,RO5 LA Data 2013-14 (3),"row 20, column 50",Net Current Expenditure (C7 = C3 - C6)
2013/14,E0203,,Central Bedfordshire UA,UA,Archives,184,184000.0,Revenue_Outturn__RO5__data_2013-14_by_LA.xlsx,RO5 LA Data 2013-14 (3),"row 21, column 6",Net Current Expenditure (C7 = C3 - C6)
2013/14,E0203,,Central Bedfordshire UA,UA,Arts development and support,48,48000.0,Revenue_Outturn__RO5__data_2013-14_by_LA.xlsx,RO5 LA Data 2013-14 (3),"row 21, column 10",Net Current Expenditure (C7 = C3 - C6)
2013/14,E0203,,Central Bedfordshire UA,UA,Heritage,22,22000.0,Revenue_Outturn__RO5__data_2013-14_by_LA.xlsx,RO5 LA Data 2013-14 (3),"row 21, column 14",Net Current Expenditure (C7 = C3 - C6)
2013/14,E0203,,Central Bedfordshire UA,UA,Museums and galleries,0,0.0,Revenue_Outturn__RO5__data_2013-14_by_LA.xlsx,RO5 LA Data 2013-14 (3),"row 21, column 18",Net Current Expenditure (C7 = C3 - C6)
2013/14,E0203,,Central Bedfordshire UA,UA,Theatres and public entertainment,340,340000.0,Revenue_Outturn__RO5__data_2013-14_by_LA.xlsx,RO5 LA Data 2013-14 (3),"row 21, column 22",Net Current Expenditure (C7 = C3 - C6)
2013/14,E0203,,Central Bedfordshire UA,UA,Library service,2562,2562000.0,Revenue_Outturn__RO5__data_2013-14_by_LA.xlsx,RO5 LA Data 2013-14 (3),"row 21, column 50",Net Current Expenditure (C7 = C3 - C6)
2013/14,E0301,,Bracknell Forest UA,UA,Archives,111,111000.0,Revenue_Outturn__RO5__data_2013-14_by_LA.xlsx,RO5 LA Data 2013-14 (3),"row 22, column 6",Net Current Expenditure (C7 = C3 - C6)
2013/14,E0301,,Bracknell Forest UA,UA,Arts development and support,528,528000.0,Revenue_Outturn__RO5__data_2013-14_by_LA.xlsx,RO5 LA Data 2013-14 (3),"row 22, column 10",Net Current Expenditure (C7 = C3 - C6)
2013/14,E0301,,Bracknell Forest UA,UA,Heritage,0,0.0,Revenue_Outturn__RO5__data_2013-14_by_LA.xlsx,RO5 LA Data 2013-14 (3),"row 22, column 14",Net Current Expenditure (C7 = C3 - C6)
2013/14,E0301,,Bracknell Forest UA,UA,Museums and galleries,62,62000.0,Revenue_Outturn__RO5__data_2013-14_by_LA.xlsx,RO5 LA Data 2013-14 (3),"row 22, column 18",Net Current Expenditure (C7 = C3 - C6)
2013/14,E0301,,Bracknell Forest UA,UA,Theatres and public entertainment,0,0.0,Revenue_Outturn__RO5__data_2013-14_by_LA.xlsx,RO5 LA Data 2013-14 (3),"row 22, column 22",Net Current Expenditure (C7 = C3 - C6)
2013/14,E0301,,Bracknell Forest UA,UA,Library service,2002,2002000.0,Revenue_Outturn__RO5__data_2013-14_by_LA.xlsx,RO5 LA Data 2013-14 (3),"row 22, column 50",Net Current Expenditure (C7 = C3 - C6)
2013/14,E0302,,West Berkshire UA,UA,Archives,150,150000.0,Revenue_Outturn__RO5__data_2013-14_by_LA.xlsx,RO5 LA Data 2013-14 (3),"row 23, column 6",Net Current Expenditure (C7 = C3 - C6)
2013/14,E0302,,West Berkshire UA,UA,Arts development and support,86,86000.0,Revenue_Outturn__RO5__data_2013-14_by_LA.xlsx,RO5 LA Data 2013-14 (3),"row 23, column 10",Net Current Expenditure (C7 = C3 - C6)
2013/14,E0302,,West Berkshire UA,UA,Heritage,208,208000.0,Revenue_Outturn__RO5__data_2013-14_by_LA.xlsx,RO5 LA Data 2013-14 (3),"row 23, column 14",Net Current Expenditure (C7 = C3 - C6)
2013/14,E0302,,West Berkshire UA,UA,Museums and galleries,115,115000.0,Revenue_Outturn__RO5__data_2013-14_by_LA.xlsx,RO5 LA Data 2013-14 (3),"row 23, column 18",Net Current Expenditure (C7 = C3 - C6)
2013/14,E0302,,West Berkshire UA,UA,Theatres and public entertainment,531,531000.0,Revenue_Outturn__RO5__data_2013-14_by_LA.xlsx,RO5 LA Data 2013-14 (3),"row 23, column 22",Net Current Expenditure (C7 = C3 - C6)
2013/14,E0302,,West Berkshire UA,UA,Library service,1666,1666000.0,Revenue_Outturn__RO5__data_2013-14_by_LA.xlsx,RO5 LA Data 2013-14 (3),"row 23, column 50",Net Current Expenditure (C7 = C3 - C6)
2013/14,E0303,,Reading UA,UA,Archives,310,310000.0,Revenue_Outturn__RO5__data_2013-14_by_LA.xlsx,RO5 LA Data 2013-14 (3),"row 24, column 6",Net Current Expenditure (C7 = C3 - C6)
2013/14,E0303,,Reading UA,UA,Arts development and support,69,69000.0,Revenue_Outturn__RO5__data_2013-14_by_LA.xlsx,RO5 LA Data 2013-14 (3),"row 24, column 10",Net Current Expenditure (C7 = C3 - C6)
2013/14,E0303,,Reading UA,UA,Heritage,-7,-7000.0,Revenue_Outturn__RO5__data_2013-14_by_LA.xlsx,RO5 LA Data 2013-14 (3),"row 24, column 14",Net Current Expenditure (C7 = C3 - C6)
2013/14,E0303,,Reading UA,UA,Museums and galleries,547,547000.0,Revenue_Outturn__RO5__data_2013-14_by_LA.xlsx,RO5 LA Data 2013-14 (3),"row 24, column 18",Net Current Expenditure (C7 = C3 - C6)
2013/14,E0303,,Reading UA,UA,Theatres and public entertainment,2271,2271000.0,Revenue_Outturn__RO5__data_2013-14_by_LA.xlsx,RO5 LA Data 2013-14 (3),"row 24, column 22",Net Current Expenditure (C7 = C3 - C6)
2013/14,E0303,,Reading UA,UA,Library service,2074,2074000.0,Revenue_Outturn__RO5__data_2013-14_by_LA.xlsx,RO5 LA Data 2013-14 (3),"row 24, column 50",Net Current Expenditure (C7 = C3 - C6)
2013/14,E0304,,Slough UA,UA,Archives,83,83000.0,Revenue_Outturn__RO5__data_2013-14_by_LA.xlsx,RO5 LA Data 2013-14 (3),"row 25, column 6",Net Current Expenditure (C7 = C3 - C6)
2013/14,E0304,,Slough UA,UA,Arts development and support,170,170000.0,Revenue_Outturn__RO5__data_2013-14_by_LA.xlsx,RO5 LA Data 2013-14 (3),"row 25, column 10",Net Current Expenditure (C7 = C3 - C6)
2013/14,E0304,,Slough UA,UA,Heritage,0,0.0,Revenue_Outturn__RO5__data_2013-14_by_LA.xlsx,RO5 LA Data 2013-14 (3),"row 25, column 14",Net Current Expenditure (C7 = C3 - C6)
2013/14,E0304,,Slough UA,UA,Museums and galleries,0,0.0,Revenue_Outturn__RO5__data_2013-14_by_LA.xlsx,RO5 LA Data 2013-14 (3),"row 25, column 18",Net Current Expenditure (C7 = C3 - C6)
2013/14,E0304,,Slough UA,UA,Theatres and public entertainment,60,60000.0,Revenue_Outturn__RO5__data_2013-14_by_LA.xlsx,RO5 LA Data 2013-14 (3),"row 25, column 22",Net Current Expenditure (C7 = C3 - C6)
2013/14,E0304,,Slough UA,UA,Library service,2364,2364000.0,Revenue_Outturn__RO5__data_2013-14_by_LA.xlsx,RO5 LA Data 2013-14 (3),"row 25, column 50",Net Current Expenditure (C7 = C3 - C6)
2013/14,E0305,,Windsor & Maidenhead UA,UA,Archives,11,11000.0,Revenue_Outturn__RO5__data_2013-14_by_LA.xlsx,RO5 LA Data 2013-14 (3),"row 26, column 6",Net Current Expenditure (C7 = C3 - C6)
2013/14,E0305,,Windsor & Maidenhead UA,UA,Arts development and support,207,207000.0,Revenue_Outturn__RO5__data_2013-14_by_LA.xlsx,RO5 LA Data 2013-14 (3),"row 26, column 10",Net Current Expenditure (C7 = C3 - C6)
2013/14,E0305,,Windsor & Maidenhead UA,UA,Heritage,142,142000.0,Revenue_Outturn__RO5__data_2013-14_by_LA.xlsx,RO5 LA Data 2013-14 (3),"row 26, column 14",Net Current Expenditure (C7 = C3 - C6)
2013/14,E0305,,Windsor & Maidenhead UA,UA,Museums and galleries,0,0.0,Revenue_Outturn__RO5__data_2013-14_by_LA.xlsx,RO5 LA Data 2013-14 (3),"row 26, column 18",Net Current Expenditure (C7 = C3 - C6)
2013/14,E0305,,Windsor & Maidenhead UA,UA,Theatres and public entertainment,0,0.0,Revenue_Outturn__RO5__data_2013-14_by_LA.xlsx,RO5 LA Data 2013-14 (3),"row 26, column 22",Net Current Expenditure (C7 = C3 - C6)
2013/14,E0305,,Windsor & Maidenhead UA,UA,Library service,2561,2561000.0,Revenue_Outturn__RO5__data_2013-14_by_LA.xlsx,RO5 LA Data 2013-14 (3),"row 26, column 50",Net Current Expenditure (C7 = C3 - C6)
2013/14,E0306,,Wokingham UA,UA,Archives,148,148000.0,Revenue_Outturn__RO5__data_2013-14_by_LA.xlsx,RO5 LA Data 2013-14 (3),"row 27, column 6",Net Current Expenditure (C7 = C3 - C6)
2013/14,E0306,,Wokingham UA,UA,Arts development and support,0,0.0,Revenue_Outturn__RO5__data_2013-14_by_LA.xlsx,RO5 LA Data 2013-14 (3),"row 27, column 10",Net Current Expenditure (C7 = C3 - C6)
2013/14,E0306,,Wokingham UA,UA,Heritage,0,0.0,Revenue_Outturn__RO5__data_2013-14_by_LA.xlsx,RO5 LA Data 2013-14 (3),"row 27, column 14",Net Current Expenditure (C7 = C3 - C6)
2013/14,E0306,,Wokingham UA,UA,Museums and galleries,0,0.0,Revenue_Outturn__RO5__data_2013-14_by_LA.xlsx,RO5 LA Data 2013-14 (3),"row 27, column 18",Net Current Expenditure (C7 = C3 - C6)
2013/14,E0306,,Wokingham UA,UA,Theatres and public entertainment,0,0.0,Revenue_Outturn__RO5__data_2013-14_by_LA.xlsx,RO5 LA Data 2013-14 (3),"row 27, column 22",Net Current Expenditure (C7 = C3 - C6)
2013/14,E0306,,Wokingham UA,UA,Library service,1916,1916000.0,Revenue_Outturn__RO5__data_2013-14_by_LA.xlsx,RO5 LA Data 2013-14 (3),"row 27, column 50",Net Current Expenditure (C7 = C3 - C6)
2013/14,E0401,,Milton Keynes UA,UA,Archives,0,0.0,Revenue_Outturn__RO5__data_2013-14_by_LA.xlsx,RO5 LA Data 2013-14 (3),"row 28, column 6",Net Current Expenditure (C7 = C3 - C6)
2013/14,E0401,,Milton Keynes UA,UA,Arts development and support,472,472000.0,Revenue_Outturn__RO5__data_2013-14_by_LA.xlsx,RO5 LA Data 2013-14 (3),"row 28, column 10",Net Current Expenditure (C7 = C3 - C6)
2013/14,E0401,,Milton Keynes UA,UA,Heritage,254,254000.0,Revenue_Outturn__RO5__data_2013-14_by_LA.xlsx,RO5 LA Data 2013-14 (3),"row 28, column 14",Net Current Expenditure (C7 = C3 - C6)
2013/14,E0401,,Milton Keynes UA,UA,Museums and galleries,509,509000.0,Revenue_Outturn__RO5__data_2013-14_by_LA.xlsx,RO5 LA Data 2013-14 (3),"row 28, column 18",Net Current Expenditure (C7 = C3 - C6)
2013/14,E0401,,Milton Keynes UA,UA,Theatres and public entertainment,0,0.0,Revenue_Outturn__RO5__data_2013-14_by_LA.xlsx,RO5 LA Data 2013-14 (3),"row 28, column 22",Net Current Expenditure (C7 = C3 - C6)
2013/14,E0401,,Milton Keynes UA,UA,Library service,2738,2738000.0,Revenue_Outturn__RO5__data_2013-14_by_LA.xlsx,RO5 LA Data 2013-14 (3),"row 28, column 50",Net Current Expenditure (C7 = C3 - C6)
2013/14,E0421,,Buckinghamshire CC,SC,Archives,457,457000.0,Revenue_Outturn__RO5__data_2013-14_by_LA.xlsx,RO5 LA Data 2013-14 (3),"row 29, column 6",Net Current Expenditure (C7 = C3 - C6)
2013/14,E0421,,Buckinghamshire CC,SC,Arts development and support,0,0.0,Revenue_Outturn__RO5__data_2013-14_by_LA.xlsx,RO5 LA Data 2013-14 (3),"row 29, column 10",Net Current Expenditure (C7 = C3 - C6)
2013/14,E0421,,Buckinghamshire CC,SC,Heritage,0,0.0,Revenue_Outturn__RO5__data_2013-14_by_LA.xlsx,RO5 LA Data 2013-14 (3),"row 29, column 14",Net Current Expenditure (C7 = C3 - C6)
2013/14,E0421,,Buckinghamshire CC,SC,Museums and galleries,763,763000.0,Revenue_Outturn__RO5__data_2013-14_by_LA.xlsx,RO5 LA Data 2013-14 (3),"row 29, column 18",Net Current Expenditure (C7 = C3 - C6)
2013/14,E0421,,Buckinghamshire CC,SC,Theatres and public entertainment,0,0.0,Revenue_Outturn__RO5__data_2013-14_by_LA.xlsx,RO5 LA Data 2013-14 (3),"row 29, column 22",Net Current Expenditure (C7 = C3 - C6)
2013/14,E0421,,Buckinghamshire CC,SC,Library service,7542,7542000.0,Revenue_Outturn__RO5__data_2013-14_by_LA.xlsx,RO5 LA Data 2013-14 (3),"row 29, column 50",Net Current Expenditure (C7 = C3 - C6)
2013/14,E0431,,Aylesbury Vale DC,SD,Archives,0,0.0,Revenue_Outturn__RO5__data_2013-14_by_LA.xlsx,RO5 LA Data 2013-14 (3),"row 30, column 6",Net Current Expenditure (C7 = C3 - C6)
2013/14,E0431,,Aylesbury Vale DC,SD,Arts development and support,19,19000.0,Revenue_Outturn__RO5__data_2013-14_by_LA.xlsx,RO5 LA Data 2013-14 (3),"row 30, column 10",Net Current Expenditure (C7 = C3 - C6)
2013/14,E0431,,Aylesbury Vale DC,SD,Heritage,672,672000.0,Revenue_Outturn__RO5__data_2013-14_by_LA.xlsx,RO5 LA Data 2013-14 (3),"row 30, column 14",Net Current Expenditure (C7 = C3 - C6)
2013/14,E0431,,Aylesbury Vale DC,SD,Museums and galleries,0,0.0,Revenue_Outturn__RO5__data_2013-14_by_LA.xlsx,RO5 LA Data 2013-14 (3),"row 30, column 18",Net Current Expenditure (C7 = C3 - C6)
2013/14,E0431,,Aylesbury Vale DC,SD,Theatres and public entertainment,548,548000.0,Revenue_Outturn__RO5__data_2013-14_by_LA.xlsx,RO5 LA Data 2013-14 (3),"row 30, column 22",Net Current Expenditure (C7 = C3 - C6)
2013/14,E0431,,Aylesbury Vale DC,SD,Library service,0,0.0,Revenue_Outturn__RO5__data_2013-14_by_LA.xlsx,RO5 LA Data 2013-14 (3),"row 30, column 50",Net Current Expenditure (C7 = C3 - C6)
2013/14,E0432,,Chiltern,SD,Archives,0,0.0,Revenue_Outturn__RO5__data_2013-14_by_LA.xlsx,RO5 LA Data 2013-14 (3),"row 31, column 6",Net Current Expenditure (C7 = C3 - C6)
2013/14,E0432,,Chiltern,SD,Arts development and support,0,0.0,Revenue_Outturn__RO5__data_2013-14_by_LA.xlsx,RO5 LA Data 2013-14 (3),"row 31, column 10",Net Current Expenditure (C7 = C3 - C6)
2013/14,E0432,,Chiltern,SD,Heritage,0,0.0,Revenue_Outturn__RO5__data_2013-14_by_LA.xlsx,RO5 LA Data 2013-14 (3),"row 31, column 14",Net Current Expenditure (C7 = C3 - C6)
2013/14,E0432,,Chiltern,SD,Museums and galleries,0,0.0,Revenue_Outturn__RO5__data_2013-14_by_LA.xlsx,RO5 LA Data 2013-14 (3),"row 31, column 18",Net Current Expenditure (C7 = C3 - C6)
2013/14,E0432,,Chiltern,SD,Theatres and public entertainment,0,0.0,Revenue_Outturn__RO5__data_2013-14_by_LA.xlsx,RO5 LA Data 2013-14 (3),"row 31, column 22",Net Current Expenditure (C7 = C3 - C6)
2013/14,E0432,,Chiltern,SD,Library service,0,0.0,Revenue_Outturn__RO5__data_2013-14_by_LA.xlsx,RO5 LA Data 2013-14 (3),"row 31, column 50",Net Current Expenditure (C7 = C3 - C6)
2013/14,E0434,,South Buckinghamshire,SD,Archives,0,0.0,Revenue_Outturn__RO5__data_2013-14_by_LA.xlsx,RO5 LA Data 2013-14 (3),"row 32, column 6",Net Current Expenditure (C7 = C3 - C6)
2013/14,E0434,,South Buckinghamshire,SD,Arts development and support,0,0.0,Revenue_Outturn__RO5__data_2013-14_by_LA.xlsx,RO5 LA Data 2013-14 (3),"row 32, column 10",Net Current Expenditure (C7 = C3 - C6)
2013/14,E0434,,South Buckinghamshire,SD,Heritage,0,0.0,Revenue_Outturn__RO5__data_2013-14_by_LA.xlsx,RO5 LA Data 2013-14 (3),"row 32, column 14",Net Current Expenditure (C7 = C3 - C6)
2013/14,E0434,,South Buckinghamshire,SD,Museums and galleries,0,0.0,Revenue_Outturn__RO5__data_2013-14_by_LA.xlsx,RO5 LA Data 2013-14 (3),"row 32, column 18",Net Current Expenditure (C7 = C3 - C6)
2013/14,E0434,,South Buckinghamshire,SD,Theatres and public entertainment,0,0.0,Revenue_Outturn__RO5__data_2013-14_by_LA.xlsx,RO5 LA Data 2013-14 (3),"row 32, column 22",Net Current Expenditure (C7 = C3 - C6)
2013/14,E0434,,South Buckinghamshire,SD,Library service,0,0.0,Revenue_Outturn__RO5__data_2013-14_by_LA.xlsx,RO5 LA Data 2013-14 (3),"row 32, column 50",Net Current Expenditure (C7 = C3 - C6)
2013/14,E0435,,Wycombe,SD,Archives,0,0.0,Revenue_Outturn__RO5__data_2013-14_by_LA.xlsx,RO5 LA Data 2013-14 (3),"row 33, column 6",Net Current Expenditure (C7 = C3 - C6)
2013/14,E0435,,Wycombe,SD,Arts development and support,88,88000.0,Revenue_Outturn__RO5__data_2013-14_by_LA.xlsx,RO5 LA Data 2013-14 (3),"row 33, column 10",Net Current Expenditure (C7 = C3 - C6)
2013/14,E0435,,Wycombe,SD,Heritage,0,0.0,Revenue_Outturn__RO5__data_2013-14_by_LA.xlsx,RO5 LA Data 2013-14 (3),"row 33, column 14",Net Current Expenditure (C7 = C3 - C6)
2013/14,E0435,,Wycombe,SD,Museums and galleries,529,529000.0,Revenue_Outturn__RO5__data_2013-14_by_LA.xlsx,RO5 LA Data 2013-14 (3),"row 33, column 18",Net Current Expenditure (C7 = C3 - C6)
2013/14,E0435,,Wycombe,SD,Theatres and public entertainment,344,344000.0,Revenue_Outturn__RO5__data_2013-14_by_LA.xlsx,RO5 LA Data 2013-14 (3),"row 33, column 22",Net Current Expenditure (C7 = C3 - C6)
2013/14,E0435,,Wycombe,SD,Library service,0,0.0,Revenue_Outturn__RO5__data_2013-14_by_LA.xlsx,RO5 LA Data 2013-14 (3),"row 33, column 50",Net Current Expenditure (C7 = C3 - C6)
2013/14,E0501,,Peterborough UA,UA,Archives,0,0.0,Revenue_Outturn__RO5__data_2013-14_by_LA.xlsx,RO5 LA Data 2013-14 (3),"row 34, column 6",Net Current Expenditure (C7 = C3 - C6)
2013/14,E0501,,Peterborough UA,UA,Arts development and support,0,0.0,Revenue_Outturn__RO5__data_2013-14_by_LA.xlsx,RO5 LA Data 2013-14 (3),"row 34, column 10",Net Current Expenditure (C7 = C3 - C6)
2013/14,E0501,,Peterborough UA,UA,Heritage,49,49000.0,Revenue_Outturn__RO5__data_2013-14_by_LA.xlsx,RO5 LA Data 2013-14 (3),"row 34, column 14",Net Current Expenditure (C7 = C3 - C6)
2013/14,E0501,,Peterborough UA,UA,Museums and galleries,925,925000.0,Revenue_Outturn__RO5__data_2013-14_by_LA.xlsx,RO5 LA Data 2013-14 (3),"row 34, column 18",Net Current Expenditure (C7 = C3 - C6)
2013/14,E0501,,Peterborough UA,UA,Theatres and public entertainment,462,462000.0,Revenue_Outturn__RO5__data_2013-14_by_LA.xlsx,RO5 LA Data 2013-14 (3),"row 34, column 22",Net Current Expenditure (C7 = C3 - C6)
2013/14,E0501,,Peterborough UA,UA,Library service,1156,1156000.0,Revenue_Outturn__RO5__data_2013-14_by_LA.xlsx,RO5 LA Data 2013-14 (3),"row 34, column 50",Net Current Expenditure (C7 = C3 - C6)
2013/14,E0521,,Cambridgeshire CC,SC,Archives,939,939000.0,Revenue_Outturn__RO5__data_2013-14_by_LA.xlsx,RO5 LA Data 2013-14 (3),"row 35, column 6",Net Current Expenditure (C7 = C3 - C6)
2013/14,E0521,,Cambridgeshire CC,SC,Arts development and support,55,55000.0,Revenue_Outturn__RO5__data_2013-14_by_LA.xlsx,RO5 LA Data 2013-14 (3),"row 35, column 10",Net Current Expenditure (C7 = C3 - C6)
2013/14,E0521,,Cambridgeshire CC,SC,Heritage,263,263000.0,Revenue_Outturn__RO5__data_2013-14_by_LA.xlsx,RO5 LA Data 2013-14 (3),"row 35, column 14",Net Current Expenditure (C7 = C3 - C6)
2013/14,E0521,,Cambridgeshire CC,SC,Museums and galleries,90,90000.0,Revenue_Outturn__RO5__data_2013-14_by_LA.xlsx,RO5 LA Data 2013-14 (3),"row 35, column 18",Net Current Expenditure (C7 = C3 - C6)
2013/14,E0521,,Cambridgeshire CC,SC,Theatres and public entertainment,0,0.0,Revenue_Outturn__RO5__data_2013-14_by_LA.xlsx,RO5 LA Data 2013-14 (3),"row 35, column 22",Net Current Expenditure (C7 = C3 - C6)
2013/14,E0521,,Cambridgeshire CC,SC,Library service,7330,7330000.0,Revenue_Outturn__RO5__data_2013-14_by_LA.xlsx,RO5 LA Data 2013-14 (3),"row 35, column 50",Net Current Expenditure (C7 = C3 - C6)
2013/14,E0531,,Cambridge,SD,Archives,0,0.0,Revenue_Outturn__RO5__data_2013-14_by_LA.xlsx,RO5 LA Data 2013-14 (3),"row 36, column 6",Net Current Expenditure (C7 = C3 - C6)
2013/14,E0531,,Cambridge,SD,Arts development and support,279,279000.0,Revenue_Outturn__RO5__data_2013-14_by_LA.xlsx,RO5 LA Data 2013-14 (3),"row 36, column 10",Net Current Expenditure (C7 = C3 - C6)
2013/14,E0531,,Cambridge,SD,Heritage,0,0.0,Revenue_Outturn__RO5__data_2013-14_by_LA.xlsx,RO5 LA Data 2013-14 (3),"row 36, column 14",Net Current Expenditure (C7 = C3 - C6)
2013/14,E0531,,Cambridge,SD,Museums and galleries,104,104000.0,Revenue_Outturn__RO5__data_2013-14_by_LA.xlsx,RO5 LA Data 2013-14 (3),"row 36, column 18",Net Current Expenditure (C7 = C3 - C6)
2013/14,E0531,,Cambridge,SD,Theatres and public entertainment,1164,1164000.0,Revenue_Outturn__RO5__data_2013-14_by_LA.xlsx,RO5 LA Data 2013-14 (3),"row 36, column 22",Net Current Expenditure (C7 = C3 - C6)
2013/14,E0531,,Cambridge,SD,Library service,0,0.0,Revenue_Outturn__RO5__data_2013-14_by_LA.xlsx,RO5 LA Data 2013-14 (3),"row 36, column 50",Net Current Expenditure (C7 = C3 - C6)
2013/14,E0532,,East Cambridgeshire,SD,Archives,0,0.0,Revenue_Outturn__RO5__data_2013-14_by_LA.xlsx,RO5 LA Data 2013-14 (3),"row 37, column 6",Net Current Expenditure (C7 = C3 - C6)
2013/14,E0532,,East Cambridgeshire,SD,Arts development and support,0,0.0,Revenue_Outturn__RO5__data_2013-14_by_LA.xlsx,RO5 LA Data 2013-14 (3),"row 37, column 10",Net Current Expenditure (C7 = C3 - C6)
2013/14,E0532,,East Cambridgeshire,SD,Heritage,77,77000.0,Revenue_Outturn__RO5__data_2013-14_by_LA.xlsx,RO5 LA Data 2013-14 (3),"row 37, column 14",Net Current Expenditure (C7 = C3 - C6)
2013/14,E0532,,East Cambridgeshire,SD,Museums and galleries,42,42000.0,Revenue_Outturn__RO5__data_2013-14_by_LA.xlsx,RO5 LA Data 2013-14 (3),"row 37, column 18",Net Current Expenditure (C7 = C3 - C6)
2013/14,E0532,,East Cambridgeshire,SD,Theatres and public entertainment,0,0.0,Revenue_Outturn__RO5__data_2013-14_by_LA.xlsx,RO5 LA Data 2013-14 (3),"row 37, column 22",Net Current Expenditure (C7 = C3 - C6)
2013/14,E0532,,East Cambridgeshire,SD,Library service,0,0.0,Revenue_Outturn__RO5__data_2013-14_by_LA.xlsx,RO5 LA Data 2013-14 (3),"row 37, column 50",Net Current Expenditure (C7 = C3 - C6)
2013/14,E0533,,Fenland,SD,Archives,0,0.0,Revenue_Outturn__RO5__data_2013-14_by_LA.xlsx,RO5 LA Data 2013-14 (3),"row 38, column 6",Net Current Expenditure (C7 = C3 - C6)
2013/14,E0533,,Fenland,SD,Arts development and support,10,10000.0,Revenue_Outturn__RO5__data_2013-14_by_LA.xlsx,RO5 LA Data 2013-14 (3),"row 38, column 10",Net Current Expenditure (C7 = C3 - C6)
2013/14,E0533,,Fenland,SD,Heritage,3,3000.0,Revenue_Outturn__RO5__data_2013-14_by_LA.xlsx,RO5 LA Data 2013-14 (3),"row 38, column 14",Net Current Expenditure (C7 = C3 - C6)
2013/14,E0533,,Fenland,SD,Museums and galleries,50,50000.0,Revenue_Outturn__RO5__data_2013-14_by_LA.xlsx,RO5 LA Data 2013-14 (3),"row 38, column 18",Net Current Expenditure (C7 = C3 - C6)
2013/14,E0533,,Fenland,SD,Theatres and public entertainment,9,9000.0,Revenue_Outturn__RO5__data_2013-14_by_LA.xlsx,RO5 LA Data 2013-14 (3),"row 38, column 22",Net Current Expenditure (C7 = C3 - C6)
2013/14,E0533,,Fenland,SD,Library service,0,0.0,Revenue_Outturn__RO5__data_2013-14_by_LA.xlsx,RO5 LA Data 2013-14 (3),"row 38, column 50",Net Current Expenditure (C7 = C3 - C6)
2013/14,E0536,,South Cambridgeshire,SD,Archives,0,0.0,Revenue_Outturn__RO5__data_2013-14_by_LA.xlsx,RO5 LA Data 2013-14 (3),"row 39, column 6",Net Current Expenditure (C7 = C3 - C6)
2013/14,E0536,,South Cambridgeshire,SD,Arts development and support,79,79000.0,Revenue_Outturn__RO5__data_2013-14_by_LA.xlsx,RO5 LA Data 2013-14 (3),"row 39, column 10",Net Current Expenditure (C7 = C3 - C6)
2013/14,E0536,,South Cambridgeshire,SD,Heritage,0,0.0,Revenue_Outturn__RO5__data_2013-14_by_LA.xlsx,RO5 LA Data 2013-14 (3),"row 39, column 14",Net Current Expenditure (C7 = C3 - C6)
2013/14,E0536,,South Cambridgeshire,SD,Museums and galleries,25,25000.0,Revenue_Outturn__RO5__data_2013-14_by_LA.xlsx,RO5 LA Data 2013-14 (3),"row 39, column 18",Net Current Expenditure (C7 = C3 - C6)
2013/14,E0536,,South Cambridgeshire,SD,Theatres and public entertainment,0,0.0,Revenue_Outturn__RO5__data_2013-14_by_LA.xlsx,RO5 LA Data 2013-14 (3),"row 39, column 22",Net Current Expenditure (C7 = C3 - C6)
2013/14,E0536,,South Cambridgeshire,SD,Library service,0,0.0,Revenue_Outturn__RO5__data_2013-14_by_LA.xlsx,RO5 LA Data 2013-14 (3),"row 39, column 50",Net Current Expenditure (C7 = C3 - C6)
2013/14,E0551,,Huntingdonshire,SD,Archives,0,0.0,Revenue_Outturn__RO5__data_2013-14_by_LA.xlsx,RO5 LA Data 2013-14 (3),"row 40, column 6",Net Current Expenditure (C7 = C3 - C6)
2013/14,E0551,,Huntingdonshire,SD,Arts development and support,4,4000.0,Revenue_Outturn__RO5__data_2013-14_by_LA.xlsx,RO5 LA Data 2013-14 (3),"row 40, column 10",Net Current Expenditure (C7 = C3 - C6)
2013/14,E0551,,Huntingdonshire,SD,Heritage,71,71000.0,Revenue_Outturn__RO5__data_2013-14_by_LA.xlsx,RO5 LA Data 2013-14 (3),"row 40, column 14",Net Current Expenditure (C7 = C3 - C6)
2013/14,E0551,,Huntingdonshire,SD,Museums and galleries,0,0.0,Revenue_Outturn__RO5__data_2013-14_by_LA.xlsx,RO5 LA Data 2013-14 (3),"row 40, column 18",Net Current Expenditure (C7 = C3 - C6)
2013/14,E0551,,Huntingdonshire,SD,Theatres and public entertainment,36,36000.0,Revenue_Outturn__RO5__data_2013-14_by_LA.xlsx,RO5 LA Data 2013-14 (3),"row 40, column 22",Net Current Expenditure (C7 = C3 - C6)
2013/14,E0551,,Huntingdonshire,SD,Library service,0,0.0,Revenue_Outturn__RO5__data_2013-14_by_LA.xlsx,RO5 LA Data 2013-14 (3),"row 40, column 50",Net Current Expenditure (C7 = C3 - C6)
2013/14,E0601,,Halton UA,UA,Archives,0,0.0,Revenue_Outturn__RO5__data_2013-14_by_LA.xlsx,RO5 LA Data 2013-14 (3),"row 41, column 6",Net Current Expenditure (C7 = C3 - C6)
2013/14,E0601,,Halton UA,UA,Arts development and support,159,159000.0,Revenue_Outturn__RO5__data_2013-14_by_LA.xlsx,RO5 LA Data 2013-14 (3),"row 41, column 10",Net Current Expenditure (C7 = C3 - C6)
2013/14,E0601,,Halton UA,UA,Heritage,17,17000.0,Revenue_Outturn__RO5__data_2013-14_by_LA.xlsx,RO5 LA Data 2013-14 (3),"row 41, column 14",Net Current Expenditure (C7 = C3 - C6)
2013/14,E0601,,Halton UA,UA,Museums and galleries,240,240000.0,Revenue_Outturn__RO5__data_2013-14_by_LA.xlsx,RO5 LA Data 2013-14 (3),"row 41, column 18",Net Current Expenditure (C7 = C3 - C6)
2013/14,E0601,,Halton UA,UA,Theatres and public entertainment,815,815000.0,Revenue_Outturn__RO5__data_2013-14_by_LA.xlsx,RO5 LA Data 2013-14 (3),"row 41, column 22",Net Current Expenditure (C7 = C3 - C6)
2013/14,E0601,,Halton UA,UA,Library service,2319,2319000.0,Revenue_Outturn__RO5__data_2013-14_by_LA.xlsx,RO5 LA Data 2013-14 (3),"row 41, column 50",Net Current Expenditure (C7 = C3 - C6)
2013/14,E0602,,Warrington UA,UA,Archives,0,0.0,Revenue_Outturn__RO5__data_2013-14_by_LA.xlsx,RO5 LA Data 2013-14 (3),"row 42, column 6",Net Current Expenditure (C7 = C3 - C6)
2013/14,E0602,,Warrington UA,UA,Arts development and support,63,63000.0,Revenue_Outturn__RO5__data_2013-14_by_LA.xlsx,RO5 LA Data 2013-14 (3),"row 42, column 10",Net Current Expenditure (C7 = C3 - C6)
2013/14,E0602,,Warrington UA,UA,Heritage,0,0.0,Revenue_Outturn__RO5__data_2013-14_by_LA.xlsx,RO5 LA Data 2013-14 (3),"row 42, column 14",Net Current Expenditure (C7 = C3 - C6)
2013/14,E0602,,Warrington UA,UA,Museums and galleries,607,607000.0,Revenue_Outturn__RO5__data_2013-14_by_LA.xlsx,RO5 LA Data 2013-14 (3),"row 42, column 18",Net Current Expenditure (C7 = C3 - C6)
2013/14,E0602,,Warrington UA,UA,Theatres and public entertainment,728,728000.0,Revenue_Outturn__RO5__data_2013-14_by_LA.xlsx,RO5 LA Data 2013-14 (3),"row 42, column 22",Net Current Expenditure (C7 = C3 - C6)
2013/14,E0602,,Warrington UA,UA,Library service,2727,2727000.0,Revenue_Outturn__RO5__data_2013-14_by_LA.xlsx,RO5 LA Data 2013-14 (3),"row 42, column 50",Net Current Expenditure (C7 = C3 - C6)
2013/14,E0603,,Cheshire East UA,UA,Archives,262,262000.0,Revenue_Outturn__RO5__data_2013-14_by_LA.xlsx,RO5 LA Data 2013-14 (3),"row 43, column 6",Net Current Expenditure (C7 = C3 - C6)
2013/14,E0603,,Cheshire East UA,UA,Arts development and support,438,438000.0,Revenue_Outturn__RO5__data_2013-14_by_LA.xlsx,RO5 LA Data 2013-14 (3),"row 43, column 10",Net Current Expenditure (C7 = C3 - C6)
2013/14,E0603,,Cheshire East UA,UA,Heritage,0,0.0,Revenue_Outturn__RO5__data_2013-14_by_LA.xlsx,RO5 LA Data 2013-14 (3),"row 43, column 14",Net Current Expenditure (C7 = C3 - C6)
2013/14,E0603,,Cheshire East UA,UA,Museums and galleries,152,152000.0,Revenue_Outturn__RO5__data_2013-14_by_LA.xlsx,RO5 LA Data 2013-14 (3),"row 43, column 18",Net Current Expenditure (C7 = C3 - C6)
2013/14,E0603,,Cheshire East UA,UA,Theatres and public entertainment,240,240000.0,Revenue_Outturn__RO5__data_2013-14_by_LA.xlsx,RO5 LA Data 2013-14 (3),"row 43, column 22",Net Current Expenditure (C7 = C3 - C6)
2013/14,E0603,,Cheshire East UA,UA,Library service,5304,5304000.0,Revenue_Outturn__RO5__data_2013-14_by_LA.xlsx,RO5 LA Data 2013-14 (3),"row 43, column 50",Net Current Expenditure (C7 = C3 - C6)
2013/14,E0604,,Cheshire West and Chester UA,UA,Archives,253,253000.0,Revenue_Outturn__RO5__data_2013-14_by_LA.xlsx,RO5 LA Data 2013-14 (3),"row 44, column 6",Net Current Expenditure (C7 = C3 - C6)
2013/14,E0604,,Cheshire West and Chester UA,UA,Arts development and support,1129,1129000.0,Revenue_Outturn__RO5__data_2013-14_by_LA.xlsx,RO5 LA Data 2013-14 (3),"row 44, column 10",Net Current Expenditure (C7 = C3 - C6)
2013/14,E0604,,Cheshire West and Chester UA,UA,Heritage,758,758000.0,Revenue_Outturn__RO5__data_2013-14_by_LA.xlsx,RO5 LA Data 2013-14 (3),"row 44, column 14",Net Current Expenditure (C7 = C3 - C6)
2013/14,E0604,,Cheshire West and Chester UA,UA,Museums and galleries,1664,1664000.0,Revenue_Outturn__RO5__data_2013-14_by_LA.xlsx,RO5 LA Data 2013-14 (3),"row 44, column 18",Net Current Expenditure (C7 = C3 - C6)
2013/14,E0604,,Cheshire West and Chester UA,UA,Theatres and public entertainment,131,131000.0,Revenue_Outturn__RO5__data_2013-14_by_LA.xlsx,RO5 LA Data 2013-14 (3),"row 44, column 22",Net Current Expenditure (C7 = C3 - C6)
2013/14,E0604,,Cheshire West and Chester UA,UA,Library service,4666,4666000.0,Revenue_Outturn__RO5__data_2013-14_by_LA.xlsx,RO5 LA Data 2013-14 (3),"row 44, column 50",Net Current Expenditure (C7 = C3 - C6)
2013/14,E0701,,Hartlepool UA,UA,Archives,36,36000.0,Revenue_Outturn__RO5__data_2013-14_by_LA.xlsx,RO5 LA Data 2013-14 (3),"row 45, column 6",Net Current Expenditure (C7 = C3 - C6)
2013/14,E0701,,Hartlepool UA,UA,Arts development and support,66,66000.0,Revenue_Outturn__RO5__data_2013-14_by_LA.xlsx,RO5 LA Data 2013-14 (3),"row 45, column 10",Net Current Expenditure (C7 = C3 - C6)
2013/14,E0701,,Hartlepool UA,UA,Heritage,117,117000.0,Revenue_Outturn__RO5__data_2013-14_by_LA.xlsx,RO5 LA Data 2013-14 (3),"row 45, column 14",Net Current Expenditure (C7 = C3 - C6)
2013/14,E0701,,Hartlepool UA,UA,Museums and galleries,692,692000.0,Revenue_Outturn__RO5__data_2013-14_by_LA.xlsx,RO5 LA Data 2013-14 (3),"row 45, column 18",Net Current Expenditure (C7 = C3 - C6)
2013/14,E0701,,Hartlepool UA,UA,Theatres and public entertainment,93,93000.0,Revenue_Outturn__RO5__data_2013-14_by_LA.xlsx,RO5 LA Data 2013-14 (3),"row 45, column 22",Net Current Expenditure (C7 = C3 - C6)
2013/14,E0701,,Hartlepool UA,UA,Library service,1512,1512000.0,Revenue_Outturn__RO5__data_2013-14_by_LA.xlsx,RO5 LA Data 2013-14 (3),"row 45, column 50",Net Current Expenditure (C7 = C3 - C6)
2013/14,E0702,,Middlesbrough UA,UA,Archives,74,74000.0,Revenue_Outturn__RO5__data_2013-14_by_LA.xlsx,RO5 LA Data 2013-14 (3),"row 46, column 6",Net Current Expenditure (C7 = C3 - C6)
2013/14,E0702,,Middlesbrough UA,UA,Arts development and support,233,233000.0,Revenue_Outturn__RO5__data_2013-14_by_LA.xlsx,RO5 LA Data 2013-14 (3),"row 46, column 10",Net Current Expenditure (C7 = C3 - C6)
2013/14,E0702,,Middlesbrough UA,UA,Heritage,0,0.0,Revenue_Outturn__RO5__data_2013-14_by_LA.xlsx,RO5 LA Data 2013-14 (3),"row 46, column 14",Net Current Expenditure (C7 = C3 - C6)
2013/14,E0702,,Middlesbrough UA,UA,Museums and galleries,2670,2670000.0,Revenue_Outturn__RO5__data_2013-14_by_LA.xlsx,RO5 LA Data 2013-14 (3),"row 46, column 18",Net Current Expenditure (C7 = C3 - C6)
2013/14,E0702,,Middlesbrough UA,UA,Theatres and public entertainment,1384,1384000.0,Revenue_Outturn__RO5__data_2013-14_by_LA.xlsx,RO5 LA Data 2013-14 (3),"row 46, column 22",Net Current Expenditure (C7 = C3 - C6)
2013/14,E0702,,Middlesbrough UA,UA,Library service,1832,1832000.0,Revenue_Outturn__RO5__data_2013-14_by_LA.xlsx,RO5 LA Data 2013-14 (3),"row 46, column 50",Net Current Expenditure (C7 = C3 - C6)
2013/14,E0703,,Redcar & Cleveland UA,UA,Archives,51,51000.0,Revenue_Outturn__RO5__data_2013-14_by_LA.xlsx,RO5 LA Data 2013-14 (3),"row 47, column 6",Net Current Expenditure (C7 = C3 - C6)
2013/14,E0703,,Redcar & Cleveland UA,UA,Arts development and support,76,76000.0,Revenue_Outturn__RO5__data_2013-14_by_LA.xlsx,RO5 LA Data 2013-14 (3),"row 47, column 10",Net Current Expenditure (C7 = C3 - C6)
2013/14,E0703,,Redcar & Cleveland UA,UA,Heritage,2,2000.0,Revenue_Outturn__RO5__data_2013-14_by_LA.xlsx,RO5 LA Data 2013-14 (3),"row 47, column 14",Net Current Expenditure (C7 = C3 - C6)
2013/14,E0703,,Redcar & Cleveland UA,UA,Museums and galleries,725,725000.0,Revenue_Outturn__RO5__data_2013-14_by_LA.xlsx,RO5 LA Data 2013-14 (3),"row 47, column 18",Net Current Expenditure (C7 = C3 - C6)
2013/14,E0703,,Redcar & Cleveland UA,UA,Theatres and public entertainment,-12,-12000.0,Revenue_Outturn__RO5__data_2013-14_by_LA.xlsx,RO5 LA Data 2013-14 (3),"row 47, column 22",Net Current Expenditure (C7 = C3 - C6)
2013/14,E0703,,Redcar & Cleveland UA,UA,Library service,2581,2581000.0,Revenue_Outturn__RO5__data_2013-14_by_LA.xlsx,RO5 LA Data 2013-14 (3),"row 47, column 50",Net Current Expenditure (C7 = C3 - C6)
2013/14,E0704,,Stockton-on-Tees UA,UA,Archives,0,0.0,Revenue_Outturn__RO5__data_2013-14_by_LA.xlsx,RO5 LA Data 2013-14 (3),"row 48, column 6",Net Current Expenditure (C7 = C3 - C6)
2013/14,E0704,,Stockton-on-Tees UA,UA,Arts development and support,15,15000.0,Revenue_Outturn__RO5__data_2013-14_by_LA.xlsx,RO5 LA Data 2013-14 (3),"row 48, column 10",Net Current Expenditure (C7 = C3 - C6)
2013/14,E0704,,Stockton-on-Tees UA,UA,Heritage,0,0.0,Revenue_Outturn__RO5__data_2013-14_by_LA.xlsx,RO5 LA Data 2013-14 (3),"row 48, column 14",Net Current Expenditure (C7 = C3 - C6)
2013/14,E0704,,Stockton-on-Tees UA,UA,Museums and galleries,381,381000.0,Revenue_Outturn__RO5__data_2013-14_by_LA.xlsx,RO5 LA Data 2013-14 (3),"row 48, column 18",Net Current Expenditure (C7 = C3 - C6)
2013/14,E0704,,Stockton-on-Tees UA,UA,Theatres and public entertainment,1605,1605000.0,Revenue_Outturn__RO5__data_2013-14_by_LA.xlsx,RO5 LA Data 2013-14 (3),"row 48, column 22",Net Current Expenditure (C7 = C3 - C6)
2013/14,E0704,,Stockton-on-Tees UA,UA,Library service,3096,3096000.0,Revenue_Outturn__RO5__data_2013-14_by_LA.xlsx,RO5 LA Data 2013-14 (3),"row 48, column 50",Net Current Expenditure (C7 = C3 - C6)
2013/14,E0801,,Cornwall UA,UA,Archives,415,415000.0,Revenue_Outturn__RO5__data_2013-14_by_LA.xlsx,RO5 LA Data 2013-14 (3),"row 49, column 6",Net Current Expenditure (C7 = C3 - C6)
2013/14,E0801,,Cornwall UA,UA,Arts development and support,622,622000.0,Revenue_Outturn__RO5__data_2013-14_by_LA.xlsx,RO5 LA Data 2013-14 (3),"row 49, column 10",Net Current Expenditure (C7 = C3 - C6)
2013/14,E0801,,Cornwall UA,UA,Heritage,1000,1000000.0,Revenue_Outturn__RO5__data_2013-14_by_LA.xlsx,RO5 LA Data 2013-14 (3),"row 49, column 14",Net Current Expenditure (C7 = C3 - C6)
2013/14,E0801,,Cornwall UA,UA,Museums and galleries,427,427000.0,Revenue_Outturn__RO5__data_2013-14_by_LA.xlsx,RO5 LA Data 2013-14 (3),"row 49, column 18",Net Current Expenditure (C7 = C3 - C6)
2013/14,E0801,,Cornwall UA,UA,Theatres and public entertainment,0,0.0,Revenue_Outturn__RO5__data_2013-14_by_LA.xlsx,RO5 LA Data 2013-14 (3),"row 49, column 22",Net Current Expenditure (C7 = C3 - C6)
2013/14,E0801,,Cornwall UA,UA,Library service,6284,6284000.0,Revenue_Outturn__RO5__data_2013-14_by_LA.xlsx,RO5 LA Data 2013-14 (3),"row 49, column 50",Net Current Expenditure (C7 = C3 - C6)
2013/14,E0920,,Cumbria CC,SC,Archives,1917,1917000.0,Revenue_Outturn__RO5__data_2013-14_by_LA.xlsx,RO5 LA Data 2013-14 (3),"row 50, column 6",Net Current Expenditure (C7 = C3 - C6)
2013/14,E0920,,Cumbria CC,SC,Arts development and support,131,131000.0,Revenue_Outturn__RO5__data_2013-14_by_LA.xlsx,RO5 LA Data 2013-14 (3),"row 50, column 10",Net Current Expenditure (C7 = C3 - C6)
2013/14,E0920,,Cumbria CC,SC,Heritage,0,0.0,Revenue_Outturn__RO5__data_2013-14_by_LA.xlsx,RO5 LA Data 2013-14 (3),"row 50, column 14",Net Current Expenditure (C7 = C3 - C6)
2013/14,E0920,,Cumbria CC,SC,Museums and galleries,0,0.0,Revenue_Outturn__RO5__data_2013-14_by_LA.xlsx,RO5 LA Data 2013-14 (3),"row 50, column 18",Net Current Expenditure (C7 = C3 - C6)
2013/14,E0920,,Cumbria CC,SC,Theatres and public entertainment,0,0.0,Revenue_Outturn__RO5__data_2013-14_by_LA.xlsx,RO5 LA Data 2013-14 (3),"row 50, column 22",Net Current Expenditure (C7 = C3 - C6)
2013/14,E0920,,Cumbria CC,SC,Library service,7355,7355000.0,Revenue_Outturn__RO5__data_2013-14_by_LA.xlsx,RO5 LA Data 2013-14 (3),"row 50, column 50",Net Current Expenditure (C7 = C3 - C6)
2013/14,E0931,,Allerdale,SD,Archives,0,0.0,Revenue_Outturn__RO5__data_2013-14_by_LA.xlsx,RO5 LA Data 2013-14 (3),"row 51, column 6",Net Current Expenditure (C7 = C3 - C6)
2013/14,E0931,,Allerdale,SD,Arts development and support,34,34000.0,Revenue_Outturn__RO5__data_2013-14_by_LA.xlsx,RO5 LA Data 2013-14 (3),"row 51, column 10",Net Current Expenditure (C7 = C3 - C6)
2013/14,E0931,,Allerdale,SD,Heritage,10,10000.0,Revenue_Outturn__RO5__data_2013-14_by_LA.xlsx,RO5 LA Data 2013-14 (3),"row 51, column 14",Net Current Expenditure (C7 = C3 - C6)
2013/14,E0931,,Allerdale,SD,Museums and galleries,475,475000.0,Revenue_Outturn__RO5__data_2013-14_by_LA.xlsx,RO5 LA Data 2013-14 (3),"row 51, column 18",Net Current Expenditure (C7 = C3 - C6)
2013/14,E0931,,Allerdale,SD,Theatres and public entertainment,440,440000.0,Revenue_Outturn__RO5__data_2013-14_by_LA.xlsx,RO5 LA Data 2013-14 (3),"row 51, column 22",Net Current Expenditure (C7 = C3 - C6)
2013/14,E0931,,Allerdale,SD,Library service,0,0.0,Revenue_Outturn__RO5__data_2013-14_by_LA.xlsx,RO5 LA Data 2013-14 (3),"row 51, column 50",Net Current Expenditure (C7 = C3 - C6)
2013/14,E0932,,Barrow-in-Furness,SD,Archives,0,0.0,Revenue_Outturn__RO5__data_2013-14_by_LA.xlsx,RO5 LA Data 2013-14 (3),"row 52, column 6",Net Current Expenditure (C7 = C3 - C6)
2013/14,E0932,,Barrow-in-Furness,SD,Arts development and support,0,0.0,Revenue_Outturn__RO5__data_2013-14_by_LA.xlsx,RO5 LA Data 2013-14 (3),"row 52, column 10",Net Current Expenditure (C7 = C3 - C6)
2013/14,E0932,,Barrow-in-Furness,SD,Heritage,2,2000.0,Revenue_Outturn__RO5__data_2013-14_by_LA.xlsx,RO5 LA Data 2013-14 (3),"row 52, column 14",Net Current Expenditure (C7 = C3 - C6)
2013/14,E0932,,Barrow-in-Furness,SD,Museums and galleries,360,360000.0,Revenue_Outturn__RO5__data_2013-14_by_LA.xlsx,RO5 LA Data 2013-14 (3),"row 52, column 18",Net Current Expenditure (C7 = C3 - C6)
2013/14,E0932,,Barrow-in-Furness,SD,Theatres and public entertainment,577,577000.0,Revenue_Outturn__RO5__data_2013-14_by_LA.xlsx,RO5 LA Data 2013-14 (3),"row 52, column 22",Net Current Expenditure (C7 = C3 - C6)
2013/14,E0932,,Barrow-in-Furness,SD,Library service,0,0.0,Revenue_Outturn__RO5__data_2013-14_by_LA.xlsx,RO5 LA Data 2013-14 (3),"row 52, column 50",Net Current Expenditure (C7 = C3 - C6)
2013/14,E0933,,Carlisle,SD,Archives,0,0.0,Revenue_Outturn__RO5__data_2013-14_by_LA.xlsx,RO5 LA Data 2013-14 (3),"row 53, column 6",Net Current Expenditure (C7 = C3 - C6)
2013/14,E0933,,Carlisle,SD,Arts development and support,0,0.0,Revenue_Outturn__RO5__data_2013-14_by_LA.xlsx,RO5 LA Data 2013-14 (3),"row 53, column 10",Net Current Expenditure (C7 = C3 - C6)
2013/14,E0933,,Carlisle,SD,Heritage,1,1000.0,Revenue_Outturn__RO5__data_2013-14_by_LA.xlsx,RO5 LA Data 2013-14 (3),"row 53, column 14",Net Current Expenditure (C7 = C3 - C6)
2013/14,E0933,,Carlisle,SD,Museums and galleries,1564,1564000.0,Revenue_Outturn__RO5__data_2013-14_by_LA.xlsx,RO5 LA Data 2013-14 (3),"row 53, column 18",Net Current Expenditure (C7 = C3 - C6)
2013/14,E0933,,Carlisle,SD,Theatres and public entertainment,659,659000.0,Revenue_Outturn__RO5__data_2013-14_by_LA.xlsx,RO5 LA Data 2013-14 (3),"row 53, column 22",Net Current Expenditure (C7 = C3 - C6)
2013/14,E0933,,Carlisle,SD,Library service,0,0.0,Revenue_Outturn__RO5__data_2013-14_by_LA.xlsx,RO5 LA Data 2013-14 (3),"row 53, column 50",Net Current Expenditure (C7 = C3 - C6)
2013/14,E0934,,Copeland,SD,Archives,0,0.0,Revenue_Outturn__RO5__data_2013-14_by_LA.xlsx,RO5 LA Data 2013-14 (3),"row 54, column 6",Net Current Expenditure (C7 = C3 - C6)
2013/14,E0934,,Copeland,SD,Arts development and support,5,5000.0,Revenue_Outturn__RO5__data_2013-14_by_LA.xlsx,RO5 LA Data 2013-14 (3),"row 54, column 10",Net Current Expenditure (C7 = C3 - C6)
2013/14,E0934,,Copeland,SD,Heritage,388,388000.0,Revenue_Outturn__RO5__data_2013-14_by_LA.xlsx,RO5 LA Data 2013-14 (3),"row 54, column 14",Net Current Expenditure (C7 = C3 - C6)
2013/14,E0934,,Copeland,SD,Museums and galleries,2,2000.0,Revenue_Outturn__RO5__data_2013-14_by_LA.xlsx,RO5 LA Data 2013-14 (3),"row 54, column 18",Net Current Expenditure (C7 = C3 - C6)
2013/14,E0934,,Copeland,SD,Theatres and public entertainment,0,0.0,Revenue_Outturn__RO5__data_2013-14_by_LA.xlsx,RO5 LA Data 2013-14 (3),"row 54, column 22",Net Current Expenditure (C7 = C3 - C6)
2013/14,E0934,,Copeland,SD,Library service,0,0.0,Revenue_Outturn__RO5__data_2013-14_by_LA.xlsx,RO5 LA Data 2013-14 (3),"row 54, column 50",Net Current Expenditure (C7 = C3 - C6)
2013/14,E0935,,Eden,SD,Archives,0,0.0,Revenue_Outturn__RO5__data_2013-14_by_LA.xlsx,RO5 LA Data 2013-14 (3),"row 55, column 6",Net Current Expenditure (C7 = C3 - C6)
2013/14,E0935,,Eden,SD,Arts development and support,80,80000.0,Revenue_Outturn__RO5__data_2013-14_by_LA.xlsx,RO5 LA Data 2013-14 (3),"row 55, column 10",Net Current Expenditure (C7 = C3 - C6)
2013/14,E0935,,Eden,SD,Heritage,0,0.0,Revenue_Outturn__RO5__data_2013-14_by_LA.xlsx,RO5 LA Data 2013-14 (3),"row 55, column 14",Net Current Expenditure (C7 = C3 - C6)
2013/14,E0935,,Eden,SD,Museums and galleries,74,74000.0,Revenue_Outturn__RO5__data_2013-14_by_LA.xlsx,RO5 LA Data 2013-14 (3),"row 55, column 18",Net Current Expenditure (C7 = C3 - C6)
2013/14,E0935,,Eden,SD,Theatres and public entertainment,0,0.0,Revenue_Outturn__RO5__data_2013-14_by_LA.xlsx,RO5 LA Data 2013-14 (3),"row 55, column 22",Net Current Expenditure (C7 = C3 - C6)
2013/14,E0935,,Eden,SD,Library service,0,0.0,Revenue_Outturn__RO5__data_2013-14_by_LA.xlsx,RO5 LA Data 2013-14 (3),"row 55, column 50",Net Current Expenditure (C7 = C3 - C6)
2013/14,E0936,,South Lakeland,SD,Archives,0,0.0,Revenue_Outturn__RO5__data_2013-14_by_LA.xlsx,RO5 LA Data 2013-14 (3),"row 56, column 6",Net Current Expenditure (C7 = C3 - C6)
2013/14,E0936,,South Lakeland,SD,Arts development and support,0,0.0,Revenue_Outturn__RO5__data_2013-14_by_LA.xlsx,RO5 LA Data 2013-14 (3),"row 56, column 10",Net Current Expenditure (C7 = C3 - C6)
2013/14,E0936,,South Lakeland,SD,Heritage,0,0.0,Revenue_Outturn__RO5__data_2013-14_by_LA.xlsx,RO5 LA Data 2013-14 (3),"row 56, column 14",Net Current Expenditure (C7 = C3 - C6)
2013/14,E0936,,South Lakeland,SD,Museums and galleries,135,135000.0,Revenue_Outturn__RO5__data_2013-14_by_LA.xlsx,RO5 LA Data 2013-14 (3),"row 56, column 18",Net Current Expenditure (C7 = C3 - C6)
2013/14,E0936,,South Lakeland,SD,Theatres and public entertainment,77,77000.0,Revenue_Outturn__RO5__data_2013-14_by_LA.xlsx,RO5 LA Data 2013-14 (3),"row 56, column 22",Net Current Expenditure (C7 = C3 - C6)
2013/14,E0936,,South Lakeland,SD,Library service,0,0.0,Revenue_Outturn__RO5__data_2013-14_by_LA.xlsx,RO5 LA Data 2013-14 (3),"row 56, column 50",Net Current Expenditure (C7 = C3 - C6)
2013/14,E1001,,Derby City UA,UA,Archives,0,0.0,Revenue_Outturn__RO5__data_2013-14_by_LA.xlsx,RO5 LA Data 2013-14 (3),"row 57, column 6",Net Current Expenditure (C7 = C3 - C6)
2013/14,E1001,,Derby City UA,UA,Arts development and support,1737,1737000.0,Revenue_Outturn__RO5__data_2013-14_by_LA.xlsx,RO5 LA Data 2013-14 (3),"row 57, column 10",Net Current Expenditure (C7 = C3 - C6)
2013/14,E1001,,Derby City UA,UA,Heritage,0,0.0,Revenue_Outturn__RO5__data_2013-14_by_LA.xlsx,RO5 LA Data 2013-14 (3),"row 57, column 14",Net Current Expenditure (C7 = C3 - C6)
2013/14,E1001,,Derby City UA,UA,Museums and galleries,1298,1298000.0,Revenue_Outturn__RO5__data_2013-14_by_LA.xlsx,RO5 LA Data 2013-14 (3),"row 57, column 18",Net Current Expenditure (C7 = C3 - C6)
2013/14,E1001,,Derby City UA,UA,Theatres and public entertainment,20,20000.0,Revenue_Outturn__RO5__data_2013-14_by_LA.xlsx,RO5 LA Data 2013-14 (3),"row 57, column 22",Net Current Expenditure (C7 = C3 - C6)
2013/14,E1001,,Derby City UA,UA,Library service,2858,2858000.0,Revenue_Outturn__RO5__data_2013-14_by_LA.xlsx,RO5 LA Data 2013-14 (3),"row 57, column 50",Net Current Expenditure (C7 = C3 - C6)
2013/14,E1021,,Derbyshire CC,SC,Archives,650,650000.0,Revenue_Outturn__RO5__data_2013-14_by_LA.xlsx,RO5 LA Data 2013-14 (3),"row 58, column 6",Net Current Expenditure (C7 = C3 - C6)
2013/14,E1021,,Derbyshire CC,SC,Arts development and support,380,380000.0,Revenue_Outturn__RO5__data_2013-14_by_LA.xlsx,RO5 LA Data 2013-14 (3),"row 58, column 10",Net Current Expenditure (C7 = C3 - C6)
2013/14,E1021,,Derbyshire CC,SC,Heritage,215,215000.0,Revenue_Outturn__RO5__data_2013-14_by_LA.xlsx,RO5 LA Data 2013-14 (3),"row 58, column 14",Net Current Expenditure (C7 = C3 - C6)
2013/14,E1021,,Derbyshire CC,SC,Museums and galleries,261,261000.0,Revenue_Outturn__RO5__data_2013-14_by_LA.xlsx,RO5 LA Data 2013-14 (3),"row 58, column 18",Net Current Expenditure (C7 = C3 - C6)
2013/14,E1021,,Derbyshire CC,SC,Theatres and public entertainment,0,0.0,Revenue_Outturn__RO5__data_2013-14_by_LA.xlsx,RO5 LA Data 2013-14 (3),"row 58, column 22",Net Current Expenditure (C7 = C3 - C6)
2013/14,E1021,,Derbyshire CC,SC,Library service,12358,12358000.0,Revenue_Outturn__RO5__data_2013-14_by_LA.xlsx,RO5 LA Data 2013-14 (3),"row 58, column 50",Net Current Expenditure (C7 = C3 - C6)
2013/14,E1031,,Amber Valley,SD,Archives,0,0.0,Revenue_Outturn__RO5__data_2013-14_by_LA.xlsx,RO5 LA Data 2013-14 (3),"row 59, column 6",Net Current Expenditure (C7 = C3 - C6)
2013/14,E1031,,Amber Valley,SD,Arts development and support,4,4000.0,Revenue_Outturn__RO5__data_2013-14_by_LA.xlsx,RO5 LA Data 2013-14 (3),"row 59, column 10",Net Current Expenditure (C7 = C3 - C6)
2013/14,E1031,,Amber Valley,SD,Heritage,0,0.0,Revenue_Outturn__RO5__data_2013-14_by_LA.xlsx,RO5 LA Data 2013-14 (3),"row 59, column 14",Net Current Expenditure (C7 = C3 - C6)
2013/14,E1031,,Amber Valley,SD,Museums and galleries,7,7000.0,Revenue_Outturn__RO5__data_2013-14_by_LA.xlsx,RO5 LA Data 2013-14 (3),"row 59, column 18",Net Current Expenditure (C7 = C3 - C6)
2013/14,E1031,,Amber Valley,SD,Theatres and public entertainment,0,0.0,Revenue_Outturn__RO5__data_2013-14_by_LA.xlsx,RO5 LA Data 2013-14 (3),"row 59, column 22",Net Current Expenditure (C7 = C3 - C6)
2013/14,E1031,,Amber Valley,SD,Library service,0,0.0,Revenue_Outturn__RO5__data_2013-14_by_LA.xlsx,RO5 LA Data 2013-14 (3),"row 59, column 50",Net Current Expenditure (C7 = C3 - C6)
2013/14,E1032,,Bolsover,SD,Archives,0,0.0,Revenue_Outturn__RO5__data_2013-14_by_LA.xlsx,RO5 LA Data 2013-14 (3),"row 60, column 6",Net Current Expenditure (C7 = C3 - C6)
2013/14,E1032,,Bolsover,SD,Arts development and support,0,0.0,Revenue_Outturn__RO5__data_2013-14_by_LA.xlsx,RO5 LA Data 2013-14 (3),"row 60, column 10",Net Current Expenditure (C7 = C3 - C6)
2013/14,E1032,,Bolsover,SD,Heritage,68,68000.0,Revenue_Outturn__RO5__data_2013-14_by_LA.xlsx,RO5 LA Data 2013-14 (3),"row 60, column 14",Net Current Expenditure (C7 = C3 - C6)
2013/14,E1032,,Bolsover,SD,Museums and galleries,0,0.0,Revenue_Outturn__RO5__data_2013-14_by_LA.xlsx,RO5 LA Data 2013-14 (3),"row 60, column 18",Net Current Expenditure (C7 = C3 - C6)
2013/14,E1032,,Bolsover,SD,Theatres and public entertainment,0,0.0,Revenue_Outturn__RO5__data_2013-14_by_LA.xlsx,RO5 LA Data 2013-14 (3),"row 60, column 22",Net Current Expenditure (C7 = C3 - C6)
2013/14,E1032,,Bolsover,SD,Library service,0,0.0,Revenue_Outturn__RO5__data_2013-14_by_LA.xlsx,RO5 LA Data 2013-14 (3),"row 60, column 50",Net Current Expenditure (C7 = C3 - C6)
2013/14,E1033,,Chesterfield,SD,Archives,0,0.0,Revenue_Outturn__RO5__data_2013-14_by_LA.xlsx,RO5 LA Data 2013-14 (3),"row 61, column 6",Net Current Expenditure (C7 = C3 - C6)
2013/14,E1033,,Chesterfield,SD,Arts development and support,56,56000.0,Revenue_Outturn__RO5__data_2013-14_by_LA.xlsx,RO5 LA Data 2013-14 (3),"row 61, column 10",Net Current Expenditure (C7 = C3 - C6)
2013/14,E1033,,Chesterfield,SD,Heritage,0,0.0,Revenue_Outturn__RO5__data_2013-14_by_LA.xlsx,RO5 LA Data 2013-14 (3),"row 61, column 14",Net Current Expenditure (C7 = C3 - C6)
2013/14,E1033,,Chesterfield,SD,Museums and galleries,263,263000.0,Revenue_Outturn__RO5__data_2013-14_by_LA.xlsx,RO5 LA Data 2013-14 (3),"row 61, column 18",Net Current Expenditure (C7 = C3 - C6)
2013/14,E1033,,Chesterfield,SD,Theatres and public entertainment,21,21000.0,Revenue_Outturn__RO5__data_2013-14_by_LA.xlsx,RO5 LA Data 2013-14 (3),"row 61, column 22",Net Current Expenditure (C7 = C3 - C6)
2013/14,E1033,,Chesterfield,SD,Library service,0,0.0,Revenue_Outturn__RO5__data_2013-14_by_LA.xlsx,RO5 LA Data 2013-14 (3),"row 61, column 50",Net Current Expenditure (C7 = C3 - C6)
2013/14,E1035,,Derbyshire Dales,SD,Archives,0,0.0,Revenue_Outturn__RO5__data_2013-14_by_LA.xlsx,RO5 LA Data 2013-14 (3),"row 62, column 6",Net Current Expenditure (C7 = C3 - C6)
2013/14,E1035,,Derbyshire Dales,SD,Arts development and support,13,13000.0,Revenue_Outturn__RO5__data_2013-14_by_LA.xlsx,RO5 LA Data 2013-14 (3),"row 62, column 10",Net Current Expenditure (C7 = C3 - C6)
2013/14,E1035,,Derbyshire Dales,SD,Heritage,13,13000.0,Revenue_Outturn__RO5__data_2013-14_by_LA.xlsx,RO5 LA Data 2013-14 (3),"row 62, column 14",Net Current Expenditure (C7 = C3 - C6)
2013/14,E1035,,Derbyshire Dales,SD,Museums and galleries,12,12000.0,Revenue_Outturn__RO5__data_2013-14_by_LA.xlsx,RO5 LA Data 2013-14 (3),"row 62, column 18",Net Current Expenditure (C7 = C3 - C6)
2013/14,E1035,,Derbyshire Dales,SD,Theatres and public entertainment,44,44000.0,Revenue_Outturn__RO5__data_2013-14_by_LA.xlsx,RO5 LA Data 2013-14 (3),"row 62, column 22",Net Current Expenditure (C7 = C3 - C6)
2013/14,E1035,,Derbyshire Dales,SD,Library service,0,0.0,Revenue_Outturn__RO5__data_2013-14_by_LA.xlsx,RO5 LA Data 2013-14 (3),"row 62, column 50",Net Current Expenditure (C7 = C3 - C6)
2013/14,E1036,,Erewash,SD,Archives,0,0.0,Revenue_Outturn__RO5__data_2013-14_by_LA.xlsx,RO5 LA Data 2013-14 (3),"row 63, column 6",Net Current Expenditure (C7 = C3 - C6)
2013/14,E1036,,Erewash,SD,Arts development and support,52,52000.0,Revenue_Outturn__RO5__data_2013-14_by_LA.xlsx,RO5 LA Data 2013-14 (3),"row 63, column 10",Net Current Expenditure (C7 = C3 - C6)
2013/14,E1036,,Erewash,SD,Heritage,0,0.0,Revenue_Outturn__RO5__data_2013-14_by_LA.xlsx,RO5 LA Data 2013-14 (3),"row 63, column 14",Net Current Expenditure (C7 = C3 - C6)
2013/14,E1036,,Erewash,SD,Museums and galleries,193,193000.0,Revenue_Outturn__RO5__data_2013-14_by_LA.xlsx,RO5 LA Data 2013-14 (3),"row 63, column 18",Net Current Expenditure (C7 = C3 - C6)
2013/14,E1036,,Erewash,SD,Theatres and public entertainment,60,60000.0,Revenue_Outturn__RO5__data_2013-14_by_LA.xlsx,RO5 LA Data 2013-14 (3),"row 63, column 22",Net Current Expenditure (C7 = C3 - C6)
2013/14,E1036,,Erewash,SD,Library service,0,0.0,Revenue_Outturn__RO5__data_2013-14_by_LA.xlsx,RO5 LA Data 2013-14 (3),"row 63, column 50",Net Current Expenditure (C7 = C3 - C6)
2013/14,E1037,,High Peak,SD,Archives,0,0.0,Revenue_Outturn__RO5__data_2013-14_by_LA.xlsx,RO5 LA Data 2013-14 (3),"row 64, column 6",Net Current Expenditure (C7 = C3 - C6)
2013/14,E1037,,High Peak,SD,Arts development and support,0,0.0,Revenue_Outturn__RO5__data_2013-14_by_LA.xlsx,RO5 LA Data 2013-14 (3),"row 64, column 10",Net Current Expenditure (C7 = C3 - C6)
2013/14,E1037,,High Peak,SD,Heritage,28,28000.0,Revenue_Outturn__RO5__data_2013-14_by_LA.xlsx,RO5 LA Data 2013-14 (3),"row 64, column 14",Net Current Expenditure (C7 = C3 - C6)
2013/14,E1037,,High Peak,SD,Museums and galleries,31,31000.0,Revenue_Outturn__RO5__data_2013-14_by_LA.xlsx,RO5 LA Data 2013-14 (3),"row 64, column 18",Net Current Expenditure (C7 = C3 - C6)
2013/14,E1037,,High Peak,SD,Theatres and public entertainment,147,147000.0,Revenue_Outturn__RO5__data_2013-14_by_LA.xlsx,RO5 LA Data 2013-14 (3),"row 64, column 22",Net Current Expenditure (C7 = C3 - C6)
2013/14,E1037,,High Peak,SD,Library service,0,0.0,Revenue_Outturn__RO5__data_2013-14_by_LA.xlsx,RO5 LA Data 2013-14 (3),"row 64, column 50",Net Current Expenditure (C7 = C3 - C6)
2013/14,E1038,,North East Derbyshire,SD,Archives,0,0.0,Revenue_Outturn__RO5__data_2013-14_by_LA.xlsx,RO5 LA Data 2013-14 (3),"row 65, column 6",Net Current Expenditure (C7 = C3 - C6)
2013/14,E1038,,North East Derbyshire,SD,Arts development and support,5,5000.0,Revenue_Outturn__RO5__data_2013-14_by_LA.xlsx,RO5 LA Data 2013-14 (3),"row 65, column 10",Net Current Expenditure (C7 = C3 - C6)
2013/14,E1038,,North East Derbyshire,SD,Heritage,0,0.0,Revenue_Outturn__RO5__data_2013-14_by_LA.xlsx,RO5 LA Data 2013-14 (3),"row 65, column 14",Net Current Expenditure (C7 = C3 - C6)
2013/14,E1038,,North East Derbyshire,SD,Museums and galleries,0,0.0,Revenue_Outturn__RO5__data_2013-14_by_LA.xlsx,RO5 LA Data 2013-14 (3),"row 65, column 18",Net Current Expenditure (C7 = C3 - C6)
2013/14,E1038,,North East Derbyshire,SD,Theatres and public entertainment,1,1000.0,Revenue_Outturn__RO5__data_2013-14_by_LA.xlsx,RO5 LA Data 2013-14 (3),"row 65, column 22",Net Current Expenditure (C7 = C3 - C6)
2013/14,E1038,,North East Derbyshire,SD,Library service,0,0.0,Revenue_Outturn__RO5__data_2013-14_by_LA.xlsx,RO5 LA Data 2013-14 (3),"row 65, column 50",Net Current Expenditure (C7 = C3 - C6)
2013/14,E1039,,South Derbyshire,SD,Archives,0,0.0,Revenue_Outturn__RO5__data_2013-14_by_LA.xlsx,RO5 LA Data 2013-14 (3),"row 66, column 6",Net Current Expenditure (C7 = C3 - C6)
2013/14,E1039,,South Derbyshire,SD,Arts development and support,53,53000.0,Revenue_Outturn__RO5__data_2013-14_by_LA.xlsx,RO5 LA Data 2013-14 (3),"row 66, column 10",Net Current Expenditure (C7 = C3 - C6)
2013/14,E1039,,South Derbyshire,SD,Heritage,13,13000.0,Revenue_Outturn__RO5__data_2013-14_by_LA.xlsx,RO5 LA Data 2013-14 (3),"row 66, column 14",Net Current Expenditure (C7 = C3 - C6)
2013/14,E1039,,South Derbyshire,SD,Museums and galleries,0,0.0,Revenue_Outturn__RO5__data_2013-14_by_LA.xlsx,RO5 LA Data 2013-14 (3),"row 66, column 18",Net Current Expenditure (C7 = C3 - C6)
2013/14,E1039,,South Derbyshire,SD,Theatres and public entertainment,103,103000.0,Revenue_Outturn__RO5__data_2013-14_by_LA.xlsx,RO5 LA Data 2013-14 (3),"row 66, column 22",Net Current Expenditure (C7 = C3 - C6)
2013/14,E1039,,South Derbyshire,SD,Library service,0,0.0,Revenue_Outturn__RO5__data_2013-14_by_LA.xlsx,RO5 LA Data 2013-14 (3),"row 66, column 50",Net Current Expenditure (C7 = C3 - C6)
2013/14,E1101,,Plymouth UA,UA,Archives,249,249000.0,Revenue_Outturn__RO5__data_2013-14_by_LA.xlsx,RO5 LA Data 2013-14 (3),"row 67, column 6",Net Current Expenditure (C7 = C3 - C6)
2013/14,E1101,,Plymouth UA,UA,Arts development and support,1,1000.0,Revenue_Outturn__RO5__data_2013-14_by_LA.xlsx,RO5 LA Data 2013-14 (3),"row 67, column 10",Net Current Expenditure (C7 = C3 - C6)
2013/14,E1101,,Plymouth UA,UA,Heritage,70,70000.0,Revenue_Outturn__RO5__data_2013-14_by_LA.xlsx,RO5 LA Data 2013-14 (3),"row 67, column 14",Net Current Expenditure (C7 = C3 - C6)
2013/14,E1101,,Plymouth UA,UA,Museums and galleries,2030,2030000.0,Revenue_Outturn__RO5__data_2013-14_by_LA.xlsx,RO5 LA Data 2013-14 (3),"row 67, column 18",Net Current Expenditure (C7 = C3 - C6)
2013/14,E1101,,Plymouth UA,UA,Theatres and public entertainment,1,1000.0,Revenue_Outturn__RO5__data_2013-14_by_LA.xlsx,RO5 LA Data 2013-14 (3),"row 67, column 22",Net Current Expenditure (C7 = C3 - C6)
2013/14,E1101,,Plymouth UA,UA,Library service,2871,2871000.0,Revenue_Outturn__RO5__data_2013-14_by_LA.xlsx,RO5 LA Data 2013-14 (3),"row 67, column 50",Net Current Expenditure (C7 = C3 - C6)
2013/14,E1102,,Torbay UA,UA,Archives,114,114000.0,Revenue_Outturn__RO5__data_2013-14_by_LA.xlsx,RO5 LA Data 2013-14 (3),"row 68, column 6",Net Current Expenditure (C7 = C3 - C6)
2013/14,E1102,,Torbay UA,UA,Arts development and support,317,317000.0,Revenue_Outturn__RO5__data_2013-14_by_LA.xlsx,RO5 LA Data 2013-14 (3),"row 68, column 10",Net Current Expenditure (C7 = C3 - C6)
2013/14,E1102,,Torbay UA,UA,Heritage,0,0.0,Revenue_Outturn__RO5__data_2013-14_by_LA.xlsx,RO5 LA Data 2013-14 (3),"row 68, column 14",Net Current Expenditure (C7 = C3 - C6)
2013/14,E1102,,Torbay UA,UA,Museums and galleries,708,708000.0,Revenue_Outturn__RO5__data_2013-14_by_LA.xlsx,RO5 LA Data 2013-14 (3),"row 68, column 18",Net Current Expenditure (C7 = C3 - C6)
2013/14,E1102,,Torbay UA,UA,Theatres and public entertainment,149,149000.0,Revenue_Outturn__RO5__data_2013-14_by_LA.xlsx,RO5 LA Data 2013-14 (3),"row 68, column 22",Net Current Expenditure (C7 = C3 - C6)
2013/14,E1102,,Torbay UA,UA,Library service,2032,2032000.0,Revenue_Outturn__RO5__data_2013-14_by_LA.xlsx,RO5 LA Data 2013-14 (3),"row 68, column 50",Net Current Expenditure (C7 = C3 - C6)
2013/14,E1121,,Devon CC,SC,Archives,839,839000.0,Revenue_Outturn__RO5__data_2013-14_by_LA.xlsx,RO5 LA Data 2013-14 (3),"row 69, column 6",Net Current Expenditure (C7 = C3 - C6)
2013/14,E1121,,Devon CC,SC,Arts development and support,246,246000.0,Revenue_Outturn__RO5__data_2013-14_by_LA.xlsx,RO5 LA Data 2013-14 (3),"row 69, column 10",Net Current Expenditure (C7 = C3 - C6)
2013/14,E1121,,Devon CC,SC,Heritage,205,205000.0,Revenue_Outturn__RO5__data_2013-14_by_LA.xlsx,RO5 LA Data 2013-14 (3),"row 69, column 14",Net Current Expenditure (C7 = C3 - C6)
2013/14,E1121,,Devon CC,SC,Museums and galleries,0,0.0,Revenue_Outturn__RO5__data_2013-14_by_LA.xlsx,RO5 LA Data 2013-14 (3),"row 69, column 18",Net Current Expenditure (C7 = C3 - C6)
2013/14,E1121,,Devon CC,SC,Theatres and public entertainment,0,0.0,Revenue_Outturn__RO5__data_2013-14_by_LA.xlsx,RO5 LA Data 2013-14 (3),"row 69, column 22",Net Current Expenditure (C7 = C3 - C6)
2013/14,E1121,,Devon CC,SC,Library service,8821,8821000.0,Revenue_Outturn__RO5__data_2013-14_by_LA.xlsx,RO5 LA Data 2013-14 (3),"row 69, column 50",Net Current Expenditure (C7 = C3 - C6)
2013/14,E1131,,East Devon,SD,Archives,0,0.0,Revenue_Outturn__RO5__data_2013-14_by_LA.xlsx,RO5 LA Data 2013-14 (3),"row 70, column 6",Net Current Expenditure (C7 = C3 - C6)
2013/14,E1131,,East Devon,SD,Arts development and support,48,48000.0,Revenue_Outturn__RO5__data_2013-14_by_LA.xlsx,RO5 LA Data 2013-14 (3),"row 70, column 10",Net Current Expenditure (C7 = C3 - C6)
2013/14,E1131,,East Devon,SD,Heritage,0,0.0,Revenue_Outturn__RO5__data_2013-14_by_LA.xlsx,RO5 LA Data 2013-14 (3),"row 70, column 14",Net Current Expenditure (C7 = C3 - C6)
2013/14,E1131,,East Devon,SD,Museums and galleries,111,111000.0,Revenue_Outturn__RO5__data_2013-14_by_LA.xlsx,RO5 LA Data 2013-14 (3),"row 70, column 18",Net Current Expenditure (C7 = C3 - C6)
2013/14,E1131,,East Devon,SD,Theatres and public entertainment,11,11000.0,Revenue_Outturn__RO5__data_2013-14_by_LA.xlsx,RO5 LA Data 2013-14 (3),"row 70, column 22",Net Current Expenditure (C7 = C3 - C6)
2013/14,E1131,,East Devon,SD,Library service,0,0.0,Revenue_Outturn__RO5__data_2013-14_by_LA.xlsx,RO5 LA Data 2013-14 (3),"row 70, column 50",Net Current Expenditure (C7 = C3 - C6)
2013/14,E1132,,Exeter,SD,Archives,0,0.0,Revenue_Outturn__RO5__data_2013-14_by_LA.xlsx,RO5 LA Data 2013-14 (3),"row 71, column 6",Net Current Expenditure (C7 = C3 - C6)
2013/14,E1132,,Exeter,SD,Arts development and support,0,0.0,Revenue_Outturn__RO5__data_2013-14_by_LA.xlsx,RO5 LA Data 2013-14 (3),"row 71, column 10",Net Current Expenditure (C7 = C3 - C6)
2013/14,E1132,,Exeter,SD,Heritage,0,0.0,Revenue_Outturn__RO5__data_2013-14_by_LA.xlsx,RO5 LA Data 2013-14 (3),"row 71, column 14",Net Current Expenditure (C7 = C3 - C6)
2013/14,E1132,,Exeter,SD,Museums and galleries,2706,2706000.0,Revenue_Outturn__RO5__data_2013-14_by_LA.xlsx,RO5 LA Data 2013-14 (3),"row 71, column 18",Net Current Expenditure (C7 = C3 - C6)
2013/14,E1132,,Exeter,SD,Theatres and public entertainment,518,518000.0,Revenue_Outturn__RO5__data_2013-14_by_LA.xlsx,RO5 LA Data 2013-14 (3),"row 71, column 22",Net Current Expenditure (C7 = C3 - C6)
2013/14,E1132,,Exeter,SD,Library service,0,0.0,Revenue_Outturn__RO5__data_2013-14_by_LA.xlsx,RO5 LA Data 2013-14 (3),"row 71, column 50",Net Current Expenditure (C7 = C3 - C6)
2013/14,E1133,,Mid Devon,SD,Archives,0,0.0,Revenue_Outturn__RO5__data_2013-14_by_LA.xlsx,RO5 LA Data 2013-14 (3),"row 72, column 6",Net Current Expenditure (C7 = C3 - C6)
2013/14,E1133,,Mid Devon,SD,Arts development and support,0,0.0,Revenue_Outturn__RO5__data_2013-14_by_LA.xlsx,RO5 LA Data 2013-14 (3),"row 72, column 10",Net Current Expenditure (C7 = C3 - C6)
2013/14,E1133,,Mid Devon,SD,Heritage,5,5000.0,Revenue_Outturn__RO5__data_2013-14_by_LA.xlsx,RO5 LA Data 2013-14 (3),"row 72, column 14",Net Current Expenditure (C7 = C3 - C6)
2013/14,E1133,,Mid Devon,SD,Museums and galleries,0,0.0,Revenue_Outturn__RO5__data_2013-14_by_LA.xlsx,RO5 LA Data 2013-14 (3),"row 72, column 18",Net Current Expenditure (C7 = C3 - C6)
2013/14,E1133,,Mid Devon,SD,Theatres and public entertainment,0,0.0,Revenue_Outturn__RO5__data_2013-14_by_LA.xlsx,RO5 LA Data 2013-14 (3),"row 72, column 22",Net Current Expenditure (C7 = C3 - C6)
2013/14,E1133,,Mid Devon,SD,Library service,0,0.0,Revenue_Outturn__RO5__data_2013-14_by_LA.xlsx,RO5 LA Data 2013-14 (3),"row 72, column 50",Net Current Expenditure (C7 = C3 - C6)
2013/14,E1134,,North Devon,SD,Archives,0,0.0,Revenue_Outturn__RO5__data_2013-14_by_LA.xlsx,RO5 LA Data 2013-14 (3),"row 73, column 6",Net Current Expenditure (C7 = C3 - C6)
2013/14,E1134,,North Devon,SD,Arts development and support,36,36000.0,Revenue_Outturn__RO5__data_2013-14_by_LA.xlsx,RO5 LA Data 2013-14 (3),"row 73, column 10",Net Current Expenditure (C7 = C3 - C6)
2013/14,E1134,,North Devon,SD,Heritage,0,0.0,Revenue_Outturn__RO5__data_2013-14_by_LA.xlsx,RO5 LA Data 2013-14 (3),"row 73, column 14",Net Current Expenditure (C7 = C3 - C6)
2013/14,E1134,,North Devon,SD,Museums and galleries,196,196000.0,Revenue_Outturn__RO5__data_2013-14_by_LA.xlsx,RO5 LA Data 2013-14 (3),"row 73, column 18",Net Current Expenditure (C7 = C3 - C6)
2013/14,E1134,,North Devon,SD,Theatres and public entertainment,566,566000.0,Revenue_Outturn__RO5__data_2013-14_by_LA.xlsx,RO5 LA Data 2013-14 (3),"row 73, column 22",Net Current Expenditure (C7 = C3 - C6)
2013/14,E1134,,North Devon,SD,Library service,0,0.0,Revenue_Outturn__RO5__data_2013-14_by_LA.xlsx,RO5 LA Data 2013-14 (3),"row 73, column 50",Net Current Expenditure (C7 = C3 - C6)
2013/14,E1136,,South Hams,SD,Archives,0,0.0,Revenue_Outturn__RO5__data_2013-14_by_LA.xlsx,RO5 LA Data 2013-14 (3),"row 74, column 6",Net Current Expenditure (C7 = C3 - C6)
2013/14,E1136,,South Hams,SD,Arts development and support,0,0.0,Revenue_Outturn__RO5__data_2013-14_by_LA.xlsx,RO5 LA Data 2013-14 (3),"row 74, column 10",Net Current Expenditure (C7 = C3 - C6)
2013/14,E1136,,South Hams,SD,Heritage,0,0.0,Revenue_Outturn__RO5__data_2013-14_by_LA.xlsx,RO5 LA Data 2013-14 (3),"row 74, column 14",Net Current Expenditure (C7 = C3 - C6)
2013/14,E1136,,South Hams,SD,Museums and galleries,0,0.0,Revenue_Outturn__RO5__data_2013-14_by_LA.xlsx,RO5 LA Data 2013-14 (3),"row 74, column 18",Net Current Expenditure (C7 = C3 - C6)
2013/14,E1136,,South Hams,SD,Theatres and public entertainment,0,0.0,Revenue_Outturn__RO5__data_2013-14_by_LA.xlsx,RO5 LA Data 2013-14 (3),"row 74, column 22",Net Current Expenditure (C7 = C3 - C6)
2013/14,E1136,,South Hams,SD,Library service,0,0.0,Revenue_Outturn__RO5__data_2013-14_by_LA.xlsx,RO5 LA Data 2013-14 (3),"row 74, column 50",Net Current Expenditure (C7 = C3 - C6)
2013/14,E1137,,Teignbridge,SD,Archives,0,0.0,Revenue_Outturn__RO5__data_2013-14_by_LA.xlsx,RO5 LA Data 2013-14 (3),"row 75, column 6",Net Current Expenditure (C7 = C3 - C6)
2013/14,E1137,,Teignbridge,SD,Arts development and support,11,11000.0,Revenue_Outturn__RO5__data_2013-14_by_LA.xlsx,RO5 LA Data 2013-14 (3),"row 75, column 10",Net Current Expenditure (C7 = C3 - C6)
2013/14,E1137,,Teignbridge,SD,Heritage,0,0.0,Revenue_Outturn__RO5__data_2013-14_by_LA.xlsx,RO5 LA Data 2013-14 (3),"row 75, column 14",Net Current Expenditure (C7 = C3 - C6)
2013/14,E1137,,Teignbridge,SD,Museums and galleries,18,18000.0,Revenue_Outturn__RO5__data_2013-14_by_LA.xlsx,RO5 LA Data 2013-14 (3),"row 75, column 18",Net Current Expenditure (C7 = C3 - C6)
2013/14,E1137,,Teignbridge,SD,Theatres and public entertainment,2,2000.0,Revenue_Outturn__RO5__data_2013-14_by_LA.xlsx,RO5 LA Data 2013-14 (3),"row 75, column 22",Net Current Expenditure (C7 = C3 - C6)
2013/14,E1137,,Teignbridge,SD,Library service,0,0.0,Revenue_Outturn__RO5__data_2013-14_by_LA.xlsx,RO5 LA Data 2013-14 (3),"row 75, column 50",Net Current Expenditure (C7 = C3 - C6)
2013/14,E1139,,Torridge,SD,Archives,0,0.0,Revenue_Outturn__RO5__data_2013-14_by_LA.xlsx,RO5 LA Data 2013-14 (3),"row 76, column 6",Net Current Expenditure (C7 = C3 - C6)
2013/14,E1139,,Torridge,SD,Arts development and support,19,19000.0,Revenue_Outturn__RO5__data_2013-14_by_LA.xlsx,RO5 LA Data 2013-14 (3),"row 76, column 10",Net Current Expenditure (C7 = C3 - C6)
2013/14,E1139,,Torridge,SD,Heritage,0,0.0,Revenue_Outturn__RO5__data_2013-14_by_LA.xlsx,RO5 LA Data 2013-14 (3),"row 76, column 14",Net Current Expenditure (C7 = C3 - C6)
2013/14,E1139,,Torridge,SD,Museums and galleries,231,231000.0,Revenue_Outturn__RO5__data_2013-14_by_LA.xlsx,RO5 LA Data 2013-14 (3),"row 76, column 18",Net Current Expenditure (C7 = C3 - C6)
2013/14,E1139,,Torridge,SD,Theatres and public entertainment,0,0.0,Revenue_Outturn__RO5__data_2013-14_by_LA.xlsx,RO5 LA Data 2013-14 (3),"row 76, column 22",Net Current Expenditure (C7 = C3 - C6)
2013/14,E1139,,Torridge,SD,Library service,0,0.0,Revenue_Outturn__RO5__data_2013-14_by_LA.xlsx,RO5 LA Data 2013-14 (3),"row 76, column 50",Net Current Expenditure (C7 = C3 - C6)
2013/14,E1140,,West Devon,SD,Archives,0,0.0,Revenue_Outturn__RO5__data_2013-14_by_LA.xlsx,RO5 LA Data 2013-14 (3),"row 77, column 6",Net Current Expenditure (C7 = C3 - C6)
2013/14,E1140,,West Devon,SD,Arts development and support,57,57000.0,Revenue_Outturn__RO5__data_2013-14_by_LA.xlsx,RO5 LA Data 2013-14 (3),"row 77, column 10",Net Current Expenditure (C7 = C3 - C6)
2013/14,E1140,,West Devon,SD,Heritage,0,0.0,Revenue_Outturn__RO5__data_2013-14_by_LA.xlsx,RO5 LA Data 2013-14 (3),"row 77, column 14",Net Current Expenditure (C7 = C3 - C6)
2013/14,E1140,,West Devon,SD,Museums and galleries,0,0.0,Revenue_Outturn__RO5__data_2013-14_by_LA.xlsx,RO5 LA Data 2013-14 (3),"row 77, column 18",Net Current Expenditure (C7 = C3 - C6)
2013/14,E1140,,West Devon,SD,Theatres and public entertainment,0,0.0,Revenue_Outturn__RO5__data_2013-14_by_LA.xlsx,RO5 LA Data 2013-14 (3),"row 77, column 22",Net Current Expenditure (C7 = C3 - C6)
2013/14,E1140,,West Devon,SD,Library service,0,0.0,Revenue_Outturn__RO5__data_2013-14_by_LA.xlsx,RO5 LA Data 2013-14 (3),"row 77, column 50",Net Current Expenditure (C7 = C3 - C6)
2013/14,E1201,,Poole UA,UA,Archives,112,112000.0,Revenue_Outturn__RO5__data_2013-14_by_LA.xlsx,RO5 LA Data 2013-14 (3),"row 78, column 6",Net Current Expenditure (C7 = C3 - C6)
2013/14,E1201,,Poole UA,UA,Arts development and support,732,732000.0,Revenue_Outturn__RO5__data_2013-14_by_LA.xlsx,RO5 LA Data 2013-14 (3),"row 78, column 10",Net Current Expenditure (C7 = C3 - C6)
2013/14,E1201,,Poole UA,UA,Heritage,0,0.0,Revenue_Outturn__RO5__data_2013-14_by_LA.xlsx,RO5 LA Data 2013-14 (3),"row 78, column 14",Net Current Expenditure (C7 = C3 - C6)
2013/14,E1201,,Poole UA,UA,Museums and galleries,801,801000.0,Revenue_Outturn__RO5__data_2013-14_by_LA.xlsx,RO5 LA Data 2013-14 (3),"row 78, column 18",Net Current Expenditure (C7 = C3 - C6)
2013/14,E1201,,Poole UA,UA,Theatres and public entertainment,0,0.0,Revenue_Outturn__RO5__data_2013-14_by_LA.xlsx,RO5 LA Data 2013-14 (3),"row 78, column 22",Net Current Expenditure (C7 = C3 - C6)
2013/14,E1201,,Poole UA,UA,Library service,2996,2996000.0,Revenue_Outturn__RO5__data_2013-14_by_LA.xlsx,RO5 LA Data 2013-14 (3),"row 78, column 50",Net Current Expenditure (C7 = C3 - C6)
2013/14,E1202,,Bournemouth UA,UA,Archives,140,140000.0,Revenue_Outturn__RO5__data_2013-14_by_LA.xlsx,RO5 LA Data 2013-14 (3),"row 79, column 6",Net Current Expenditure (C7 = C3 - C6)
2013/14,E1202,,Bournemouth UA,UA,Arts development and support,631,631000.0,Revenue_Outturn__RO5__data_2013-14_by_LA.xlsx,RO5 LA Data 2013-14 (3),"row 79, column 10",Net Current Expenditure (C7 = C3 - C6)
2013/14,E1202,,Bournemouth UA,UA,Heritage,0,0.0,Revenue_Outturn__RO5__data_2013-14_by_LA.xlsx,RO5 LA Data 2013-14 (3),"row 79, column 14",Net Current Expenditure (C7 = C3 - C6)
2013/14,E1202,,Bournemouth UA,UA,Museums and galleries,629,629000.0,Revenue_Outturn__RO5__data_2013-14_by_LA.xlsx,RO5 LA Data 2013-14 (3),"row 79, column 18",Net Current Expenditure (C7 = C3 - C6)
2013/14,E1202,,Bournemouth UA,UA,Theatres and public entertainment,578,578000.0,Revenue_Outturn__RO5__data_2013-14_by_LA.xlsx,RO5 LA Data 2013-14 (3),"row 79, column 22",Net Current Expenditure (C7 = C3 - C6)
2013/14,E1202,,Bournemouth UA,UA,Library service,5874,5874000.0,Revenue_Outturn__RO5__data_2013-14_by_LA.xlsx,RO5 LA Data 2013-14 (3),"row 79, column 50",Net Current Expenditure (C7 = C3 - C6)
2013/14,E1221,,Dorset CC,SC,Archives,326,326000.0,Revenue_Outturn__RO5__data_2013-14_by_LA.xlsx,RO5 LA Data 2013-14 (3),"row 80, column 6",Net Current Expenditure (C7 = C3 - C6)
2013/14,E1221,,Dorset CC,SC,Arts development and support,282,282000.0,Revenue_Outturn__RO5__data_2013-14_by_LA.xlsx,RO5 LA Data 2013-14 (3),"row 80, column 10",Net Current Expenditure (C7 = C3 - C6)
2013/14,E1221,,Dorset CC,SC,Heritage,503,503000.0,Revenue_Outturn__RO5__data_2013-14_by_LA.xlsx,RO5 LA Data 2013-14 (3),"row 80, column 14",Net Current Expenditure (C7 = C3 - C6)
2013/14,E1221,,Dorset CC,SC,Museums and galleries,28,28000.0,Revenue_Outturn__RO5__data_2013-14_by_LA.xlsx,RO5 LA Data 2013-14 (3),"row 80, column 18",Net Current Expenditure (C7 = C3 - C6)
2013/14,E1221,,Dorset CC,SC,Theatres and public entertainment,0,0.0,Revenue_Outturn__RO5__data_2013-14_by_LA.xlsx,RO5 LA Data 2013-14 (3),"row 80, column 22",Net Current Expenditure (C7 = C3 - C6)
2013/14,E1221,,Dorset CC,SC,Library service,2974,2974000.0,Revenue_Outturn__RO5__data_2013-14_by_LA.xlsx,RO5 LA Data 2013-14 (3),"row 80, column 50",Net Current Expenditure (C7 = C3 - C6)
2013/14,E1232,,Christchurch,SD,Archives,0,0.0,Revenue_Outturn__RO5__data_2013-14_by_LA.xlsx,RO5 LA Data 2013-14 (3),"row 81, column 6",Net Current Expenditure (C7 = C3 - C6)
2013/14,E1232,,Christchurch,SD,Arts development and support,0,0.0,Revenue_Outturn__RO5__data_2013-14_by_LA.xlsx,RO5 LA Data 2013-14 (3),"row 81, column 10",Net Current Expenditure (C7 = C3 - C6)
2013/14,E1232,,Christchurch,SD,Heritage,148,148000.0,Revenue_Outturn__RO5__data_2013-14_by_LA.xlsx,RO5 LA Data 2013-14 (3),"row 81, column 14",Net Current Expenditure (C7 = C3 - C6)
2013/14,E1232,,Christchurch,SD,Museums and galleries,50,50000.0,Revenue_Outturn__RO5__data_2013-14_by_LA.xlsx,RO5 LA Data 2013-14 (3),"row 81, column 18",Net Current Expenditure (C7 = C3 - C6)
2013/14,E1232,,Christchurch,SD,Theatres and public entertainment,68,68000.0,Revenue_Outturn__RO5__data_2013-14_by_LA.xlsx,RO5 LA Data 2013-14 (3),"row 81, column 22",Net Current Expenditure (C7 = C3 - C6)
2013/14,E1232,,Christchurch,SD,Library service,0,0.0,Revenue_Outturn__RO5__data_2013-14_by_LA.xlsx,RO5 LA Data 2013-14 (3),"row 81, column 50",Net Current Expenditure (C7 = C3 - C6)
2013/14,E1233,,East Dorset,SD,Archives,0,0.0,Revenue_Outturn__RO5__data_2013-14_by_LA.xlsx,RO5 LA Data 2013-14 (3),"row 82, column 6",Net Current Expenditure (C7 = C3 - C6)
2013/14,E1233,,East Dorset,SD,Arts development and support,89,89000.0,Revenue_Outturn__RO5__data_2013-14_by_LA.xlsx,RO5 LA Data 2013-14 (3),"row 82, column 10",Net Current Expenditure (C7 = C3 - C6)
2013/14,E1233,,East Dorset,SD,Heritage,0,0.0,Revenue_Outturn__RO5__data_2013-14_by_LA.xlsx,RO5 LA Data 2013-14 (3),"row 82, column 14",Net Current Expenditure (C7 = C3 - C6)
2013/14,E1233,,East Dorset,SD,Museums and galleries,169,169000.0,Revenue_Outturn__RO5__data_2013-14_by_LA.xlsx,RO5 LA Data 2013-14 (3),"row 82, column 18",Net Current Expenditure (C7 = C3 - C6)
2013/14,E1233,,East Dorset,SD,Theatres and public entertainment,0,0.0,Revenue_Outturn__RO5__data_2013-14_by_LA.xlsx,RO5 LA Data 2013-14 (3),"row 82, column 22",Net Current Expenditure (C7 = C3 - C6)
2013/14,E1233,,East Dorset,SD,Library service,0,0.0,Revenue_Outturn__RO5__data_2013-14_by_LA.xlsx,RO5 LA Data 2013-14 (3),"row 82, column 50",Net Current Expenditure (C7 = C3 - C6)
2013/14,E1234,,North Dorset,SD,Archives,0,0.0,Revenue_Outturn__RO5__data_2013-14_by_LA.xlsx,RO5 LA Data 2013-14 (3),"row 83, column 6",Net Current Expenditure (C7 = C3 - C6)
2013/14,E1234,,North Dorset,SD,Arts development and support,16,16000.0,Revenue_Outturn__RO5__data_2013-14_by_LA.xlsx,RO5 LA Data 2013-14 (3),"row 83, column 10",Net Current Expenditure (C7 = C3 - C6)
2013/14,E1234,,North Dorset,SD,Heritage,0,0.0,Revenue_Outturn__RO5__data_2013-14_by_LA.xlsx,RO5 LA Data 2013-14 (3),"row 83, column 14",Net Current Expenditure (C7 = C3 - C6)
2013/14,E1234,,North Dorset,SD,Museums and galleries,0,0.0,Revenue_Outturn__RO5__data_2013-14_by_LA.xlsx,RO5 LA Data 2013-14 (3),"row 83, column 18",Net Current Expenditure (C7 = C3 - C6)
2013/14,E1234,,North Dorset,SD,Theatres and public entertainment,0,0.0,Revenue_Outturn__RO5__data_2013-14_by_LA.xlsx,RO5 LA Data 2013-14 (3),"row 83, column 22",Net Current Expenditure (C7 = C3 - C6)
2013/14,E1234,,North Dorset,SD,Library service,0,0.0,Revenue_Outturn__RO5__data_2013-14_by_LA.xlsx,RO5 LA Data 2013-14 (3),"row 83, column 50",Net Current Expenditure (C7 = C3 - C6)
2013/14,E1236,,Purbeck,SD,Archives,0,0.0,Revenue_Outturn__RO5__data_2013-14_by_LA.xlsx,RO5 LA Data 2013-14 (3),"row 84, column 6",Net Current Expenditure (C7 = C3 - C6)
2013/14,E1236,,Purbeck,SD,Arts development and support,6,6000.0,Revenue_Outturn__RO5__data_2013-14_by_LA.xlsx,RO5 LA Data 2013-14 (3),"row 84, column 10",Net Current Expenditure (C7 = C3 - C6)
2013/14,E1236,,Purbeck,SD,Heritage,0,0.0,Revenue_Outturn__RO5__data_2013-14_by_LA.xlsx,RO5 LA Data 2013-14 (3),"row 84, column 14",Net Current Expenditure (C7 = C3 - C6)
2013/14,E1236,,Purbeck,SD,Museums and galleries,0,0.0,Revenue_Outturn__RO5__data_2013-14_by_LA.xlsx,RO5 LA Data 2013-14 (3),"row 84, column 18",Net Current Expenditure (C7 = C3 - C6)
2013/14,E1236,,Purbeck,SD,Theatres and public entertainment,0,0.0,Revenue_Outturn__RO5__data_2013-14_by_LA.xlsx,RO5 LA Data 2013-14 (3),"row 84, column 22",Net Current Expenditure (C7 = C3 - C6)
2013/14,E1236,,Purbeck,SD,Library service,0,0.0,Revenue_Outturn__RO5__data_2013-14_by_LA.xlsx,RO5 LA Data 2013-14 (3),"row 84, column 50",Net Current Expenditure (C7 = C3 - C6)
2013/14,E1237,,West Dorset DC,SD,Archives,0,0.0,Revenue_Outturn__RO5__data_2013-14_by_LA.xlsx,RO5 LA Data 2013-14 (3),"row 85, column 6",Net Current Expenditure (C7 = C3 - C6)
2013/14,E1237,,West Dorset DC,SD,Arts development and support,299,299000.0,Revenue_Outturn__RO5__data_2013-14_by_LA.xlsx,RO5 LA Data 2013-14 (3),"row 85, column 10",Net Current Expenditure (C7 = C3 - C6)
2013/14,E1237,,West Dorset DC,SD,Heritage,0,0.0,Revenue_Outturn__RO5__data_2013-14_by_LA.xlsx,RO5 LA Data 2013-14 (3),"row 85, column 14",Net Current Expenditure (C7 = C3 - C6)
2013/14,E1237,,West Dorset DC,SD,Museums and galleries,0,0.0,Revenue_Outturn__RO5__data_2013-14_by_LA.xlsx,RO5 LA Data 2013-14 (3),"row 85, column 18",Net Current Expenditure (C7 = C3 - C6)
2013/14,E1237,,West Dorset DC,SD,Theatres and public entertainment,0,0.0,Revenue_Outturn__RO5__data_2013-14_by_LA.xlsx,RO5 LA Data 2013-14 (3),"row 85, column 22",Net Current Expenditure (C7 = C3 - C6)
2013/14,E1237,,West Dorset DC,SD,Library service,0,0.0,Revenue_Outturn__RO5__data_2013-14_by_LA.xlsx,RO5 LA Data 2013-14 (3),"row 85, column 50",Net Current Expenditure (C7 = C3 - C6)
2013/14,E1238,,Weymouth & Portland,SD,Archives,0,0.0,Revenue_Outturn__RO5__data_2013-14_by_LA.xlsx,RO5 LA Data 2013-14 (3),"row 86, column 6",Net Current Expenditure (C7 = C3 - C6)
2013/14,E1238,,Weymouth & Portland,SD,Arts development and support,0,0.0,Revenue_Outturn__RO5__data_2013-14_by_LA.xlsx,RO5 LA Data 2013-14 (3),"row 86, column 10",Net Current Expenditure (C7 = C3 - C6)
2013/14,E1238,,Weymouth & Portland,SD,Heritage,25,25000.0,Revenue_Outturn__RO5__data_2013-14_by_LA.xlsx,RO5 LA Data 2013-14 (3),"row 86, column 14",Net Current Expenditure (C7 = C3 - C6)
2013/14,E1238,,Weymouth & Portland,SD,Museums and galleries,1,1000.0,Revenue_Outturn__RO5__data_2013-14_by_LA.xlsx,RO5 LA Data 2013-14 (3),"row 86, column 18",Net Current Expenditure (C7 = C3 - C6)
2013/14,E1238,,Weymouth & Portland,SD,Theatres and public entertainment,233,233000.0,Revenue_Outturn__RO5__data_2013-14_by_LA.xlsx,RO5 LA Data 2013-14 (3),"row 86, column 22",Net Current Expenditure (C7 = C3 - C6)
2013/14,E1238,,Weymouth & Portland,SD,Library service,0,0.0,Revenue_Outturn__RO5__data_2013-14_by_LA.xlsx,RO5 LA Data 2013-14 (3),"row 86, column 50",Net Current Expenditure (C7 = C3 - C6)
2013/14,E1301,,Darlington UA,UA,Archives,66,66000.0,Revenue_Outturn__RO5__data_2013-14_by_LA.xlsx,RO5 LA Data 2013-14 (3),"row 87, column 6",Net Current Expenditure (C7 = C3 - C6)
2013/14,E1301,,Darlington UA,UA,Arts development and support,157,157000.0,Revenue_Outturn__RO5__data_2013-14_by_LA.xlsx,RO5 LA Data 2013-14 (3),"row 87, column 10",Net Current Expenditure (C7 = C3 - C6)
2013/14,E1301,,Darlington UA,UA,Heritage,0,0.0,Revenue_Outturn__RO5__data_2013-14_by_LA.xlsx,RO5 LA Data 2013-14 (3),"row 87, column 14",Net Current Expenditure (C7 = C3 - C6)
2013/14,E1301,,Darlington UA,UA,Museums and galleries,228,228000.0,Revenue_Outturn__RO5__data_2013-14_by_LA.xlsx,RO5 LA Data 2013-14 (3),"row 87, column 18",Net Current Expenditure (C7 = C3 - C6)
2013/14,E1301,,Darlington UA,UA,Theatres and public entertainment,248,248000.0,Revenue_Outturn__RO5__data_2013-14_by_LA.xlsx,RO5 LA Data 2013-14 (3),"row 87, column 22",Net Current Expenditure (C7 = C3 - C6)
2013/14,E1301,,Darlington UA,UA,Library service,966,966000.0,Revenue_Outturn__RO5__data_2013-14_by_LA.xlsx,RO5 LA Data 2013-14 (3),"row 87, column 50",Net Current Expenditure (C7 = C3 - C6)
2013/14,E1302,,Durham UA,UA,Archives,317,317000.0,Revenue_Outturn__RO5__data_2013-14_by_LA.xlsx,RO5 LA Data 2013-14 (3),"row 88, column 6",Net Current Expenditure (C7 = C3 - C6)
2013/14,E1302,,Durham UA,UA,Arts development and support,1111,1111000.0,Revenue_Outturn__RO5__data_2013-14_by_LA.xlsx,RO5 LA Data 2013-14 (3),"row 88, column 10",Net Current Expenditure (C7 = C3 - C6)
2013/14,E1302,,Durham UA,UA,Heritage,92,92000.0,Revenue_Outturn__RO5__data_2013-14_by_LA.xlsx,RO5 LA Data 2013-14 (3),"row 88, column 14",Net Current Expenditure (C7 = C3 - C6)
2013/14,E1302,,Durham UA,UA,Museums and galleries,1600,1600000.0,Revenue_Outturn__RO5__data_2013-14_by_LA.xlsx,RO5 LA Data 2013-14 (3),"row 88, column 18",Net Current Expenditure (C7 = C3 - C6)
2013/14,E1302,,Durham UA,UA,Theatres and public entertainment,766,766000.0,Revenue_Outturn__RO5__data_2013-14_by_LA.xlsx,RO5 LA Data 2013-14 (3),"row 88, column 22",Net Current Expenditure (C7 = C3 - C6)
2013/14,E1302,,Durham UA,UA,Library service,5503,5503000.0,Revenue_Outturn__RO5__data_2013-14_by_LA.xlsx,RO5 LA Data 2013-14 (3),"row 88, column 50",Net Current Expenditure (C7 = C3 - C6)
2013/14,E1401,,Brighton & Hove UA,UA,Archives,0,0.0,Revenue_Outturn__RO5__data_2013-14_by_LA.xlsx,RO5 LA Data 2013-14 (3),"row 89, column 6",Net Current Expenditure (C7 = C3 - C6)
2013/14,E1401,,Brighton & Hove UA,UA,Arts development and support,199,199000.0,Revenue_Outturn__RO5__data_2013-14_by_LA.xlsx,RO5 LA Data 2013-14 (3),"row 89, column 10",Net Current Expenditure (C7 = C3 - C6)
2013/14,E1401,,Brighton & Hove UA,UA,Heritage,812,812000.0,Revenue_Outturn__RO5__data_2013-14_by_LA.xlsx,RO5 LA Data 2013-14 (3),"row 89, column 14",Net Current Expenditure (C7 = C3 - C6)
2013/14,E1401,,Brighton & Hove UA,UA,Museums and galleries,2559,2559000.0,Revenue_Outturn__RO5__data_2013-14_by_LA.xlsx,RO5 LA Data 2013-14 (3),"row 89, column 18",Net Current Expenditure (C7 = C3 - C6)
2013/14,E1401,,Brighton & Hove UA,UA,Theatres and public entertainment,2424,2424000.0,Revenue_Outturn__RO5__data_2013-14_by_LA.xlsx,RO5 LA Data 2013-14 (3),"row 89, column 22",Net Current Expenditure (C7 = C3 - C6)
2013/14,E1401,,Brighton & Hove UA,UA,Library service,4186,4186000.0,Revenue_Outturn__RO5__data_2013-14_by_LA.xlsx,RO5 LA Data 2013-14 (3),"row 89, column 50",Net Current Expenditure (C7 = C3 - C6)
2013/14,E1421,,East Sussex CC,SC,Archives,638,638000.0,Revenue_Outturn__RO5__data_2013-14_by_LA.xlsx,RO5 LA Data 2013-14 (3),"row 90, column 6",Net Current Expenditure (C7 = C3 - C6)
2013/14,E1421,,East Sussex CC,SC,Arts development and support,65,65000.0,Revenue_Outturn__RO5__data_2013-14_by_LA.xlsx,RO5 LA Data 2013-14 (3),"row 90, column 10",Net Current Expenditure (C7 = C3 - C6)
2013/14,E1421,,East Sussex CC,SC,Heritage,-5,-5000.0,Revenue_Outturn__RO5__data_2013-14_by_LA.xlsx,RO5 LA Data 2013-14 (3),"row 90, column 14",Net Current Expenditure (C7 = C3 - C6)
2013/14,E1421,,East Sussex CC,SC,Museums and galleries,0,0.0,Revenue_Outturn__RO5__data_2013-14_by_LA.xlsx,RO5 LA Data 2013-14 (3),"row 90, column 18",Net Current Expenditure (C7 = C3 - C6)
2013/14,E1421,,East Sussex CC,SC,Theatres and public entertainment,0,0.0,Revenue_Outturn__RO5__data_2013-14_by_LA.xlsx,RO5 LA Data 2013-14 (3),"row 90, column 22",Net Current Expenditure (C7 = C3 - C6)
2013/14,E1421,,East Sussex CC,SC,Library service,6964,6964000.0,Revenue_Outturn__RO5__data_2013-14_by_LA.xlsx,RO5 LA Data 2013-14 (3),"row 90, column 50",Net Current Expenditure (C7 = C3 - C6)
2013/14,E1432,,Eastbourne,SD,Archives,0,0.0,Revenue_Outturn__RO5__data_2013-14_by_LA.xlsx,RO5 LA Data 2013-14 (3),"row 91, column 6",Net Current Expenditure (C7 = C3 - C6)
2013/14,E1432,,Eastbourne,SD,Arts development and support,37,37000.0,Revenue_Outturn__RO5__data_2013-14_by_LA.xlsx,RO5 LA Data 2013-14 (3),"row 91, column 10",Net Current Expenditure (C7 = C3 - C6)
2013/14,E1432,,Eastbourne,SD,Heritage,171,171000.0,Revenue_Outturn__RO5__data_2013-14_by_LA.xlsx,RO5 LA Data 2013-14 (3),"row 91, column 14",Net Current Expenditure (C7 = C3 - C6)
2013/14,E1432,,Eastbourne,SD,Museums and galleries,1119,1119000.0,Revenue_Outturn__RO5__data_2013-14_by_LA.xlsx,RO5 LA Data 2013-14 (3),"row 91, column 18",Net Current Expenditure (C7 = C3 - C6)
2013/14,E1432,,Eastbourne,SD,Theatres and public entertainment,1611,1611000.0,Revenue_Outturn__RO5__data_2013-14_by_LA.xlsx,RO5 LA Data 2013-14 (3),"row 91, column 22",Net Current Expenditure (C7 = C3 - C6)
2013/14,E1432,,Eastbourne,SD,Library service,0,0.0,Revenue_Outturn__RO5__data_2013-14_by_LA.xlsx,RO5 LA Data 2013-14 (3),"row 91, column 50",Net Current Expenditure (C7 = C3 - C6)
2013/14,E1433,,Hastings,SD,Archives,0,0.0,Revenue_Outturn__RO5__data_2013-14_by_LA.xlsx,RO5 LA Data 2013-14 (3),"row 92, column 6",Net Current Expenditure (C7 = C3 - C6)
2013/14,E1433,,Hastings,SD,Arts development and support,0,0.0,Revenue_Outturn__RO5__data_2013-14_by_LA.xlsx,RO5 LA Data 2013-14 (3),"row 92, column 10",Net Current Expenditure (C7 = C3 - C6)
2013/14,E1433,,Hastings,SD,Heritage,0,0.0,Revenue_Outturn__RO5__data_2013-14_by_LA.xlsx,RO5 LA Data 2013-14 (3),"row 92, column 14",Net Current Expenditure (C7 = C3 - C6)
2013/14,E1433,,Hastings,SD,Museums and galleries,424,424000.0,Revenue_Outturn__RO5__data_2013-14_by_LA.xlsx,RO5 LA Data 2013-14 (3),"row 92, column 18",Net Current Expenditure (C7 = C3 - C6)
2013/14,E1433,,Hastings,SD,Theatres and public entertainment,675,675000.0,Revenue_Outturn__RO5__data_2013-14_by_LA.xlsx,RO5 LA Data 2013-14 (3),"row 92, column 22",Net Current Expenditure (C7 = C3 - C6)
2013/14,E1433,,Hastings,SD,Library service,0,0.0,Revenue_Outturn__RO5__data_2013-14_by_LA.xlsx,RO5 LA Data 2013-14 (3),"row 92, column 50",Net Current Expenditure (C7 = C3 - C6)
2013/14,E1435,,Lewes,SD,Archives,0,0.0,Revenue_Outturn__RO5__data_2013-14_by_LA.xlsx,RO5 LA Data 2013-14 (3),"row 93, column 6",Net Current Expenditure (C7 = C3 - C6)
2013/14,E1435,,Lewes,SD,Arts development and support,28,28000.0,Revenue_Outturn__RO5__data_2013-14_by_LA.xlsx,RO5 LA Data 2013-14 (3),"row 93, column 10",Net Current Expenditure (C7 = C3 - C6)
2013/14,E1435,,Lewes,SD,Heritage,8,8000.0,Revenue_Outturn__RO5__data_2013-14_by_LA.xlsx,RO5 LA Data 2013-14 (3),"row 93, column 14",Net Current Expenditure (C7 = C3 - C6)
2013/14,E1435,,Lewes,SD,Museums and galleries,194,194000.0,Revenue_Outturn__RO5__data_2013-14_by_LA.xlsx,RO5 LA Data 2013-14 (3),"row 93, column 18",Net Current Expenditure (C7 = C3 - C6)
2013/14,E1435,,Lewes,SD,Theatres and public entertainment,0,0.0,Revenue_Outturn__RO5__data_2013-14_by_LA.xlsx,RO5 LA Data 2013-14 (3),"row 93, column 22",Net Current Expenditure (C7 = C3 - C6)
2013/14,E1435,,Lewes,SD,Library service,0,0.0,Revenue_Outturn__RO5__data_2013-14_by_LA.xlsx,RO5 LA Data 2013-14 (3),"row 93, column 50",Net Current Expenditure (C7 = C3 - C6)
2013/14,E1436,,Rother,SD,Archives,0,0.0,Revenue_Outturn__RO5__data_2013-14_by_LA.xlsx,RO5 LA Data 2013-14 (3),"row 94, column 6",Net Current Expenditure (C7 = C3 - C6)
2013/14,E1436,,Rother,SD,Arts development and support,76,76000.0,Revenue_Outturn__RO5__data_2013-14_by_LA.xlsx,RO5 LA Data 2013-14 (3),"row 94, column 10",Net Current Expenditure (C7 = C3 - C6)
2013/14,E1436,,Rother,SD,Heritage,3,3000.0,Revenue_Outturn__RO5__data_2013-14_by_LA.xlsx,RO5 LA Data 2013-14 (3),"row 94, column 14",Net Current Expenditure (C7 = C3 - C6)
2013/14,E1436,,Rother,SD,Museums and galleries,83,83000.0,Revenue_Outturn__RO5__data_2013-14_by_LA.xlsx,RO5 LA Data 2013-14 (3),"row 94, column 18",Net Current Expenditure (C7 = C3 - C6)
2013/14,E1436,,Rother,SD,Theatres and public entertainment,526,526000.0,Revenue_Outturn__RO5__data_2013-14_by_LA.xlsx,RO5 LA Data 2013-14 (3),"row 94, column 22",Net Current Expenditure (C7 = C3 - C6)
2013/14,E1436,,Rother,SD,Library service,0,0.0,Revenue_Outturn__RO5__data_2013-14_by_LA.xlsx,RO5 LA Data 2013-14 (3),"row 94, column 50",Net Current Expenditure (C7 = C3 - C6)
2013/14,E1437,,Wealden,SD,Archives,0,0.0,Revenue_Outturn__RO5__data_2013-14_by_LA.xlsx,RO5 LA Data 2013-14 (3),"row 95, column 6",Net Current Expenditure (C7 = C3 - C6)
2013/14,E1437,,Wealden,SD,Arts development and support,48,48000.0,Revenue_Outturn__RO5__data_2013-14_by_LA.xlsx,RO5 LA Data 2013-14 (3),"row 95, column 10",Net Current Expenditure (C7 = C3 - C6)
2013/14,E1437,,Wealden,SD,Heritage,0,0.0,Revenue_Outturn__RO5__data_2013-14_by_LA.xlsx,RO5 LA Data 2013-14 (3),"row 95, column 14",Net Current Expenditure (C7 = C3 - C6)
2013/14,E1437,,Wealden,SD,Museums and galleries,0,0.0,Revenue_Outturn__RO5__data_2013-14_by_LA.xlsx,RO5 LA Data 2013-14 (3),"row 95, column 18",Net Current Expenditure (C7 = C3 - C6)
2013/14,E1437,,Wealden,SD,Theatres and public entertainment,0,0.0,Revenue_Outturn__RO5__data_2013-14_by_LA.xlsx,RO5 LA Data 2013-14 (3),"row 95, column 22",Net Current Expenditure (C7 = C3 - C6)
2013/14,E1437,,Wealden,SD,Library service,0,0.0,Revenue_Outturn__RO5__data_2013-14_by_LA.xlsx,RO5 LA Data 2013-14 (3),"row 95, column 50",Net Current Expenditure (C7 = C3 - C6)
2013/14,E1501,,Southend-on-Sea UA,UA,Archives,0,0.0,Revenue_Outturn__RO5__data_2013-14_by_LA.xlsx,RO5 LA Data 2013-14 (3),"row 96, column 6",Net Current Expenditure (C7 = C3 - C6)
2013/14,E1501,,Southend-on-Sea UA,UA,Arts development and support,216,216000.0,Revenue_Outturn__RO5__data_2013-14_by_LA.xlsx,RO5 LA Data 2013-14 (3),"row 96, column 10",Net Current Expenditure (C7 = C3 - C6)
2013/14,E1501,,Southend-on-Sea UA,UA,Heritage,0,0.0,Revenue_Outturn__RO5__data_2013-14_by_LA.xlsx,RO5 LA Data 2013-14 (3),"row 96, column 14",Net Current Expenditure (C7 = C3 - C6)
2013/14,E1501,,Southend-on-Sea UA,UA,Museums and galleries,928,928000.0,Revenue_Outturn__RO5__data_2013-14_by_LA.xlsx,RO5 LA Data 2013-14 (3),"row 96, column 18",Net Current Expenditure (C7 = C3 - C6)
2013/14,E1501,,Southend-on-Sea UA,UA,Theatres and public entertainment,321,321000.0,Revenue_Outturn__RO5__data_2013-14_by_LA.xlsx,RO5 LA Data 2013-14 (3),"row 96, column 22",Net Current Expenditure (C7 = C3 - C6)
2013/14,E1501,,Southend-on-Sea UA,UA,Library service,3209,3209000.0,Revenue_Outturn__RO5__data_2013-14_by_LA.xlsx,RO5 LA Data 2013-14 (3),"row 96, column 50",Net Current Expenditure (C7 = C3 - C6)
2013/14,E1502,,Thurrock UA,UA,Archives,34,34000.0,Revenue_Outturn__RO5__data_2013-14_by_LA.xlsx,RO5 LA Data 2013-14 (3),"row 97, column 6",Net Current Expenditure (C7 = C3 - C6)
2013/14,E1502,,Thurrock UA,UA,Arts development and support,12,12000.0,Revenue_Outturn__RO5__data_2013-14_by_LA.xlsx,RO5 LA Data 2013-14 (3),"row 97, column 10",Net Current Expenditure (C7 = C3 - C6)
2013/14,E1502,,Thurrock UA,UA,Heritage,1,1000.0,Revenue_Outturn__RO5__data_2013-14_by_LA.xlsx,RO5 LA Data 2013-14 (3),"row 97, column 14",Net Current Expenditure (C7 = C3 - C6)
2013/14,E1502,,Thurrock UA,UA,Museums and galleries,183,183000.0,Revenue_Outturn__RO5__data_2013-14_by_LA.xlsx,RO5 LA Data 2013-14 (3),"row 97, column 18",Net Current Expenditure (C7 = C3 - C6)
2013/14,E1502,,Thurrock UA,UA,Theatres and public entertainment,333,333000.0,Revenue_Outturn__RO5__data_2013-14_by_LA.xlsx,RO5 LA Data 2013-14 (3),"row 97, column 22",Net Current Expenditure (C7 = C3 - C6)
2013/14,E1502,,Thurrock UA,UA,Library service,1846,1846000.0,Revenue_Outturn__RO5__data_2013-14_by_LA.xlsx,RO5 LA Data 2013-14 (3),"row 97, column 50",Net Current Expenditure (C7 = C3 - C6)
2013/14,E1521,,Essex CC,SC,Archives,915,915000.0,Revenue_Outturn__RO5__data_2013-14_by_LA.xlsx,RO5 LA Data 2013-14 (3),"row 98, column 6",Net Current Expenditure (C7 = C3 - C6)
2013/14,E1521,,Essex CC,SC,Arts development and support,1052,1052000.0,Revenue_Outturn__RO5__data_2013-14_by_LA.xlsx,RO5 LA Data 2013-14 (3),"row 98, column 10",Net Current Expenditure (C7 = C3 - C6)
2013/14,E1521,,Essex CC,SC,Heritage,0,0.0,Revenue_Outturn__RO5__data_2013-14_by_LA.xlsx,RO5 LA Data 2013-14 (3),"row 98, column 14",Net Current Expenditure (C7 = C3 - C6)
2013/14,E1521,,Essex CC,SC,Museums and galleries,54,54000.0,Revenue_Outturn__RO5__data_2013-14_by_LA.xlsx,RO5 LA Data 2013-14 (3),"row 98, column 18",Net Current Expenditure (C7 = C3 - C6)
2013/14,E1521,,Essex CC,SC,Theatres and public entertainment,0,0.0,Revenue_Outturn__RO5__data_2013-14_by_LA.xlsx,RO5 LA Data 2013-14 (3),"row 98, column 22",Net Current Expenditure (C7 = C3 - C6)
2013/14,E1521,,Essex CC,SC,Library service,13849,13849000.0,Revenue_Outturn__RO5__data_2013-14_by_LA.xlsx,RO5 LA Data 2013-14 (3),"row 98, column 50",Net Current Expenditure (C7 = C3 - C6)
2013/14,E1531,,Basildon,SD,Archives,0,0.0,Revenue_Outturn__RO5__data_2013-14_by_LA.xlsx,RO5 LA Data 2013-14 (3),"row 99, column 6",Net Current Expenditure (C7 = C3 - C6)
2013/14,E1531,,Basildon,SD,Arts development and support,0,0.0,Revenue_Outturn__RO5__data_2013-14_by_LA.xlsx,RO5 LA Data 2013-14 (3),"row 99, column 10",Net Current Expenditure (C7 = C3 - C6)
2013/14,E1531,,Basildon,SD,Heritage,0,0.0,Revenue_Outturn__RO5__data_2013-14_by_LA.xlsx,RO5 LA Data 2013-14 (3),"row 99, column 14",Net Current Expenditure (C7 = C3 - C6)
2013/14,E1531,,Basildon,SD,Museums and galleries,0,0.0,Revenue_Outturn__RO5__data_2013-14_by_LA.xlsx,RO5 LA Data 2013-14 (3),"row 99, column 18",Net Current Expenditure (C7 = C3 - C6)
2013/14,E1531,,Basildon,SD,Theatres and public entertainment,668,668000.0,Revenue_Outturn__RO5__data_2013-14_by_LA.xlsx,RO5 LA Data 2013-14 (3),"row 99, column 22",Net Current Expenditure (C7 = C3 - C6)
2013/14,E1531,,Basildon,SD,Library service,0,0.0,Revenue_Outturn__RO5__data_2013-14_by_LA.xlsx,RO5 LA Data 2013-14 (3),"row 99, column 50",Net Current Expenditure (C7 = C3 - C6)
2013/14,E1532,,Braintree,SD,Archives,0,0.0,Revenue_Outturn__RO5__data_2013-14_by_LA.xlsx,RO5 LA Data 2013-14 (3),"row 100, column 6",Net Current Expenditure (C7 = C3 - C6)
2013/14,E1532,,Braintree,SD,Arts development and support,87,87000.0,Revenue_Outturn__RO5__data_2013-14_by_LA.xlsx,RO5 LA Data 2013-14 (3),"row 100, column 10",Net Current Expenditure (C7 = C3 - C6)
2013/14,E1532,,Braintree,SD,Heritage,24,24000.0,Revenue_Outturn__RO5__data_2013-14_by_LA.xlsx,RO5 LA Data 2013-14 (3),"row 100, column 14",Net Current Expenditure (C7 = C3 - C6)
2013/14,E1532,,Braintree,SD,Museums and galleries,258,258000.0,Revenue_Outturn__RO5__data_2013-14_by_LA.xlsx,RO5 LA Data 2013-14 (3),"row 100, column 18",Net Current Expenditure (C7 = C3 - C6)
2013/14,E1532,,Braintree,SD,Theatres and public entertainment,0,0.0,Revenue_Outturn__RO5__data_2013-14_by_LA.xlsx,RO5 LA Data 2013-14 (3),"row 100, column 22",Net Current Expenditure (C7 = C3 - C6)
2013/14,E1532,,Braintree,SD,Library service,0,0.0,Revenue_Outturn__RO5__data_2013-14_by_LA.xlsx,RO5 LA Data 2013-14 (3),"row 100, column 50",Net Current Expenditure (C7 = C3 - C6)
2013/14,E1533,,Brentwood,SD,Archives,0,0.0,Revenue_Outturn__RO5__data_2013-14_by_LA.xlsx,RO5 LA Data 2013-14 (3),"row 101, column 6",Net Current Expenditure (C7 = C3 - C6)
2013/14,E1533,,Brentwood,SD,Arts development and support,0,0.0,Revenue_Outturn__RO5__data_2013-14_by_LA.xlsx,RO5 LA Data 2013-14 (3),"row 101, column 10",Net Current Expenditure (C7 = C3 - C6)
2013/14,E1533,,Brentwood,SD,Heritage,0,0.0,Revenue_Outturn__RO5__data_2013-14_by_LA.xlsx,RO5 LA Data 2013-14 (3),"row 101, column 14",Net Current Expenditure (C7 = C3 - C6)
2013/14,E1533,,Brentwood,SD,Museums and galleries,0,0.0,Revenue_Outturn__RO5__data_2013-14_by_LA.xlsx,RO5 LA Data 2013-14 (3),"row 101, column 18",Net Current Expenditure (C7 = C3 - C6)
2013/14,E1533,,Brentwood,SD,Theatres and public entertainment,139,139000.0,Revenue_Outturn__RO5__data_2013-14_by_LA.xlsx,RO5 LA Data 2013-14 (3),"row 101, column 22",Net Current Expenditure (C7 = C3 - C6)
2013/14,E1533,,Brentwood,SD,Library service,0,0.0,Revenue_Outturn__RO5__data_2013-14_by_LA.xlsx,RO5 LA Data 2013-14 (3),"row 101, column 50",Net Current Expenditure (C7 = C3 - C6)
2013/14,E1534,,Castle Point,SD,Archives,0,0.0,Revenue_Outturn__RO5__data_2013-14_by_LA.xlsx,RO5 LA Data 2013-14 (3),"row 102, column 6",Net Current Expenditure (C7 = C3 - C6)
2013/14,E1534,,Castle Point,SD,Arts development and support,9,9000.0,Revenue_Outturn__RO5__data_2013-14_by_LA.xlsx,RO5 LA Data 2013-14 (3),"row 102, column 10",Net Current Expenditure (C7 = C3 - C6)
2013/14,E1534,,Castle Point,SD,Heritage,0,0.0,Revenue_Outturn__RO5__data_2013-14_by_LA.xlsx,RO5 LA Data 2013-14 (3),"row 102, column 14",Net Current Expenditure (C7 = C3 - C6)
2013/14,E1534,,Castle Point,SD,Museums and galleries,0,0.0,Revenue_Outturn__RO5__data_2013-14_by_LA.xlsx,RO5 LA Data 2013-14 (3),"row 102, column 18",Net Current Expenditure (C7 = C3 - C6)
2013/14,E1534,,Castle Point,SD,Theatres and public entertainment,0,0.0,Revenue_Outturn__RO5__data_2013-14_by_LA.xlsx,RO5 LA Data 2013-14 (3),"row 102, column 22",Net Current Expenditure (C7 = C3 - C6)
2013/14,E1534,,Castle Point,SD,Library service,0,0.0,Revenue_Outturn__RO5__data_2013-14_by_LA.xlsx,RO5 LA Data 2013-14 (3),"row 102, column 50",Net Current Expenditure (C7 = C3 - C6)
2013/14,E1535,,Chelmsford,SD,Archives,0,0.0,Revenue_Outturn__RO5__data_2013-14_by_LA.xlsx,RO5 LA Data 2013-14 (3),"row 103, column 6",Net Current Expenditure (C7 = C3 - C6)
2013/14,E1535,,Chelmsford,SD,Arts development and support,0,0.0,Revenue_Outturn__RO5__data_2013-14_by_LA.xlsx,RO5 LA Data 2013-14 (3),"row 103, column 10",Net Current Expenditure (C7 = C3 - C6)
2013/14,E1535,,Chelmsford,SD,Heritage,313,313000.0,Revenue_Outturn__RO5__data_2013-14_by_LA.xlsx,RO5 LA Data 2013-14 (3),"row 103, column 14",Net Current Expenditure (C7 = C3 - C6)
2013/14,E1535,,Chelmsford,SD,Museums and galleries,747,747000.0,Revenue_Outturn__RO5__data_2013-14_by_LA.xlsx,RO5 LA Data 2013-14 (3),"row 103, column 18",Net Current Expenditure (C7 = C3 - C6)
2013/14,E1535,,Chelmsford,SD,Theatres and public entertainment,490,490000.0,Revenue_Outturn__RO5__data_2013-14_by_LA.xlsx,RO5 LA Data 2013-14 (3),"row 103, column 22",Net Current Expenditure (C7 = C3 - C6)
2013/14,E1535,,Chelmsford,SD,Library service,0,0.0,Revenue_Outturn__RO5__data_2013-14_by_LA.xlsx,RO5 LA Data 2013-14 (3),"row 103, column 50",Net Current Expenditure (C7 = C3 - C6)
2013/14,E1536,,Colchester,SD,Archives,0,0.0,Revenue_Outturn__RO5__data_2013-14_by_LA.xlsx,RO5 LA Data 2013-14 (3),"row 104, column 6",Net Current Expenditure (C7 = C3 - C6)
2013/14,E1536,,Colchester,SD,Arts development and support,159,159000.0,Revenue_Outturn__RO5__data_2013-14_by_LA.xlsx,RO5 LA Data 2013-14 (3),"row 104, column 10",Net Current Expenditure (C7 = C3 - C6)
2013/14,E1536,,Colchester,SD,Heritage,0,0.0,Revenue_Outturn__RO5__data_2013-14_by_LA.xlsx,RO5 LA Data 2013-14 (3),"row 104, column 14",Net Current Expenditure (C7 = C3 - C6)
2013/14,E1536,,Colchester,SD,Museums and galleries,1143,1143000.0,Revenue_Outturn__RO5__data_2013-14_by_LA.xlsx,RO5 LA Data 2013-14 (3),"row 104, column 18",Net Current Expenditure (C7 = C3 - C6)
2013/14,E1536,,Colchester,SD,Theatres and public entertainment,330,330000.0,Revenue_Outturn__RO5__data_2013-14_by_LA.xlsx,RO5 LA Data 2013-14 (3),"row 104, column 22",Net Current Expenditure (C7 = C3 - C6)
2013/14,E1536,,Colchester,SD,Library service,0,0.0,Revenue_Outturn__RO5__data_2013-14_by_LA.xlsx,RO5 LA Data 2013-14 (3),"row 104, column 50",Net Current Expenditure (C7 = C3 - C6)
2013/14,E1537,,Epping Forest,SD,Archives,0,0.0,Revenue_Outturn__RO5__data_2013-14_by_LA.xlsx,RO5 LA Data 2013-14 (3),"row 105, column 6",Net Current Expenditure (C7 = C3 - C6)
2013/14,E1537,,Epping Forest,SD,Arts development and support,332,332000.0,Revenue_Outturn__RO5__data_2013-14_by_LA.xlsx,RO5 LA Data 2013-14 (3),"row 105, column 10",Net Current Expenditure (C7 = C3 - C6)
2013/14,E1537,,Epping Forest,SD,Heritage,0,0.0,Revenue_Outturn__RO5__data_2013-14_by_LA.xlsx,RO5 LA Data 2013-14 (3),"row 105, column 14",Net Current Expenditure (C7 = C3 - C6)
2013/14,E1537,,Epping Forest,SD,Museums and galleries,413,413000.0,Revenue_Outturn__RO5__data_2013-14_by_LA.xlsx,RO5 LA Data 2013-14 (3),"row 105, column 18",Net Current Expenditure (C7 = C3 - C6)
2013/14,E1537,,Epping Forest,SD,Theatres and public entertainment,0,0.0,Revenue_Outturn__RO5__data_2013-14_by_LA.xlsx,RO5 LA Data 2013-14 (3),"row 105, column 22",Net Current Expenditure (C7 = C3 - C6)
2013/14,E1537,,Epping Forest,SD,Library service,0,0.0,Revenue_Outturn__RO5__data_2013-14_by_LA.xlsx,RO5 LA Data 2013-14 (3),"row 105, column 50",Net Current Expenditure (C7 = C3 - C6)
2013/14,E1538,,Harlow,SD,Archives,0,0.0,Revenue_Outturn__RO5__data_2013-14_by_LA.xlsx,RO5 LA Data 2013-14 (3),"row 106, column 6",Net Current Expenditure (C7 = C3 - C6)
2013/14,E1538,,Harlow,SD,Arts development and support,2,2000.0,Revenue_Outturn__RO5__data_2013-14_by_LA.xlsx,RO5 LA Data 2013-14 (3),"row 106, column 10",Net Current Expenditure (C7 = C3 - C6)
2013/14,E1538,,Harlow,SD,Heritage,0,0.0,Revenue_Outturn__RO5__data_2013-14_by_LA.xlsx,RO5 LA Data 2013-14 (3),"row 106, column 14",Net Current Expenditure (C7 = C3 - C6)
2013/14,E1538,,Harlow,SD,Museums and galleries,60,60000.0,Revenue_Outturn__RO5__data_2013-14_by_LA.xlsx,RO5 LA Data 2013-14 (3),"row 106, column 18",Net Current Expenditure (C7 = C3 - C6)
2013/14,E1538,,Harlow,SD,Theatres and public entertainment,587,587000.0,Revenue_Outturn__RO5__data_2013-14_by_LA.xlsx,RO5 LA Data 2013-14 (3),"row 106, column 22",Net Current Expenditure (C7 = C3 - C6)
2013/14,E1538,,Harlow,SD,Library service,0,0.0,Revenue_Outturn__RO5__data_2013-14_by_LA.xlsx,RO5 LA Data 2013-14 (3),"row 106, column 50",Net Current Expenditure (C7 = C3 - C6)
2013/14,E1539,,MaIdon DC,SD,Archives,0,0.0,Revenue_Outturn__RO5__data_2013-14_by_LA.xlsx,RO5 LA Data 2013-14 (3),"row 107, column 6",Net Current Expenditure (C7 = C3 - C6)
2013/14,E1539,,MaIdon DC,SD,Arts development and support,80,80000.0,Revenue_Outturn__RO5__data_2013-14_by_LA.xlsx,RO5 LA Data 2013-14 (3),"row 107, column 10",Net Current Expenditure (C7 = C3 - C6)
2013/14,E1539,,MaIdon DC,SD,Heritage,0,0.0,Revenue_Outturn__RO5__data_2013-14_by_LA.xlsx,RO5 LA Data 2013-14 (3),"row 107, column 14",Net Current Expenditure (C7 = C3 - C6)
2013/14,E1539,,MaIdon DC,SD,Museums and galleries,8,8000.0,Revenue_Outturn__RO5__data_2013-14_by_LA.xlsx,RO5 LA Data 2013-14 (3),"row 107, column 18",Net Current Expenditure (C7 = C3 - C6)
2013/14,E1539,,MaIdon DC,SD,Theatres and public entertainment,0,0.0,Revenue_Outturn__RO5__data_2013-14_by_LA.xlsx,RO5 LA Data 2013-14 (3),"row 107, column 22",Net Current Expenditure (C7 = C3 - C6)
2013/14,E1539,,MaIdon DC,SD,Library service,0,0.0,Revenue_Outturn__RO5__data_2013-14_by_LA.xlsx,RO5 LA Data 2013-14 (3),"row 107, column 50",Net Current Expenditure (C7 = C3 - C6)
2013/14,E1540,,Rochford,SD,Archives,0,0.0,Revenue_Outturn__RO5__data_2013-14_by_LA.xlsx,RO5 LA Data 2013-14 (3),"row 108, column 6",Net Current Expenditure (C7 = C3 - C6)
2013/14,E1540,,Rochford,SD,Arts development and support,168,168000.0,Revenue_Outturn__RO5__data_2013-14_by_LA.xlsx,RO5 LA Data 2013-14 (3),"row 108, column 10",Net Current Expenditure (C7 = C3 - C6)
2013/14,E1540,,Rochford,SD,Heritage,0,0.0,Revenue_Outturn__RO5__data_2013-14_by_LA.xlsx,RO5 LA Data 2013-14 (3),"row 108, column 14",Net Current Expenditure (C7 = C3 - C6)
2013/14,E1540,,Rochford,SD,Museums and galleries,0,0.0,Revenue_Outturn__RO5__data_2013-14_by_LA.xlsx,RO5 LA Data 2013-14 (3),"row 108, column 18",Net Current Expenditure (C7 = C3 - C6)
2013/14,E1540,,Rochford,SD,Theatres and public entertainment,0,0.0,Revenue_Outturn__RO5__data_2013-14_by_LA.xlsx,RO5 LA Data 2013-14 (3),"row 108, column 22",Net Current Expenditure (C7 = C3 - C6)
2013/14,E1540,,Rochford,SD,Library service,0,0.0,Revenue_Outturn__RO5__data_2013-14_by_LA.xlsx,RO5 LA Data 2013-14 (3),"row 108, column 50",Net Current Expenditure (C7 = C3 - C6)
2013/14,E1542,,Tendring DC,SD,Archives,0,0.0,Revenue_Outturn__RO5__data_2013-14_by_LA.xlsx,RO5 LA Data 2013-14 (3),"row 109, column 6",Net Current Expenditure (C7 = C3 - C6)
2013/14,E1542,,Tendring DC,SD,Arts development and support,0,0.0,Revenue_Outturn__RO5__data_2013-14_by_LA.xlsx,RO5 LA Data 2013-14 (3),"row 109, column 10",Net Current Expenditure (C7 = C3 - C6)
2013/14,E1542,,Tendring DC,SD,Heritage,0,0.0,Revenue_Outturn__RO5__data_2013-14_by_LA.xlsx,RO5 LA Data 2013-14 (3),"row 109, column 14",Net Current Expenditure (C7 = C3 - C6)
2013/14,E1542,,Tendring DC,SD,Museums and galleries,0,0.0,Revenue_Outturn__RO5__data_2013-14_by_LA.xlsx,RO5 LA Data 2013-14 (3),"row 109, column 18",Net Current Expenditure (C7 = C3 - C6)
2013/14,E1542,,Tendring DC,SD,Theatres and public entertainment,146,146000.0,Revenue_Outturn__RO5__data_2013-14_by_LA.xlsx,RO5 LA Data 2013-14 (3),"row 109, column 22",Net Current Expenditure (C7 = C3 - C6)
2013/14,E1542,,Tendring DC,SD,Library service,0,0.0,Revenue_Outturn__RO5__data_2013-14_by_LA.xlsx,RO5 LA Data 2013-14 (3),"row 109, column 50",Net Current Expenditure (C7 = C3 - C6)
2013/14,E1544,,Uttlesford,SD,Archives,0,0.0,Revenue_Outturn__RO5__data_2013-14_by_LA.xlsx,RO5 LA Data 2013-14 (3),"row 110, column 6",Net Current Expenditure (C7 = C3 - C6)
2013/14,E1544,,Uttlesford,SD,Arts development and support,8,8000.0,Revenue_Outturn__RO5__data_2013-14_by_LA.xlsx,RO5 LA Data 2013-14 (3),"row 110, column 10",Net Current Expenditure (C7 = C3 - C6)
2013/14,E1544,,Uttlesford,SD,Heritage,9,9000.0,Revenue_Outturn__RO5__data_2013-14_by_LA.xlsx,RO5 LA Data 2013-14 (3),"row 110, column 14",Net Current Expenditure (C7 = C3 - C6)
2013/14,E1544,,Uttlesford,SD,Museums and galleries,273,273000.0,Revenue_Outturn__RO5__data_2013-14_by_LA.xlsx,RO5 LA Data 2013-14 (3),"row 110, column 18",Net Current Expenditure (C7 = C3 - C6)
2013/14,E1544,,Uttlesford,SD,Theatres and public entertainment,0,0.0,Revenue_Outturn__RO5__data_2013-14_by_LA.xlsx,RO5 LA Data 2013-14 (3),"row 110, column 22",Net Current Expenditure (C7 = C3 - C6)
2013/14,E1544,,Uttlesford,SD,Library service,0,0.0,Revenue_Outturn__RO5__data_2013-14_by_LA.xlsx,RO5 LA Data 2013-14 (3),"row 110, column 50",Net Current Expenditure (C7 = C3 - C6)
2013/14,E1620,,Gloucestershire CC,SC,Archives,1231,1231000.0,Revenue_Outturn__RO5__data_2013-14_by_LA.xlsx,RO5 LA Data 2013-14 (3),"row 111, column 6",Net Current Expenditure (C7 = C3 - C6)
2013/14,E1620,,Gloucestershire CC,SC,Arts development and support,0,0.0,Revenue_Outturn__RO5__data_2013-14_by_LA.xlsx,RO5 LA Data 2013-14 (3),"row 111, column 10",Net Current Expenditure (C7 = C3 - C6)
2013/14,E1620,,Gloucestershire CC,SC,Heritage,0,0.0,Revenue_Outturn__RO5__data_2013-14_by_LA.xlsx,RO5 LA Data 2013-14 (3),"row 111, column 14",Net Current Expenditure (C7 = C3 - C6)
2013/14,E1620,,Gloucestershire CC,SC,Museums and galleries,0,0.0,Revenue_Outturn__RO5__data_2013-14_by_LA.xlsx,RO5 LA Data 2013-14 (3),"row 111, column 18",Net Current Expenditure (C7 = C3 - C6)
2013/14,E1620,,Gloucestershire CC,SC,Theatres and public entertainment,0,0.0,Revenue_Outturn__RO5__data_2013-14_by_LA.xlsx,RO5 LA Data 2013-14 (3),"row 111, column 22",Net Current Expenditure (C7 = C3 - C6)
2013/14,E1620,,Gloucestershire CC,SC,Library service,5293,5293000.0,Revenue_Outturn__RO5__data_2013-14_by_LA.xlsx,RO5 LA Data 2013-14 (3),"row 111, column 50",Net Current Expenditure (C7 = C3 - C6)
2013/14,E1631,,Cheltenham,SD,Archives,0,0.0,Revenue_Outturn__RO5__data_2013-14_by_LA.xlsx,RO5 LA Data 2013-14 (3),"row 112, column 6",Net Current Expenditure (C7 = C3 - C6)
2013/14,E1631,,Cheltenham,SD,Arts development and support,260,260000.0,Revenue_Outturn__RO5__data_2013-14_by_LA.xlsx,RO5 LA Data 2013-14 (3),"row 112, column 10",Net Current Expenditure (C7 = C3 - C6)
2013/14,E1631,,Cheltenham,SD,Heritage,18,18000.0,Revenue_Outturn__RO5__data_2013-14_by_LA.xlsx,RO5 LA Data 2013-14 (3),"row 112, column 14",Net Current Expenditure (C7 = C3 - C6)
2013/14,E1631,,Cheltenham,SD,Museums and galleries,1346,1346000.0,Revenue_Outturn__RO5__data_2013-14_by_LA.xlsx,RO5 LA Data 2013-14 (3),"row 112, column 18",Net Current Expenditure (C7 = C3 - C6)
2013/14,E1631,,Cheltenham,SD,Theatres and public entertainment,757,757000.0,Revenue_Outturn__RO5__data_2013-14_by_LA.xlsx,RO5 LA Data 2013-14 (3),"row 112, column 22",Net Current Expenditure (C7 = C3 - C6)
2013/14,E1631,,Cheltenham,SD,Library service,0,0.0,Revenue_Outturn__RO5__data_2013-14_by_LA.xlsx,RO5 LA Data 2013-14 (3),"row 112, column 50",Net Current Expenditure (C7 = C3 - C6)
2013/14,E1632,,Cotswold,SD,Archives,0,0.0,Revenue_Outturn__RO5__data_2013-14_by_LA.xlsx,RO5 LA Data 2013-14 (3),"row 113, column 6",Net Current Expenditure (C7 = C3 - C6)
2013/14,E1632,,Cotswold,SD,Arts development and support,11,11000.0,Revenue_Outturn__RO5__data_2013-14_by_LA.xlsx,RO5 LA Data 2013-14 (3),"row 113, column 10",Net Current Expenditure (C7 = C3 - C6)
2013/14,E1632,,Cotswold,SD,Heritage,0,0.0,Revenue_Outturn__RO5__data_2013-14_by_LA.xlsx,RO5 LA Data 2013-14 (3),"row 113, column 14",Net Current Expenditure (C7 = C3 - C6)
2013/14,E1632,,Cotswold,SD,Museums and galleries,327,327000.0,Revenue_Outturn__RO5__data_2013-14_by_LA.xlsx,RO5 LA Data 2013-14 (3),"row 113, column 18",Net Current Expenditure (C7 = C3 - C6)
2013/14,E1632,,Cotswold,SD,Theatres and public entertainment,0,0.0,Revenue_Outturn__RO5__data_2013-14_by_LA.xlsx,RO5 LA Data 2013-14 (3),"row 113, column 22",Net Current Expenditure (C7 = C3 - C6)
2013/14,E1632,,Cotswold,SD,Library service,0,0.0,Revenue_Outturn__RO5__data_2013-14_by_LA.xlsx,RO5 LA Data 2013-14 (3),"row 113, column 50",Net Current Expenditure (C7 = C3 - C6)
2013/14,E1633,,Forest of Dean,SD,Archives,0,0.0,Revenue_Outturn__RO5__data_2013-14_by_LA.xlsx,RO5 LA Data 2013-14 (3),"row 114, column 6",Net Current Expenditure (C7 = C3 - C6)
2013/14,E1633,,Forest of Dean,SD,Arts development and support,0,0.0,Revenue_Outturn__RO5__data_2013-14_by_LA.xlsx,RO5 LA Data 2013-14 (3),"row 114, column 10",Net Current Expenditure (C7 = C3 - C6)
2013/14,E1633,,Forest of Dean,SD,Heritage,0,0.0,Revenue_Outturn__RO5__data_2013-14_by_LA.xlsx,RO5 LA Data 2013-14 (3),"row 114, column 14",Net Current Expenditure (C7 = C3 - C6)
2013/14,E1633,,Forest of Dean,SD,Museums and galleries,0,0.0,Revenue_Outturn__RO5__data_2013-14_by_LA.xlsx,RO5 LA Data 2013-14 (3),"row 114, column 18",Net Current Expenditure (C7 = C3 - C6)
2013/14,E1633,,Forest of Dean,SD,Theatres and public entertainment,0,0.0,Revenue_Outturn__RO5__data_2013-14_by_LA.xlsx,RO5 LA Data 2013-14 (3),"row 114, column 22",Net Current Expenditure (C7 = C3 - C6)
2013/14,E1633,,Forest of Dean,SD,Library service,0,0.0,Revenue_Outturn__RO5__data_2013-14_by_LA.xlsx,RO5 LA Data 2013-14 (3),"row 114, column 50",Net Current Expenditure (C7 = C3 - C6)
2013/14,E1634,,Gloucester,SD,Archives,0,0.0,Revenue_Outturn__RO5__data_2013-14_by_LA.xlsx,RO5 LA Data 2013-14 (3),"row 115, column 6",Net Current Expenditure (C7 = C3 - C6)
2013/14,E1634,,Gloucester,SD,Arts development and support,1154,1154000.0,Revenue_Outturn__RO5__data_2013-14_by_LA.xlsx,RO5 LA Data 2013-14 (3),"row 115, column 10",Net Current Expenditure (C7 = C3 - C6)
2013/14,E1634,,Gloucester,SD,Heritage,-15,-15000.0,Revenue_Outturn__RO5__data_2013-14_by_LA.xlsx,RO5 LA Data 2013-14 (3),"row 115, column 14",Net Current Expenditure (C7 = C3 - C6)
2013/14,E1634,,Gloucester,SD,Museums and galleries,851,851000.0,Revenue_Outturn__RO5__data_2013-14_by_LA.xlsx,RO5 LA Data 2013-14 (3),"row 115, column 18",Net Current Expenditure (C7 = C3 - C6)
2013/14,E1634,,Gloucester,SD,Theatres and public entertainment,111,111000.0,Revenue_Outturn__RO5__data_2013-14_by_LA.xlsx,RO5 LA Data 2013-14 (3),"row 115, column 22",Net Current Expenditure (C7 = C3 - C6)
2013/14,E1634,,Gloucester,SD,Library service,0,0.0,Revenue_Outturn__RO5__data_2013-14_by_LA.xlsx,RO5 LA Data 2013-14 (3),"row 115, column 50",Net Current Expenditure (C7 = C3 - C6)
2013/14,E1635,,Stroud,SD,Archives,0,0.0,Revenue_Outturn__RO5__data_2013-14_by_LA.xlsx,RO5 LA Data 2013-14 (3),"row 116, column 6",Net Current Expenditure (C7 = C3 - C6)
2013/14,E1635,,Stroud,SD,Arts development and support,399,399000.0,Revenue_Outturn__RO5__data_2013-14_by_LA.xlsx,RO5 LA Data 2013-14 (3),"row 116, column 10",Net Current Expenditure (C7 = C3 - C6)
2013/14,E1635,,Stroud,SD,Heritage,8,8000.0,Revenue_Outturn__RO5__data_2013-14_by_LA.xlsx,RO5 LA Data 2013-14 (3),"row 116, column 14",Net Current Expenditure (C7 = C3 - C6)
2013/14,E1635,,Stroud,SD,Museums and galleries,447,447000.0,Revenue_Outturn__RO5__data_2013-14_by_LA.xlsx,RO5 LA Data 2013-14 (3),"row 116, column 18",Net Current Expenditure (C7 = C3 - C6)
2013/14,E1635,,Stroud,SD,Theatres and public entertainment,305,305000.0,Revenue_Outturn__RO5__data_2013-14_by_LA.xlsx,RO5 LA Data 2013-14 (3),"row 116, column 22",Net Current Expenditure (C7 = C3 - C6)
2013/14,E1635,,Stroud,SD,Library service,0,0.0,Revenue_Outturn__RO5__data_2013-14_by_LA.xlsx,RO5 LA Data 2013-14 (3),"row 116, column 50",Net Current Expenditure (C7 = C3 - C6)
2013/14,E1636,,Tewkesbury,SD,Archives,0,0.0,Revenue_Outturn__RO5__data_2013-14_by_LA.xlsx,RO5 LA Data 2013-14 (3),"row 117, column 6",Net Current Expenditure (C7 = C3 - C6)
2013/14,E1636,,Tewkesbury,SD,Arts development and support,25,25000.0,Revenue_Outturn__RO5__data_2013-14_by_LA.xlsx,RO5 LA Data 2013-14 (3),"row 117, column 10",Net Current Expenditure (C7 = C3 - C6)
2013/14,E1636,,Tewkesbury,SD,Heritage,18,18000.0,Revenue_Outturn__RO5__data_2013-14_by_LA.xlsx,RO5 LA Data 2013-14 (3),"row 117, column 14",Net Current Expenditure (C7 = C3 - C6)
2013/14,E1636,,Tewkesbury,SD,Museums and galleries,3,3000.0,Revenue_Outturn__RO5__data_2013-14_by_LA.xlsx,RO5 LA Data 2013-14 (3),"row 117, column 18",Net Current Expenditure (C7 = C3 - C6)
2013/14,E1636,,Tewkesbury,SD,Theatres and public entertainment,7,7000.0,Revenue_Outturn__RO5__data_2013-14_by_LA.xlsx,RO5 LA Data 2013-14 (3),"row 117, column 22",Net Current Expenditure (C7 = C3 - C6)
2013/14,E1636,,Tewkesbury,SD,Library service,0,0.0,Revenue_Outturn__RO5__data_2013-14_by_LA.xlsx,RO5 LA Data 2013-14 (3),"row 117, column 50",Net Current Expenditure (C7 = C3 - C6)
2013/14,E1701,,Portsmouth UA,UA,Archives,306,306000.0,Revenue_Outturn__RO5__data_2013-14_by_LA.xlsx,RO5 LA Data 2013-14 (3),"row 118, column 6",Net Current Expenditure (C7 = C3 - C6)
2013/14,E1701,,Portsmouth UA,UA,Arts development and support,422,422000.0,Revenue_Outturn__RO5__data_2013-14_by_LA.xlsx,RO5 LA Data 2013-14 (3),"row 118, column 10",Net Current Expenditure (C7 = C3 - C6)
2013/14,E1701,,Portsmouth UA,UA,Heritage,657,657000.0,Revenue_Outturn__RO5__data_2013-14_by_LA.xlsx,RO5 LA Data 2013-14 (3),"row 118, column 14",Net Current Expenditure (C7 = C3 - C6)
2013/14,E1701,,Portsmouth UA,UA,Museums and galleries,1294,1294000.0,Revenue_Outturn__RO5__data_2013-14_by_LA.xlsx,RO5 LA Data 2013-14 (3),"row 118, column 18",Net Current Expenditure (C7 = C3 - C6)
2013/14,E1701,,Portsmouth UA,UA,Theatres and public entertainment,348,348000.0,Revenue_Outturn__RO5__data_2013-14_by_LA.xlsx,RO5 LA Data 2013-14 (3),"row 118, column 22",Net Current Expenditure (C7 = C3 - C6)
2013/14,E1701,,Portsmouth UA,UA,Library service,3116,3116000.0,Revenue_Outturn__RO5__data_2013-14_by_LA.xlsx,RO5 LA Data 2013-14 (3),"row 118, column 50",Net Current Expenditure (C7 = C3 - C6)
2013/14,E1702,,Southampton UA,UA,Archives,153,153000.0,Revenue_Outturn__RO5__data_2013-14_by_LA.xlsx,RO5 LA Data 2013-14 (3),"row 119, column 6",Net Current Expenditure (C7 = C3 - C6)
2013/14,E1702,,Southampton UA,UA,Arts development and support,1150,1150000.0,Revenue_Outturn__RO5__data_2013-14_by_LA.xlsx,RO5 LA Data 2013-14 (3),"row 119, column 10",Net Current Expenditure (C7 = C3 - C6)
2013/14,E1702,,Southampton UA,UA,Heritage,289,289000.0,Revenue_Outturn__RO5__data_2013-14_by_LA.xlsx,RO5 LA Data 2013-14 (3),"row 119, column 14",Net Current Expenditure (C7 = C3 - C6)
2013/14,E1702,,Southampton UA,UA,Museums and galleries,1994,1994000.0,Revenue_Outturn__RO5__data_2013-14_by_LA.xlsx,RO5 LA Data 2013-14 (3),"row 119, column 18",Net Current Expenditure (C7 = C3 - C6)
2013/14,E1702,,Southampton UA,UA,Theatres and public entertainment,840,840000.0,Revenue_Outturn__RO5__data_2013-14_by_LA.xlsx,RO5 LA Data 2013-14 (3),"row 119, column 22",Net Current Expenditure (C7 = C3 - C6)
2013/14,E1702,,Southampton UA,UA,Library service,5035,5035000.0,Revenue_Outturn__RO5__data_2013-14_by_LA.xlsx,RO5 LA Data 2013-14 (3),"row 119, column 50",Net Current Expenditure (C7 = C3 - C6)
2013/14,E1721,,Hampshire CC,SC,Archives,1432,1432000.0,Revenue_Outturn__RO5__data_2013-14_by_LA.xlsx,RO5 LA Data 2013-14 (3),"row 120, column 6",Net Current Expenditure (C7 = C3 - C6)
2013/14,E1721,,Hampshire CC,SC,Arts development and support,830,830000.0,Revenue_Outturn__RO5__data_2013-14_by_LA.xlsx,RO5 LA Data 2013-14 (3),"row 120, column 10",Net Current Expenditure (C7 = C3 - C6)
2013/14,E1721,,Hampshire CC,SC,Heritage,6,6000.0,Revenue_Outturn__RO5__data_2013-14_by_LA.xlsx,RO5 LA Data 2013-14 (3),"row 120, column 14",Net Current Expenditure (C7 = C3 - C6)
2013/14,E1721,,Hampshire CC,SC,Museums and galleries,2842,2842000.0,Revenue_Outturn__RO5__data_2013-14_by_LA.xlsx,RO5 LA Data 2013-14 (3),"row 120, column 18",Net Current Expenditure (C7 = C3 - C6)
2013/14,E1721,,Hampshire CC,SC,Theatres and public entertainment,561,561000.0,Revenue_Outturn__RO5__data_2013-14_by_LA.xlsx,RO5 LA Data 2013-14 (3),"row 120, column 22",Net Current Expenditure (C7 = C3 - C6)
2013/14,E1721,,Hampshire CC,SC,Library service,16922,16922000.0,Revenue_Outturn__RO5__data_2013-14_by_LA.xlsx,RO5 LA Data 2013-14 (3),"row 120, column 50",Net Current Expenditure (C7 = C3 - C6)
2013/14,E1731,,Basingstoke & Deane,SD,Archives,0,0.0,Revenue_Outturn__RO5__data_2013-14_by_LA.xlsx,RO5 LA Data 2013-14 (3),"row 121, column 6",Net Current Expenditure (C7 = C3 - C6)
2013/14,E1731,,Basingstoke & Deane,SD,Arts development and support,123,123000.0,Revenue_Outturn__RO5__data_2013-14_by_LA.xlsx,RO5 LA Data 2013-14 (3),"row 121, column 10",Net Current Expenditure (C7 = C3 - C6)
2013/14,E1731,,Basingstoke & Deane,SD,Heritage,0,0.0,Revenue_Outturn__RO5__data_2013-14_by_LA.xlsx,RO5 LA Data 2013-14 (3),"row 121, column 14",Net Current Expenditure (C7 = C3 - C6)
2013/14,E1731,,Basingstoke & Deane,SD,Museums and galleries,251,251000.0,Revenue_Outturn__RO5__data_2013-14_by_LA.xlsx,RO5 LA Data 2013-14 (3),"row 121, column 18",Net Current Expenditure (C7 = C3 - C6)
2013/14,E1731,,Basingstoke & Deane,SD,Theatres and public entertainment,1629,1629000.0,Revenue_Outturn__RO5__data_2013-14_by_LA.xlsx,RO5 LA Data 2013-14 (3),"row 121, column 22",Net Current Expenditure (C7 = C3 - C6)
2013/14,E1731,,Basingstoke & Deane,SD,Library service,0,0.0,Revenue_Outturn__RO5__data_2013-14_by_LA.xlsx,RO5 LA Data 2013-14 (3),"row 121, column 50",Net Current Expenditure (C7 = C3 - C6)
2013/14,E1732,,East Hampshire,SD,Archives,0,0.0,Revenue_Outturn__RO5__data_2013-14_by_LA.xlsx,RO5 LA Data 2013-14 (3),"row 122, column 6",Net Current Expenditure (C7 = C3 - C6)
2013/14,E1732,,East Hampshire,SD,Arts development and support,0,0.0,Revenue_Outturn__RO5__data_2013-14_by_LA.xlsx,RO5 LA Data 2013-14 (3),"row 122, column 10",Net Current Expenditure (C7 = C3 - C6)
2013/14,E1732,,East Hampshire,SD,Heritage,76,76000.0,Revenue_Outturn__RO5__data_2013-14_by_LA.xlsx,RO5 LA Data 2013-14 (3),"row 122, column 14",Net Current Expenditure (C7 = C3 - C6)
2013/14,E1732,,East Hampshire,SD,Museums and galleries,0,0.0,Revenue_Outturn__RO5__data_2013-14_by_LA.xlsx,RO5 LA Data 2013-14 (3),"row 122, column 18",Net Current Expenditure (C7 = C3 - C6)
2013/14,E1732,,East Hampshire,SD,Theatres and public entertainment,0,0.0,Revenue_Outturn__RO5__data_2013-14_by_LA.xlsx,RO5 LA Data 2013-14 (3),"row 122, column 22",Net Current Expenditure (C7 = C3 - C6)
2013/14,E1732,,East Hampshire,SD,Library service,0,0.0,Revenue_Outturn__RO5__data_2013-14_by_LA.xlsx,RO5 LA Data 2013-14 (3),"row 122, column 50",Net Current Expenditure (C7 = C3 - C6)
2013/14,E1733,,Eastleigh,SD,Archives,0,0.0,Revenue_Outturn__RO5__data_2013-14_by_LA.xlsx,RO5 LA Data 2013-14 (3),"row 123, column 6",Net Current Expenditure (C7 = C3 - C6)
2013/14,E1733,,Eastleigh,SD,Arts development and support,498,498000.0,Revenue_Outturn__RO5__data_2013-14_by_LA.xlsx,RO5 LA Data 2013-14 (3),"row 123, column 10",Net Current Expenditure (C7 = C3 - C6)
2013/14,E1733,,Eastleigh,SD,Heritage,0,0.0,Revenue_Outturn__RO5__data_2013-14_by_LA.xlsx,RO5 LA Data 2013-14 (3),"row 123, column 14",Net Current Expenditure (C7 = C3 - C6)
2013/14,E1733,,Eastleigh,SD,Museums and galleries,0,0.0,Revenue_Outturn__RO5__data_2013-14_by_LA.xlsx,RO5 LA Data 2013-14 (3),"row 123, column 18",Net Current Expenditure (C7 = C3 - C6)
2013/14,E1733,,Eastleigh,SD,Theatres and public entertainment,0,0.0,Revenue_Outturn__RO5__data_2013-14_by_LA.xlsx,RO5 LA Data 2013-14 (3),"row 123, column 22",Net Current Expenditure (C7 = C3 - C6)
2013/14,E1733,,Eastleigh,SD,Library service,0,0.0,Revenue_Outturn__RO5__data_2013-14_by_LA.xlsx,RO5 LA Data 2013-14 (3),"row 123, column 50",Net Current Expenditure (C7 = C3 - C6)
2013/14,E1734,,Fareham,SD,Archives,0,0.0,Revenue_Outturn__RO5__data_2013-14_by_LA.xlsx,RO5 LA Data 2013-14 (3),"row 124, column 6",Net Current Expenditure (C7 = C3 - C6)
2013/14,E1734,,Fareham,SD,Arts development and support,0,0.0,Revenue_Outturn__RO5__data_2013-14_by_LA.xlsx,RO5 LA Data 2013-14 (3),"row 124, column 10",Net Current Expenditure (C7 = C3 - C6)
2013/14,E1734,,Fareham,SD,Heritage,36,36000.0,Revenue_Outturn__RO5__data_2013-14_by_LA.xlsx,RO5 LA Data 2013-14 (3),"row 124, column 14",Net Current Expenditure (C7 = C3 - C6)
2013/14,E1734,,Fareham,SD,Museums and galleries,86,86000.0,Revenue_Outturn__RO5__data_2013-14_by_LA.xlsx,RO5 LA Data 2013-14 (3),"row 124, column 18",Net Current Expenditure (C7 = C3 - C6)
2013/14,E1734,,Fareham,SD,Theatres and public entertainment,272,272000.0,Revenue_Outturn__RO5__data_2013-14_by_LA.xlsx,RO5 LA Data 2013-14 (3),"row 124, column 22",Net Current Expenditure (C7 = C3 - C6)
2013/14,E1734,,Fareham,SD,Library service,0,0.0,Revenue_Outturn__RO5__data_2013-14_by_LA.xlsx,RO5 LA Data 2013-14 (3),"row 124, column 50",Net Current Expenditure (C7 = C3 - C6)
2013/14,E1735,,Gosport,SD,Archives,0,0.0,Revenue_Outturn__RO5__data_2013-14_by_LA.xlsx,RO5 LA Data 2013-14 (3),"row 125, column 6",Net Current Expenditure (C7 = C3 - C6)
2013/14,E1735,,Gosport,SD,Arts development and support,21,21000.0,Revenue_Outturn__RO5__data_2013-14_by_LA.xlsx,RO5 LA Data 2013-14 (3),"row 125, column 10",Net Current Expenditure (C7 = C3 - C6)
2013/14,E1735,,Gosport,SD,Heritage,0,0.0,Revenue_Outturn__RO5__data_2013-14_by_LA.xlsx,RO5 LA Data 2013-14 (3),"row 125, column 14",Net Current Expenditure (C7 = C3 - C6)
2013/14,E1735,,Gosport,SD,Museums and galleries,68,68000.0,Revenue_Outturn__RO5__data_2013-14_by_LA.xlsx,RO5 LA Data 2013-14 (3),"row 125, column 18",Net Current Expenditure (C7 = C3 - C6)
2013/14,E1735,,Gosport,SD,Theatres and public entertainment,0,0.0,Revenue_Outturn__RO5__data_2013-14_by_LA.xlsx,RO5 LA Data 2013-14 (3),"row 125, column 22",Net Current Expenditure (C7 = C3 - C6)
2013/14,E1735,,Gosport,SD,Library service,0,0.0,Revenue_Outturn__RO5__data_2013-14_by_LA.xlsx,RO5 LA Data 2013-14 (3),"row 125, column 50",Net Current Expenditure (C7 = C3 - C6)
2013/14,E1736,,Hart DC,SD,Archives,0,0.0,Revenue_Outturn__RO5__data_2013-14_by_LA.xlsx,RO5 LA Data 2013-14 (3),"row 126, column 6",Net Current Expenditure (C7 = C3 - C6)
2013/14,E1736,,Hart DC,SD,Arts development and support,0,0.0,Revenue_Outturn__RO5__data_2013-14_by_LA.xlsx,RO5 LA Data 2013-14 (3),"row 126, column 10",Net Current Expenditure (C7 = C3 - C6)
2013/14,E1736,,Hart DC,SD,Heritage,0,0.0,Revenue_Outturn__RO5__data_2013-14_by_LA.xlsx,RO5 LA Data 2013-14 (3),"row 126, column 14",Net Current Expenditure (C7 = C3 - C6)
2013/14,E1736,,Hart DC,SD,Museums and galleries,0,0.0,Revenue_Outturn__RO5__data_2013-14_by_LA.xlsx,RO5 LA Data 2013-14 (3),"row 126, column 18",Net Current Expenditure (C7 = C3 - C6)
2013/14,E1736,,Hart DC,SD,Theatres and public entertainment,0,0.0,Revenue_Outturn__RO5__data_2013-14_by_LA.xlsx,RO5 LA Data 2013-14 (3),"row 126, column 22",Net Current Expenditure (C7 = C3 - C6)
2013/14,E1736,,Hart DC,SD,Library service,0,0.0,Revenue_Outturn__RO5__data_2013-14_by_LA.xlsx,RO5 LA Data 2013-14 (3),"row 126, column 50",Net Current Expenditure (C7 = C3 - C6)
2013/14,E1737,,Havant,SD,Archives,0,0.0,Revenue_Outturn__RO5__data_2013-14_by_LA.xlsx,RO5 LA Data 2013-14 (3),"row 127, column 6",Net Current Expenditure (C7 = C3 - C6)
2013/14,E1737,,Havant,SD,Arts development and support,113,113000.0,Revenue_Outturn__RO5__data_2013-14_by_LA.xlsx,RO5 LA Data 2013-14 (3),"row 127, column 10",Net Current Expenditure (C7 = C3 - C6)
2013/14,E1737,,Havant,SD,Heritage,12,12000.0,Revenue_Outturn__RO5__data_2013-14_by_LA.xlsx,RO5 LA Data 2013-14 (3),"row 127, column 14",Net Current Expenditure (C7 = C3 - C6)
2013/14,E1737,,Havant,SD,Museums and galleries,28,28000.0,Revenue_Outturn__RO5__data_2013-14_by_LA.xlsx,RO5 LA Data 2013-14 (3),"row 127, column 18",Net Current Expenditure (C7 = C3 - C6)
2013/14,E1737,,Havant,SD,Theatres and public entertainment,0,0.0,Revenue_Outturn__RO5__data_2013-14_by_LA.xlsx,RO5 LA Data 2013-14 (3),"row 127, column 22",Net Current Expenditure (C7 = C3 - C6)
2013/14,E1737,,Havant,SD,Library service,0,0.0,Revenue_Outturn__RO5__data_2013-14_by_LA.xlsx,RO5 LA Data 2013-14 (3),"row 127, column 50",Net Current Expenditure (C7 = C3 - C6)
2013/14,E1738,,New Forest,SD,Archives,0,0.0,Revenue_Outturn__RO5__data_2013-14_by_LA.xlsx,RO5 LA Data 2013-14 (3),"row 128, column 6",Net Current Expenditure (C7 = C3 - C6)
2013/14,E1738,,New Forest,SD,Arts development and support,155,155000.0,Revenue_Outturn__RO5__data_2013-14_by_LA.xlsx,RO5 LA Data 2013-14 (3),"row 128, column 10",Net Current Expenditure (C7 = C3 - C6)
2013/14,E1738,,New Forest,SD,Heritage,0,0.0,Revenue_Outturn__RO5__data_2013-14_by_LA.xlsx,RO5 LA Data 2013-14 (3),"row 128, column 14",Net Current Expenditure (C7 = C3 - C6)
2013/14,E1738,,New Forest,SD,Museums and galleries,0,0.0,Revenue_Outturn__RO5__data_2013-14_by_LA.xlsx,RO5 LA Data 2013-14 (3),"row 128, column 18",Net Current Expenditure (C7 = C3 - C6)
2013/14,E1738,,New Forest,SD,Theatres and public entertainment,0,0.0,Revenue_Outturn__RO5__data_2013-14_by_LA.xlsx,RO5 LA Data 2013-14 (3),"row 128, column 22",Net Current Expenditure (C7 = C3 - C6)
2013/14,E1738,,New Forest,SD,Library service,0,0.0,Revenue_Outturn__RO5__data_2013-14_by_LA.xlsx,RO5 LA Data 2013-14 (3),"row 128, column 50",Net Current Expenditure (C7 = C3 - C6)
2013/14,E1740,,Rushmoor,SD,Archives,0,0.0,Revenue_Outturn__RO5__data_2013-14_by_LA.xlsx,RO5 LA Data 2013-14 (3),"row 129, column 6",Net Current Expenditure (C7 = C3 - C6)
2013/14,E1740,,Rushmoor,SD,Arts development and support,20,20000.0,Revenue_Outturn__RO5__data_2013-14_by_LA.xlsx,RO5 LA Data 2013-14 (3),"row 129, column 10",Net Current Expenditure (C7 = C3 - C6)
2013/14,E1740,,Rushmoor,SD,Heritage,0,0.0,Revenue_Outturn__RO5__data_2013-14_by_LA.xlsx,RO5 LA Data 2013-14 (3),"row 129, column 14",Net Current Expenditure (C7 = C3 - C6)
2013/14,E1740,,Rushmoor,SD,Museums and galleries,47,47000.0,Revenue_Outturn__RO5__data_2013-14_by_LA.xlsx,RO5 LA Data 2013-14 (3),"row 129, column 18",Net Current Expenditure (C7 = C3 - C6)
2013/14,E1740,,Rushmoor,SD,Theatres and public entertainment,446,446000.0,Revenue_Outturn__RO5__data_2013-14_by_LA.xlsx,RO5 LA Data 2013-14 (3),"row 129, column 22",Net Current Expenditure (C7 = C3 - C6)
2013/14,E1740,,Rushmoor,SD,Library service,0,0.0,Revenue_Outturn__RO5__data_2013-14_by_LA.xlsx,RO5 LA Data 2013-14 (3),"row 129, column 50",Net Current Expenditure (C7 = C3 - C6)
2013/14,E1742,,Test Valley,SD,Archives,0,0.0,Revenue_Outturn__RO5__data_2013-14_by_LA.xlsx,RO5 LA Data 2013-14 (3),"row 130, column 6",Net Current Expenditure (C7 = C3 - C6)
2013/14,E1742,,Test Valley,SD,Arts development and support,24,24000.0,Revenue_Outturn__RO5__data_2013-14_by_LA.xlsx,RO5 LA Data 2013-14 (3),"row 130, column 10",Net Current Expenditure (C7 = C3 - C6)
2013/14,E1742,,Test Valley,SD,Heritage,50,50000.0,Revenue_Outturn__RO5__data_2013-14_by_LA.xlsx,RO5 LA Data 2013-14 (3),"row 130, column 14",Net Current Expenditure (C7 = C3 - C6)
2013/14,E1742,,Test Valley,SD,Museums and galleries,85,85000.0,Revenue_Outturn__RO5__data_2013-14_by_LA.xlsx,RO5 LA Data 2013-14 (3),"row 130, column 18",Net Current Expenditure (C7 = C3 - C6)
2013/14,E1742,,Test Valley,SD,Theatres and public entertainment,306,306000.0,Revenue_Outturn__RO5__data_2013-14_by_LA.xlsx,RO5 LA Data 2013-14 (3),"row 130, column 22",Net Current Expenditure (C7 = C3 - C6)
2013/14,E1742,,Test Valley,SD,Library service,0,0.0,Revenue_Outturn__RO5__data_2013-14_by_LA.xlsx,RO5 LA Data 2013-14 (3),"row 130, column 50",Net Current Expenditure (C7 = C3 - C6)
2013/14,E1743,,Winchester,SD,Archives,1,1000.0,Revenue_Outturn__RO5__data_2013-14_by_LA.xlsx,RO5 LA Data 2013-14 (3),"row 131, column 6",Net Current Expenditure (C7 = C3 - C6)
2013/14,E1743,,Winchester,SD,Arts development and support,175,175000.0,Revenue_Outturn__RO5__data_2013-14_by_LA.xlsx,RO5 LA Data 2013-14 (3),"row 131, column 10",Net Current Expenditure (C7 = C3 - C6)
2013/14,E1743,,Winchester,SD,Heritage,8,8000.0,Revenue_Outturn__RO5__data_2013-14_by_LA.xlsx,RO5 LA Data 2013-14 (3),"row 131, column 14",Net Current Expenditure (C7 = C3 - C6)
2013/14,E1743,,Winchester,SD,Museums and galleries,598,598000.0,Revenue_Outturn__RO5__data_2013-14_by_LA.xlsx,RO5 LA Data 2013-14 (3),"row 131, column 18",Net Current Expenditure (C7 = C3 - C6)
2013/14,E1743,,Winchester,SD,Theatres and public entertainment,155,155000.0,Revenue_Outturn__RO5__data_2013-14_by_LA.xlsx,RO5 LA Data 2013-14 (3),"row 131, column 22",Net Current Expenditure (C7 = C3 - C6)
2013/14,E1743,,Winchester,SD,Library service,0,0.0,Revenue_Outturn__RO5__data_2013-14_by_LA.xlsx,RO5 LA Data 2013-14 (3),"row 131, column 50",Net Current Expenditure (C7 = C3 - C6)
2013/14,E1801,,Herefordshire UA,UA,Archives,540,540000.0,Revenue_Outturn__RO5__data_2013-14_by_LA.xlsx,RO5 LA Data 2013-14 (3),"row 132, column 6",Net Current Expenditure (C7 = C3 - C6)
2013/14,E1801,,Herefordshire UA,UA,Arts development and support,223,223000.0,Revenue_Outturn__RO5__data_2013-14_by_LA.xlsx,RO5 LA Data 2013-14 (3),"row 132, column 10",Net Current Expenditure (C7 = C3 - C6)
2013/14,E1801,,Herefordshire UA,UA,Heritage,47,47000.0,Revenue_Outturn__RO5__data_2013-14_by_LA.xlsx,RO5 LA Data 2013-14 (3),"row 132, column 14",Net Current Expenditure (C7 = C3 - C6)
2013/14,E1801,,Herefordshire UA,UA,Museums and galleries,636,636000.0,Revenue_Outturn__RO5__data_2013-14_by_LA.xlsx,RO5 LA Data 2013-14 (3),"row 132, column 18",Net Current Expenditure (C7 = C3 - C6)
2013/14,E1801,,Herefordshire UA,UA,Theatres and public entertainment,196,196000.0,Revenue_Outturn__RO5__data_2013-14_by_LA.xlsx,RO5 LA Data 2013-14 (3),"row 132, column 22",Net Current Expenditure (C7 = C3 - C6)
2013/14,E1801,,Herefordshire UA,UA,Library service,1522,1522000.0,Revenue_Outturn__RO5__data_2013-14_by_LA.xlsx,RO5 LA Data 2013-14 (3),"row 132, column 50",Net Current Expenditure (C7 = C3 - C6)
2013/14,E1821,,Worcestershire CC,SC,Archives,743,743000.0,Revenue_Outturn__RO5__data_2013-14_by_LA.xlsx,RO5 LA Data 2013-14 (3),"row 133, column 6",Net Current Expenditure (C7 = C3 - C6)
2013/14,E1821,,Worcestershire CC,SC,Arts development and support,210,210000.0,Revenue_Outturn__RO5__data_2013-14_by_LA.xlsx,RO5 LA Data 2013-14 (3),"row 133, column 10",Net Current Expenditure (C7 = C3 - C6)
2013/14,E1821,,Worcestershire CC,SC,Heritage,0,0.0,Revenue_Outturn__RO5__data_2013-14_by_LA.xlsx,RO5 LA Data 2013-14 (3),"row 133, column 14",Net Current Expenditure (C7 = C3 - C6)
2013/14,E1821,,Worcestershire CC,SC,Museums and galleries,751,751000.0,Revenue_Outturn__RO5__data_2013-14_by_LA.xlsx,RO5 LA Data 2013-14 (3),"row 133, column 18",Net Current Expenditure (C7 = C3 - C6)
2013/14,E1821,,Worcestershire CC,SC,Theatres and public entertainment,0,0.0,Revenue_Outturn__RO5__data_2013-14_by_LA.xlsx,RO5 LA Data 2013-14 (3),"row 133, column 22",Net Current Expenditure (C7 = C3 - C6)
2013/14,E1821,,Worcestershire CC,SC,Library service,11268,11268000.0,Revenue_Outturn__RO5__data_2013-14_by_LA.xlsx,RO5 LA Data 2013-14 (3),"row 133, column 50",Net Current Expenditure (C7 = C3 - C6)
2013/14,E1831,,Bromsgrove,SD,Archives,0,0.0,Revenue_Outturn__RO5__data_2013-14_by_LA.xlsx,RO5 LA Data 2013-14 (3),"row 134, column 6",Net Current Expenditure (C7 = C3 - C6)
2013/14,E1831,,Bromsgrove,SD,Arts development and support,106,106000.0,Revenue_Outturn__RO5__data_2013-14_by_LA.xlsx,RO5 LA Data 2013-14 (3),"row 134, column 10",Net Current Expenditure (C7 = C3 - C6)
2013/14,E1831,,Bromsgrove,SD,Heritage,0,0.0,Revenue_Outturn__RO5__data_2013-14_by_LA.xlsx,RO5 LA Data 2013-14 (3),"row 134, column 14",Net Current Expenditure (C7 = C3 - C6)
2013/14,E1831,,Bromsgrove,SD,Museums and galleries,-6,-6000.0,Revenue_Outturn__RO5__data_2013-14_by_LA.xlsx,RO5 LA Data 2013-14 (3),"row 134, column 18",Net Current Expenditure (C7 = C3 - C6)
2013/14,E1831,,Bromsgrove,SD,Theatres and public entertainment,177,177000.0,Revenue_Outturn__RO5__data_2013-14_by_LA.xlsx,RO5 LA Data 2013-14 (3),"row 134, column 22",Net Current Expenditure (C7 = C3 - C6)
2013/14,E1831,,Bromsgrove,SD,Library service,0,0.0,Revenue_Outturn__RO5__data_2013-14_by_LA.xlsx,RO5 LA Data 2013-14 (3),"row 134, column 50",Net Current Expenditure (C7 = C3 - C6)
2013/14,E1835,,Redditch BC,SD,Archives,0,0.0,Revenue_Outturn__RO5__data_2013-14_by_LA.xlsx,RO5 LA Data 2013-14 (3),"row 135, column 6",Net Current Expenditure (C7 = C3 - C6)
2013/14,E1835,,Redditch BC,SD,Arts development and support,103,103000.0,Revenue_Outturn__RO5__data_2013-14_by_LA.xlsx,RO5 LA Data 2013-14 (3),"row 135, column 10",Net Current Expenditure (C7 = C3 - C6)
2013/14,E1835,,Redditch BC,SD,Heritage,1,1000.0,Revenue_Outturn__RO5__data_2013-14_by_LA.xlsx,RO5 LA Data 2013-14 (3),"row 135, column 14",Net Current Expenditure (C7 = C3 - C6)
2013/14,E1835,,Redditch BC,SD,Museums and galleries,234,234000.0,Revenue_Outturn__RO5__data_2013-14_by_LA.xlsx,RO5 LA Data 2013-14 (3),"row 135, column 18",Net Current Expenditure (C7 = C3 - C6)
2013/14,E1835,,Redditch BC,SD,Theatres and public entertainment,156,156000.0,Revenue_Outturn__RO5__data_2013-14_by_LA.xlsx,RO5 LA Data 2013-14 (3),"row 135, column 22",Net Current Expenditure (C7 = C3 - C6)
2013/14,E1835,,Redditch BC,SD,Library service,0,0.0,Revenue_Outturn__RO5__data_2013-14_by_LA.xlsx,RO5 LA Data 2013-14 (3),"row 135, column 50",Net Current Expenditure (C7 = C3 - C6)
2013/14,E1837,,Worcester,SD,Archives,0,0.0,Revenue_Outturn__RO5__data_2013-14_by_LA.xlsx,RO5 LA Data 2013-14 (3),"row 136, column 6",Net Current Expenditure (C7 = C3 - C6)
2013/14,E1837,,Worcester,SD,Arts development and support,0,0.0,Revenue_Outturn__RO5__data_2013-14_by_LA.xlsx,RO5 LA Data 2013-14 (3),"row 136, column 10",Net Current Expenditure (C7 = C3 - C6)
2013/14,E1837,,Worcester,SD,Heritage,97,97000.0,Revenue_Outturn__RO5__data_2013-14_by_LA.xlsx,RO5 LA Data 2013-14 (3),"row 136, column 14",Net Current Expenditure (C7 = C3 - C6)
2013/14,E1837,,Worcester,SD,Museums and galleries,984,984000.0,Revenue_Outturn__RO5__data_2013-14_by_LA.xlsx,RO5 LA Data 2013-14 (3),"row 136, column 18",Net Current Expenditure (C7 = C3 - C6)
2013/14,E1837,,Worcester,SD,Theatres and public entertainment,0,0.0,Revenue_Outturn__RO5__data_2013-14_by_LA.xlsx,RO5 LA Data 2013-14 (3),"row 136, column 22",Net Current Expenditure (C7 = C3 - C6)
2013/14,E1837,,Worcester,SD,Library service,0,0.0,Revenue_Outturn__RO5__data_2013-14_by_LA.xlsx,RO5 LA Data 2013-14 (3),"row 136, column 50",Net Current Expenditure (C7 = C3 - C6)
2013/14,E1838,,Wychavon,SD,Archives,0,0.0,Revenue_Outturn__RO5__data_2013-14_by_LA.xlsx,RO5 LA Data 2013-14 (3),"row 137, column 6",Net Current Expenditure (C7 = C3 - C6)
2013/14,E1838,,Wychavon,SD,Arts development and support,68,68000.0,Revenue_Outturn__RO5__data_2013-14_by_LA.xlsx,RO5 LA Data 2013-14 (3),"row 137, column 10",Net Current Expenditure (C7 = C3 - C6)
2013/14,E1838,,Wychavon,SD,Heritage,0,0.0,Revenue_Outturn__RO5__data_2013-14_by_LA.xlsx,RO5 LA Data 2013-14 (3),"row 137, column 14",Net Current Expenditure (C7 = C3 - C6)
2013/14,E1838,,Wychavon,SD,Museums and galleries,0,0.0,Revenue_Outturn__RO5__data_2013-14_by_LA.xlsx,RO5 LA Data 2013-14 (3),"row 137, column 18",Net Current Expenditure (C7 = C3 - C6)
2013/14,E1838,,Wychavon,SD,Theatres and public entertainment,0,0.0,Revenue_Outturn__RO5__data_2013-14_by_LA.xlsx,RO5 LA Data 2013-14 (3),"row 137, column 22",Net Current Expenditure (C7 = C3 - C6)
2013/14,E1838,,Wychavon,SD,Library service,0,0.0,Revenue_Outturn__RO5__data_2013-14_by_LA.xlsx,RO5 LA Data 2013-14 (3),"row 137, column 50",Net Current Expenditure (C7 = C3 - C6)
2013/14,E1839,,Wyre Forest,SD,Archives,0,0.0,Revenue_Outturn__RO5__data_2013-14_by_LA.xlsx,RO5 LA Data 2013-14 (3),"row 138, column 6",Net Current Expenditure (C7 = C3 - C6)
2013/14,E1839,,Wyre Forest,SD,Arts development and support,72,72000.0,Revenue_Outturn__RO5__data_2013-14_by_LA.xlsx,RO5 LA Data 2013-14 (3),"row 138, column 10",Net Current Expenditure (C7 = C3 - C6)
2013/14,E1839,,Wyre Forest,SD,Heritage,113,113000.0,Revenue_Outturn__RO5__data_2013-14_by_LA.xlsx,RO5 LA Data 2013-14 (3),"row 138, column 14",Net Current Expenditure (C7 = C3 - C6)
2013/14,E1839,,Wyre Forest,SD,Museums and galleries,242,242000.0,Revenue_Outturn__RO5__data_2013-14_by_LA.xlsx,RO5 LA Data 2013-14 (3),"row 138, column 18",Net Current Expenditure (C7 = C3 - C6)
2013/14,E1839,,Wyre Forest,SD,Theatres and public entertainment,0,0.0,Revenue_Outturn__RO5__data_2013-14_by_LA.xlsx,RO5 LA Data 2013-14 (3),"row 138, column 22",Net Current Expenditure (C7 = C3 - C6)
2013/14,E1839,,Wyre Forest,SD,Library service,0,0.0,Revenue_Outturn__RO5__data_2013-14_by_LA.xlsx,RO5 LA Data 2013-14 (3),"row 138, column 50",Net Current Expenditure (C7 = C3 - C6)
2013/14,E1851,,Malvern Hills,SD,Archives,0,0.0,Revenue_Outturn__RO5__data_2013-14_by_LA.xlsx,RO5 LA Data 2013-14 (3),"row 139, column 6",Net Current Expenditure (C7 = C3 - C6)
2013/14,E1851,,Malvern Hills,SD,Arts development and support,0,0.0,Revenue_Outturn__RO5__data_2013-14_by_LA.xlsx,RO5 LA Data 2013-14 (3),"row 139, column 10",Net Current Expenditure (C7 = C3 - C6)
2013/14,E1851,,Malvern Hills,SD,Heritage,0,0.0,Revenue_Outturn__RO5__data_2013-14_by_LA.xlsx,RO5 LA Data 2013-14 (3),"row 139, column 14",Net Current Expenditure (C7 = C3 - C6)
2013/14,E1851,,Malvern Hills,SD,Museums and galleries,0,0.0,Revenue_Outturn__RO5__data_2013-14_by_LA.xlsx,RO5 LA Data 2013-14 (3),"row 139, column 18",Net Current Expenditure (C7 = C3 - C6)
2013/14,E1851,,Malvern Hills,SD,Theatres and public entertainment,98,98000.0,Revenue_Outturn__RO5__data_2013-14_by_LA.xlsx,RO5 LA Data 2013-14 (3),"row 139, column 22",Net Current Expenditure (C7 = C3 - C6)
2013/14,E1851,,Malvern Hills,SD,Library service,0,0.0,Revenue_Outturn__RO5__data_2013-14_by_LA.xlsx,RO5 LA Data 2013-14 (3),"row 139, column 50",Net Current Expenditure (C7 = C3 - C6)
2013/14,E1920,,Hertfordshire CC,SC,Archives,875,875000.0,Revenue_Outturn__RO5__data_2013-14_by_LA.xlsx,RO5 LA Data 2013-14 (3),"row 140, column 6",Net Current Expenditure (C7 = C3 - C6)
2013/14,E1920,,Hertfordshire CC,SC,Arts development and support,0,0.0,Revenue_Outturn__RO5__data_2013-14_by_LA.xlsx,RO5 LA Data 2013-14 (3),"row 140, column 10",Net Current Expenditure (C7 = C3 - C6)
2013/14,E1920,,Hertfordshire CC,SC,Heritage,418,418000.0,Revenue_Outturn__RO5__data_2013-14_by_LA.xlsx,RO5 LA Data 2013-14 (3),"row 140, column 14",Net Current Expenditure (C7 = C3 - C6)
2013/14,E1920,,Hertfordshire CC,SC,Museums and galleries,58,58000.0,Revenue_Outturn__RO5__data_2013-14_by_LA.xlsx,RO5 LA Data 2013-14 (3),"row 140, column 18",Net Current Expenditure (C7 = C3 - C6)
2013/14,E1920,,Hertfordshire CC,SC,Theatres and public entertainment,0,0.0,Revenue_Outturn__RO5__data_2013-14_by_LA.xlsx,RO5 LA Data 2013-14 (3),"row 140, column 22",Net Current Expenditure (C7 = C3 - C6)
2013/14,E1920,,Hertfordshire CC,SC,Library service,16180,16180000.0,Revenue_Outturn__RO5__data_2013-14_by_LA.xlsx,RO5 LA Data 2013-14 (3),"row 140, column 50",Net Current Expenditure (C7 = C3 - C6)
2013/14,E1931,,Broxbourne,SD,Archives,0,0.0,Revenue_Outturn__RO5__data_2013-14_by_LA.xlsx,RO5 LA Data 2013-14 (3),"row 141, column 6",Net Current Expenditure (C7 = C3 - C6)
2013/14,E1931,,Broxbourne,SD,Arts development and support,0,0.0,Revenue_Outturn__RO5__data_2013-14_by_LA.xlsx,RO5 LA Data 2013-14 (3),"row 141, column 10",Net Current Expenditure (C7 = C3 - C6)
2013/14,E1931,,Broxbourne,SD,Heritage,0,0.0,Revenue_Outturn__RO5__data_2013-14_by_LA.xlsx,RO5 LA Data 2013-14 (3),"row 141, column 14",Net Current Expenditure (C7 = C3 - C6)
2013/14,E1931,,Broxbourne,SD,Museums and galleries,104,104000.0,Revenue_Outturn__RO5__data_2013-14_by_LA.xlsx,RO5 LA Data 2013-14 (3),"row 141, column 18",Net Current Expenditure (C7 = C3 - C6)
2013/14,E1931,,Broxbourne,SD,Theatres and public entertainment,222,222000.0,Revenue_Outturn__RO5__data_2013-14_by_LA.xlsx,RO5 LA Data 2013-14 (3),"row 141, column 22",Net Current Expenditure (C7 = C3 - C6)
2013/14,E1931,,Broxbourne,SD,Library service,0,0.0,Revenue_Outturn__RO5__data_2013-14_by_LA.xlsx,RO5 LA Data 2013-14 (3),"row 141, column 50",Net Current Expenditure (C7 = C3 - C6)
2013/14,E1932,,Dacorum,SD,Archives,0,0.0,Revenue_Outturn__RO5__data_2013-14_by_LA.xlsx,RO5 LA Data 2013-14 (3),"row 142, column 6",Net Current Expenditure (C7 = C3 - C6)
2013/14,E1932,,Dacorum,SD,Arts development and support,31,31000.0,Revenue_Outturn__RO5__data_2013-14_by_LA.xlsx,RO5 LA Data 2013-14 (3),"row 142, column 10",Net Current Expenditure (C7 = C3 - C6)
2013/14,E1932,,Dacorum,SD,Heritage,58,58000.0,Revenue_Outturn__RO5__data_2013-14_by_LA.xlsx,RO5 LA Data 2013-14 (3),"row 142, column 14",Net Current Expenditure (C7 = C3 - C6)
2013/14,E1932,,Dacorum,SD,Museums and galleries,0,0.0,Revenue_Outturn__RO5__data_2013-14_by_LA.xlsx,RO5 LA Data 2013-14 (3),"row 142, column 18",Net Current Expenditure (C7 = C3 - C6)
2013/14,E1932,,Dacorum,SD,Theatres and public entertainment,369,369000.0,Revenue_Outturn__RO5__data_2013-14_by_LA.xlsx,RO5 LA Data 2013-14 (3),"row 142, column 22",Net Current Expenditure (C7 = C3 - C6)
2013/14,E1932,,Dacorum,SD,Library service,0,0.0,Revenue_Outturn__RO5__data_2013-14_by_LA.xlsx,RO5 LA Data 2013-14 (3),"row 142, column 50",Net Current Expenditure (C7 = C3 - C6)
2013/14,E1933,,East Hertfordshire,SD,Archives,0,0.0,Revenue_Outturn__RO5__data_2013-14_by_LA.xlsx,RO5 LA Data 2013-14 (3),"row 143, column 6",Net Current Expenditure (C7 = C3 - C6)
2013/14,E1933,,East Hertfordshire,SD,Arts development and support,57,57000.0,Revenue_Outturn__RO5__data_2013-14_by_LA.xlsx,RO5 LA Data 2013-14 (3),"row 143, column 10",Net Current Expenditure (C7 = C3 - C6)
2013/14,E1933,,East Hertfordshire,SD,Heritage,0,0.0,Revenue_Outturn__RO5__data_2013-14_by_LA.xlsx,RO5 LA Data 2013-14 (3),"row 143, column 14",Net Current Expenditure (C7 = C3 - C6)
2013/14,E1933,,East Hertfordshire,SD,Museums and galleries,18,18000.0,Revenue_Outturn__RO5__data_2013-14_by_LA.xlsx,RO5 LA Data 2013-14 (3),"row 143, column 18",Net Current Expenditure (C7 = C3 - C6)
2013/14,E1933,,East Hertfordshire,SD,Theatres and public entertainment,396,396000.0,Revenue_Outturn__RO5__data_2013-14_by_LA.xlsx,RO5 LA Data 2013-14 (3),"row 143, column 22",Net Current Expenditure (C7 = C3 - C6)
2013/14,E1933,,East Hertfordshire,SD,Library service,0,0.0,Revenue_Outturn__RO5__data_2013-14_by_LA.xlsx,RO5 LA Data 2013-14 (3),"row 143, column 50",Net Current Expenditure (C7 = C3 - C6)
2013/14,E1934,,Hertsmere,SD,Archives,0,0.0,Revenue_Outturn__RO5__data_2013-14_by_LA.xlsx,RO5 LA Data 2013-14 (3),"row 144, column 6",Net Current Expenditure (C7 = C3 - C6)
2013/14,E1934,,Hertsmere,SD,Arts development and support,58,58000.0,Revenue_Outturn__RO5__data_2013-14_by_LA.xlsx,RO5 LA Data 2013-14 (3),"row 144, column 10",Net Current Expenditure (C7 = C3 - C6)
2013/14,E1934,,Hertsmere,SD,Heritage,0,0.0,Revenue_Outturn__RO5__data_2013-14_by_LA.xlsx,RO5 LA Data 2013-14 (3),"row 144, column 14",Net Current Expenditure (C7 = C3 - C6)
2013/14,E1934,,Hertsmere,SD,Museums and galleries,148,148000.0,Revenue_Outturn__RO5__data_2013-14_by_LA.xlsx,RO5 LA Data 2013-14 (3),"row 144, column 18",Net Current Expenditure (C7 = C3 - C6)
2013/14,E1934,,Hertsmere,SD,Theatres and public entertainment,0,0.0,Revenue_Outturn__RO5__data_2013-14_by_LA.xlsx,RO5 LA Data 2013-14 (3),"row 144, column 22",Net Current Expenditure (C7 = C3 - C6)
2013/14,E1934,,Hertsmere,SD,Library service,0,0.0,Revenue_Outturn__RO5__data_2013-14_by_LA.xlsx,RO5 LA Data 2013-14 (3),"row 144, column 50",Net Current Expenditure (C7 = C3 - C6)
2013/14,E1935,,North Hertfordshire,SD,Archives,0,0.0,Revenue_Outturn__RO5__data_2013-14_by_LA.xlsx,RO5 LA Data 2013-14 (3),"row 145, column 6",Net Current Expenditure (C7 = C3 - C6)
2013/14,E1935,,North Hertfordshire,SD,Arts development and support,14,14000.0,Revenue_Outturn__RO5__data_2013-14_by_LA.xlsx,RO5 LA Data 2013-14 (3),"row 145, column 10",Net Current Expenditure (C7 = C3 - C6)
2013/14,E1935,,North Hertfordshire,SD,Heritage,0,0.0,Revenue_Outturn__RO5__data_2013-14_by_LA.xlsx,RO5 LA Data 2013-14 (3),"row 145, column 14",Net Current Expenditure (C7 = C3 - C6)
2013/14,E1935,,North Hertfordshire,SD,Museums and galleries,703,703000.0,Revenue_Outturn__RO5__data_2013-14_by_LA.xlsx,RO5 LA Data 2013-14 (3),"row 145, column 18",Net Current Expenditure (C7 = C3 - C6)
2013/14,E1935,,North Hertfordshire,SD,Theatres and public entertainment,22,22000.0,Revenue_Outturn__RO5__data_2013-14_by_LA.xlsx,RO5 LA Data 2013-14 (3),"row 145, column 22",Net Current Expenditure (C7 = C3 - C6)
2013/14,E1935,,North Hertfordshire,SD,Library service,2,2000.0,Revenue_Outturn__RO5__data_2013-14_by_LA.xlsx,RO5 LA Data 2013-14 (3),"row 145, column 50",Net Current Expenditure (C7 = C3 - C6)
2013/14,E1936,,St Albans,SD,Archives,0,0.0,Revenue_Outturn__RO5__data_2013-14_by_LA.xlsx,RO5 LA Data 2013-14 (3),"row 146, column 6",Net Current Expenditure (C7 = C3 - C6)
2013/14,E1936,,St Albans,SD,Arts development and support,94,94000.0,Revenue_Outturn__RO5__data_2013-14_by_LA.xlsx,RO5 LA Data 2013-14 (3),"row 146, column 10",Net Current Expenditure (C7 = C3 - C6)
2013/14,E1936,,St Albans,SD,Heritage,418,418000.0,Revenue_Outturn__RO5__data_2013-14_by_LA.xlsx,RO5 LA Data 2013-14 (3),"row 146, column 14",Net Current Expenditure (C7 = C3 - C6)
2013/14,E1936,,St Albans,SD,Museums and galleries,312,312000.0,Revenue_Outturn__RO5__data_2013-14_by_LA.xlsx,RO5 LA Data 2013-14 (3),"row 146, column 18",Net Current Expenditure (C7 = C3 - C6)
2013/14,E1936,,St Albans,SD,Theatres and public entertainment,21,21000.0,Revenue_Outturn__RO5__data_2013-14_by_LA.xlsx,RO5 LA Data 2013-14 (3),"row 146, column 22",Net Current Expenditure (C7 = C3 - C6)
2013/14,E1936,,St Albans,SD,Library service,0,0.0,Revenue_Outturn__RO5__data_2013-14_by_LA.xlsx,RO5 LA Data 2013-14 (3),"row 146, column 50",Net Current Expenditure (C7 = C3 - C6)
2013/14,E1937,,Stevenage,SD,Archives,0,0.0,Revenue_Outturn__RO5__data_2013-14_by_LA.xlsx,RO5 LA Data 2013-14 (3),"row 147, column 6",Net Current Expenditure (C7 = C3 - C6)
2013/14,E1937,,Stevenage,SD,Arts development and support,20,20000.0,Revenue_Outturn__RO5__data_2013-14_by_LA.xlsx,RO5 LA Data 2013-14 (3),"row 147, column 10",Net Current Expenditure (C7 = C3 - C6)
2013/14,E1937,,Stevenage,SD,Heritage,0,0.0,Revenue_Outturn__RO5__data_2013-14_by_LA.xlsx,RO5 LA Data 2013-14 (3),"row 147, column 14",Net Current Expenditure (C7 = C3 - C6)
2013/14,E1937,,Stevenage,SD,Museums and galleries,273,273000.0,Revenue_Outturn__RO5__data_2013-14_by_LA.xlsx,RO5 LA Data 2013-14 (3),"row 147, column 18",Net Current Expenditure (C7 = C3 - C6)
2013/14,E1937,,Stevenage,SD,Theatres and public entertainment,0,0.0,Revenue_Outturn__RO5__data_2013-14_by_LA.xlsx,RO5 LA Data 2013-14 (3),"row 147, column 22",Net Current Expenditure (C7 = C3 - C6)
2013/14,E1937,,Stevenage,SD,Library service,0,0.0,Revenue_Outturn__RO5__data_2013-14_by_LA.xlsx,RO5 LA Data 2013-14 (3),"row 147, column 50",Net Current Expenditure (C7 = C3 - C6)
2013/14,E1938,,Three Rivers,SD,Archives,0,0.0,Revenue_Outturn__RO5__data_2013-14_by_LA.xlsx,RO5 LA Data 2013-14 (3),"row 148, column 6",Net Current Expenditure (C7 = C3 - C6)
2013/14,E1938,,Three Rivers,SD,Arts development and support,99,99000.0,Revenue_Outturn__RO5__data_2013-14_by_LA.xlsx,RO5 LA Data 2013-14 (3),"row 148, column 10",Net Current Expenditure (C7 = C3 - C6)
2013/14,E1938,,Three Rivers,SD,Heritage,0,0.0,Revenue_Outturn__RO5__data_2013-14_by_LA.xlsx,RO5 LA Data 2013-14 (3),"row 148, column 14",Net Current Expenditure (C7 = C3 - C6)
2013/14,E1938,,Three Rivers,SD,Museums and galleries,-16,-16000.0,Revenue_Outturn__RO5__data_2013-14_by_LA.xlsx,RO5 LA Data 2013-14 (3),"row 148, column 18",Net Current Expenditure (C7 = C3 - C6)
2013/14,E1938,,Three Rivers,SD,Theatres and public entertainment,126,126000.0,Revenue_Outturn__RO5__data_2013-14_by_LA.xlsx,RO5 LA Data 2013-14 (3),"row 148, column 22",Net Current Expenditure (C7 = C3 - C6)
2013/14,E1938,,Three Rivers,SD,Library service,0,0.0,Revenue_Outturn__RO5__data_2013-14_by_LA.xlsx,RO5 LA Data 2013-14 (3),"row 148, column 50",Net Current Expenditure (C7 = C3 - C6)
2013/14,E1939,,Watford,SD,Archives,0,0.0,Revenue_Outturn__RO5__data_2013-14_by_LA.xlsx,RO5 LA Data 2013-14 (3),"row 149, column 6",Net Current Expenditure (C7 = C3 - C6)
2013/14,E1939,,Watford,SD,Arts development and support,270,270000.0,Revenue_Outturn__RO5__data_2013-14_by_LA.xlsx,RO5 LA Data 2013-14 (3),"row 149, column 10",Net Current Expenditure (C7 = C3 - C6)
2013/14,E1939,,Watford,SD,Heritage,0,0.0,Revenue_Outturn__RO5__data_2013-14_by_LA.xlsx,RO5 LA Data 2013-14 (3),"row 149, column 14",Net Current Expenditure (C7 = C3 - C6)
2013/14,E1939,,Watford,SD,Museums and galleries,216,216000.0,Revenue_Outturn__RO5__data_2013-14_by_LA.xlsx,RO5 LA Data 2013-14 (3),"row 149, column 18",Net Current Expenditure (C7 = C3 - C6)
2013/14,E1939,,Watford,SD,Theatres and public entertainment,241,241000.0,Revenue_Outturn__RO5__data_2013-14_by_LA.xlsx,RO5 LA Data 2013-14 (3),"row 149, column 22",Net Current Expenditure (C7 = C3 - C6)
2013/14,E1939,,Watford,SD,Library service,0,0.0,Revenue_Outturn__RO5__data_2013-14_by_LA.xlsx,RO5 LA Data 2013-14 (3),"row 149, column 50",Net Current Expenditure (C7 = C3 - C6)
2013/14,E1940,,Welwyn Hatfield,SD,Archives,0,0.0,Revenue_Outturn__RO5__data_2013-14_by_LA.xlsx,RO5 LA Data 2013-14 (3),"row 150, column 6",Net Current Expenditure (C7 = C3 - C6)
2013/14,E1940,,Welwyn Hatfield,SD,Arts development and support,9,9000.0,Revenue_Outturn__RO5__data_2013-14_by_LA.xlsx,RO5 LA Data 2013-14 (3),"row 150, column 10",Net Current Expenditure (C7 = C3 - C6)
2013/14,E1940,,Welwyn Hatfield,SD,Heritage,30,30000.0,Revenue_Outturn__RO5__data_2013-14_by_LA.xlsx,RO5 LA Data 2013-14 (3),"row 150, column 14",Net Current Expenditure (C7 = C3 - C6)
2013/14,E1940,,Welwyn Hatfield,SD,Museums and galleries,331,331000.0,Revenue_Outturn__RO5__data_2013-14_by_LA.xlsx,RO5 LA Data 2013-14 (3),"row 150, column 18",Net Current Expenditure (C7 = C3 - C6)
2013/14,E1940,,Welwyn Hatfield,SD,Theatres and public entertainment,1259,1259000.0,Revenue_Outturn__RO5__data_2013-14_by_LA.xlsx,RO5 LA Data 2013-14 (3),"row 150, column 22",Net Current Expenditure (C7 = C3 - C6)
2013/14,E1940,,Welwyn Hatfield,SD,Library service,0,0.0,Revenue_Outturn__RO5__data_2013-14_by_LA.xlsx,RO5 LA Data 2013-14 (3),"row 150, column 50",Net Current Expenditure (C7 = C3 - C6)
2013/14,E2001,,East Riding of Yorkshire UA,UA,Archives,503,503000.0,Revenue_Outturn__RO5__data_2013-14_by_LA.xlsx,RO5 LA Data 2013-14 (3),"row 151, column 6",Net Current Expenditure (C7 = C3 - C6)
2013/14,E2001,,East Riding of Yorkshire UA,UA,Arts development and support,231,231000.0,Revenue_Outturn__RO5__data_2013-14_by_LA.xlsx,RO5 LA Data 2013-14 (3),"row 151, column 10",Net Current Expenditure (C7 = C3 - C6)
2013/14,E2001,,East Riding of Yorkshire UA,UA,Heritage,0,0.0,Revenue_Outturn__RO5__data_2013-14_by_LA.xlsx,RO5 LA Data 2013-14 (3),"row 151, column 14",Net Current Expenditure (C7 = C3 - C6)
2013/14,E2001,,East Riding of Yorkshire UA,UA,Museums and galleries,851,851000.0,Revenue_Outturn__RO5__data_2013-14_by_LA.xlsx,RO5 LA Data 2013-14 (3),"row 151, column 18",Net Current Expenditure (C7 = C3 - C6)
2013/14,E2001,,East Riding of Yorkshire UA,UA,Theatres and public entertainment,749,749000.0,Revenue_Outturn__RO5__data_2013-14_by_LA.xlsx,RO5 LA Data 2013-14 (3),"row 151, column 22",Net Current Expenditure (C7 = C3 - C6)
2013/14,E2001,,East Riding of Yorkshire UA,UA,Library service,4193,4193000.0,Revenue_Outturn__RO5__data_2013-14_by_LA.xlsx,RO5 LA Data 2013-14 (3),"row 151, column 50",Net Current Expenditure (C7 = C3 - C6)
2013/14,E2002,,Kingston-upon-Hull UA,UA,Archives,494,494000.0,Revenue_Outturn__RO5__data_2013-14_by_LA.xlsx,RO5 LA Data 2013-14 (3),"row 152, column 6",Net Current Expenditure (C7 = C3 - C6)
2013/14,E2002,,Kingston-upon-Hull UA,UA,Arts development and support,1444,1444000.0,Revenue_Outturn__RO5__data_2013-14_by_LA.xlsx,RO5 LA Data 2013-14 (3),"row 152, column 10",Net Current Expenditure (C7 = C3 - C6)
2013/14,E2002,,Kingston-upon-Hull UA,UA,Heritage,852,852000.0,Revenue_Outturn__RO5__data_2013-14_by_LA.xlsx,RO5 LA Data 2013-14 (3),"row 152, column 14",Net Current Expenditure (C7 = C3 - C6)
2013/14,E2002,,Kingston-upon-Hull UA,UA,Museums and galleries,2885,2885000.0,Revenue_Outturn__RO5__data_2013-14_by_LA.xlsx,RO5 LA Data 2013-14 (3),"row 152, column 18",Net Current Expenditure (C7 = C3 - C6)
2013/14,E2002,,Kingston-upon-Hull UA,UA,Theatres and public entertainment,1667,1667000.0,Revenue_Outturn__RO5__data_2013-14_by_LA.xlsx,RO5 LA Data 2013-14 (3),"row 152, column 22",Net Current Expenditure (C7 = C3 - C6)
2013/14,E2002,,Kingston-upon-Hull UA,UA,Library service,5059,5059000.0,Revenue_Outturn__RO5__data_2013-14_by_LA.xlsx,RO5 LA Data 2013-14 (3),"row 152, column 50",Net Current Expenditure (C7 = C3 - C6)
2013/14,E2003,,North East Lincolnshire UA,UA,Archives,73,73000.0,Revenue_Outturn__RO5__data_2013-14_by_LA.xlsx,RO5 LA Data 2013-14 (3),"row 153, column 6",Net Current Expenditure (C7 = C3 - C6)
2013/14,E2003,,North East Lincolnshire UA,UA,Arts development and support,69,69000.0,Revenue_Outturn__RO5__data_2013-14_by_LA.xlsx,RO5 LA Data 2013-14 (3),"row 153, column 10",Net Current Expenditure (C7 = C3 - C6)
2013/14,E2003,,North East Lincolnshire UA,UA,Heritage,-1,-1000.0,Revenue_Outturn__RO5__data_2013-14_by_LA.xlsx,RO5 LA Data 2013-14 (3),"row 153, column 14",Net Current Expenditure (C7 = C3 - C6)
2013/14,E2003,,North East Lincolnshire UA,UA,Museums and galleries,803,803000.0,Revenue_Outturn__RO5__data_2013-14_by_LA.xlsx,RO5 LA Data 2013-14 (3),"row 153, column 18",Net Current Expenditure (C7 = C3 - C6)
2013/14,E2003,,North East Lincolnshire UA,UA,Theatres and public entertainment,574,574000.0,Revenue_Outturn__RO5__data_2013-14_by_LA.xlsx,RO5 LA Data 2013-14 (3),"row 153, column 22",Net Current Expenditure (C7 = C3 - C6)
2013/14,E2003,,North East Lincolnshire UA,UA,Library service,3438,3438000.0,Revenue_Outturn__RO5__data_2013-14_by_LA.xlsx,RO5 LA Data 2013-14 (3),"row 153, column 50",Net Current Expenditure (C7 = C3 - C6)
2013/14,E2004,,North Lincolnshire UA,UA,Archives,42,42000.0,Revenue_Outturn__RO5__data_2013-14_by_LA.xlsx,RO5 LA Data 2013-14 (3),"row 154, column 6",Net Current Expenditure (C7 = C3 - C6)
2013/14,E2004,,North Lincolnshire UA,UA,Arts development and support,604,604000.0,Revenue_Outturn__RO5__data_2013-14_by_LA.xlsx,RO5 LA Data 2013-14 (3),"row 154, column 10",Net Current Expenditure (C7 = C3 - C6)
2013/14,E2004,,North Lincolnshire UA,UA,Heritage,498,498000.0,Revenue_Outturn__RO5__data_2013-14_by_LA.xlsx,RO5 LA Data 2013-14 (3),"row 154, column 14",Net Current Expenditure (C7 = C3 - C6)
2013/14,E2004,,North Lincolnshire UA,UA,Museums and galleries,453,453000.0,Revenue_Outturn__RO5__data_2013-14_by_LA.xlsx,RO5 LA Data 2013-14 (3),"row 154, column 18",Net Current Expenditure (C7 = C3 - C6)
2013/14,E2004,,North Lincolnshire UA,UA,Theatres and public entertainment,788,788000.0,Revenue_Outturn__RO5__data_2013-14_by_LA.xlsx,RO5 LA Data 2013-14 (3),"row 154, column 22",Net Current Expenditure (C7 = C3 - C6)
2013/14,E2004,,North Lincolnshire UA,UA,Library service,2308,2308000.0,Revenue_Outturn__RO5__data_2013-14_by_LA.xlsx,RO5 LA Data 2013-14 (3),"row 154, column 50",Net Current Expenditure (C7 = C3 - C6)
2013/14,E2101,,Isle of Wight UA,UA,Archives,191,191000.0,Revenue_Outturn__RO5__data_2013-14_by_LA.xlsx,RO5 LA Data 2013-14 (3),"row 155, column 6",Net Current Expenditure (C7 = C3 - C6)
2013/14,E2101,,Isle of Wight UA,UA,Arts development and support,89,89000.0,Revenue_Outturn__RO5__data_2013-14_by_LA.xlsx,RO5 LA Data 2013-14 (3),"row 155, column 10",Net Current Expenditure (C7 = C3 - C6)
2013/14,E2101,,Isle of Wight UA,UA,Heritage,179,179000.0,Revenue_Outturn__RO5__data_2013-14_by_LA.xlsx,RO5 LA Data 2013-14 (3),"row 155, column 14",Net Current Expenditure (C7 = C3 - C6)
2013/14,E2101,,Isle of Wight UA,UA,Museums and galleries,284,284000.0,Revenue_Outturn__RO5__data_2013-14_by_LA.xlsx,RO5 LA Data 2013-14 (3),"row 155, column 18",Net Current Expenditure (C7 = C3 - C6)
2013/14,E2101,,Isle of Wight UA,UA,Theatres and public entertainment,-6,-6000.0,Revenue_Outturn__RO5__data_2013-14_by_LA.xlsx,RO5 LA Data 2013-14 (3),"row 155, column 22",Net Current Expenditure (C7 = C3 - C6)
2013/14,E2101,,Isle of Wight UA,UA,Library service,1374,1374000.0,Revenue_Outturn__RO5__data_2013-14_by_LA.xlsx,RO5 LA Data 2013-14 (3),"row 155, column 50",Net Current Expenditure (C7 = C3 - C6)
2013/14,E2201,,Medway Towns UA,UA,Archives,264,264000.0,Revenue_Outturn__RO5__data_2013-14_by_LA.xlsx,RO5 LA Data 2013-14 (3),"row 156, column 6",Net Current Expenditure (C7 = C3 - C6)
2013/14,E2201,,Medway Towns UA,UA,Arts development and support,384,384000.0,Revenue_Outturn__RO5__data_2013-14_by_LA.xlsx,RO5 LA Data 2013-14 (3),"row 156, column 10",Net Current Expenditure (C7 = C3 - C6)
2013/14,E2201,,Medway Towns UA,UA,Heritage,208,208000.0,Revenue_Outturn__RO5__data_2013-14_by_LA.xlsx,RO5 LA Data 2013-14 (3),"row 156, column 14",Net Current Expenditure (C7 = C3 - C6)
2013/14,E2201,,Medway Towns UA,UA,Museums and galleries,561,561000.0,Revenue_Outturn__RO5__data_2013-14_by_LA.xlsx,RO5 LA Data 2013-14 (3),"row 156, column 18",Net Current Expenditure (C7 = C3 - C6)
2013/14,E2201,,Medway Towns UA,UA,Theatres and public entertainment,1597,1597000.0,Revenue_Outturn__RO5__data_2013-14_by_LA.xlsx,RO5 LA Data 2013-14 (3),"row 156, column 22",Net Current Expenditure (C7 = C3 - C6)
2013/14,E2201,,Medway Towns UA,UA,Library service,3867,3867000.0,Revenue_Outturn__RO5__data_2013-14_by_LA.xlsx,RO5 LA Data 2013-14 (3),"row 156, column 50",Net Current Expenditure (C7 = C3 - C6)
2013/14,E2221,,Kent CC,SC,Archives,768,768000.0,Revenue_Outturn__RO5__data_2013-14_by_LA.xlsx,RO5 LA Data 2013-14 (3),"row 157, column 6",Net Current Expenditure (C7 = C3 - C6)
2013/14,E2221,,Kent CC,SC,Arts development and support,2090,2090000.0,Revenue_Outturn__RO5__data_2013-14_by_LA.xlsx,RO5 LA Data 2013-14 (3),"row 157, column 10",Net Current Expenditure (C7 = C3 - C6)
2013/14,E2221,,Kent CC,SC,Heritage,284,284000.0,Revenue_Outturn__RO5__data_2013-14_by_LA.xlsx,RO5 LA Data 2013-14 (3),"row 157, column 14",Net Current Expenditure (C7 = C3 - C6)
2013/14,E2221,,Kent CC,SC,Museums and galleries,82,82000.0,Revenue_Outturn__RO5__data_2013-14_by_LA.xlsx,RO5 LA Data 2013-14 (3),"row 157, column 18",Net Current Expenditure (C7 = C3 - C6)
2013/14,E2221,,Kent CC,SC,Theatres and public entertainment,0,0.0,Revenue_Outturn__RO5__data_2013-14_by_LA.xlsx,RO5 LA Data 2013-14 (3),"row 157, column 22",Net Current Expenditure (C7 = C3 - C6)
2013/14,E2221,,Kent CC,SC,Library service,20682,20682000.0,Revenue_Outturn__RO5__data_2013-14_by_LA.xlsx,RO5 LA Data 2013-14 (3),"row 157, column 50",Net Current Expenditure (C7 = C3 - C6)
2013/14,E2231,,Ashford,SD,Archives,0,0.0,Revenue_Outturn__RO5__data_2013-14_by_LA.xlsx,RO5 LA Data 2013-14 (3),"row 158, column 6",Net Current Expenditure (C7 = C3 - C6)
2013/14,E2231,,Ashford,SD,Arts development and support,99,99000.0,Revenue_Outturn__RO5__data_2013-14_by_LA.xlsx,RO5 LA Data 2013-14 (3),"row 158, column 10",Net Current Expenditure (C7 = C3 - C6)
2013/14,E2231,,Ashford,SD,Heritage,38,38000.0,Revenue_Outturn__RO5__data_2013-14_by_LA.xlsx,RO5 LA Data 2013-14 (3),"row 158, column 14",Net Current Expenditure (C7 = C3 - C6)
2013/14,E2231,,Ashford,SD,Museums and galleries,4,4000.0,Revenue_Outturn__RO5__data_2013-14_by_LA.xlsx,RO5 LA Data 2013-14 (3),"row 158, column 18",Net Current Expenditure (C7 = C3 - C6)
2013/14,E2231,,Ashford,SD,Theatres and public entertainment,0,0.0,Revenue_Outturn__RO5__data_2013-14_by_LA.xlsx,RO5 LA Data 2013-14 (3),"row 158, column 22",Net Current Expenditure (C7 = C3 - C6)
2013/14,E2231,,Ashford,SD,Library service,0,0.0,Revenue_Outturn__RO5__data_2013-14_by_LA.xlsx,RO5 LA Data 2013-14 (3),"row 158, column 50",Net Current Expenditure (C7 = C3 - C6)
2013/14,E2232,,Canterbury,SD,Archives,45,45000.0,Revenue_Outturn__RO5__data_2013-14_by_LA.xlsx,RO5 LA Data 2013-14 (3),"row 159, column 6",Net Current Expenditure (C7 = C3 - C6)
2013/14,E2232,,Canterbury,SD,Arts development and support,150,150000.0,Revenue_Outturn__RO5__data_2013-14_by_LA.xlsx,RO5 LA Data 2013-14 (3),"row 159, column 10",Net Current Expenditure (C7 = C3 - C6)
2013/14,E2232,,Canterbury,SD,Heritage,58,58000.0,Revenue_Outturn__RO5__data_2013-14_by_LA.xlsx,RO5 LA Data 2013-14 (3),"row 159, column 14",Net Current Expenditure (C7 = C3 - C6)
2013/14,E2232,,Canterbury,SD,Museums and galleries,1539,1539000.0,Revenue_Outturn__RO5__data_2013-14_by_LA.xlsx,RO5 LA Data 2013-14 (3),"row 159, column 18",Net Current Expenditure (C7 = C3 - C6)
2013/14,E2232,,Canterbury,SD,Theatres and public entertainment,638,638000.0,Revenue_Outturn__RO5__data_2013-14_by_LA.xlsx,RO5 LA Data 2013-14 (3),"row 159, column 22",Net Current Expenditure (C7 = C3 - C6)
2013/14,E2232,,Canterbury,SD,Library service,0,0.0,Revenue_Outturn__RO5__data_2013-14_by_LA.xlsx,RO5 LA Data 2013-14 (3),"row 159, column 50",Net Current Expenditure (C7 = C3 - C6)
2013/14,E2233,,Dartford,SD,Archives,0,0.0,Revenue_Outturn__RO5__data_2013-14_by_LA.xlsx,RO5 LA Data 2013-14 (3),"row 160, column 6",Net Current Expenditure (C7 = C3 - C6)
2013/14,E2233,,Dartford,SD,Arts development and support,117,117000.0,Revenue_Outturn__RO5__data_2013-14_by_LA.xlsx,RO5 LA Data 2013-14 (3),"row 160, column 10",Net Current Expenditure (C7 = C3 - C6)
2013/14,E2233,,Dartford,SD,Heritage,0,0.0,Revenue_Outturn__RO5__data_2013-14_by_LA.xlsx,RO5 LA Data 2013-14 (3),"row 160, column 14",Net Current Expenditure (C7 = C3 - C6)
2013/14,E2233,,Dartford,SD,Museums and galleries,55,55000.0,Revenue_Outturn__RO5__data_2013-14_by_LA.xlsx,RO5 LA Data 2013-14 (3),"row 160, column 18",Net Current Expenditure (C7 = C3 - C6)
2013/14,E2233,,Dartford,SD,Theatres and public entertainment,428,428000.0,Revenue_Outturn__RO5__data_2013-14_by_LA.xlsx,RO5 LA Data 2013-14 (3),"row 160, column 22",Net Current Expenditure (C7 = C3 - C6)
2013/14,E2233,,Dartford,SD,Library service,0,0.0,Revenue_Outturn__RO5__data_2013-14_by_LA.xlsx,RO5 LA Data 2013-14 (3),"row 160, column 50",Net Current Expenditure (C7 = C3 - C6)
2013/14,E2234,,Dover,SD,Archives,0,0.0,Revenue_Outturn__RO5__data_2013-14_by_LA.xlsx,RO5 LA Data 2013-14 (3),"row 161, column 6",Net Current Expenditure (C7 = C3 - C6)
2013/14,E2234,,Dover,SD,Arts development and support,0,0.0,Revenue_Outturn__RO5__data_2013-14_by_LA.xlsx,RO5 LA Data 2013-14 (3),"row 161, column 10",Net Current Expenditure (C7 = C3 - C6)
2013/14,E2234,,Dover,SD,Heritage,0,0.0,Revenue_Outturn__RO5__data_2013-14_by_LA.xlsx,RO5 LA Data 2013-14 (3),"row 161, column 14",Net Current Expenditure (C7 = C3 - C6)
2013/14,E2234,,Dover,SD,Museums and galleries,587,587000.0,Revenue_Outturn__RO5__data_2013-14_by_LA.xlsx,RO5 LA Data 2013-14 (3),"row 161, column 18",Net Current Expenditure (C7 = C3 - C6)
2013/14,E2234,,Dover,SD,Theatres and public entertainment,0,0.0,Revenue_Outturn__RO5__data_2013-14_by_LA.xlsx,RO5 LA Data 2013-14 (3),"row 161, column 22",Net Current Expenditure (C7 = C3 - C6)
2013/14,E2234,,Dover,SD,Library service,0,0.0,Revenue_Outturn__RO5__data_2013-14_by_LA.xlsx,RO5 LA Data 2013-14 (3),"row 161, column 50",Net Current Expenditure (C7 = C3 - C6)
2013/14,E2236,,Gravesham,SD,Archives,0,0.0,Revenue_Outturn__RO5__data_2013-14_by_LA.xlsx,RO5 LA Data 2013-14 (3),"row 162, column 6",Net Current Expenditure (C7 = C3 - C6)
2013/14,E2236,,Gravesham,SD,Arts development and support,24,24000.0,Revenue_Outturn__RO5__data_2013-14_by_LA.xlsx,RO5 LA Data 2013-14 (3),"row 162, column 10",Net Current Expenditure (C7 = C3 - C6)
2013/14,E2236,,Gravesham,SD,Heritage,23,23000.0,Revenue_Outturn__RO5__data_2013-14_by_LA.xlsx,RO5 LA Data 2013-14 (3),"row 162, column 14",Net Current Expenditure (C7 = C3 - C6)
2013/14,E2236,,Gravesham,SD,Museums and galleries,0,0.0,Revenue_Outturn__RO5__data_2013-14_by_LA.xlsx,RO5 LA Data 2013-14 (3),"row 162, column 18",Net Current Expenditure (C7 = C3 - C6)
2013/14,E2236,,Gravesham,SD,Theatres and public entertainment,582,582000.0,Revenue_Outturn__RO5__data_2013-14_by_LA.xlsx,RO5 LA Data 2013-14 (3),"row 162, column 22",Net Current Expenditure (C7 = C3 - C6)
2013/14,E2236,,Gravesham,SD,Library service,0,0.0,Revenue_Outturn__RO5__data_2013-14_by_LA.xlsx,RO5 LA Data 2013-14 (3),"row 162, column 50",Net Current Expenditure (C7 = C3 - C6)
2013/14,E2237,,Maidstone,SD,Archives,0,0.0,Revenue_Outturn__RO5__data_2013-14_by_LA.xlsx,RO5 LA Data 2013-14 (3),"row 163, column 6",Net Current Expenditure (C7 = C3 - C6)
2013/14,E2237,,Maidstone,SD,Arts development and support,29,29000.0,Revenue_Outturn__RO5__data_2013-14_by_LA.xlsx,RO5 LA Data 2013-14 (3),"row 163, column 10",Net Current Expenditure (C7 = C3 - C6)
2013/14,E2237,,Maidstone,SD,Heritage,-64,-64000.0,Revenue_Outturn__RO5__data_2013-14_by_LA.xlsx,RO5 LA Data 2013-14 (3),"row 163, column 14",Net Current Expenditure (C7 = C3 - C6)
2013/14,E2237,,Maidstone,SD,Museums and galleries,1088,1088000.0,Revenue_Outturn__RO5__data_2013-14_by_LA.xlsx,RO5 LA Data 2013-14 (3),"row 163, column 18",Net Current Expenditure (C7 = C3 - C6)
2013/14,E2237,,Maidstone,SD,Theatres and public entertainment,857,857000.0,Revenue_Outturn__RO5__data_2013-14_by_LA.xlsx,RO5 LA Data 2013-14 (3),"row 163, column 22",Net Current Expenditure (C7 = C3 - C6)
2013/14,E2237,,Maidstone,SD,Library service,0,0.0,Revenue_Outturn__RO5__data_2013-14_by_LA.xlsx,RO5 LA Data 2013-14 (3),"row 163, column 50",Net Current Expenditure (C7 = C3 - C6)
2013/14,E2239,,Sevenoaks,SD,Archives,0,0.0,Revenue_Outturn__RO5__data_2013-14_by_LA.xlsx,RO5 LA Data 2013-14 (3),"row 164, column 6",Net Current Expenditure (C7 = C3 - C6)
2013/14,E2239,,Sevenoaks,SD,Arts development and support,83,83000.0,Revenue_Outturn__RO5__data_2013-14_by_LA.xlsx,RO5 LA Data 2013-14 (3),"row 164, column 10",Net Current Expenditure (C7 = C3 - C6)
2013/14,E2239,,Sevenoaks,SD,Heritage,0,0.0,Revenue_Outturn__RO5__data_2013-14_by_LA.xlsx,RO5 LA Data 2013-14 (3),"row 164, column 14",Net Current Expenditure (C7 = C3 - C6)
2013/14,E2239,,Sevenoaks,SD,Museums and galleries,0,0.0,Revenue_Outturn__RO5__data_2013-14_by_LA.xlsx,RO5 LA Data 2013-14 (3),"row 164, column 18",Net Current Expenditure (C7 = C3 - C6)
2013/14,E2239,,Sevenoaks,SD,Theatres and public entertainment,0,0.0,Revenue_Outturn__RO5__data_2013-14_by_LA.xlsx,RO5 LA Data 2013-14 (3),"row 164, column 22",Net Current Expenditure (C7 = C3 - C6)
2013/14,E2239,,Sevenoaks,SD,Library service,0,0.0,Revenue_Outturn__RO5__data_2013-14_by_LA.xlsx,RO5 LA Data 2013-14 (3),"row 164, column 50",Net Current Expenditure (C7 = C3 - C6)
2013/14,E2240,,Shepway DC,SD,Archives,0,0.0,Revenue_Outturn__RO5__data_2013-14_by_LA.xlsx,RO5 LA Data 2013-14 (3),"row 165, column 6",Net Current Expenditure (C7 = C3 - C6)
2013/14,E2240,,Shepway DC,SD,Arts development and support,108,108000.0,Revenue_Outturn__RO5__data_2013-14_by_LA.xlsx,RO5 LA Data 2013-14 (3),"row 165, column 10",Net Current Expenditure (C7 = C3 - C6)
2013/14,E2240,,Shepway DC,SD,Heritage,-65,-65000.0,Revenue_Outturn__RO5__data_2013-14_by_LA.xlsx,RO5 LA Data 2013-14 (3),"row 165, column 14",Net Current Expenditure (C7 = C3 - C6)
2013/14,E2240,,Shepway DC,SD,Museums and galleries,0,0.0,Revenue_Outturn__RO5__data_2013-14_by_LA.xlsx,RO5 LA Data 2013-14 (3),"row 165, column 18",Net Current Expenditure (C7 = C3 - C6)
2013/14,E2240,,Shepway DC,SD,Theatres and public entertainment,670,670000.0,Revenue_Outturn__RO5__data_2013-14_by_LA.xlsx,RO5 LA Data 2013-14 (3),"row 165, column 22",Net Current Expenditure (C7 = C3 - C6)
2013/14,E2240,,Shepway DC,SD,Library service,0,0.0,Revenue_Outturn__RO5__data_2013-14_by_LA.xlsx,RO5 LA Data 2013-14 (3),"row 165, column 50",Net Current Expenditure (C7 = C3 - C6)
2013/14,E2241,,Swale,SD,Archives,0,0.0,Revenue_Outturn__RO5__data_2013-14_by_LA.xlsx,RO5 LA Data 2013-14 (3),"row 166, column 6",Net Current Expenditure (C7 = C3 - C6)
2013/14,E2241,,Swale,SD,Arts development and support,6,6000.0,Revenue_Outturn__RO5__data_2013-14_by_LA.xlsx,RO5 LA Data 2013-14 (3),"row 166, column 10",Net Current Expenditure (C7 = C3 - C6)
2013/14,E2241,,Swale,SD,Heritage,0,0.0,Revenue_Outturn__RO5__data_2013-14_by_LA.xlsx,RO5 LA Data 2013-14 (3),"row 166, column 14",Net Current Expenditure (C7 = C3 - C6)
2013/14,E2241,,Swale,SD,Museums and galleries,21,21000.0,Revenue_Outturn__RO5__data_2013-14_by_LA.xlsx,RO5 LA Data 2013-14 (3),"row 166, column 18",Net Current Expenditure (C7 = C3 - C6)
2013/14,E2241,,Swale,SD,Theatres and public entertainment,0,0.0,Revenue_Outturn__RO5__data_2013-14_by_LA.xlsx,RO5 LA Data 2013-14 (3),"row 166, column 22",Net Current Expenditure (C7 = C3 - C6)
2013/14,E2241,,Swale,SD,Library service,0,0.0,Revenue_Outturn__RO5__data_2013-14_by_LA.xlsx,RO5 LA Data 2013-14 (3),"row 166, column 50",Net Current Expenditure (C7 = C3 - C6)
2013/14,E2242,,Thanet,SD,Archives,0,0.0,Revenue_Outturn__RO5__data_2013-14_by_LA.xlsx,RO5 LA Data 2013-14 (3),"row 167, column 6",Net Current Expenditure (C7 = C3 - C6)
2013/14,E2242,,Thanet,SD,Arts development and support,0,0.0,Revenue_Outturn__RO5__data_2013-14_by_LA.xlsx,RO5 LA Data 2013-14 (3),"row 167, column 10",Net Current Expenditure (C7 = C3 - C6)
2013/14,E2242,,Thanet,SD,Heritage,60,60000.0,Revenue_Outturn__RO5__data_2013-14_by_LA.xlsx,RO5 LA Data 2013-14 (3),"row 167, column 14",Net Current Expenditure (C7 = C3 - C6)
2013/14,E2242,,Thanet,SD,Museums and galleries,94,94000.0,Revenue_Outturn__RO5__data_2013-14_by_LA.xlsx,RO5 LA Data 2013-14 (3),"row 167, column 18",Net Current Expenditure (C7 = C3 - C6)
2013/14,E2242,,Thanet,SD,Theatres and public entertainment,688,688000.0,Revenue_Outturn__RO5__data_2013-14_by_LA.xlsx,RO5 LA Data 2013-14 (3),"row 167, column 22",Net Current Expenditure (C7 = C3 - C6)
2013/14,E2242,,Thanet,SD,Library service,0,0.0,Revenue_Outturn__RO5__data_2013-14_by_LA.xlsx,RO5 LA Data 2013-14 (3),"row 167, column 50",Net Current Expenditure (C7 = C3 - C6)
2013/14,E2243,,Tonbridge & Malling,SD,Archives,0,0.0,Revenue_Outturn__RO5__data_2013-14_by_LA.xlsx,RO5 LA Data 2013-14 (3),"row 168, column 6",Net Current Expenditure (C7 = C3 - C6)
2013/14,E2243,,Tonbridge & Malling,SD,Arts development and support,75,75000.0,Revenue_Outturn__RO5__data_2013-14_by_LA.xlsx,RO5 LA Data 2013-14 (3),"row 168, column 10",Net Current Expenditure (C7 = C3 - C6)
2013/14,E2243,,Tonbridge & Malling,SD,Heritage,6,6000.0,Revenue_Outturn__RO5__data_2013-14_by_LA.xlsx,RO5 LA Data 2013-14 (3),"row 168, column 14",Net Current Expenditure (C7 = C3 - C6)
2013/14,E2243,,Tonbridge & Malling,SD,Museums and galleries,0,0.0,Revenue_Outturn__RO5__data_2013-14_by_LA.xlsx,RO5 LA Data 2013-14 (3),"row 168, column 18",Net Current Expenditure (C7 = C3 - C6)
2013/14,E2243,,Tonbridge & Malling,SD,Theatres and public entertainment,0,0.0,Revenue_Outturn__RO5__data_2013-14_by_LA.xlsx,RO5 LA Data 2013-14 (3),"row 168, column 22",Net Current Expenditure (C7 = C3 - C6)
2013/14,E2243,,Tonbridge & Malling,SD,Library service,0,0.0,Revenue_Outturn__RO5__data_2013-14_by_LA.xlsx,RO5 LA Data 2013-14 (3),"row 168, column 50",Net Current Expenditure (C7 = C3 - C6)
2013/14,E2244,,Tunbridge Wells,SD,Archives,0,0.0,Revenue_Outturn__RO5__data_2013-14_by_LA.xlsx,RO5 LA Data 2013-14 (3),"row 169, column 6",Net Current Expenditure (C7 = C3 - C6)
2013/14,E2244,,Tunbridge Wells,SD,Arts development and support,0,0.0,Revenue_Outturn__RO5__data_2013-14_by_LA.xlsx,RO5 LA Data 2013-14 (3),"row 169, column 10",Net Current Expenditure (C7 = C3 - C6)
2013/14,E2244,,Tunbridge Wells,SD,Heritage,22,22000.0,Revenue_Outturn__RO5__data_2013-14_by_LA.xlsx,RO5 LA Data 2013-14 (3),"row 169, column 14",Net Current Expenditure (C7 = C3 - C6)
2013/14,E2244,,Tunbridge Wells,SD,Museums and galleries,691,691000.0,Revenue_Outturn__RO5__data_2013-14_by_LA.xlsx,RO5 LA Data 2013-14 (3),"row 169, column 18",Net Current Expenditure (C7 = C3 - C6)
2013/14,E2244,,Tunbridge Wells,SD,Theatres and public entertainment,944,944000.0,Revenue_Outturn__RO5__data_2013-14_by_LA.xlsx,RO5 LA Data 2013-14 (3),"row 169, column 22",Net Current Expenditure (C7 = C3 - C6)
2013/14,E2244,,Tunbridge Wells,SD,Library service,0,0.0,Revenue_Outturn__RO5__data_2013-14_by_LA.xlsx,RO5 LA Data 2013-14 (3),"row 169, column 50",Net Current Expenditure (C7 = C3 - C6)
2013/14,E2301,,Blackburn with Darwen UA,UA,Archives,40,40000.0,Revenue_Outturn__RO5__data_2013-14_by_LA.xlsx,RO5 LA Data 2013-14 (3),"row 170, column 6",Net Current Expenditure (C7 = C3 - C6)
2013/14,E2301,,Blackburn with Darwen UA,UA,Arts development and support,150,150000.0,Revenue_Outturn__RO5__data_2013-14_by_LA.xlsx,RO5 LA Data 2013-14 (3),"row 170, column 10",Net Current Expenditure (C7 = C3 - C6)
2013/14,E2301,,Blackburn with Darwen UA,UA,Heritage,9,9000.0,Revenue_Outturn__RO5__data_2013-14_by_LA.xlsx,RO5 LA Data 2013-14 (3),"row 170, column 14",Net Current Expenditure (C7 = C3 - C6)
2013/14,E2301,,Blackburn with Darwen UA,UA,Museums and galleries,510,510000.0,Revenue_Outturn__RO5__data_2013-14_by_LA.xlsx,RO5 LA Data 2013-14 (3),"row 170, column 18",Net Current Expenditure (C7 = C3 - C6)
2013/14,E2301,,Blackburn with Darwen UA,UA,Theatres and public entertainment,1299,1299000.0,Revenue_Outturn__RO5__data_2013-14_by_LA.xlsx,RO5 LA Data 2013-14 (3),"row 170, column 22",Net Current Expenditure (C7 = C3 - C6)
2013/14,E2301,,Blackburn with Darwen UA,UA,Library service,2250,2250000.0,Revenue_Outturn__RO5__data_2013-14_by_LA.xlsx,RO5 LA Data 2013-14 (3),"row 170, column 50",Net Current Expenditure (C7 = C3 - C6)
2013/14,E2302,,Blackpool UA,UA,Archives,58,58000.0,Revenue_Outturn__RO5__data_2013-14_by_LA.xlsx,RO5 LA Data 2013-14 (3),"row 171, column 6",Net Current Expenditure (C7 = C3 - C6)
2013/14,E2302,,Blackpool UA,UA,Arts development and support,228,228000.0,Revenue_Outturn__RO5__data_2013-14_by_LA.xlsx,RO5 LA Data 2013-14 (3),"row 171, column 10",Net Current Expenditure (C7 = C3 - C6)
2013/14,E2302,,Blackpool UA,UA,Heritage,180,180000.0,Revenue_Outturn__RO5__data_2013-14_by_LA.xlsx,RO5 LA Data 2013-14 (3),"row 171, column 14",Net Current Expenditure (C7 = C3 - C6)
2013/14,E2302,,Blackpool UA,UA,Museums and galleries,204,204000.0,Revenue_Outturn__RO5__data_2013-14_by_LA.xlsx,RO5 LA Data 2013-14 (3),"row 171, column 18",Net Current Expenditure (C7 = C3 - C6)
2013/14,E2302,,Blackpool UA,UA,Theatres and public entertainment,0,0.0,Revenue_Outturn__RO5__data_2013-14_by_LA.xlsx,RO5 LA Data 2013-14 (3),"row 171, column 22",Net Current Expenditure (C7 = C3 - C6)
2013/14,E2302,,Blackpool UA,UA,Library service,1990,1990000.0,Revenue_Outturn__RO5__data_2013-14_by_LA.xlsx,RO5 LA Data 2013-14 (3),"row 171, column 50",Net Current Expenditure (C7 = C3 - C6)
2013/14,E2321,,Lancashire CC,SC,Archives,726,726000.0,Revenue_Outturn__RO5__data_2013-14_by_LA.xlsx,RO5 LA Data 2013-14 (3),"row 172, column 6",Net Current Expenditure (C7 = C3 - C6)
2013/14,E2321,,Lancashire CC,SC,Arts development and support,1537,1537000.0,Revenue_Outturn__RO5__data_2013-14_by_LA.xlsx,RO5 LA Data 2013-14 (3),"row 172, column 10",Net Current Expenditure (C7 = C3 - C6)
2013/14,E2321,,Lancashire CC,SC,Heritage,323,323000.0,Revenue_Outturn__RO5__data_2013-14_by_LA.xlsx,RO5 LA Data 2013-14 (3),"row 172, column 14",Net Current Expenditure (C7 = C3 - C6)
2013/14,E2321,,Lancashire CC,SC,Museums and galleries,2187,2187000.0,Revenue_Outturn__RO5__data_2013-14_by_LA.xlsx,RO5 LA Data 2013-14 (3),"row 172, column 18",Net Current Expenditure (C7 = C3 - C6)
2013/14,E2321,,Lancashire CC,SC,Theatres and public entertainment,0,0.0,Revenue_Outturn__RO5__data_2013-14_by_LA.xlsx,RO5 LA Data 2013-14 (3),"row 172, column 22",Net Current Expenditure (C7 = C3 - C6)
2013/14,E2321,,Lancashire CC,SC,Library service,14795,14795000.0,Revenue_Outturn__RO5__data_2013-14_by_LA.xlsx,RO5 LA Data 2013-14 (3),"row 172, column 50",Net Current Expenditure (C7 = C3 - C6)
2013/14,E2333,,Burnley,SD,Archives,0,0.0,Revenue_Outturn__RO5__data_2013-14_by_LA.xlsx,RO5 LA Data 2013-14 (3),"row 173, column 6",Net Current Expenditure (C7 = C3 - C6)
2013/14,E2333,,Burnley,SD,Arts development and support,104,104000.0,Revenue_Outturn__RO5__data_2013-14_by_LA.xlsx,RO5 LA Data 2013-14 (3),"row 173, column 10",Net Current Expenditure (C7 = C3 - C6)
2013/14,E2333,,Burnley,SD,Heritage,0,0.0,Revenue_Outturn__RO5__data_2013-14_by_LA.xlsx,RO5 LA Data 2013-14 (3),"row 173, column 14",Net Current Expenditure (C7 = C3 - C6)
2013/14,E2333,,Burnley,SD,Museums and galleries,605,605000.0,Revenue_Outturn__RO5__data_2013-14_by_LA.xlsx,RO5 LA Data 2013-14 (3),"row 173, column 18",Net Current Expenditure (C7 = C3 - C6)
2013/14,E2333,,Burnley,SD,Theatres and public entertainment,494,494000.0,Revenue_Outturn__RO5__data_2013-14_by_LA.xlsx,RO5 LA Data 2013-14 (3),"row 173, column 22",Net Current Expenditure (C7 = C3 - C6)
2013/14,E2333,,Burnley,SD,Library service,0,0.0,Revenue_Outturn__RO5__data_2013-14_by_LA.xlsx,RO5 LA Data 2013-14 (3),"row 173, column 50",Net Current Expenditure (C7 = C3 - C6)
2013/14,E2334,,Chorley,SD,Archives,0,0.0,Revenue_Outturn__RO5__data_2013-14_by_LA.xlsx,RO5 LA Data 2013-14 (3),"row 174, column 6",Net Current Expenditure (C7 = C3 - C6)
2013/14,E2334,,Chorley,SD,Arts development and support,17,17000.0,Revenue_Outturn__RO5__data_2013-14_by_LA.xlsx,RO5 LA Data 2013-14 (3),"row 174, column 10",Net Current Expenditure (C7 = C3 - C6)
2013/14,E2334,,Chorley,SD,Heritage,0,0.0,Revenue_Outturn__RO5__data_2013-14_by_LA.xlsx,RO5 LA Data 2013-14 (3),"row 174, column 14",Net Current Expenditure (C7 = C3 - C6)
2013/14,E2334,,Chorley,SD,Museums and galleries,410,410000.0,Revenue_Outturn__RO5__data_2013-14_by_LA.xlsx,RO5 LA Data 2013-14 (3),"row 174, column 18",Net Current Expenditure (C7 = C3 - C6)
2013/14,E2334,,Chorley,SD,Theatres and public entertainment,0,0.0,Revenue_Outturn__RO5__data_2013-14_by_LA.xlsx,RO5 LA Data 2013-14 (3),"row 174, column 22",Net Current Expenditure (C7 = C3 - C6)
2013/14,E2334,,Chorley,SD,Library service,0,0.0,Revenue_Outturn__RO5__data_2013-14_by_LA.xlsx,RO5 LA Data 2013-14 (3),"row 174, column 50",Net Current Expenditure (C7 = C3 - C6)
2013/14,E2335,,Fylde,SD,Archives,0,0.0,Revenue_Outturn__RO5__data_2013-14_by_LA.xlsx,RO5 LA Data 2013-14 (3),"row 175, column 6",Net Current Expenditure (C7 = C3 - C6)
2013/14,E2335,,Fylde,SD,Arts development and support,42,42000.0,Revenue_Outturn__RO5__data_2013-14_by_LA.xlsx,RO5 LA Data 2013-14 (3),"row 175, column 10",Net Current Expenditure (C7 = C3 - C6)
2013/14,E2335,,Fylde,SD,Heritage,227,227000.0,Revenue_Outturn__RO5__data_2013-14_by_LA.xlsx,RO5 LA Data 2013-14 (3),"row 175, column 14",Net Current Expenditure (C7 = C3 - C6)
2013/14,E2335,,Fylde,SD,Museums and galleries,12,12000.0,Revenue_Outturn__RO5__data_2013-14_by_LA.xlsx,RO5 LA Data 2013-14 (3),"row 175, column 18",Net Current Expenditure (C7 = C3 - C6)
2013/14,E2335,,Fylde,SD,Theatres and public entertainment,0,0.0,Revenue_Outturn__RO5__data_2013-14_by_LA.xlsx,RO5 LA Data 2013-14 (3),"row 175, column 22",Net Current Expenditure (C7 = C3 - C6)
2013/14,E2335,,Fylde,SD,Library service,0,0.0,Revenue_Outturn__RO5__data_2013-14_by_LA.xlsx,RO5 LA Data 2013-14 (3),"row 175, column 50",Net Current Expenditure (C7 = C3 - C6)
2013/14,E2336,,Hyndburn BC,SD,Archives,0,0.0,Revenue_Outturn__RO5__data_2013-14_by_LA.xlsx,RO5 LA Data 2013-14 (3),"row 176, column 6",Net Current Expenditure (C7 = C3 - C6)
2013/14,E2336,,Hyndburn BC,SD,Arts development and support,0,0.0,Revenue_Outturn__RO5__data_2013-14_by_LA.xlsx,RO5 LA Data 2013-14 (3),"row 176, column 10",Net Current Expenditure (C7 = C3 - C6)
2013/14,E2336,,Hyndburn BC,SD,Heritage,0,0.0,Revenue_Outturn__RO5__data_2013-14_by_LA.xlsx,RO5 LA Data 2013-14 (3),"row 176, column 14",Net Current Expenditure (C7 = C3 - C6)
2013/14,E2336,,Hyndburn BC,SD,Museums and galleries,135,135000.0,Revenue_Outturn__RO5__data_2013-14_by_LA.xlsx,RO5 LA Data 2013-14 (3),"row 176, column 18",Net Current Expenditure (C7 = C3 - C6)
2013/14,E2336,,Hyndburn BC,SD,Theatres and public entertainment,249,249000.0,Revenue_Outturn__RO5__data_2013-14_by_LA.xlsx,RO5 LA Data 2013-14 (3),"row 176, column 22",Net Current Expenditure (C7 = C3 - C6)
2013/14,E2336,,Hyndburn BC,SD,Library service,0,0.0,Revenue_Outturn__RO5__data_2013-14_by_LA.xlsx,RO5 LA Data 2013-14 (3),"row 176, column 50",Net Current Expenditure (C7 = C3 - C6)
2013/14,E2337,,Lancaster,SD,Archives,0,0.0,Revenue_Outturn__RO5__data_2013-14_by_LA.xlsx,RO5 LA Data 2013-14 (3),"row 177, column 6",Net Current Expenditure (C7 = C3 - C6)
2013/14,E2337,,Lancaster,SD,Arts development and support,0,0.0,Revenue_Outturn__RO5__data_2013-14_by_LA.xlsx,RO5 LA Data 2013-14 (3),"row 177, column 10",Net Current Expenditure (C7 = C3 - C6)
2013/14,E2337,,Lancaster,SD,Heritage,28,28000.0,Revenue_Outturn__RO5__data_2013-14_by_LA.xlsx,RO5 LA Data 2013-14 (3),"row 177, column 14",Net Current Expenditure (C7 = C3 - C6)
2013/14,E2337,,Lancaster,SD,Museums and galleries,542,542000.0,Revenue_Outturn__RO5__data_2013-14_by_LA.xlsx,RO5 LA Data 2013-14 (3),"row 177, column 18",Net Current Expenditure (C7 = C3 - C6)
2013/14,E2337,,Lancaster,SD,Theatres and public entertainment,514,514000.0,Revenue_Outturn__RO5__data_2013-14_by_LA.xlsx,RO5 LA Data 2013-14 (3),"row 177, column 22",Net Current Expenditure (C7 = C3 - C6)
2013/14,E2337,,Lancaster,SD,Library service,0,0.0,Revenue_Outturn__RO5__data_2013-14_by_LA.xlsx,RO5 LA Data 2013-14 (3),"row 177, column 50",Net Current Expenditure (C7 = C3 - C6)
2013/14,E2338,,Pendle,SD,Archives,0,0.0,Revenue_Outturn__RO5__data_2013-14_by_LA.xlsx,RO5 LA Data 2013-14 (3),"row 178, column 6",Net Current Expenditure (C7 = C3 - C6)
2013/14,E2338,,Pendle,SD,Arts development and support,1,1000.0,Revenue_Outturn__RO5__data_2013-14_by_LA.xlsx,RO5 LA Data 2013-14 (3),"row 178, column 10",Net Current Expenditure (C7 = C3 - C6)
2013/14,E2338,,Pendle,SD,Heritage,7,7000.0,Revenue_Outturn__RO5__data_2013-14_by_LA.xlsx,RO5 LA Data 2013-14 (3),"row 178, column 14",Net Current Expenditure (C7 = C3 - C6)
2013/14,E2338,,Pendle,SD,Museums and galleries,0,0.0,Revenue_Outturn__RO5__data_2013-14_by_LA.xlsx,RO5 LA Data 2013-14 (3),"row 178, column 18",Net Current Expenditure (C7 = C3 - C6)
2013/14,E2338,,Pendle,SD,Theatres and public entertainment,161,161000.0,Revenue_Outturn__RO5__data_2013-14_by_LA.xlsx,RO5 LA Data 2013-14 (3),"row 178, column 22",Net Current Expenditure (C7 = C3 - C6)
2013/14,E2338,,Pendle,SD,Library service,0,0.0,Revenue_Outturn__RO5__data_2013-14_by_LA.xlsx,RO5 LA Data 2013-14 (3),"row 178, column 50",Net Current Expenditure (C7 = C3 - C6)
2013/14,E2339,,Preston,SD,Archives,0,0.0,Revenue_Outturn__RO5__data_2013-14_by_LA.xlsx,RO5 LA Data 2013-14 (3),"row 179, column 6",Net Current Expenditure (C7 = C3 - C6)
2013/14,E2339,,Preston,SD,Arts development and support,19,19000.0,Revenue_Outturn__RO5__data_2013-14_by_LA.xlsx,RO5 LA Data 2013-14 (3),"row 179, column 10",Net Current Expenditure (C7 = C3 - C6)
2013/14,E2339,,Preston,SD,Heritage,-22,-22000.0,Revenue_Outturn__RO5__data_2013-14_by_LA.xlsx,RO5 LA Data 2013-14 (3),"row 179, column 14",Net Current Expenditure (C7 = C3 - C6)
2013/14,E2339,,Preston,SD,Museums and galleries,1207,1207000.0,Revenue_Outturn__RO5__data_2013-14_by_LA.xlsx,RO5 LA Data 2013-14 (3),"row 179, column 18",Net Current Expenditure (C7 = C3 - C6)
2013/14,E2339,,Preston,SD,Theatres and public entertainment,995,995000.0,Revenue_Outturn__RO5__data_2013-14_by_LA.xlsx,RO5 LA Data 2013-14 (3),"row 179, column 22",Net Current Expenditure (C7 = C3 - C6)
2013/14,E2339,,Preston,SD,Library service,0,0.0,Revenue_Outturn__RO5__data_2013-14_by_LA.xlsx,RO5 LA Data 2013-14 (3),"row 179, column 50",Net Current Expenditure (C7 = C3 - C6)
2013/14,E2340,,Ribble Valley,SD,Archives,0,0.0,Revenue_Outturn__RO5__data_2013-14_by_LA.xlsx,RO5 LA Data 2013-14 (3),"row 180, column 6",Net Current Expenditure (C7 = C3 - C6)
2013/14,E2340,,Ribble Valley,SD,Arts development and support,36,36000.0,Revenue_Outturn__RO5__data_2013-14_by_LA.xlsx,RO5 LA Data 2013-14 (3),"row 180, column 10",Net Current Expenditure (C7 = C3 - C6)
2013/14,E2340,,Ribble Valley,SD,Heritage,0,0.0,Revenue_Outturn__RO5__data_2013-14_by_LA.xlsx,RO5 LA Data 2013-14 (3),"row 180, column 14",Net Current Expenditure (C7 = C3 - C6)
2013/14,E2340,,Ribble Valley,SD,Museums and galleries,256,256000.0,Revenue_Outturn__RO5__data_2013-14_by_LA.xlsx,RO5 LA Data 2013-14 (3),"row 180, column 18",Net Current Expenditure (C7 = C3 - C6)
2013/14,E2340,,Ribble Valley,SD,Theatres and public entertainment,0,0.0,Revenue_Outturn__RO5__data_2013-14_by_LA.xlsx,RO5 LA Data 2013-14 (3),"row 180, column 22",Net Current Expenditure (C7 = C3 - C6)
2013/14,E2340,,Ribble Valley,SD,Library service,0,0.0,Revenue_Outturn__RO5__data_2013-14_by_LA.xlsx,RO5 LA Data 2013-14 (3),"row 180, column 50",Net Current Expenditure (C7 = C3 - C6)
2013/14,E2341,,Rossendale,SD,Archives,0,0.0,Revenue_Outturn__RO5__data_2013-14_by_LA.xlsx,RO5 LA Data 2013-14 (3),"row 181, column 6",Net Current Expenditure (C7 = C3 - C6)
2013/14,E2341,,Rossendale,SD,Arts development and support,0,0.0,Revenue_Outturn__RO5__data_2013-14_by_LA.xlsx,RO5 LA Data 2013-14 (3),"row 181, column 10",Net Current Expenditure (C7 = C3 - C6)
2013/14,E2341,,Rossendale,SD,Heritage,0,0.0,Revenue_Outturn__RO5__data_2013-14_by_LA.xlsx,RO5 LA Data 2013-14 (3),"row 181, column 14",Net Current Expenditure (C7 = C3 - C6)
2013/14,E2341,,Rossendale,SD,Museums and galleries,95,95000.0,Revenue_Outturn__RO5__data_2013-14_by_LA.xlsx,RO5 LA Data 2013-14 (3),"row 181, column 18",Net Current Expenditure (C7 = C3 - C6)
2013/14,E2341,,Rossendale,SD,Theatres and public entertainment,0,0.0,Revenue_Outturn__RO5__data_2013-14_by_LA.xlsx,RO5 LA Data 2013-14 (3),"row 181, column 22",Net Current Expenditure (C7 = C3 - C6)
2013/14,E2341,,Rossendale,SD,Library service,0,0.0,Revenue_Outturn__RO5__data_2013-14_by_LA.xlsx,RO5 LA Data 2013-14 (3),"row 181, column 50",Net Current Expenditure (C7 = C3 - C6)
2013/14,E2342,,South Ribble,SD,Archives,0,0.0,Revenue_Outturn__RO5__data_2013-14_by_LA.xlsx,RO5 LA Data 2013-14 (3),"row 182, column 6",Net Current Expenditure (C7 = C3 - C6)
2013/14,E2342,,South Ribble,SD,Arts development and support,19,19000.0,Revenue_Outturn__RO5__data_2013-14_by_LA.xlsx,RO5 LA Data 2013-14 (3),"row 182, column 10",Net Current Expenditure (C7 = C3 - C6)
2013/14,E2342,,South Ribble,SD,Heritage,0,0.0,Revenue_Outturn__RO5__data_2013-14_by_LA.xlsx,RO5 LA Data 2013-14 (3),"row 182, column 14",Net Current Expenditure (C7 = C3 - C6)
2013/14,E2342,,South Ribble,SD,Museums and galleries,81,81000.0,Revenue_Outturn__RO5__data_2013-14_by_LA.xlsx,RO5 LA Data 2013-14 (3),"row 182, column 18",Net Current Expenditure (C7 = C3 - C6)
2013/14,E2342,,South Ribble,SD,Theatres and public entertainment,92,92000.0,Revenue_Outturn__RO5__data_2013-14_by_LA.xlsx,RO5 LA Data 2013-14 (3),"row 182, column 22",Net Current Expenditure (C7 = C3 - C6)
2013/14,E2342,,South Ribble,SD,Library service,0,0.0,Revenue_Outturn__RO5__data_2013-14_by_LA.xlsx,RO5 LA Data 2013-14 (3),"row 182, column 50",Net Current Expenditure (C7 = C3 - C6)
2013/14,E2343,,West Lancashire,SD,Archives,0,0.0,Revenue_Outturn__RO5__data_2013-14_by_LA.xlsx,RO5 LA Data 2013-14 (3),"row 183, column 6",Net Current Expenditure (C7 = C3 - C6)
2013/14,E2343,,West Lancashire,SD,Arts development and support,117,117000.0,Revenue_Outturn__RO5__data_2013-14_by_LA.xlsx,RO5 LA Data 2013-14 (3),"row 183, column 10",Net Current Expenditure (C7 = C3 - C6)
2013/14,E2343,,West Lancashire,SD,Heritage,10,10000.0,Revenue_Outturn__RO5__data_2013-14_by_LA.xlsx,RO5 LA Data 2013-14 (3),"row 183, column 14",Net Current Expenditure (C7 = C3 - C6)
2013/14,E2343,,West Lancashire,SD,Museums and galleries,134,134000.0,Revenue_Outturn__RO5__data_2013-14_by_LA.xlsx,RO5 LA Data 2013-14 (3),"row 183, column 18",Net Current Expenditure (C7 = C3 - C6)
2013/14,E2343,,West Lancashire,SD,Theatres and public entertainment,69,69000.0,Revenue_Outturn__RO5__data_2013-14_by_LA.xlsx,RO5 LA Data 2013-14 (3),"row 183, column 22",Net Current Expenditure (C7 = C3 - C6)
2013/14,E2343,,West Lancashire,SD,Library service,0,0.0,Revenue_Outturn__RO5__data_2013-14_by_LA.xlsx,RO5 LA Data 2013-14 (3),"row 183, column 50",Net Current Expenditure (C7 = C3 - C6)
2013/14,E2344,,Wyre,SD,Archives,0,0.0,Revenue_Outturn__RO5__data_2013-14_by_LA.xlsx,RO5 LA Data 2013-14 (3),"row 184, column 6",Net Current Expenditure (C7 = C3 - C6)
2013/14,E2344,,Wyre,SD,Arts development and support,118,118000.0,Revenue_Outturn__RO5__data_2013-14_by_LA.xlsx,RO5 LA Data 2013-14 (3),"row 184, column 10",Net Current Expenditure (C7 = C3 - C6)
2013/14,E2344,,Wyre,SD,Heritage,58,58000.0,Revenue_Outturn__RO5__data_2013-14_by_LA.xlsx,RO5 LA Data 2013-14 (3),"row 184, column 14",Net Current Expenditure (C7 = C3 - C6)
2013/14,E2344,,Wyre,SD,Museums and galleries,0,0.0,Revenue_Outturn__RO5__data_2013-14_by_LA.xlsx,RO5 LA Data 2013-14 (3),"row 184, column 18",Net Current Expenditure (C7 = C3 - C6)
2013/14,E2344,,Wyre,SD,Theatres and public entertainment,390,390000.0,Revenue_Outturn__RO5__data_2013-14_by_LA.xlsx,RO5 LA Data 2013-14 (3),"row 184, column 22",Net Current Expenditure (C7 = C3 - C6)
2013/14,E2344,,Wyre,SD,Library service,0,0.0,Revenue_Outturn__RO5__data_2013-14_by_LA.xlsx,RO5 LA Data 2013-14 (3),"row 184, column 50",Net Current Expenditure (C7 = C3 - C6)
2013/14,E2401,,Leicester City UA,UA,Archives,197,197000.0,Revenue_Outturn__RO5__data_2013-14_by_LA.xlsx,RO5 LA Data 2013-14 (3),"row 185, column 6",Net Current Expenditure (C7 = C3 - C6)
2013/14,E2401,,Leicester City UA,UA,Arts development and support,872,872000.0,Revenue_Outturn__RO5__data_2013-14_by_LA.xlsx,RO5 LA Data 2013-14 (3),"row 185, column 10",Net Current Expenditure (C7 = C3 - C6)
2013/14,E2401,,Leicester City UA,UA,Heritage,99,99000.0,Revenue_Outturn__RO5__data_2013-14_by_LA.xlsx,RO5 LA Data 2013-14 (3),"row 185, column 14",Net Current Expenditure (C7 = C3 - C6)
2013/14,E2401,,Leicester City UA,UA,Museums and galleries,3304,3304000.0,Revenue_Outturn__RO5__data_2013-14_by_LA.xlsx,RO5 LA Data 2013-14 (3),"row 185, column 18",Net Current Expenditure (C7 = C3 - C6)
2013/14,E2401,,Leicester City UA,UA,Theatres and public entertainment,2747,2747000.0,Revenue_Outturn__RO5__data_2013-14_by_LA.xlsx,RO5 LA Data 2013-14 (3),"row 185, column 22",Net Current Expenditure (C7 = C3 - C6)
2013/14,E2401,,Leicester City UA,UA,Library service,3709,3709000.0,Revenue_Outturn__RO5__data_2013-14_by_LA.xlsx,RO5 LA Data 2013-14 (3),"row 185, column 50",Net Current Expenditure (C7 = C3 - C6)
2013/14,E2402,,Rutland UA,UA,Archives,0,0.0,Revenue_Outturn__RO5__data_2013-14_by_LA.xlsx,RO5 LA Data 2013-14 (3),"row 186, column 6",Net Current Expenditure (C7 = C3 - C6)
2013/14,E2402,,Rutland UA,UA,Arts development and support,12,12000.0,Revenue_Outturn__RO5__data_2013-14_by_LA.xlsx,RO5 LA Data 2013-14 (3),"row 186, column 10",Net Current Expenditure (C7 = C3 - C6)
2013/14,E2402,,Rutland UA,UA,Heritage,3,3000.0,Revenue_Outturn__RO5__data_2013-14_by_LA.xlsx,RO5 LA Data 2013-14 (3),"row 186, column 14",Net Current Expenditure (C7 = C3 - C6)
2013/14,E2402,,Rutland UA,UA,Museums and galleries,363,363000.0,Revenue_Outturn__RO5__data_2013-14_by_LA.xlsx,RO5 LA Data 2013-14 (3),"row 186, column 18",Net Current Expenditure (C7 = C3 - C6)
2013/14,E2402,,Rutland UA,UA,Theatres and public entertainment,14,14000.0,Revenue_Outturn__RO5__data_2013-14_by_LA.xlsx,RO5 LA Data 2013-14 (3),"row 186, column 22",Net Current Expenditure (C7 = C3 - C6)
2013/14,E2402,,Rutland UA,UA,Library service,592,592000.0,Revenue_Outturn__RO5__data_2013-14_by_LA.xlsx,RO5 LA Data 2013-14 (3),"row 186, column 50",Net Current Expenditure (C7 = C3 - C6)
2013/14,E2421,,Leicestershire CC,SC,Archives,267,267000.0,Revenue_Outturn__RO5__data_2013-14_by_LA.xlsx,RO5 LA Data 2013-14 (3),"row 187, column 6",Net Current Expenditure (C7 = C3 - C6)
2013/14,E2421,,Leicestershire CC,SC,Arts development and support,0,0.0,Revenue_Outturn__RO5__data_2013-14_by_LA.xlsx,RO5 LA Data 2013-14 (3),"row 187, column 10",Net Current Expenditure (C7 = C3 - C6)
2013/14,E2421,,Leicestershire CC,SC,Heritage,0,0.0,Revenue_Outturn__RO5__data_2013-14_by_LA.xlsx,RO5 LA Data 2013-14 (3),"row 187, column 14",Net Current Expenditure (C7 = C3 - C6)
2013/14,E2421,,Leicestershire CC,SC,Museums and galleries,3607,3607000.0,Revenue_Outturn__RO5__data_2013-14_by_LA.xlsx,RO5 LA Data 2013-14 (3),"row 187, column 18",Net Current Expenditure (C7 = C3 - C6)
2013/14,E2421,,Leicestershire CC,SC,Theatres and public entertainment,0,0.0,Revenue_Outturn__RO5__data_2013-14_by_LA.xlsx,RO5 LA Data 2013-14 (3),"row 187, column 22",Net Current Expenditure (C7 = C3 - C6)
2013/14,E2421,,Leicestershire CC,SC,Library service,7803,7803000.0,Revenue_Outturn__RO5__data_2013-14_by_LA.xlsx,RO5 LA Data 2013-14 (3),"row 187, column 50",Net Current Expenditure (C7 = C3 - C6)
2013/14,E2431,,Blaby,SD,Archives,0,0.0,Revenue_Outturn__RO5__data_2013-14_by_LA.xlsx,RO5 LA Data 2013-14 (3),"row 188, column 6",Net Current Expenditure (C7 = C3 - C6)
2013/14,E2431,,Blaby,SD,Arts development and support,20,20000.0,Revenue_Outturn__RO5__data_2013-14_by_LA.xlsx,RO5 LA Data 2013-14 (3),"row 188, column 10",Net Current Expenditure (C7 = C3 - C6)
2013/14,E2431,,Blaby,SD,Heritage,0,0.0,Revenue_Outturn__RO5__data_2013-14_by_LA.xlsx,RO5 LA Data 2013-14 (3),"row 188, column 14",Net Current Expenditure (C7 = C3 - C6)
2013/14,E2431,,Blaby,SD,Museums and galleries,0,0.0,Revenue_Outturn__RO5__data_2013-14_by_LA.xlsx,RO5 LA Data 2013-14 (3),"row 188, column 18",Net Current Expenditure (C7 = C3 - C6)
2013/14,E2431,,Blaby,SD,Theatres and public entertainment,0,0.0,Revenue_Outturn__RO5__data_2013-14_by_LA.xlsx,RO5 LA Data 2013-14 (3),"row 188, column 22",Net Current Expenditure (C7 = C3 - C6)
2013/14,E2431,,Blaby,SD,Library service,0,0.0,Revenue_Outturn__RO5__data_2013-14_by_LA.xlsx,RO5 LA Data 2013-14 (3),"row 188, column 50",Net Current Expenditure (C7 = C3 - C6)
2013/14,E2432,,Charnwood BC,SD,Archives,0,0.0,Revenue_Outturn__RO5__data_2013-14_by_LA.xlsx,RO5 LA Data 2013-14 (3),"row 189, column 6",Net Current Expenditure (C7 = C3 - C6)
2013/14,E2432,,Charnwood BC,SD,Arts development and support,81,81000.0,Revenue_Outturn__RO5__data_2013-14_by_LA.xlsx,RO5 LA Data 2013-14 (3),"row 189, column 10",Net Current Expenditure (C7 = C3 - C6)
2013/14,E2432,,Charnwood BC,SD,Heritage,17,17000.0,Revenue_Outturn__RO5__data_2013-14_by_LA.xlsx,RO5 LA Data 2013-14 (3),"row 189, column 14",Net Current Expenditure (C7 = C3 - C6)
2013/14,E2432,,Charnwood BC,SD,Museums and galleries,180,180000.0,Revenue_Outturn__RO5__data_2013-14_by_LA.xlsx,RO5 LA Data 2013-14 (3),"row 189, column 18",Net Current Expenditure (C7 = C3 - C6)
2013/14,E2432,,Charnwood BC,SD,Theatres and public entertainment,359,359000.0,Revenue_Outturn__RO5__data_2013-14_by_LA.xlsx,RO5 LA Data 2013-14 (3),"row 189, column 22",Net Current Expenditure (C7 = C3 - C6)
2013/14,E2432,,Charnwood BC,SD,Library service,0,0.0,Revenue_Outturn__RO5__data_2013-14_by_LA.xlsx,RO5 LA Data 2013-14 (3),"row 189, column 50",Net Current Expenditure (C7 = C3 - C6)
2013/14,E2433,,Harborough,SD,Archives,0,0.0,Revenue_Outturn__RO5__data_2013-14_by_LA.xlsx,RO5 LA Data 2013-14 (3),"row 190, column 6",Net Current Expenditure (C7 = C3 - C6)
2013/14,E2433,,Harborough,SD,Arts development and support,0,0.0,Revenue_Outturn__RO5__data_2013-14_by_LA.xlsx,RO5 LA Data 2013-14 (3),"row 190, column 10",Net Current Expenditure (C7 = C3 - C6)
2013/14,E2433,,Harborough,SD,Heritage,0,0.0,Revenue_Outturn__RO5__data_2013-14_by_LA.xlsx,RO5 LA Data 2013-14 (3),"row 190, column 14",Net Current Expenditure (C7 = C3 - C6)
2013/14,E2433,,Harborough,SD,Museums and galleries,36,36000.0,Revenue_Outturn__RO5__data_2013-14_by_LA.xlsx,RO5 LA Data 2013-14 (3),"row 190, column 18",Net Current Expenditure (C7 = C3 - C6)
2013/14,E2433,,Harborough,SD,Theatres and public entertainment,0,0.0,Revenue_Outturn__RO5__data_2013-14_by_LA.xlsx,RO5 LA Data 2013-14 (3),"row 190, column 22",Net Current Expenditure (C7 = C3 - C6)
2013/14,E2433,,Harborough,SD,Library service,0,0.0,Revenue_Outturn__RO5__data_2013-14_by_LA.xlsx,RO5 LA Data 2013-14 (3),"row 190, column 50",Net Current Expenditure (C7 = C3 - C6)
2013/14,E2434,,Hinckley & Bosworth,SD,Archives,0,0.0,Revenue_Outturn__RO5__data_2013-14_by_LA.xlsx,RO5 LA Data 2013-14 (3),"row 191, column 6",Net Current Expenditure (C7 = C3 - C6)
2013/14,E2434,,Hinckley & Bosworth,SD,Arts development and support,89,89000.0,Revenue_Outturn__RO5__data_2013-14_by_LA.xlsx,RO5 LA Data 2013-14 (3),"row 191, column 10",Net Current Expenditure (C7 = C3 - C6)
2013/14,E2434,,Hinckley & Bosworth,SD,Heritage,0,0.0,Revenue_Outturn__RO5__data_2013-14_by_LA.xlsx,RO5 LA Data 2013-14 (3),"row 191, column 14",Net Current Expenditure (C7 = C3 - C6)
2013/14,E2434,,Hinckley & Bosworth,SD,Museums and galleries,0,0.0,Revenue_Outturn__RO5__data_2013-14_by_LA.xlsx,RO5 LA Data 2013-14 (3),"row 191, column 18",Net Current Expenditure (C7 = C3 - C6)
2013/14,E2434,,Hinckley & Bosworth,SD,Theatres and public entertainment,37,37000.0,Revenue_Outturn__RO5__data_2013-14_by_LA.xlsx,RO5 LA Data 2013-14 (3),"row 191, column 22",Net Current Expenditure (C7 = C3 - C6)
2013/14,E2434,,Hinckley & Bosworth,SD,Library service,0,0.0,Revenue_Outturn__RO5__data_2013-14_by_LA.xlsx,RO5 LA Data 2013-14 (3),"row 191, column 50",Net Current Expenditure (C7 = C3 - C6)
2013/14,E2436,,Melton,SD,Archives,0,0.0,Revenue_Outturn__RO5__data_2013-14_by_LA.xlsx,RO5 LA Data 2013-14 (3),"row 192, column 6",Net Current Expenditure (C7 = C3 - C6)
2013/14,E2436,,Melton,SD,Arts development and support,34,34000.0,Revenue_Outturn__RO5__data_2013-14_by_LA.xlsx,RO5 LA Data 2013-14 (3),"row 192, column 10",Net Current Expenditure (C7 = C3 - C6)
2013/14,E2436,,Melton,SD,Heritage,0,0.0,Revenue_Outturn__RO5__data_2013-14_by_LA.xlsx,RO5 LA Data 2013-14 (3),"row 192, column 14",Net Current Expenditure (C7 = C3 - C6)
2013/14,E2436,,Melton,SD,Museums and galleries,0,0.0,Revenue_Outturn__RO5__data_2013-14_by_LA.xlsx,RO5 LA Data 2013-14 (3),"row 192, column 18",Net Current Expenditure (C7 = C3 - C6)
2013/14,E2436,,Melton,SD,Theatres and public entertainment,0,0.0,Revenue_Outturn__RO5__data_2013-14_by_LA.xlsx,RO5 LA Data 2013-14 (3),"row 192, column 22",Net Current Expenditure (C7 = C3 - C6)
2013/14,E2436,,Melton,SD,Library service,0,0.0,Revenue_Outturn__RO5__data_2013-14_by_LA.xlsx,RO5 LA Data 2013-14 (3),"row 192, column 50",Net Current Expenditure (C7 = C3 - C6)
2013/14,E2437,,North West Leicestershire,SD,Archives,0,0.0,Revenue_Outturn__RO5__data_2013-14_by_LA.xlsx,RO5 LA Data 2013-14 (3),"row 193, column 6",Net Current Expenditure (C7 = C3 - C6)
2013/14,E2437,,North West Leicestershire,SD,Arts development and support,128,128000.0,Revenue_Outturn__RO5__data_2013-14_by_LA.xlsx,RO5 LA Data 2013-14 (3),"row 193, column 10",Net Current Expenditure (C7 = C3 - C6)
2013/14,E2437,,North West Leicestershire,SD,Heritage,41,41000.0,Revenue_Outturn__RO5__data_2013-14_by_LA.xlsx,RO5 LA Data 2013-14 (3),"row 193, column 14",Net Current Expenditure (C7 = C3 - C6)
2013/14,E2437,,North West Leicestershire,SD,Museums and galleries,0,0.0,Revenue_Outturn__RO5__data_2013-14_by_LA.xlsx,RO5 LA Data 2013-14 (3),"row 193, column 18",Net Current Expenditure (C7 = C3 - C6)
2013/14,E2437,,North West Leicestershire,SD,Theatres and public entertainment,0,0.0,Revenue_Outturn__RO5__data_2013-14_by_LA.xlsx,RO5 LA Data 2013-14 (3),"row 193, column 22",Net Current Expenditure (C7 = C3 - C6)
2013/14,E2437,,North West Leicestershire,SD,Library service,0,0.0,Revenue_Outturn__RO5__data_2013-14_by_LA.xlsx,RO5 LA Data 2013-14 (3),"row 193, column 50",Net Current Expenditure (C7 = C3 - C6)
2013/14,E2438,,Oadby & Wigston,SD,Archives,0,0.0,Revenue_Outturn__RO5__data_2013-14_by_LA.xlsx,RO5 LA Data 2013-14 (3),"row 194, column 6",Net Current Expenditure (C7 = C3 - C6)
2013/14,E2438,,Oadby & Wigston,SD,Arts development and support,0,0.0,Revenue_Outturn__RO5__data_2013-14_by_LA.xlsx,RO5 LA Data 2013-14 (3),"row 194, column 10",Net Current Expenditure (C7 = C3 - C6)
2013/14,E2438,,Oadby & Wigston,SD,Heritage,0,0.0,Revenue_Outturn__RO5__data_2013-14_by_LA.xlsx,RO5 LA Data 2013-14 (3),"row 194, column 14",Net Current Expenditure (C7 = C3 - C6)
2013/14,E2438,,Oadby & Wigston,SD,Museums and galleries,0,0.0,Revenue_Outturn__RO5__data_2013-14_by_LA.xlsx,RO5 LA Data 2013-14 (3),"row 194, column 18",Net Current Expenditure (C7 = C3 - C6)
2013/14,E2438,,Oadby & Wigston,SD,Theatres and public entertainment,0,0.0,Revenue_Outturn__RO5__data_2013-14_by_LA.xlsx,RO5 LA Data 2013-14 (3),"row 194, column 22",Net Current Expenditure (C7 = C3 - C6)
2013/14,E2438,,Oadby & Wigston,SD,Library service,0,0.0,Revenue_Outturn__RO5__data_2013-14_by_LA.xlsx,RO5 LA Data 2013-14 (3),"row 194, column 50",Net Current Expenditure (C7 = C3 - C6)
2013/14,E2520,,Lincolnshire CC,SC,Archives,750,750000.0,Revenue_Outturn__RO5__data_2013-14_by_LA.xlsx,RO5 LA Data 2013-14 (3),"row 195, column 6",Net Current Expenditure (C7 = C3 - C6)
2013/14,E2520,,Lincolnshire CC,SC,Arts development and support,183,183000.0,Revenue_Outturn__RO5__data_2013-14_by_LA.xlsx,RO5 LA Data 2013-14 (3),"row 195, column 10",Net Current Expenditure (C7 = C3 - C6)
2013/14,E2520,,Lincolnshire CC,SC,Heritage,1180,1180000.0,Revenue_Outturn__RO5__data_2013-14_by_LA.xlsx,RO5 LA Data 2013-14 (3),"row 195, column 14",Net Current Expenditure (C7 = C3 - C6)
2013/14,E2520,,Lincolnshire CC,SC,Museums and galleries,2146,2146000.0,Revenue_Outturn__RO5__data_2013-14_by_LA.xlsx,RO5 LA Data 2013-14 (3),"row 195, column 18",Net Current Expenditure (C7 = C3 - C6)
2013/14,E2520,,Lincolnshire CC,SC,Theatres and public entertainment,0,0.0,Revenue_Outturn__RO5__data_2013-14_by_LA.xlsx,RO5 LA Data 2013-14 (3),"row 195, column 22",Net Current Expenditure (C7 = C3 - C6)
2013/14,E2520,,Lincolnshire CC,SC,Library service,10505,10505000.0,Revenue_Outturn__RO5__data_2013-14_by_LA.xlsx,RO5 LA Data 2013-14 (3),"row 195, column 50",Net Current Expenditure (C7 = C3 - C6)
2013/14,E2531,,Boston BC,SD,Archives,0,0.0,Revenue_Outturn__RO5__data_2013-14_by_LA.xlsx,RO5 LA Data 2013-14 (3),"row 196, column 6",Net Current Expenditure (C7 = C3 - C6)
2013/14,E2531,,Boston BC,SD,Arts development and support,0,0.0,Revenue_Outturn__RO5__data_2013-14_by_LA.xlsx,RO5 LA Data 2013-14 (3),"row 196, column 10",Net Current Expenditure (C7 = C3 - C6)
2013/14,E2531,,Boston BC,SD,Heritage,0,0.0,Revenue_Outturn__RO5__data_2013-14_by_LA.xlsx,RO5 LA Data 2013-14 (3),"row 196, column 14",Net Current Expenditure (C7 = C3 - C6)
2013/14,E2531,,Boston BC,SD,Museums and galleries,211,211000.0,Revenue_Outturn__RO5__data_2013-14_by_LA.xlsx,RO5 LA Data 2013-14 (3),"row 196, column 18",Net Current Expenditure (C7 = C3 - C6)
2013/14,E2531,,Boston BC,SD,Theatres and public entertainment,-2,-2000.0,Revenue_Outturn__RO5__data_2013-14_by_LA.xlsx,RO5 LA Data 2013-14 (3),"row 196, column 22",Net Current Expenditure (C7 = C3 - C6)
2013/14,E2531,,Boston BC,SD,Library service,0,0.0,Revenue_Outturn__RO5__data_2013-14_by_LA.xlsx,RO5 LA Data 2013-14 (3),"row 196, column 50",Net Current Expenditure (C7 = C3 - C6)
2013/14,E2532,,East Lindsey,SD,Archives,0,0.0,Revenue_Outturn__RO5__data_2013-14_by_LA.xlsx,RO5 LA Data 2013-14 (3),"row 197, column 6",Net Current Expenditure (C7 = C3 - C6)
2013/14,E2532,,East Lindsey,SD,Arts development and support,602,602000.0,Revenue_Outturn__RO5__data_2013-14_by_LA.xlsx,RO5 LA Data 2013-14 (3),"row 197, column 10",Net Current Expenditure (C7 = C3 - C6)
2013/14,E2532,,East Lindsey,SD,Heritage,13,13000.0,Revenue_Outturn__RO5__data_2013-14_by_LA.xlsx,RO5 LA Data 2013-14 (3),"row 197, column 14",Net Current Expenditure (C7 = C3 - C6)
2013/14,E2532,,East Lindsey,SD,Museums and galleries,0,0.0,Revenue_Outturn__RO5__data_2013-14_by_LA.xlsx,RO5 LA Data 2013-14 (3),"row 197, column 18",Net Current Expenditure (C7 = C3 - C6)
2013/14,E2532,,East Lindsey,SD,Theatres and public entertainment,310,310000.0,Revenue_Outturn__RO5__data_2013-14_by_LA.xlsx,RO5 LA Data 2013-14 (3),"row 197, column 22",Net Current Expenditure (C7 = C3 - C6)
2013/14,E2532,,East Lindsey,SD,Library service,0,0.0,Revenue_Outturn__RO5__data_2013-14_by_LA.xlsx,RO5 LA Data 2013-14 (3),"row 197, column 50",Net Current Expenditure (C7 = C3 - C6)
2013/14,E2533,,Lincoln City,SD,Archives,0,0.0,Revenue_Outturn__RO5__data_2013-14_by_LA.xlsx,RO5 LA Data 2013-14 (3),"row 198, column 6",Net Current Expenditure (C7 = C3 - C6)
2013/14,E2533,,Lincoln City,SD,Arts development and support,0,0.0,Revenue_Outturn__RO5__data_2013-14_by_LA.xlsx,RO5 LA Data 2013-14 (3),"row 198, column 10",Net Current Expenditure (C7 = C3 - C6)
2013/14,E2533,,Lincoln City,SD,Heritage,92,92000.0,Revenue_Outturn__RO5__data_2013-14_by_LA.xlsx,RO5 LA Data 2013-14 (3),"row 198, column 14",Net Current Expenditure (C7 = C3 - C6)
2013/14,E2533,,Lincoln City,SD,Museums and galleries,0,0.0,Revenue_Outturn__RO5__data_2013-14_by_LA.xlsx,RO5 LA Data 2013-14 (3),"row 198, column 18",Net Current Expenditure (C7 = C3 - C6)
2013/14,E2533,,Lincoln City,SD,Theatres and public entertainment,580,580000.0,Revenue_Outturn__RO5__data_2013-14_by_LA.xlsx,RO5 LA Data 2013-14 (3),"row 198, column 22",Net Current Expenditure (C7 = C3 - C6)
2013/14,E2533,,Lincoln City,SD,Library service,0,0.0,Revenue_Outturn__RO5__data_2013-14_by_LA.xlsx,RO5 LA Data 2013-14 (3),"row 198, column 50",Net Current Expenditure (C7 = C3 - C6)
2013/14,E2534,,North Kesteven,SD,Archives,0,0.0,Revenue_Outturn__RO5__data_2013-14_by_LA.xlsx,RO5 LA Data 2013-14 (3),"row 199, column 6",Net Current Expenditure (C7 = C3 - C6)
2013/14,E2534,,North Kesteven,SD,Arts development and support,228,228000.0,Revenue_Outturn__RO5__data_2013-14_by_LA.xlsx,RO5 LA Data 2013-14 (3),"row 199, column 10",Net Current Expenditure (C7 = C3 - C6)
2013/14,E2534,,North Kesteven,SD,Heritage,43,43000.0,Revenue_Outturn__RO5__data_2013-14_by_LA.xlsx,RO5 LA Data 2013-14 (3),"row 199, column 14",Net Current Expenditure (C7 = C3 - C6)
2013/14,E2534,,North Kesteven,SD,Museums and galleries,54,54000.0,Revenue_Outturn__RO5__data_2013-14_by_LA.xlsx,RO5 LA Data 2013-14 (3),"row 199, column 18",Net Current Expenditure (C7 = C3 - C6)
2013/14,E2534,,North Kesteven,SD,Theatres and public entertainment,0,0.0,Revenue_Outturn__RO5__data_2013-14_by_LA.xlsx,RO5 LA Data 2013-14 (3),"row 199, column 22",Net Current Expenditure (C7 = C3 - C6)
2013/14,E2534,,North Kesteven,SD,Library service,0,0.0,Revenue_Outturn__RO5__data_2013-14_by_LA.xlsx,RO5 LA Data 2013-14 (3),"row 199, column 50",Net Current Expenditure (C7 = C3 - C6)
2013/14,E2535,,South Holland,SD,Archives,0,0.0,Revenue_Outturn__RO5__data_2013-14_by_LA.xlsx,RO5 LA Data 2013-14 (3),"row 200, column 6",Net Current Expenditure (C7 = C3 - C6)
2013/14,E2535,,South Holland,SD,Arts development and support,84,84000.0,Revenue_Outturn__RO5__data_2013-14_by_LA.xlsx,RO5 LA Data 2013-14 (3),"row 200, column 10",Net Current Expenditure (C7 = C3 - C6)
2013/14,E2535,,South Holland,SD,Heritage,0,0.0,Revenue_Outturn__RO5__data_2013-14_by_LA.xlsx,RO5 LA Data 2013-14 (3),"row 200, column 14",Net Current Expenditure (C7 = C3 - C6)
2013/14,E2535,,South Holland,SD,Museums and galleries,132,132000.0,Revenue_Outturn__RO5__data_2013-14_by_LA.xlsx,RO5 LA Data 2013-14 (3),"row 200, column 18",Net Current Expenditure (C7 = C3 - C6)
2013/14,E2535,,South Holland,SD,Theatres and public entertainment,413,413000.0,Revenue_Outturn__RO5__data_2013-14_by_LA.xlsx,RO5 LA Data 2013-14 (3),"row 200, column 22",Net Current Expenditure (C7 = C3 - C6)
2013/14,E2535,,South Holland,SD,Library service,0,0.0,Revenue_Outturn__RO5__data_2013-14_by_LA.xlsx,RO5 LA Data 2013-14 (3),"row 200, column 50",Net Current Expenditure (C7 = C3 - C6)
2013/14,E2536,,South Kesteven,SD,Archives,0,0.0,Revenue_Outturn__RO5__data_2013-14_by_LA.xlsx,RO5 LA Data 2013-14 (3),"row 201, column 6",Net Current Expenditure (C7 = C3 - C6)
2013/14,E2536,,South Kesteven,SD,Arts development and support,48,48000.0,Revenue_Outturn__RO5__data_2013-14_by_LA.xlsx,RO5 LA Data 2013-14 (3),"row 201, column 10",Net Current Expenditure (C7 = C3 - C6)
2013/14,E2536,,South Kesteven,SD,Heritage,0,0.0,Revenue_Outturn__RO5__data_2013-14_by_LA.xlsx,RO5 LA Data 2013-14 (3),"row 201, column 14",Net Current Expenditure (C7 = C3 - C6)
2013/14,E2536,,South Kesteven,SD,Museums and galleries,8,8000.0,Revenue_Outturn__RO5__data_2013-14_by_LA.xlsx,RO5 LA Data 2013-14 (3),"row 201, column 18",Net Current Expenditure (C7 = C3 - C6)
2013/14,E2536,,South Kesteven,SD,Theatres and public entertainment,880,880000.0,Revenue_Outturn__RO5__data_2013-14_by_LA.xlsx,RO5 LA Data 2013-14 (3),"row 201, column 22",Net Current Expenditure (C7 = C3 - C6)
2013/14,E2536,,South Kesteven,SD,Library service,0,0.0,Revenue_Outturn__RO5__data_2013-14_by_LA.xlsx,RO5 LA Data 2013-14 (3),"row 201, column 50",Net Current Expenditure (C7 = C3 - C6)
2013/14,E2537,,West Lindsey,SD,Archives,0,0.0,Revenue_Outturn__RO5__data_2013-14_by_LA.xlsx,RO5 LA Data 2013-14 (3),"row 202, column 6",Net Current Expenditure (C7 = C3 - C6)
2013/14,E2537,,West Lindsey,SD,Arts development and support,0,0.0,Revenue_Outturn__RO5__data_2013-14_by_LA.xlsx,RO5 LA Data 2013-14 (3),"row 202, column 10",Net Current Expenditure (C7 = C3 - C6)
2013/14,E2537,,West Lindsey,SD,Heritage,0,0.0,Revenue_Outturn__RO5__data_2013-14_by_LA.xlsx,RO5 LA Data 2013-14 (3),"row 202, column 14",Net Current Expenditure (C7 = C3 - C6)
2013/14,E2537,,West Lindsey,SD,Museums and galleries,0,0.0,Revenue_Outturn__RO5__data_2013-14_by_LA.xlsx,RO5 LA Data 2013-14 (3),"row 202, column 18",Net Current Expenditure (C7 = C3 - C6)
2013/14,E2537,,West Lindsey,SD,Theatres and public entertainment,178,178000.0,Revenue_Outturn__RO5__data_2013-14_by_LA.xlsx,RO5 LA Data 2013-14 (3),"row 202, column 22",Net Current Expenditure (C7 = C3 - C6)
2013/14,E2537,,West Lindsey,SD,Library service,0,0.0,Revenue_Outturn__RO5__data_2013-14_by_LA.xlsx,RO5 LA Data 2013-14 (3),"row 202, column 50",Net Current Expenditure (C7 = C3 - C6)
2013/14,E2620,,Norfolk CC,SC,Archives,1376,1376000.0,Revenue_Outturn__RO5__data_2013-14_by_LA.xlsx,RO5 LA Data 2013-14 (3),"row 203, column 6",Net Current Expenditure (C7 = C3 - C6)
2013/14,E2620,,Norfolk CC,SC,Arts development and support,688,688000.0,Revenue_Outturn__RO5__data_2013-14_by_LA.xlsx,RO5 LA Data 2013-14 (3),"row 203, column 10",Net Current Expenditure (C7 = C3 - C6)
2013/14,E2620,,Norfolk CC,SC,Heritage,796,796000.0,Revenue_Outturn__RO5__data_2013-14_by_LA.xlsx,RO5 LA Data 2013-14 (3),"row 203, column 14",Net Current Expenditure (C7 = C3 - C6)
2013/14,E2620,,Norfolk CC,SC,Museums and galleries,3749,3749000.0,Revenue_Outturn__RO5__data_2013-14_by_LA.xlsx,RO5 LA Data 2013-14 (3),"row 203, column 18",Net Current Expenditure (C7 = C3 - C6)
2013/14,E2620,,Norfolk CC,SC,Theatres and public entertainment,0,0.0,Revenue_Outturn__RO5__data_2013-14_by_LA.xlsx,RO5 LA Data 2013-14 (3),"row 203, column 22",Net Current Expenditure (C7 = C3 - C6)
2013/14,E2620,,Norfolk CC,SC,Library service,11008,11008000.0,Revenue_Outturn__RO5__data_2013-14_by_LA.xlsx,RO5 LA Data 2013-14 (3),"row 203, column 50",Net Current Expenditure (C7 = C3 - C6)
2013/14,E2631,,Breckland,SD,Archives,0,0.0,Revenue_Outturn__RO5__data_2013-14_by_LA.xlsx,RO5 LA Data 2013-14 (3),"row 204, column 6",Net Current Expenditure (C7 = C3 - C6)
2013/14,E2631,,Breckland,SD,Arts development and support,81,81000.0,Revenue_Outturn__RO5__data_2013-14_by_LA.xlsx,RO5 LA Data 2013-14 (3),"row 204, column 10",Net Current Expenditure (C7 = C3 - C6)
2013/14,E2631,,Breckland,SD,Heritage,0,0.0,Revenue_Outturn__RO5__data_2013-14_by_LA.xlsx,RO5 LA Data 2013-14 (3),"row 204, column 14",Net Current Expenditure (C7 = C3 - C6)
2013/14,E2631,,Breckland,SD,Museums and galleries,0,0.0,Revenue_Outturn__RO5__data_2013-14_by_LA.xlsx,RO5 LA Data 2013-14 (3),"row 204, column 18",Net Current Expenditure (C7 = C3 - C6)
2013/14,E2631,,Breckland,SD,Theatres and public entertainment,0,0.0,Revenue_Outturn__RO5__data_2013-14_by_LA.xlsx,RO5 LA Data 2013-14 (3),"row 204, column 22",Net Current Expenditure (C7 = C3 - C6)
2013/14,E2631,,Breckland,SD,Library service,0,0.0,Revenue_Outturn__RO5__data_2013-14_by_LA.xlsx,RO5 LA Data 2013-14 (3),"row 204, column 50",Net Current Expenditure (C7 = C3 - C6)
2013/14,E2632,,Broadland,SD,Archives,0,0.0,Revenue_Outturn__RO5__data_2013-14_by_LA.xlsx,RO5 LA Data 2013-14 (3),"row 205, column 6",Net Current Expenditure (C7 = C3 - C6)
2013/14,E2632,,Broadland,SD,Arts development and support,77,77000.0,Revenue_Outturn__RO5__data_2013-14_by_LA.xlsx,RO5 LA Data 2013-14 (3),"row 205, column 10",Net Current Expenditure (C7 = C3 - C6)
2013/14,E2632,,Broadland,SD,Heritage,0,0.0,Revenue_Outturn__RO5__data_2013-14_by_LA.xlsx,RO5 LA Data 2013-14 (3),"row 205, column 14",Net Current Expenditure (C7 = C3 - C6)
2013/14,E2632,,Broadland,SD,Museums and galleries,0,0.0,Revenue_Outturn__RO5__data_2013-14_by_LA.xlsx,RO5 LA Data 2013-14 (3),"row 205, column 18",Net Current Expenditure (C7 = C3 - C6)
2013/14,E2632,,Broadland,SD,Theatres and public entertainment,0,0.0,Revenue_Outturn__RO5__data_2013-14_by_LA.xlsx,RO5 LA Data 2013-14 (3),"row 205, column 22",Net Current Expenditure (C7 = C3 - C6)
2013/14,E2632,,Broadland,SD,Library service,0,0.0,Revenue_Outturn__RO5__data_2013-14_by_LA.xlsx,RO5 LA Data 2013-14 (3),"row 205, column 50",Net Current Expenditure (C7 = C3 - C6)
2013/14,E2633,,Great Yarmouth,SD,Archives,0,0.0,Revenue_Outturn__RO5__data_2013-14_by_LA.xlsx,RO5 LA Data 2013-14 (3),"row 206, column 6",Net Current Expenditure (C7 = C3 - C6)
2013/14,E2633,,Great Yarmouth,SD,Arts development and support,323,323000.0,Revenue_Outturn__RO5__data_2013-14_by_LA.xlsx,RO5 LA Data 2013-14 (3),"row 206, column 10",Net Current Expenditure (C7 = C3 - C6)
2013/14,E2633,,Great Yarmouth,SD,Heritage,59,59000.0,Revenue_Outturn__RO5__data_2013-14_by_LA.xlsx,RO5 LA Data 2013-14 (3),"row 206, column 14",Net Current Expenditure (C7 = C3 - C6)
2013/14,E2633,,Great Yarmouth,SD,Museums and galleries,0,0.0,Revenue_Outturn__RO5__data_2013-14_by_LA.xlsx,RO5 LA Data 2013-14 (3),"row 206, column 18",Net Current Expenditure (C7 = C3 - C6)
2013/14,E2633,,Great Yarmouth,SD,Theatres and public entertainment,0,0.0,Revenue_Outturn__RO5__data_2013-14_by_LA.xlsx,RO5 LA Data 2013-14 (3),"row 206, column 22",Net Current Expenditure (C7 = C3 - C6)
2013/14,E2633,,Great Yarmouth,SD,Library service,0,0.0,Revenue_Outturn__RO5__data_2013-14_by_LA.xlsx,RO5 LA Data 2013-14 (3),"row 206, column 50",Net Current Expenditure (C7 = C3 - C6)
2013/14,E2634,,King's Lynn & West Norfolk,SD,Archives,0,0.0,Revenue_Outturn__RO5__data_2013-14_by_LA.xlsx,RO5 LA Data 2013-14 (3),"row 207, column 6",Net Current Expenditure (C7 = C3 - C6)
2013/14,E2634,,King's Lynn & West Norfolk,SD,Arts development and support,11,11000.0,Revenue_Outturn__RO5__data_2013-14_by_LA.xlsx,RO5 LA Data 2013-14 (3),"row 207, column 10",Net Current Expenditure (C7 = C3 - C6)
2013/14,E2634,,King's Lynn & West Norfolk,SD,Heritage,220,220000.0,Revenue_Outturn__RO5__data_2013-14_by_LA.xlsx,RO5 LA Data 2013-14 (3),"row 207, column 14",Net Current Expenditure (C7 = C3 - C6)
2013/14,E2634,,King's Lynn & West Norfolk,SD,Museums and galleries,72,72000.0,Revenue_Outturn__RO5__data_2013-14_by_LA.xlsx,RO5 LA Data 2013-14 (3),"row 207, column 18",Net Current Expenditure (C7 = C3 - C6)
2013/14,E2634,,King's Lynn & West Norfolk,SD,Theatres and public entertainment,545,545000.0,Revenue_Outturn__RO5__data_2013-14_by_LA.xlsx,RO5 LA Data 2013-14 (3),"row 207, column 22",Net Current Expenditure (C7 = C3 - C6)
2013/14,E2634,,King's Lynn & West Norfolk,SD,Library service,0,0.0,Revenue_Outturn__RO5__data_2013-14_by_LA.xlsx,RO5 LA Data 2013-14 (3),"row 207, column 50",Net Current Expenditure (C7 = C3 - C6)
2013/14,E2635,,North Norfolk,SD,Archives,0,0.0,Revenue_Outturn__RO5__data_2013-14_by_LA.xlsx,RO5 LA Data 2013-14 (3),"row 208, column 6",Net Current Expenditure (C7 = C3 - C6)
2013/14,E2635,,North Norfolk,SD,Arts development and support,0,0.0,Revenue_Outturn__RO5__data_2013-14_by_LA.xlsx,RO5 LA Data 2013-14 (3),"row 208, column 10",Net Current Expenditure (C7 = C3 - C6)
2013/14,E2635,,North Norfolk,SD,Heritage,88,88000.0,Revenue_Outturn__RO5__data_2013-14_by_LA.xlsx,RO5 LA Data 2013-14 (3),"row 208, column 14",Net Current Expenditure (C7 = C3 - C6)
2013/14,E2635,,North Norfolk,SD,Museums and galleries,41,41000.0,Revenue_Outturn__RO5__data_2013-14_by_LA.xlsx,RO5 LA Data 2013-14 (3),"row 208, column 18",Net Current Expenditure (C7 = C3 - C6)
2013/14,E2635,,North Norfolk,SD,Theatres and public entertainment,248,248000.0,Revenue_Outturn__RO5__data_2013-14_by_LA.xlsx,RO5 LA Data 2013-14 (3),"row 208, column 22",Net Current Expenditure (C7 = C3 - C6)
2013/14,E2635,,North Norfolk,SD,Library service,0,0.0,Revenue_Outturn__RO5__data_2013-14_by_LA.xlsx,RO5 LA Data 2013-14 (3),"row 208, column 50",Net Current Expenditure (C7 = C3 - C6)
2013/14,E2636,,Norwich City,SD,Archives,0,0.0,Revenue_Outturn__RO5__data_2013-14_by_LA.xlsx,RO5 LA Data 2013-14 (3),"row 209, column 6",Net Current Expenditure (C7 = C3 - C6)
2013/14,E2636,,Norwich City,SD,Arts development and support,0,0.0,Revenue_Outturn__RO5__data_2013-14_by_LA.xlsx,RO5 LA Data 2013-14 (3),"row 209, column 10",Net Current Expenditure (C7 = C3 - C6)
2013/14,E2636,,Norwich City,SD,Heritage,587,587000.0,Revenue_Outturn__RO5__data_2013-14_by_LA.xlsx,RO5 LA Data 2013-14 (3),"row 209, column 14",Net Current Expenditure (C7 = C3 - C6)
2013/14,E2636,,Norwich City,SD,Museums and galleries,0,0.0,Revenue_Outturn__RO5__data_2013-14_by_LA.xlsx,RO5 LA Data 2013-14 (3),"row 209, column 18",Net Current Expenditure (C7 = C3 - C6)
2013/14,E2636,,Norwich City,SD,Theatres and public entertainment,474,474000.0,Revenue_Outturn__RO5__data_2013-14_by_LA.xlsx,RO5 LA Data 2013-14 (3),"row 209, column 22",Net Current Expenditure (C7 = C3 - C6)
2013/14,E2636,,Norwich City,SD,Library service,0,0.0,Revenue_Outturn__RO5__data_2013-14_by_LA.xlsx,RO5 LA Data 2013-14 (3),"row 209, column 50",Net Current Expenditure (C7 = C3 - C6)
2013/14,E2637,,South Norfolk,SD,Archives,0,0.0,Revenue_Outturn__RO5__data_2013-14_by_LA.xlsx,RO5 LA Data 2013-14 (3),"row 210, column 6",Net Current Expenditure (C7 = C3 - C6)
2013/14,E2637,,South Norfolk,SD,Arts development and support,0,0.0,Revenue_Outturn__RO5__data_2013-14_by_LA.xlsx,RO5 LA Data 2013-14 (3),"row 210, column 10",Net Current Expenditure (C7 = C3 - C6)
2013/14,E2637,,South Norfolk,SD,Heritage,136,136000.0,Revenue_Outturn__RO5__data_2013-14_by_LA.xlsx,RO5 LA Data 2013-14 (3),"row 210, column 14",Net Current Expenditure (C7 = C3 - C6)
2013/14,E2637,,South Norfolk,SD,Museums and galleries,7,7000.0,Revenue_Outturn__RO5__data_2013-14_by_LA.xlsx,RO5 LA Data 2013-14 (3),"row 210, column 18",Net Current Expenditure (C7 = C3 - C6)
2013/14,E2637,,South Norfolk,SD,Theatres and public entertainment,0,0.0,Revenue_Outturn__RO5__data_2013-14_by_LA.xlsx,RO5 LA Data 2013-14 (3),"row 210, column 22",Net Current Expenditure (C7 = C3 - C6)
2013/14,E2637,,South Norfolk,SD,Library service,0,0.0,Revenue_Outturn__RO5__data_2013-14_by_LA.xlsx,RO5 LA Data 2013-14 (3),"row 210, column 50",Net Current Expenditure (C7 = C3 - C6)
2013/14,E2701,,York UA,UA,Archives,170,170000.0,Revenue_Outturn__RO5__data_2013-14_by_LA.xlsx,RO5 LA Data 2013-14 (3),"row 211, column 6",Net Current Expenditure (C7 = C3 - C6)
2013/14,E2701,,York UA,UA,Arts development and support,428,428000.0,Revenue_Outturn__RO5__data_2013-14_by_LA.xlsx,RO5 LA Data 2013-14 (3),"row 211, column 10",Net Current Expenditure (C7 = C3 - C6)
2013/14,E2701,,York UA,UA,Heritage,65,65000.0,Revenue_Outturn__RO5__data_2013-14_by_LA.xlsx,RO5 LA Data 2013-14 (3),"row 211, column 14",Net Current Expenditure (C7 = C3 - C6)
2013/14,E2701,,York UA,UA,Museums and galleries,1205,1205000.0,Revenue_Outturn__RO5__data_2013-14_by_LA.xlsx,RO5 LA Data 2013-14 (3),"row 211, column 18",Net Current Expenditure (C7 = C3 - C6)
2013/14,E2701,,York UA,UA,Theatres and public entertainment,897,897000.0,Revenue_Outturn__RO5__data_2013-14_by_LA.xlsx,RO5 LA Data 2013-14 (3),"row 211, column 22",Net Current Expenditure (C7 = C3 - C6)
2013/14,E2701,,York UA,UA,Library service,2895,2895000.0,Revenue_Outturn__RO5__data_2013-14_by_LA.xlsx,RO5 LA Data 2013-14 (3),"row 211, column 50",Net Current Expenditure (C7 = C3 - C6)
2013/14,E2721,,North Yorkshire CC,SC,Archives,588,588000.0,Revenue_Outturn__RO5__data_2013-14_by_LA.xlsx,RO5 LA Data 2013-14 (3),"row 212, column 6",Net Current Expenditure (C7 = C3 - C6)
2013/14,E2721,,North Yorkshire CC,SC,Arts development and support,0,0.0,Revenue_Outturn__RO5__data_2013-14_by_LA.xlsx,RO5 LA Data 2013-14 (3),"row 212, column 10",Net Current Expenditure (C7 = C3 - C6)
2013/14,E2721,,North Yorkshire CC,SC,Heritage,0,0.0,Revenue_Outturn__RO5__data_2013-14_by_LA.xlsx,RO5 LA Data 2013-14 (3),"row 212, column 14",Net Current Expenditure (C7 = C3 - C6)
2013/14,E2721,,North Yorkshire CC,SC,Museums and galleries,0,0.0,Revenue_Outturn__RO5__data_2013-14_by_LA.xlsx,RO5 LA Data 2013-14 (3),"row 212, column 18",Net Current Expenditure (C7 = C3 - C6)
2013/14,E2721,,North Yorkshire CC,SC,Theatres and public entertainment,22,22000.0,Revenue_Outturn__RO5__data_2013-14_by_LA.xlsx,RO5 LA Data 2013-14 (3),"row 212, column 22",Net Current Expenditure (C7 = C3 - C6)
2013/14,E2721,,North Yorkshire CC,SC,Library service,8200,8200000.0,Revenue_Outturn__RO5__data_2013-14_by_LA.xlsx,RO5 LA Data 2013-14 (3),"row 212, column 50",Net Current Expenditure (C7 = C3 - C6)
2013/14,E2731,,Craven,SD,Archives,0,0.0,Revenue_Outturn__RO5__data_2013-14_by_LA.xlsx,RO5 LA Data 2013-14 (3),"row 213, column 6",Net Current Expenditure (C7 = C3 - C6)
2013/14,E2731,,Craven,SD,Arts development and support,60,60000.0,Revenue_Outturn__RO5__data_2013-14_by_LA.xlsx,RO5 LA Data 2013-14 (3),"row 213, column 10",Net Current Expenditure (C7 = C3 - C6)
2013/14,E2731,,Craven,SD,Heritage,0,0.0,Revenue_Outturn__RO5__data_2013-14_by_LA.xlsx,RO5 LA Data 2013-14 (3),"row 213, column 14",Net Current Expenditure (C7 = C3 - C6)
2013/14,E2731,,Craven,SD,Museums and galleries,199,199000.0,Revenue_Outturn__RO5__data_2013-14_by_LA.xlsx,RO5 LA Data 2013-14 (3),"row 213, column 18",Net Current Expenditure (C7 = C3 - C6)
2013/14,E2731,,Craven,SD,Theatres and public entertainment,0,0.0,Revenue_Outturn__RO5__data_2013-14_by_LA.xlsx,RO5 LA Data 2013-14 (3),"row 213, column 22",Net Current Expenditure (C7 = C3 - C6)
2013/14,E2731,,Craven,SD,Library service,0,0.0,Revenue_Outturn__RO5__data_2013-14_by_LA.xlsx,RO5 LA Data 2013-14 (3),"row 213, column 50",Net Current Expenditure (C7 = C3 - C6)
2013/14,E2732,,Hambleton,SD,Archives,0,0.0,Revenue_Outturn__RO5__data_2013-14_by_LA.xlsx,RO5 LA Data 2013-14 (3),"row 214, column 6",Net Current Expenditure (C7 = C3 - C6)
2013/14,E2732,,Hambleton,SD,Arts development and support,27,27000.0,Revenue_Outturn__RO5__data_2013-14_by_LA.xlsx,RO5 LA Data 2013-14 (3),"row 214, column 10",Net Current Expenditure (C7 = C3 - C6)
2013/14,E2732,,Hambleton,SD,Heritage,0,0.0,Revenue_Outturn__RO5__data_2013-14_by_LA.xlsx,RO5 LA Data 2013-14 (3),"row 214, column 14",Net Current Expenditure (C7 = C3 - C6)
2013/14,E2732,,Hambleton,SD,Museums and galleries,0,0.0,Revenue_Outturn__RO5__data_2013-14_by_LA.xlsx,RO5 LA Data 2013-14 (3),"row 214, column 18",Net Current Expenditure (C7 = C3 - C6)
2013/14,E2732,,Hambleton,SD,Theatres and public entertainment,0,0.0,Revenue_Outturn__RO5__data_2013-14_by_LA.xlsx,RO5 LA Data 2013-14 (3),"row 214, column 22",Net Current Expenditure (C7 = C3 - C6)
2013/14,E2732,,Hambleton,SD,Library service,0,0.0,Revenue_Outturn__RO5__data_2013-14_by_LA.xlsx,RO5 LA Data 2013-14 (3),"row 214, column 50",Net Current Expenditure (C7 = C3 - C6)
2013/14,E2734,,Richmondshire DC,SD,Archives,0,0.0,Revenue_Outturn__RO5__data_2013-14_by_LA.xlsx,RO5 LA Data 2013-14 (3),"row 215, column 6",Net Current Expenditure (C7 = C3 - C6)
2013/14,E2734,,Richmondshire DC,SD,Arts development and support,0,0.0,Revenue_Outturn__RO5__data_2013-14_by_LA.xlsx,RO5 LA Data 2013-14 (3),"row 215, column 10",Net Current Expenditure (C7 = C3 - C6)
2013/14,E2734,,Richmondshire DC,SD,Heritage,0,0.0,Revenue_Outturn__RO5__data_2013-14_by_LA.xlsx,RO5 LA Data 2013-14 (3),"row 215, column 14",Net Current Expenditure (C7 = C3 - C6)
2013/14,E2734,,Richmondshire DC,SD,Museums and galleries,0,0.0,Revenue_Outturn__RO5__data_2013-14_by_LA.xlsx,RO5 LA Data 2013-14 (3),"row 215, column 18",Net Current Expenditure (C7 = C3 - C6)
2013/14,E2734,,Richmondshire DC,SD,Theatres and public entertainment,0,0.0,Revenue_Outturn__RO5__data_2013-14_by_LA.xlsx,RO5 LA Data 2013-14 (3),"row 215, column 22",Net Current Expenditure (C7 = C3 - C6)
2013/14,E2734,,Richmondshire DC,SD,Library service,0,0.0,Revenue_Outturn__RO5__data_2013-14_by_LA.xlsx,RO5 LA Data 2013-14 (3),"row 215, column 50",Net Current Expenditure (C7 = C3 - C6)
2013/14,E2736,,Scarborough,SD,Archives,0,0.0,Revenue_Outturn__RO5__data_2013-14_by_LA.xlsx,RO5 LA Data 2013-14 (3),"row 216, column 6",Net Current Expenditure (C7 = C3 - C6)
2013/14,E2736,,Scarborough,SD,Arts development and support,0,0.0,Revenue_Outturn__RO5__data_2013-14_by_LA.xlsx,RO5 LA Data 2013-14 (3),"row 216, column 10",Net Current Expenditure (C7 = C3 - C6)
2013/14,E2736,,Scarborough,SD,Heritage,0,0.0,Revenue_Outturn__RO5__data_2013-14_by_LA.xlsx,RO5 LA Data 2013-14 (3),"row 216, column 14",Net Current Expenditure (C7 = C3 - C6)
2013/14,E2736,,Scarborough,SD,Museums and galleries,639,639000.0,Revenue_Outturn__RO5__data_2013-14_by_LA.xlsx,RO5 LA Data 2013-14 (3),"row 216, column 18",Net Current Expenditure (C7 = C3 - C6)
2013/14,E2736,,Scarborough,SD,Theatres and public entertainment,1744,1744000.0,Revenue_Outturn__RO5__data_2013-14_by_LA.xlsx,RO5 LA Data 2013-14 (3),"row 216, column 22",Net Current Expenditure (C7 = C3 - C6)
2013/14,E2736,,Scarborough,SD,Library service,0,0.0,Revenue_Outturn__RO5__data_2013-14_by_LA.xlsx,RO5 LA Data 2013-14 (3),"row 216, column 50",Net Current Expenditure (C7 = C3 - C6)
2013/14,E2753,,Harrogate,SD,Archives,0,0.0,Revenue_Outturn__RO5__data_2013-14_by_LA.xlsx,RO5 LA Data 2013-14 (3),"row 217, column 6",Net Current Expenditure (C7 = C3 - C6)
2013/14,E2753,,Harrogate,SD,Arts development and support,9,9000.0,Revenue_Outturn__RO5__data_2013-14_by_LA.xlsx,RO5 LA Data 2013-14 (3),"row 217, column 10",Net Current Expenditure (C7 = C3 - C6)
2013/14,E2753,,Harrogate,SD,Heritage,130,130000.0,Revenue_Outturn__RO5__data_2013-14_by_LA.xlsx,RO5 LA Data 2013-14 (3),"row 217, column 14",Net Current Expenditure (C7 = C3 - C6)
2013/14,E2753,,Harrogate,SD,Museums and galleries,557,557000.0,Revenue_Outturn__RO5__data_2013-14_by_LA.xlsx,RO5 LA Data 2013-14 (3),"row 217, column 18",Net Current Expenditure (C7 = C3 - C6)
2013/14,E2753,,Harrogate,SD,Theatres and public entertainment,38,38000.0,Revenue_Outturn__RO5__data_2013-14_by_LA.xlsx,RO5 LA Data 2013-14 (3),"row 217, column 22",Net Current Expenditure (C7 = C3 - C6)
2013/14,E2753,,Harrogate,SD,Library service,0,0.0,Revenue_Outturn__RO5__data_2013-14_by_LA.xlsx,RO5 LA Data 2013-14 (3),"row 217, column 50",Net Current Expenditure (C7 = C3 - C6)
2013/14,E2755,,Ryedale DC,SD,Archives,0,0.0,Revenue_Outturn__RO5__data_2013-14_by_LA.xlsx,RO5 LA Data 2013-14 (3),"row 218, column 6",Net Current Expenditure (C7 = C3 - C6)
2013/14,E2755,,Ryedale DC,SD,Arts development and support,78,78000.0,Revenue_Outturn__RO5__data_2013-14_by_LA.xlsx,RO5 LA Data 2013-14 (3),"row 218, column 10",Net Current Expenditure (C7 = C3 - C6)
2013/14,E2755,,Ryedale DC,SD,Heritage,0,0.0,Revenue_Outturn__RO5__data_2013-14_by_LA.xlsx,RO5 LA Data 2013-14 (3),"row 218, column 14",Net Current Expenditure (C7 = C3 - C6)
2013/14,E2755,,Ryedale DC,SD,Museums and galleries,60,60000.0,Revenue_Outturn__RO5__data_2013-14_by_LA.xlsx,RO5 LA Data 2013-14 (3),"row 218, column 18",Net Current Expenditure (C7 = C3 - C6)
2013/14,E2755,,Ryedale DC,SD,Theatres and public entertainment,0,0.0,Revenue_Outturn__RO5__data_2013-14_by_LA.xlsx,RO5 LA Data 2013-14 (3),"row 218, column 22",Net Current Expenditure (C7 = C3 - C6)
2013/14,E2755,,Ryedale DC,SD,Library service,0,0.0,Revenue_Outturn__RO5__data_2013-14_by_LA.xlsx,RO5 LA Data 2013-14 (3),"row 218, column 50",Net Current Expenditure (C7 = C3 - C6)
2013/14,E2757,,Selby DC,SD,Archives,0,0.0,Revenue_Outturn__RO5__data_2013-14_by_LA.xlsx,RO5 LA Data 2013-14 (3),"row 219, column 6",Net Current Expenditure (C7 = C3 - C6)
2013/14,E2757,,Selby DC,SD,Arts development and support,0,0.0,Revenue_Outturn__RO5__data_2013-14_by_LA.xlsx,RO5 LA Data 2013-14 (3),"row 219, column 10",Net Current Expenditure (C7 = C3 - C6)
2013/14,E2757,,Selby DC,SD,Heritage,0,0.0,Revenue_Outturn__RO5__data_2013-14_by_LA.xlsx,RO5 LA Data 2013-14 (3),"row 219, column 14",Net Current Expenditure (C7 = C3 - C6)
2013/14,E2757,,Selby DC,SD,Museums and galleries,0,0.0,Revenue_Outturn__RO5__data_2013-14_by_LA.xlsx,RO5 LA Data 2013-14 (3),"row 219, column 18",Net Current Expenditure (C7 = C3 - C6)
2013/14,E2757,,Selby DC,SD,Theatres and public entertainment,0,0.0,Revenue_Outturn__RO5__data_2013-14_by_LA.xlsx,RO5 LA Data 2013-14 (3),"row 219, column 22",Net Current Expenditure (C7 = C3 - C6)
2013/14,E2757,,Selby DC,SD,Library service,0,0.0,Revenue_Outturn__RO5__data_2013-14_by_LA.xlsx,RO5 LA Data 2013-14 (3),"row 219, column 50",Net Current Expenditure (C7 = C3 - C6)
2013/14,E2820,,Northamptonshire CC,SC,Archives,897,897000.0,Revenue_Outturn__RO5__data_2013-14_by_LA.xlsx,RO5 LA Data 2013-14 (3),"row 220, column 6",Net Current Expenditure (C7 = C3 - C6)
2013/14,E2820,,Northamptonshire CC,SC,Arts development and support,646,646000.0,Revenue_Outturn__RO5__data_2013-14_by_LA.xlsx,RO5 LA Data 2013-14 (3),"row 220, column 10",Net Current Expenditure (C7 = C3 - C6)
2013/14,E2820,,Northamptonshire CC,SC,Heritage,297,297000.0,Revenue_Outturn__RO5__data_2013-14_by_LA.xlsx,RO5 LA Data 2013-14 (3),"row 220, column 14",Net Current Expenditure (C7 = C3 - C6)
2013/14,E2820,,Northamptonshire CC,SC,Museums and galleries,0,0.0,Revenue_Outturn__RO5__data_2013-14_by_LA.xlsx,RO5 LA Data 2013-14 (3),"row 220, column 18",Net Current Expenditure (C7 = C3 - C6)
2013/14,E2820,,Northamptonshire CC,SC,Theatres and public entertainment,0,0.0,Revenue_Outturn__RO5__data_2013-14_by_LA.xlsx,RO5 LA Data 2013-14 (3),"row 220, column 22",Net Current Expenditure (C7 = C3 - C6)
2013/14,E2820,,Northamptonshire CC,SC,Library service,8921,8921000.0,Revenue_Outturn__RO5__data_2013-14_by_LA.xlsx,RO5 LA Data 2013-14 (3),"row 220, column 50",Net Current Expenditure (C7 = C3 - C6)
2013/14,E2831,,Corby,SD,Archives,0,0.0,Revenue_Outturn__RO5__data_2013-14_by_LA.xlsx,RO5 LA Data 2013-14 (3),"row 221, column 6",Net Current Expenditure (C7 = C3 - C6)
2013/14,E2831,,Corby,SD,Arts development and support,72,72000.0,Revenue_Outturn__RO5__data_2013-14_by_LA.xlsx,RO5 LA Data 2013-14 (3),"row 221, column 10",Net Current Expenditure (C7 = C3 - C6)
2013/14,E2831,,Corby,SD,Heritage,-93,-93000.0,Revenue_Outturn__RO5__data_2013-14_by_LA.xlsx,RO5 LA Data 2013-14 (3),"row 221, column 14",Net Current Expenditure (C7 = C3 - C6)
2013/14,E2831,,Corby,SD,Museums and galleries,0,0.0,Revenue_Outturn__RO5__data_2013-14_by_LA.xlsx,RO5 LA Data 2013-14 (3),"row 221, column 18",Net Current Expenditure (C7 = C3 - C6)
2013/14,E2831,,Corby,SD,Theatres and public entertainment,309,309000.0,Revenue_Outturn__RO5__data_2013-14_by_LA.xlsx,RO5 LA Data 2013-14 (3),"row 221, column 22",Net Current Expenditure (C7 = C3 - C6)
2013/14,E2831,,Corby,SD,Library service,0,0.0,Revenue_Outturn__RO5__data_2013-14_by_LA.xlsx,RO5 LA Data 2013-14 (3),"row 221, column 50",Net Current Expenditure (C7 = C3 - C6)
2013/14,E2832,,Daventry DC,SD,Archives,0,0.0,Revenue_Outturn__RO5__data_2013-14_by_LA.xlsx,RO5 LA Data 2013-14 (3),"row 222, column 6",Net Current Expenditure (C7 = C3 - C6)
2013/14,E2832,,Daventry DC,SD,Arts development and support,0,0.0,Revenue_Outturn__RO5__data_2013-14_by_LA.xlsx,RO5 LA Data 2013-14 (3),"row 222, column 10",Net Current Expenditure (C7 = C3 - C6)
2013/14,E2832,,Daventry DC,SD,Heritage,0,0.0,Revenue_Outturn__RO5__data_2013-14_by_LA.xlsx,RO5 LA Data 2013-14 (3),"row 222, column 14",Net Current Expenditure (C7 = C3 - C6)
2013/14,E2832,,Daventry DC,SD,Museums and galleries,3,3000.0,Revenue_Outturn__RO5__data_2013-14_by_LA.xlsx,RO5 LA Data 2013-14 (3),"row 222, column 18",Net Current Expenditure (C7 = C3 - C6)
2013/14,E2832,,Daventry DC,SD,Theatres and public entertainment,0,0.0,Revenue_Outturn__RO5__data_2013-14_by_LA.xlsx,RO5 LA Data 2013-14 (3),"row 222, column 22",Net Current Expenditure (C7 = C3 - C6)
2013/14,E2832,,Daventry DC,SD,Library service,0,0.0,Revenue_Outturn__RO5__data_2013-14_by_LA.xlsx,RO5 LA Data 2013-14 (3),"row 222, column 50",Net Current Expenditure (C7 = C3 - C6)
2013/14,E2833,,East Northamptonshire,SD,Archives,0,0.0,Revenue_Outturn__RO5__data_2013-14_by_LA.xlsx,RO5 LA Data 2013-14 (3),"row 223, column 6",Net Current Expenditure (C7 = C3 - C6)
2013/14,E2833,,East Northamptonshire,SD,Arts development and support,0,0.0,Revenue_Outturn__RO5__data_2013-14_by_LA.xlsx,RO5 LA Data 2013-14 (3),"row 223, column 10",Net Current Expenditure (C7 = C3 - C6)
2013/14,E2833,,East Northamptonshire,SD,Heritage,2,2000.0,Revenue_Outturn__RO5__data_2013-14_by_LA.xlsx,RO5 LA Data 2013-14 (3),"row 223, column 14",Net Current Expenditure (C7 = C3 - C6)
2013/14,E2833,,East Northamptonshire,SD,Museums and galleries,0,0.0,Revenue_Outturn__RO5__data_2013-14_by_LA.xlsx,RO5 LA Data 2013-14 (3),"row 223, column 18",Net Current Expenditure (C7 = C3 - C6)
2013/14,E2833,,East Northamptonshire,SD,Theatres and public entertainment,0,0.0,Revenue_Outturn__RO5__data_2013-14_by_LA.xlsx,RO5 LA Data 2013-14 (3),"row 223, column 22",Net Current Expenditure (C7 = C3 - C6)
2013/14,E2833,,East Northamptonshire,SD,Library service,0,0.0,Revenue_Outturn__RO5__data_2013-14_by_LA.xlsx,RO5 LA Data 2013-14 (3),"row 223, column 50",Net Current Expenditure (C7 = C3 - C6)
2013/14,E2834,,Kettering,SD,Archives,0,0.0,Revenue_Outturn__RO5__data_2013-14_by_LA.xlsx,RO5 LA Data 2013-14 (3),"row 224, column 6",Net Current Expenditure (C7 = C3 - C6)
2013/14,E2834,,Kettering,SD,Arts development and support,0,0.0,Revenue_Outturn__RO5__data_2013-14_by_LA.xlsx,RO5 LA Data 2013-14 (3),"row 224, column 10",Net Current Expenditure (C7 = C3 - C6)
2013/14,E2834,,Kettering,SD,Heritage,0,0.0,Revenue_Outturn__RO5__data_2013-14_by_LA.xlsx,RO5 LA Data 2013-14 (3),"row 224, column 14",Net Current Expenditure (C7 = C3 - C6)
2013/14,E2834,,Kettering,SD,Museums and galleries,299,299000.0,Revenue_Outturn__RO5__data_2013-14_by_LA.xlsx,RO5 LA Data 2013-14 (3),"row 224, column 18",Net Current Expenditure (C7 = C3 - C6)
2013/14,E2834,,Kettering,SD,Theatres and public entertainment,0,0.0,Revenue_Outturn__RO5__data_2013-14_by_LA.xlsx,RO5 LA Data 2013-14 (3),"row 224, column 22",Net Current Expenditure (C7 = C3 - C6)
2013/14,E2834,,Kettering,SD,Library service,0,0.0,Revenue_Outturn__RO5__data_2013-14_by_LA.xlsx,RO5 LA Data 2013-14 (3),"row 224, column 50",Net Current Expenditure (C7 = C3 - C6)
2013/14,E2835,,Northampton,SD,Archives,0,0.0,Revenue_Outturn__RO5__data_2013-14_by_LA.xlsx,RO5 LA Data 2013-14 (3),"row 225, column 6",Net Current Expenditure (C7 = C3 - C6)
2013/14,E2835,,Northampton,SD,Arts development and support,28,28000.0,Revenue_Outturn__RO5__data_2013-14_by_LA.xlsx,RO5 LA Data 2013-14 (3),"row 225, column 10",Net Current Expenditure (C7 = C3 - C6)
2013/14,E2835,,Northampton,SD,Heritage,26,26000.0,Revenue_Outturn__RO5__data_2013-14_by_LA.xlsx,RO5 LA Data 2013-14 (3),"row 225, column 14",Net Current Expenditure (C7 = C3 - C6)
2013/14,E2835,,Northampton,SD,Museums and galleries,949,949000.0,Revenue_Outturn__RO5__data_2013-14_by_LA.xlsx,RO5 LA Data 2013-14 (3),"row 225, column 18",Net Current Expenditure (C7 = C3 - C6)
2013/14,E2835,,Northampton,SD,Theatres and public entertainment,810,810000.0,Revenue_Outturn__RO5__data_2013-14_by_LA.xlsx,RO5 LA Data 2013-14 (3),"row 225, column 22",Net Current Expenditure (C7 = C3 - C6)
2013/14,E2835,,Northampton,SD,Library service,0,0.0,Revenue_Outturn__RO5__data_2013-14_by_LA.xlsx,RO5 LA Data 2013-14 (3),"row 225, column 50",Net Current Expenditure (C7 = C3 - C6)
2013/14,E2836,,South Northamptonshire,SD,Archives,0,0.0,Revenue_Outturn__RO5__data_2013-14_by_LA.xlsx,RO5 LA Data 2013-14 (3),"row 226, column 6",Net Current Expenditure (C7 = C3 - C6)
2013/14,E2836,,South Northamptonshire,SD,Arts development and support,24,24000.0,Revenue_Outturn__RO5__data_2013-14_by_LA.xlsx,RO5 LA Data 2013-14 (3),"row 226, column 10",Net Current Expenditure (C7 = C3 - C6)
2013/14,E2836,,South Northamptonshire,SD,Heritage,0,0.0,Revenue_Outturn__RO5__data_2013-14_by_LA.xlsx,RO5 LA Data 2013-14 (3),"row 226, column 14",Net Current Expenditure (C7 = C3 - C6)
2013/14,E2836,,South Northamptonshire,SD,Museums and galleries,0,0.0,Revenue_Outturn__RO5__data_2013-14_by_LA.xlsx,RO5 LA Data 2013-14 (3),"row 226, column 18",Net Current Expenditure (C7 = C3 - C6)
2013/14,E2836,,South Northamptonshire,SD,Theatres and public entertainment,0,0.0,Revenue_Outturn__RO5__data_2013-14_by_LA.xlsx,RO5 LA Data 2013-14 (3),"row 226, column 22",Net Current Expenditure (C7 = C3 - C6)
2013/14,E2836,,South Northamptonshire,SD,Library service,0,0.0,Revenue_Outturn__RO5__data_2013-14_by_LA.xlsx,RO5 LA Data 2013-14 (3),"row 226, column 50",Net Current Expenditure (C7 = C3 - C6)
2013/14,E2837,,Wellingborough,SD,Archives,0,0.0,Revenue_Outturn__RO5__data_2013-14_by_LA.xlsx,RO5 LA Data 2013-14 (3),"row 227, column 6",Net Current Expenditure (C7 = C3 - C6)
2013/14,E2837,,Wellingborough,SD,Arts development and support,0,0.0,Revenue_Outturn__RO5__data_2013-14_by_LA.xlsx,RO5 LA Data 2013-14 (3),"row 227, column 10",Net Current Expenditure (C7 = C3 - C6)
2013/14,E2837,,Wellingborough,SD,Heritage,0,0.0,Revenue_Outturn__RO5__data_2013-14_by_LA.xlsx,RO5 LA Data 2013-14 (3),"row 227, column 14",Net Current Expenditure (C7 = C3 - C6)
2013/14,E2837,,Wellingborough,SD,Museums and galleries,16,16000.0,Revenue_Outturn__RO5__data_2013-14_by_LA.xlsx,RO5 LA Data 2013-14 (3),"row 227, column 18",Net Current Expenditure (C7 = C3 - C6)
2013/14,E2837,,Wellingborough,SD,Theatres and public entertainment,517,517000.0,Revenue_Outturn__RO5__data_2013-14_by_LA.xlsx,RO5 LA Data 2013-14 (3),"row 227, column 22",Net Current Expenditure (C7 = C3 - C6)
2013/14,E2837,,Wellingborough,SD,Library service,0,0.0,Revenue_Outturn__RO5__data_2013-14_by_LA.xlsx,RO5 LA Data 2013-14 (3),"row 227, column 50",Net Current Expenditure (C7 = C3 - C6)
2013/14,E2901,,Northumberland UA,UA,Archives,22,22000.0,Revenue_Outturn__RO5__data_2013-14_by_LA.xlsx,RO5 LA Data 2013-14 (3),"row 228, column 6",Net Current Expenditure (C7 = C3 - C6)
2013/14,E2901,,Northumberland UA,UA,Arts development and support,934,934000.0,Revenue_Outturn__RO5__data_2013-14_by_LA.xlsx,RO5 LA Data 2013-14 (3),"row 228, column 10",Net Current Expenditure (C7 = C3 - C6)
2013/14,E2901,,Northumberland UA,UA,Heritage,1,1000.0,Revenue_Outturn__RO5__data_2013-14_by_LA.xlsx,RO5 LA Data 2013-14 (3),"row 228, column 14",Net Current Expenditure (C7 = C3 - C6)
2013/14,E2901,,Northumberland UA,UA,Museums and galleries,1341,1341000.0,Revenue_Outturn__RO5__data_2013-14_by_LA.xlsx,RO5 LA Data 2013-14 (3),"row 228, column 18",Net Current Expenditure (C7 = C3 - C6)
2013/14,E2901,,Northumberland UA,UA,Theatres and public entertainment,64,64000.0,Revenue_Outturn__RO5__data_2013-14_by_LA.xlsx,RO5 LA Data 2013-14 (3),"row 228, column 22",Net Current Expenditure (C7 = C3 - C6)
2013/14,E2901,,Northumberland UA,UA,Library service,4259,4259000.0,Revenue_Outturn__RO5__data_2013-14_by_LA.xlsx,RO5 LA Data 2013-14 (3),"row 228, column 50",Net Current Expenditure (C7 = C3 - C6)
2013/14,E3001,,Nottingham City UA,UA,Archives,0,0.0,Revenue_Outturn__RO5__data_2013-14_by_LA.xlsx,RO5 LA Data 2013-14 (3),"row 229, column 6",Net Current Expenditure (C7 = C3 - C6)
2013/14,E3001,,Nottingham City UA,UA,Arts development and support,639,639000.0,Revenue_Outturn__RO5__data_2013-14_by_LA.xlsx,RO5 LA Data 2013-14 (3),"row 229, column 10",Net Current Expenditure (C7 = C3 - C6)
2013/14,E3001,,Nottingham City UA,UA,Heritage,0,0.0,Revenue_Outturn__RO5__data_2013-14_by_LA.xlsx,RO5 LA Data 2013-14 (3),"row 229, column 14",Net Current Expenditure (C7 = C3 - C6)
2013/14,E3001,,Nottingham City UA,UA,Museums and galleries,3581,3581000.0,Revenue_Outturn__RO5__data_2013-14_by_LA.xlsx,RO5 LA Data 2013-14 (3),"row 229, column 18",Net Current Expenditure (C7 = C3 - C6)
2013/14,E3001,,Nottingham City UA,UA,Theatres and public entertainment,671,671000.0,Revenue_Outturn__RO5__data_2013-14_by_LA.xlsx,RO5 LA Data 2013-14 (3),"row 229, column 22",Net Current Expenditure (C7 = C3 - C6)
2013/14,E3001,,Nottingham City UA,UA,Library service,4592,4592000.0,Revenue_Outturn__RO5__data_2013-14_by_LA.xlsx,RO5 LA Data 2013-14 (3),"row 229, column 50",Net Current Expenditure (C7 = C3 - C6)
2013/14,E3021,,Nottinghamshire CC,SC,Archives,1362,1362000.0,Revenue_Outturn__RO5__data_2013-14_by_LA.xlsx,RO5 LA Data 2013-14 (3),"row 230, column 6",Net Current Expenditure (C7 = C3 - C6)
2013/14,E3021,,Nottinghamshire CC,SC,Arts development and support,964,964000.0,Revenue_Outturn__RO5__data_2013-14_by_LA.xlsx,RO5 LA Data 2013-14 (3),"row 230, column 10",Net Current Expenditure (C7 = C3 - C6)
2013/14,E3021,,Nottinghamshire CC,SC,Heritage,0,0.0,Revenue_Outturn__RO5__data_2013-14_by_LA.xlsx,RO5 LA Data 2013-14 (3),"row 230, column 14",Net Current Expenditure (C7 = C3 - C6)
2013/14,E3021,,Nottinghamshire CC,SC,Museums and galleries,0,0.0,Revenue_Outturn__RO5__data_2013-14_by_LA.xlsx,RO5 LA Data 2013-14 (3),"row 230, column 18",Net Current Expenditure (C7 = C3 - C6)
2013/14,E3021,,Nottinghamshire CC,SC,Theatres and public entertainment,0,0.0,Revenue_Outturn__RO5__data_2013-14_by_LA.xlsx,RO5 LA Data 2013-14 (3),"row 230, column 22",Net Current Expenditure (C7 = C3 - C6)
2013/14,E3021,,Nottinghamshire CC,SC,Library service,11953,11953000.0,Revenue_Outturn__RO5__data_2013-14_by_LA.xlsx,RO5 LA Data 2013-14 (3),"row 230, column 50",Net Current Expenditure (C7 = C3 - C6)
2013/14,E3031,,Ashfield,SD,Archives,0,0.0,Revenue_Outturn__RO5__data_2013-14_by_LA.xlsx,RO5 LA Data 2013-14 (3),"row 231, column 6",Net Current Expenditure (C7 = C3 - C6)
2013/14,E3031,,Ashfield,SD,Arts development and support,45,45000.0,Revenue_Outturn__RO5__data_2013-14_by_LA.xlsx,RO5 LA Data 2013-14 (3),"row 231, column 10",Net Current Expenditure (C7 = C3 - C6)
2013/14,E3031,,Ashfield,SD,Heritage,38,38000.0,Revenue_Outturn__RO5__data_2013-14_by_LA.xlsx,RO5 LA Data 2013-14 (3),"row 231, column 14",Net Current Expenditure (C7 = C3 - C6)
2013/14,E3031,,Ashfield,SD,Museums and galleries,0,0.0,Revenue_Outturn__RO5__data_2013-14_by_LA.xlsx,RO5 LA Data 2013-14 (3),"row 231, column 18",Net Current Expenditure (C7 = C3 - C6)
2013/14,E3031,,Ashfield,SD,Theatres and public entertainment,0,0.0,Revenue_Outturn__RO5__data_2013-14_by_LA.xlsx,RO5 LA Data 2013-14 (3),"row 231, column 22",Net Current Expenditure (C7 = C3 - C6)
2013/14,E3031,,Ashfield,SD,Library service,0,0.0,Revenue_Outturn__RO5__data_2013-14_by_LA.xlsx,RO5 LA Data 2013-14 (3),"row 231, column 50",Net Current Expenditure (C7 = C3 - C6)
2013/14,E3032,,Bassetlaw,SD,Archives,0,0.0,Revenue_Outturn__RO5__data_2013-14_by_LA.xlsx,RO5 LA Data 2013-14 (3),"row 232, column 6",Net Current Expenditure (C7 = C3 - C6)
2013/14,E3032,,Bassetlaw,SD,Arts development and support,30,30000.0,Revenue_Outturn__RO5__data_2013-14_by_LA.xlsx,RO5 LA Data 2013-14 (3),"row 232, column 10",Net Current Expenditure (C7 = C3 - C6)
2013/14,E3032,,Bassetlaw,SD,Heritage,0,0.0,Revenue_Outturn__RO5__data_2013-14_by_LA.xlsx,RO5 LA Data 2013-14 (3),"row 232, column 14",Net Current Expenditure (C7 = C3 - C6)
2013/14,E3032,,Bassetlaw,SD,Museums and galleries,170,170000.0,Revenue_Outturn__RO5__data_2013-14_by_LA.xlsx,RO5 LA Data 2013-14 (3),"row 232, column 18",Net Current Expenditure (C7 = C3 - C6)
2013/14,E3032,,Bassetlaw,SD,Theatres and public entertainment,-5,-5000.0,Revenue_Outturn__RO5__data_2013-14_by_LA.xlsx,RO5 LA Data 2013-14 (3),"row 232, column 22",Net Current Expenditure (C7 = C3 - C6)
2013/14,E3032,,Bassetlaw,SD,Library service,0,0.0,Revenue_Outturn__RO5__data_2013-14_by_LA.xlsx,RO5 LA Data 2013-14 (3),"row 232, column 50",Net Current Expenditure (C7 = C3 - C6)
2013/14,E3033,,Broxtowe,SD,Archives,215,215000.0,Revenue_Outturn__RO5__data_2013-14_by_LA.xlsx,RO5 LA Data 2013-14 (3),"row 233, column 6",Net Current Expenditure (C7 = C3 - C6)
2013/14,E3033,,Broxtowe,SD,Arts development and support,0,0.0,Revenue_Outturn__RO5__data_2013-14_by_LA.xlsx,RO5 LA Data 2013-14 (3),"row 233, column 10",Net Current Expenditure (C7 = C3 - C6)
2013/14,E3033,,Broxtowe,SD,Heritage,0,0.0,Revenue_Outturn__RO5__data_2013-14_by_LA.xlsx,RO5 LA Data 2013-14 (3),"row 233, column 14",Net Current Expenditure (C7 = C3 - C6)
2013/14,E3033,,Broxtowe,SD,Museums and galleries,205,205000.0,Revenue_Outturn__RO5__data_2013-14_by_LA.xlsx,RO5 LA Data 2013-14 (3),"row 233, column 18",Net Current Expenditure (C7 = C3 - C6)
2013/14,E3033,,Broxtowe,SD,Theatres and public entertainment,0,0.0,Revenue_Outturn__RO5__data_2013-14_by_LA.xlsx,RO5 LA Data 2013-14 (3),"row 233, column 22",Net Current Expenditure (C7 = C3 - C6)
2013/14,E3033,,Broxtowe,SD,Library service,0,0.0,Revenue_Outturn__RO5__data_2013-14_by_LA.xlsx,RO5 LA Data 2013-14 (3),"row 233, column 50",Net Current Expenditure (C7 = C3 - C6)
2013/14,E3034,,Gedling,SD,Archives,0,0.0,Revenue_Outturn__RO5__data_2013-14_by_LA.xlsx,RO5 LA Data 2013-14 (3),"row 234, column 6",Net Current Expenditure (C7 = C3 - C6)
2013/14,E3034,,Gedling,SD,Arts development and support,244,244000.0,Revenue_Outturn__RO5__data_2013-14_by_LA.xlsx,RO5 LA Data 2013-14 (3),"row 234, column 10",Net Current Expenditure (C7 = C3 - C6)
2013/14,E3034,,Gedling,SD,Heritage,0,0.0,Revenue_Outturn__RO5__data_2013-14_by_LA.xlsx,RO5 LA Data 2013-14 (3),"row 234, column 14",Net Current Expenditure (C7 = C3 - C6)
2013/14,E3034,,Gedling,SD,Museums and galleries,0,0.0,Revenue_Outturn__RO5__data_2013-14_by_LA.xlsx,RO5 LA Data 2013-14 (3),"row 234, column 18",Net Current Expenditure (C7 = C3 - C6)
2013/14,E3034,,Gedling,SD,Theatres and public entertainment,41,41000.0,Revenue_Outturn__RO5__data_2013-14_by_LA.xlsx,RO5 LA Data 2013-14 (3),"row 234, column 22",Net Current Expenditure (C7 = C3 - C6)
2013/14,E3034,,Gedling,SD,Library service,0,0.0,Revenue_Outturn__RO5__data_2013-14_by_LA.xlsx,RO5 LA Data 2013-14 (3),"row 234, column 50",Net Current Expenditure (C7 = C3 - C6)
2013/14,E3035,,Mansfield,SD,Archives,0,0.0,Revenue_Outturn__RO5__data_2013-14_by_LA.xlsx,RO5 LA Data 2013-14 (3),"row 235, column 6",Net Current Expenditure (C7 = C3 - C6)
2013/14,E3035,,Mansfield,SD,Arts development and support,0,0.0,Revenue_Outturn__RO5__data_2013-14_by_LA.xlsx,RO5 LA Data 2013-14 (3),"row 235, column 10",Net Current Expenditure (C7 = C3 - C6)
2013/14,E3035,,Mansfield,SD,Heritage,0,0.0,Revenue_Outturn__RO5__data_2013-14_by_LA.xlsx,RO5 LA Data 2013-14 (3),"row 235, column 14",Net Current Expenditure (C7 = C3 - C6)
2013/14,E3035,,Mansfield,SD,Museums and galleries,265,265000.0,Revenue_Outturn__RO5__data_2013-14_by_LA.xlsx,RO5 LA Data 2013-14 (3),"row 235, column 18",Net Current Expenditure (C7 = C3 - C6)
2013/14,E3035,,Mansfield,SD,Theatres and public entertainment,463,463000.0,Revenue_Outturn__RO5__data_2013-14_by_LA.xlsx,RO5 LA Data 2013-14 (3),"row 235, column 22",Net Current Expenditure (C7 = C3 - C6)
2013/14,E3035,,Mansfield,SD,Library service,0,0.0,Revenue_Outturn__RO5__data_2013-14_by_LA.xlsx,RO5 LA Data 2013-14 (3),"row 235, column 50",Net Current Expenditure (C7 = C3 - C6)
2013/14,E3036,,Newark & Sherwood ,SD,Archives,79,79000.0,Revenue_Outturn__RO5__data_2013-14_by_LA.xlsx,RO5 LA Data 2013-14 (3),"row 236, column 6",Net Current Expenditure (C7 = C3 - C6)
2013/14,E3036,,Newark & Sherwood ,SD,Arts development and support,1,1000.0,Revenue_Outturn__RO5__data_2013-14_by_LA.xlsx,RO5 LA Data 2013-14 (3),"row 236, column 10",Net Current Expenditure (C7 = C3 - C6)
2013/14,E3036,,Newark & Sherwood ,SD,Heritage,72,72000.0,Revenue_Outturn__RO5__data_2013-14_by_LA.xlsx,RO5 LA Data 2013-14 (3),"row 236, column 14",Net Current Expenditure (C7 = C3 - C6)
2013/14,E3036,,Newark & Sherwood ,SD,Museums and galleries,301,301000.0,Revenue_Outturn__RO5__data_2013-14_by_LA.xlsx,RO5 LA Data 2013-14 (3),"row 236, column 18",Net Current Expenditure (C7 = C3 - C6)
2013/14,E3036,,Newark & Sherwood ,SD,Theatres and public entertainment,149,149000.0,Revenue_Outturn__RO5__data_2013-14_by_LA.xlsx,RO5 LA Data 2013-14 (3),"row 236, column 22",Net Current Expenditure (C7 = C3 - C6)
2013/14,E3036,,Newark & Sherwood ,SD,Library service,0,0.0,Revenue_Outturn__RO5__data_2013-14_by_LA.xlsx,RO5 LA Data 2013-14 (3),"row 236, column 50",Net Current Expenditure (C7 = C3 - C6)
2013/14,E3038,,Rushcliffe,SD,Archives,0,0.0,Revenue_Outturn__RO5__data_2013-14_by_LA.xlsx,RO5 LA Data 2013-14 (3),"row 237, column 6",Net Current Expenditure (C7 = C3 - C6)
2013/14,E3038,,Rushcliffe,SD,Arts development and support,136,136000.0,Revenue_Outturn__RO5__data_2013-14_by_LA.xlsx,RO5 LA Data 2013-14 (3),"row 237, column 10",Net Current Expenditure (C7 = C3 - C6)
2013/14,E3038,,Rushcliffe,SD,Heritage,0,0.0,Revenue_Outturn__RO5__data_2013-14_by_LA.xlsx,RO5 LA Data 2013-14 (3),"row 237, column 14",Net Current Expenditure (C7 = C3 - C6)
2013/14,E3038,,Rushcliffe,SD,Museums and galleries,0,0.0,Revenue_Outturn__RO5__data_2013-14_by_LA.xlsx,RO5 LA Data 2013-14 (3),"row 237, column 18",Net Current Expenditure (C7 = C3 - C6)
2013/14,E3038,,Rushcliffe,SD,Theatres and public entertainment,0,0.0,Revenue_Outturn__RO5__data_2013-14_by_LA.xlsx,RO5 LA Data 2013-14 (3),"row 237, column 22",Net Current Expenditure (C7 = C3 - C6)
2013/14,E3038,,Rushcliffe,SD,Library service,0,0.0,Revenue_Outturn__RO5__data_2013-14_by_LA.xlsx,RO5 LA Data 2013-14 (3),"row 237, column 50",Net Current Expenditure (C7 = C3 - C6)
2013/14,E3120,,Oxfordshire CC,SC,Archives,896,896000.0,Revenue_Outturn__RO5__data_2013-14_by_LA.xlsx,RO5 LA Data 2013-14 (3),"row 238, column 6",Net Current Expenditure (C7 = C3 - C6)
2013/14,E3120,,Oxfordshire CC,SC,Arts development and support,370,370000.0,Revenue_Outturn__RO5__data_2013-14_by_LA.xlsx,RO5 LA Data 2013-14 (3),"row 238, column 10",Net Current Expenditure (C7 = C3 - C6)
2013/14,E3120,,Oxfordshire CC,SC,Heritage,0,0.0,Revenue_Outturn__RO5__data_2013-14_by_LA.xlsx,RO5 LA Data 2013-14 (3),"row 238, column 14",Net Current Expenditure (C7 = C3 - C6)
2013/14,E3120,,Oxfordshire CC,SC,Museums and galleries,1368,1368000.0,Revenue_Outturn__RO5__data_2013-14_by_LA.xlsx,RO5 LA Data 2013-14 (3),"row 238, column 18",Net Current Expenditure (C7 = C3 - C6)
2013/14,E3120,,Oxfordshire CC,SC,Theatres and public entertainment,0,0.0,Revenue_Outturn__RO5__data_2013-14_by_LA.xlsx,RO5 LA Data 2013-14 (3),"row 238, column 22",Net Current Expenditure (C7 = C3 - C6)
2013/14,E3120,,Oxfordshire CC,SC,Library service,10361,10361000.0,Revenue_Outturn__RO5__data_2013-14_by_LA.xlsx,RO5 LA Data 2013-14 (3),"row 238, column 50",Net Current Expenditure (C7 = C3 - C6)
2013/14,E3131,,Cherwell,SD,Archives,0,0.0,Revenue_Outturn__RO5__data_2013-14_by_LA.xlsx,RO5 LA Data 2013-14 (3),"row 239, column 6",Net Current Expenditure (C7 = C3 - C6)
2013/14,E3131,,Cherwell,SD,Arts development and support,40,40000.0,Revenue_Outturn__RO5__data_2013-14_by_LA.xlsx,RO5 LA Data 2013-14 (3),"row 239, column 10",Net Current Expenditure (C7 = C3 - C6)
2013/14,E3131,,Cherwell,SD,Heritage,6,6000.0,Revenue_Outturn__RO5__data_2013-14_by_LA.xlsx,RO5 LA Data 2013-14 (3),"row 239, column 14",Net Current Expenditure (C7 = C3 - C6)
2013/14,E3131,,Cherwell,SD,Museums and galleries,434,434000.0,Revenue_Outturn__RO5__data_2013-14_by_LA.xlsx,RO5 LA Data 2013-14 (3),"row 239, column 18",Net Current Expenditure (C7 = C3 - C6)
2013/14,E3131,,Cherwell,SD,Theatres and public entertainment,-15,-15000.0,Revenue_Outturn__RO5__data_2013-14_by_LA.xlsx,RO5 LA Data 2013-14 (3),"row 239, column 22",Net Current Expenditure (C7 = C3 - C6)
2013/14,E3131,,Cherwell,SD,Library service,5,5000.0,Revenue_Outturn__RO5__data_2013-14_by_LA.xlsx,RO5 LA Data 2013-14 (3),"row 239, column 50",Net Current Expenditure (C7 = C3 - C6)
2013/14,E3132,,Oxford,SD,Archives,0,0.0,Revenue_Outturn__RO5__data_2013-14_by_LA.xlsx,RO5 LA Data 2013-14 (3),"row 240, column 6",Net Current Expenditure (C7 = C3 - C6)
2013/14,E3132,,Oxford,SD,Arts development and support,213,213000.0,Revenue_Outturn__RO5__data_2013-14_by_LA.xlsx,RO5 LA Data 2013-14 (3),"row 240, column 10",Net Current Expenditure (C7 = C3 - C6)
2013/14,E3132,,Oxford,SD,Heritage,0,0.0,Revenue_Outturn__RO5__data_2013-14_by_LA.xlsx,RO5 LA Data 2013-14 (3),"row 240, column 14",Net Current Expenditure (C7 = C3 - C6)
2013/14,E3132,,Oxford,SD,Museums and galleries,159,159000.0,Revenue_Outturn__RO5__data_2013-14_by_LA.xlsx,RO5 LA Data 2013-14 (3),"row 240, column 18",Net Current Expenditure (C7 = C3 - C6)
2013/14,E3132,,Oxford,SD,Theatres and public entertainment,0,0.0,Revenue_Outturn__RO5__data_2013-14_by_LA.xlsx,RO5 LA Data 2013-14 (3),"row 240, column 22",Net Current Expenditure (C7 = C3 - C6)
2013/14,E3132,,Oxford,SD,Library service,0,0.0,Revenue_Outturn__RO5__data_2013-14_by_LA.xlsx,RO5 LA Data 2013-14 (3),"row 240, column 50",Net Current Expenditure (C7 = C3 - C6)
2013/14,E3133,,South Oxfordshire,SD,Archives,0,0.0,Revenue_Outturn__RO5__data_2013-14_by_LA.xlsx,RO5 LA Data 2013-14 (3),"row 241, column 6",Net Current Expenditure (C7 = C3 - C6)
2013/14,E3133,,South Oxfordshire,SD,Arts development and support,47,47000.0,Revenue_Outturn__RO5__data_2013-14_by_LA.xlsx,RO5 LA Data 2013-14 (3),"row 241, column 10",Net Current Expenditure (C7 = C3 - C6)
2013/14,E3133,,South Oxfordshire,SD,Heritage,0,0.0,Revenue_Outturn__RO5__data_2013-14_by_LA.xlsx,RO5 LA Data 2013-14 (3),"row 241, column 14",Net Current Expenditure (C7 = C3 - C6)
2013/14,E3133,,South Oxfordshire,SD,Museums and galleries,0,0.0,Revenue_Outturn__RO5__data_2013-14_by_LA.xlsx,RO5 LA Data 2013-14 (3),"row 241, column 18",Net Current Expenditure (C7 = C3 - C6)
2013/14,E3133,,South Oxfordshire,SD,Theatres and public entertainment,558,558000.0,Revenue_Outturn__RO5__data_2013-14_by_LA.xlsx,RO5 LA Data 2013-14 (3),"row 241, column 22",Net Current Expenditure (C7 = C3 - C6)
2013/14,E3133,,South Oxfordshire,SD,Library service,0,0.0,Revenue_Outturn__RO5__data_2013-14_by_LA.xlsx,RO5 LA Data 2013-14 (3),"row 241, column 50",Net Current Expenditure (C7 = C3 - C6)
2013/14,E3134,,Vale of White Horse DC,SD,Archives,0,0.0,Revenue_Outturn__RO5__data_2013-14_by_LA.xlsx,RO5 LA Data 2013-14 (3),"row 242, column 6",Net Current Expenditure (C7 = C3 - C6)
2013/14,E3134,,Vale of White Horse DC,SD,Arts development and support,35,35000.0,Revenue_Outturn__RO5__data_2013-14_by_LA.xlsx,RO5 LA Data 2013-14 (3),"row 242, column 10",Net Current Expenditure (C7 = C3 - C6)
2013/14,E3134,,Vale of White Horse DC,SD,Heritage,0,0.0,Revenue_Outturn__RO5__data_2013-14_by_LA.xlsx,RO5 LA Data 2013-14 (3),"row 242, column 14",Net Current Expenditure (C7 = C3 - C6)
2013/14,E3134,,Vale of White Horse DC,SD,Museums and galleries,0,0.0,Revenue_Outturn__RO5__data_2013-14_by_LA.xlsx,RO5 LA Data 2013-14 (3),"row 242, column 18",Net Current Expenditure (C7 = C3 - C6)
2013/14,E3134,,Vale of White Horse DC,SD,Theatres and public entertainment,0,0.0,Revenue_Outturn__RO5__data_2013-14_by_LA.xlsx,RO5 LA Data 2013-14 (3),"row 242, column 22",Net Current Expenditure (C7 = C3 - C6)
2013/14,E3134,,Vale of White Horse DC,SD,Library service,0,0.0,Revenue_Outturn__RO5__data_2013-14_by_LA.xlsx,RO5 LA Data 2013-14 (3),"row 242, column 50",Net Current Expenditure (C7 = C3 - C6)
2013/14,E3135,,West Oxfordshire,SD,Archives,0,0.0,Revenue_Outturn__RO5__data_2013-14_by_LA.xlsx,RO5 LA Data 2013-14 (3),"row 243, column 6",Net Current Expenditure (C7 = C3 - C6)
2013/14,E3135,,West Oxfordshire,SD,Arts development and support,182,182000.0,Revenue_Outturn__RO5__data_2013-14_by_LA.xlsx,RO5 LA Data 2013-14 (3),"row 243, column 10",Net Current Expenditure (C7 = C3 - C6)
2013/14,E3135,,West Oxfordshire,SD,Heritage,0,0.0,Revenue_Outturn__RO5__data_2013-14_by_LA.xlsx,RO5 LA Data 2013-14 (3),"row 243, column 14",Net Current Expenditure (C7 = C3 - C6)
2013/14,E3135,,West Oxfordshire,SD,Museums and galleries,8,8000.0,Revenue_Outturn__RO5__data_2013-14_by_LA.xlsx,RO5 LA Data 2013-14 (3),"row 243, column 18",Net Current Expenditure (C7 = C3 - C6)
2013/14,E3135,,West Oxfordshire,SD,Theatres and public entertainment,0,0.0,Revenue_Outturn__RO5__data_2013-14_by_LA.xlsx,RO5 LA Data 2013-14 (3),"row 243, column 22",Net Current Expenditure (C7 = C3 - C6)
2013/14,E3135,,West Oxfordshire,SD,Library service,0,0.0,Revenue_Outturn__RO5__data_2013-14_by_LA.xlsx,RO5 LA Data 2013-14 (3),"row 243, column 50",Net Current Expenditure (C7 = C3 - C6)
2013/14,E3201,,Telford & the Wrekin UA,UA,Archives,0,0.0,Revenue_Outturn__RO5__data_2013-14_by_LA.xlsx,RO5 LA Data 2013-14 (3),"row 244, column 6",Net Current Expenditure (C7 = C3 - C6)
2013/14,E3201,,Telford & the Wrekin UA,UA,Arts development and support,0,0.0,Revenue_Outturn__RO5__data_2013-14_by_LA.xlsx,RO5 LA Data 2013-14 (3),"row 244, column 10",Net Current Expenditure (C7 = C3 - C6)
2013/14,E3201,,Telford & the Wrekin UA,UA,Heritage,28,28000.0,Revenue_Outturn__RO5__data_2013-14_by_LA.xlsx,RO5 LA Data 2013-14 (3),"row 244, column 14",Net Current Expenditure (C7 = C3 - C6)
2013/14,E3201,,Telford & the Wrekin UA,UA,Museums and galleries,0,0.0,Revenue_Outturn__RO5__data_2013-14_by_LA.xlsx,RO5 LA Data 2013-14 (3),"row 244, column 18",Net Current Expenditure (C7 = C3 - C6)
2013/14,E3201,,Telford & the Wrekin UA,UA,Theatres and public entertainment,877,877000.0,Revenue_Outturn__RO5__data_2013-14_by_LA.xlsx,RO5 LA Data 2013-14 (3),"row 244, column 22",Net Current Expenditure (C7 = C3 - C6)
2013/14,E3201,,Telford & the Wrekin UA,UA,Library service,1852,1852000.0,Revenue_Outturn__RO5__data_2013-14_by_LA.xlsx,RO5 LA Data 2013-14 (3),"row 244, column 50",Net Current Expenditure (C7 = C3 - C6)
2013/14,E3202,,Shropshire UA,UA,Archives,519,519000.0,Revenue_Outturn__RO5__data_2013-14_by_LA.xlsx,RO5 LA Data 2013-14 (3),"row 245, column 6",Net Current Expenditure (C7 = C3 - C6)
2013/14,E3202,,Shropshire UA,UA,Arts development and support,334,334000.0,Revenue_Outturn__RO5__data_2013-14_by_LA.xlsx,RO5 LA Data 2013-14 (3),"row 245, column 10",Net Current Expenditure (C7 = C3 - C6)
2013/14,E3202,,Shropshire UA,UA,Heritage,30,30000.0,Revenue_Outturn__RO5__data_2013-14_by_LA.xlsx,RO5 LA Data 2013-14 (3),"row 245, column 14",Net Current Expenditure (C7 = C3 - C6)
2013/14,E3202,,Shropshire UA,UA,Museums and galleries,1170,1170000.0,Revenue_Outturn__RO5__data_2013-14_by_LA.xlsx,RO5 LA Data 2013-14 (3),"row 245, column 18",Net Current Expenditure (C7 = C3 - C6)
2013/14,E3202,,Shropshire UA,UA,Theatres and public entertainment,373,373000.0,Revenue_Outturn__RO5__data_2013-14_by_LA.xlsx,RO5 LA Data 2013-14 (3),"row 245, column 22",Net Current Expenditure (C7 = C3 - C6)
2013/14,E3202,,Shropshire UA,UA,Library service,4446,4446000.0,Revenue_Outturn__RO5__data_2013-14_by_LA.xlsx,RO5 LA Data 2013-14 (3),"row 245, column 50",Net Current Expenditure (C7 = C3 - C6)
2013/14,E3320,,Somerset CC,SC,Archives,534,534000.0,Revenue_Outturn__RO5__data_2013-14_by_LA.xlsx,RO5 LA Data 2013-14 (3),"row 246, column 6",Net Current Expenditure (C7 = C3 - C6)
2013/14,E3320,,Somerset CC,SC,Arts development and support,0,0.0,Revenue_Outturn__RO5__data_2013-14_by_LA.xlsx,RO5 LA Data 2013-14 (3),"row 246, column 10",Net Current Expenditure (C7 = C3 - C6)
2013/14,E3320,,Somerset CC,SC,Heritage,343,343000.0,Revenue_Outturn__RO5__data_2013-14_by_LA.xlsx,RO5 LA Data 2013-14 (3),"row 246, column 14",Net Current Expenditure (C7 = C3 - C6)
2013/14,E3320,,Somerset CC,SC,Museums and galleries,1271,1271000.0,Revenue_Outturn__RO5__data_2013-14_by_LA.xlsx,RO5 LA Data 2013-14 (3),"row 246, column 18",Net Current Expenditure (C7 = C3 - C6)
2013/14,E3320,,Somerset CC,SC,Theatres and public entertainment,0,0.0,Revenue_Outturn__RO5__data_2013-14_by_LA.xlsx,RO5 LA Data 2013-14 (3),"row 246, column 22",Net Current Expenditure (C7 = C3 - C6)
2013/14,E3320,,Somerset CC,SC,Library service,7150,7150000.0,Revenue_Outturn__RO5__data_2013-14_by_LA.xlsx,RO5 LA Data 2013-14 (3),"row 246, column 50",Net Current Expenditure (C7 = C3 - C6)
2013/14,E3331,,Mendip,SD,Archives,0,0.0,Revenue_Outturn__RO5__data_2013-14_by_LA.xlsx,RO5 LA Data 2013-14 (3),"row 247, column 6",Net Current Expenditure (C7 = C3 - C6)
2013/14,E3331,,Mendip,SD,Arts development and support,165,165000.0,Revenue_Outturn__RO5__data_2013-14_by_LA.xlsx,RO5 LA Data 2013-14 (3),"row 247, column 10",Net Current Expenditure (C7 = C3 - C6)
2013/14,E3331,,Mendip,SD,Heritage,-1,-1000.0,Revenue_Outturn__RO5__data_2013-14_by_LA.xlsx,RO5 LA Data 2013-14 (3),"row 247, column 14",Net Current Expenditure (C7 = C3 - C6)
2013/14,E3331,,Mendip,SD,Museums and galleries,0,0.0,Revenue_Outturn__RO5__data_2013-14_by_LA.xlsx,RO5 LA Data 2013-14 (3),"row 247, column 18",Net Current Expenditure (C7 = C3 - C6)
2013/14,E3331,,Mendip,SD,Theatres and public entertainment,0,0.0,Revenue_Outturn__RO5__data_2013-14_by_LA.xlsx,RO5 LA Data 2013-14 (3),"row 247, column 22",Net Current Expenditure (C7 = C3 - C6)
2013/14,E3331,,Mendip,SD,Library service,0,0.0,Revenue_Outturn__RO5__data_2013-14_by_LA.xlsx,RO5 LA Data 2013-14 (3),"row 247, column 50",Net Current Expenditure (C7 = C3 - C6)
2013/14,E3332,,Sedgemoor,SD,Archives,0,0.0,Revenue_Outturn__RO5__data_2013-14_by_LA.xlsx,RO5 LA Data 2013-14 (3),"row 248, column 6",Net Current Expenditure (C7 = C3 - C6)
2013/14,E3332,,Sedgemoor,SD,Arts development and support,0,0.0,Revenue_Outturn__RO5__data_2013-14_by_LA.xlsx,RO5 LA Data 2013-14 (3),"row 248, column 10",Net Current Expenditure (C7 = C3 - C6)
2013/14,E3332,,Sedgemoor,SD,Heritage,4,4000.0,Revenue_Outturn__RO5__data_2013-14_by_LA.xlsx,RO5 LA Data 2013-14 (3),"row 248, column 14",Net Current Expenditure (C7 = C3 - C6)
2013/14,E3332,,Sedgemoor,SD,Museums and galleries,8,8000.0,Revenue_Outturn__RO5__data_2013-14_by_LA.xlsx,RO5 LA Data 2013-14 (3),"row 248, column 18",Net Current Expenditure (C7 = C3 - C6)
2013/14,E3332,,Sedgemoor,SD,Theatres and public entertainment,9,9000.0,Revenue_Outturn__RO5__data_2013-14_by_LA.xlsx,RO5 LA Data 2013-14 (3),"row 248, column 22",Net Current Expenditure (C7 = C3 - C6)
2013/14,E3332,,Sedgemoor,SD,Library service,0,0.0,Revenue_Outturn__RO5__data_2013-14_by_LA.xlsx,RO5 LA Data 2013-14 (3),"row 248, column 50",Net Current Expenditure (C7 = C3 - C6)
2013/14,E3333,,Taunton Deane,SD,Archives,0,0.0,Revenue_Outturn__RO5__data_2013-14_by_LA.xlsx,RO5 LA Data 2013-14 (3),"row 249, column 6",Net Current Expenditure (C7 = C3 - C6)
2013/14,E3333,,Taunton Deane,SD,Arts development and support,15,15000.0,Revenue_Outturn__RO5__data_2013-14_by_LA.xlsx,RO5 LA Data 2013-14 (3),"row 249, column 10",Net Current Expenditure (C7 = C3 - C6)
2013/14,E3333,,Taunton Deane,SD,Heritage,0,0.0,Revenue_Outturn__RO5__data_2013-14_by_LA.xlsx,RO5 LA Data 2013-14 (3),"row 249, column 14",Net Current Expenditure (C7 = C3 - C6)
2013/14,E3333,,Taunton Deane,SD,Museums and galleries,0,0.0,Revenue_Outturn__RO5__data_2013-14_by_LA.xlsx,RO5 LA Data 2013-14 (3),"row 249, column 18",Net Current Expenditure (C7 = C3 - C6)
2013/14,E3333,,Taunton Deane,SD,Theatres and public entertainment,187,187000.0,Revenue_Outturn__RO5__data_2013-14_by_LA.xlsx,RO5 LA Data 2013-14 (3),"row 249, column 22",Net Current Expenditure (C7 = C3 - C6)
2013/14,E3333,,Taunton Deane,SD,Library service,0,0.0,Revenue_Outturn__RO5__data_2013-14_by_LA.xlsx,RO5 LA Data 2013-14 (3),"row 249, column 50",Net Current Expenditure (C7 = C3 - C6)
2013/14,E3334,,South Somerset,SD,Archives,0,0.0,Revenue_Outturn__RO5__data_2013-14_by_LA.xlsx,RO5 LA Data 2013-14 (3),"row 250, column 6",Net Current Expenditure (C7 = C3 - C6)
2013/14,E3334,,South Somerset,SD,Arts development and support,135,135000.0,Revenue_Outturn__RO5__data_2013-14_by_LA.xlsx,RO5 LA Data 2013-14 (3),"row 250, column 10",Net Current Expenditure (C7 = C3 - C6)
2013/14,E3334,,South Somerset,SD,Heritage,0,0.0,Revenue_Outturn__RO5__data_2013-14_by_LA.xlsx,RO5 LA Data 2013-14 (3),"row 250, column 14",Net Current Expenditure (C7 = C3 - C6)
2013/14,E3334,,South Somerset,SD,Museums and galleries,112,112000.0,Revenue_Outturn__RO5__data_2013-14_by_LA.xlsx,RO5 LA Data 2013-14 (3),"row 250, column 18",Net Current Expenditure (C7 = C3 - C6)
2013/14,E3334,,South Somerset,SD,Theatres and public entertainment,416,416000.0,Revenue_Outturn__RO5__data_2013-14_by_LA.xlsx,RO5 LA Data 2013-14 (3),"row 250, column 22",Net Current Expenditure (C7 = C3 - C6)
2013/14,E3334,,South Somerset,SD,Library service,0,0.0,Revenue_Outturn__RO5__data_2013-14_by_LA.xlsx,RO5 LA Data 2013-14 (3),"row 250, column 50",Net Current Expenditure (C7 = C3 - C6)
2013/14,E3335,,West Somerset DC,SD,Archives,0,0.0,Revenue_Outturn__RO5__data_2013-14_by_LA.xlsx,RO5 LA Data 2013-14 (3),"row 251, column 6",Net Current Expenditure (C7 = C3 - C6)
2013/14,E3335,,West Somerset DC,SD,Arts development and support,0,0.0,Revenue_Outturn__RO5__data_2013-14_by_LA.xlsx,RO5 LA Data 2013-14 (3),"row 251, column 10",Net Current Expenditure (C7 = C3 - C6)
2013/14,E3335,,West Somerset DC,SD,Heritage,0,0.0,Revenue_Outturn__RO5__data_2013-14_by_LA.xlsx,RO5 LA Data 2013-14 (3),"row 251, column 14",Net Current Expenditure (C7 = C3 - C6)
2013/14,E3335,,West Somerset DC,SD,Museums and galleries,0,0.0,Revenue_Outturn__RO5__data_2013-14_by_LA.xlsx,RO5 LA Data 2013-14 (3),"row 251, column 18",Net Current Expenditure (C7 = C3 - C6)
2013/14,E3335,,West Somerset DC,SD,Theatres and public entertainment,0,0.0,Revenue_Outturn__RO5__data_2013-14_by_LA.xlsx,RO5 LA Data 2013-14 (3),"row 251, column 22",Net Current Expenditure (C7 = C3 - C6)
2013/14,E3335,,West Somerset DC,SD,Library service,0,0.0,Revenue_Outturn__RO5__data_2013-14_by_LA.xlsx,RO5 LA Data 2013-14 (3),"row 251, column 50",Net Current Expenditure (C7 = C3 - C6)
2013/14,E3401,,Stoke-on-Trent UA,UA,Archives,193,193000.0,Revenue_Outturn__RO5__data_2013-14_by_LA.xlsx,RO5 LA Data 2013-14 (3),"row 252, column 6",Net Current Expenditure (C7 = C3 - C6)
2013/14,E3401,,Stoke-on-Trent UA,UA,Arts development and support,1116,1116000.0,Revenue_Outturn__RO5__data_2013-14_by_LA.xlsx,RO5 LA Data 2013-14 (3),"row 252, column 10",Net Current Expenditure (C7 = C3 - C6)
2013/14,E3401,,Stoke-on-Trent UA,UA,Heritage,0,0.0,Revenue_Outturn__RO5__data_2013-14_by_LA.xlsx,RO5 LA Data 2013-14 (3),"row 252, column 14",Net Current Expenditure (C7 = C3 - C6)
2013/14,E3401,,Stoke-on-Trent UA,UA,Museums and galleries,2369,2369000.0,Revenue_Outturn__RO5__data_2013-14_by_LA.xlsx,RO5 LA Data 2013-14 (3),"row 252, column 18",Net Current Expenditure (C7 = C3 - C6)
2013/14,E3401,,Stoke-on-Trent UA,UA,Theatres and public entertainment,424,424000.0,Revenue_Outturn__RO5__data_2013-14_by_LA.xlsx,RO5 LA Data 2013-14 (3),"row 252, column 22",Net Current Expenditure (C7 = C3 - C6)
2013/14,E3401,,Stoke-on-Trent UA,UA,Library service,3712,3712000.0,Revenue_Outturn__RO5__data_2013-14_by_LA.xlsx,RO5 LA Data 2013-14 (3),"row 252, column 50",Net Current Expenditure (C7 = C3 - C6)
2013/14,E3421,,Staffordshire CC,SC,Archives,1601,1601000.0,Revenue_Outturn__RO5__data_2013-14_by_LA.xlsx,RO5 LA Data 2013-14 (3),"row 253, column 6",Net Current Expenditure (C7 = C3 - C6)
2013/14,E3421,,Staffordshire CC,SC,Arts development and support,600,600000.0,Revenue_Outturn__RO5__data_2013-14_by_LA.xlsx,RO5 LA Data 2013-14 (3),"row 253, column 10",Net Current Expenditure (C7 = C3 - C6)
2013/14,E3421,,Staffordshire CC,SC,Heritage,0,0.0,Revenue_Outturn__RO5__data_2013-14_by_LA.xlsx,RO5 LA Data 2013-14 (3),"row 253, column 14",Net Current Expenditure (C7 = C3 - C6)
2013/14,E3421,,Staffordshire CC,SC,Museums and galleries,383,383000.0,Revenue_Outturn__RO5__data_2013-14_by_LA.xlsx,RO5 LA Data 2013-14 (3),"row 253, column 18",Net Current Expenditure (C7 = C3 - C6)
2013/14,E3421,,Staffordshire CC,SC,Theatres and public entertainment,0,0.0,Revenue_Outturn__RO5__data_2013-14_by_LA.xlsx,RO5 LA Data 2013-14 (3),"row 253, column 22",Net Current Expenditure (C7 = C3 - C6)
2013/14,E3421,,Staffordshire CC,SC,Library service,13409,13409000.0,Revenue_Outturn__RO5__data_2013-14_by_LA.xlsx,RO5 LA Data 2013-14 (3),"row 253, column 50",Net Current Expenditure (C7 = C3 - C6)
2013/14,E3431,,Cannock Chase,SD,Archives,0,0.0,Revenue_Outturn__RO5__data_2013-14_by_LA.xlsx,RO5 LA Data 2013-14 (3),"row 254, column 6",Net Current Expenditure (C7 = C3 - C6)
2013/14,E3431,,Cannock Chase,SD,Arts development and support,292,292000.0,Revenue_Outturn__RO5__data_2013-14_by_LA.xlsx,RO5 LA Data 2013-14 (3),"row 254, column 10",Net Current Expenditure (C7 = C3 - C6)
2013/14,E3431,,Cannock Chase,SD,Heritage,0,0.0,Revenue_Outturn__RO5__data_2013-14_by_LA.xlsx,RO5 LA Data 2013-14 (3),"row 254, column 14",Net Current Expenditure (C7 = C3 - C6)
2013/14,E3431,,Cannock Chase,SD,Museums and galleries,314,314000.0,Revenue_Outturn__RO5__data_2013-14_by_LA.xlsx,RO5 LA Data 2013-14 (3),"row 254, column 18",Net Current Expenditure (C7 = C3 - C6)
2013/14,E3431,,Cannock Chase,SD,Theatres and public entertainment,407,407000.0,Revenue_Outturn__RO5__data_2013-14_by_LA.xlsx,RO5 LA Data 2013-14 (3),"row 254, column 22",Net Current Expenditure (C7 = C3 - C6)
2013/14,E3431,,Cannock Chase,SD,Library service,0,0.0,Revenue_Outturn__RO5__data_2013-14_by_LA.xlsx,RO5 LA Data 2013-14 (3),"row 254, column 50",Net Current Expenditure (C7 = C3 - C6)
2013/14,E3432,,East Staffordshire,SD,Archives,0,0.0,Revenue_Outturn__RO5__data_2013-14_by_LA.xlsx,RO5 LA Data 2013-14 (3),"row 255, column 6",Net Current Expenditure (C7 = C3 - C6)
2013/14,E3432,,East Staffordshire,SD,Arts development and support,161,161000.0,Revenue_Outturn__RO5__data_2013-14_by_LA.xlsx,RO5 LA Data 2013-14 (3),"row 255, column 10",Net Current Expenditure (C7 = C3 - C6)
2013/14,E3432,,East Staffordshire,SD,Heritage,0,0.0,Revenue_Outturn__RO5__data_2013-14_by_LA.xlsx,RO5 LA Data 2013-14 (3),"row 255, column 14",Net Current Expenditure (C7 = C3 - C6)
2013/14,E3432,,East Staffordshire,SD,Museums and galleries,0,0.0,Revenue_Outturn__RO5__data_2013-14_by_LA.xlsx,RO5 LA Data 2013-14 (3),"row 255, column 18",Net Current Expenditure (C7 = C3 - C6)
2013/14,E3432,,East Staffordshire,SD,Theatres and public entertainment,488,488000.0,Revenue_Outturn__RO5__data_2013-14_by_LA.xlsx,RO5 LA Data 2013-14 (3),"row 255, column 22",Net Current Expenditure (C7 = C3 - C6)
2013/14,E3432,,East Staffordshire,SD,Library service,0,0.0,Revenue_Outturn__RO5__data_2013-14_by_LA.xlsx,RO5 LA Data 2013-14 (3),"row 255, column 50",Net Current Expenditure (C7 = C3 - C6)
2013/14,E3433,,Lichfield,SD,Archives,0,0.0,Revenue_Outturn__RO5__data_2013-14_by_LA.xlsx,RO5 LA Data 2013-14 (3),"row 256, column 6",Net Current Expenditure (C7 = C3 - C6)
2013/14,E3433,,Lichfield,SD,Arts development and support,0,0.0,Revenue_Outturn__RO5__data_2013-14_by_LA.xlsx,RO5 LA Data 2013-14 (3),"row 256, column 10",Net Current Expenditure (C7 = C3 - C6)
2013/14,E3433,,Lichfield,SD,Heritage,0,0.0,Revenue_Outturn__RO5__data_2013-14_by_LA.xlsx,RO5 LA Data 2013-14 (3),"row 256, column 14",Net Current Expenditure (C7 = C3 - C6)
2013/14,E3433,,Lichfield,SD,Museums and galleries,2,2000.0,Revenue_Outturn__RO5__data_2013-14_by_LA.xlsx,RO5 LA Data 2013-14 (3),"row 256, column 18",Net Current Expenditure (C7 = C3 - C6)
2013/14,E3433,,Lichfield,SD,Theatres and public entertainment,738,738000.0,Revenue_Outturn__RO5__data_2013-14_by_LA.xlsx,RO5 LA Data 2013-14 (3),"row 256, column 22",Net Current Expenditure (C7 = C3 - C6)
2013/14,E3433,,Lichfield,SD,Library service,0,0.0,Revenue_Outturn__RO5__data_2013-14_by_LA.xlsx,RO5 LA Data 2013-14 (3),"row 256, column 50",Net Current Expenditure (C7 = C3 - C6)
2013/14,E3434,,Newcastle-under-Lyme,SD,Archives,0,0.0,Revenue_Outturn__RO5__data_2013-14_by_LA.xlsx,RO5 LA Data 2013-14 (3),"row 257, column 6",Net Current Expenditure (C7 = C3 - C6)
2013/14,E3434,,Newcastle-under-Lyme,SD,Arts development and support,13,13000.0,Revenue_Outturn__RO5__data_2013-14_by_LA.xlsx,RO5 LA Data 2013-14 (3),"row 257, column 10",Net Current Expenditure (C7 = C3 - C6)
2013/14,E3434,,Newcastle-under-Lyme,SD,Heritage,0,0.0,Revenue_Outturn__RO5__data_2013-14_by_LA.xlsx,RO5 LA Data 2013-14 (3),"row 257, column 14",Net Current Expenditure (C7 = C3 - C6)
2013/14,E3434,,Newcastle-under-Lyme,SD,Museums and galleries,283,283000.0,Revenue_Outturn__RO5__data_2013-14_by_LA.xlsx,RO5 LA Data 2013-14 (3),"row 257, column 18",Net Current Expenditure (C7 = C3 - C6)
2013/14,E3434,,Newcastle-under-Lyme,SD,Theatres and public entertainment,129,129000.0,Revenue_Outturn__RO5__data_2013-14_by_LA.xlsx,RO5 LA Data 2013-14 (3),"row 257, column 22",Net Current Expenditure (C7 = C3 - C6)
2013/14,E3434,,Newcastle-under-Lyme,SD,Library service,0,0.0,Revenue_Outturn__RO5__data_2013-14_by_LA.xlsx,RO5 LA Data 2013-14 (3),"row 257, column 50",Net Current Expenditure (C7 = C3 - C6)
2013/14,E3435,,South Staffordshire,SD,Archives,0,0.0,Revenue_Outturn__RO5__data_2013-14_by_LA.xlsx,RO5 LA Data 2013-14 (3),"row 258, column 6",Net Current Expenditure (C7 = C3 - C6)
2013/14,E3435,,South Staffordshire,SD,Arts development and support,0,0.0,Revenue_Outturn__RO5__data_2013-14_by_LA.xlsx,RO5 LA Data 2013-14 (3),"row 258, column 10",Net Current Expenditure (C7 = C3 - C6)
2013/14,E3435,,South Staffordshire,SD,Heritage,0,0.0,Revenue_Outturn__RO5__data_2013-14_by_LA.xlsx,RO5 LA Data 2013-14 (3),"row 258, column 14",Net Current Expenditure (C7 = C3 - C6)
2013/14,E3435,,South Staffordshire,SD,Museums and galleries,0,0.0,Revenue_Outturn__RO5__data_2013-14_by_LA.xlsx,RO5 LA Data 2013-14 (3),"row 258, column 18",Net Current Expenditure (C7 = C3 - C6)
2013/14,E3435,,South Staffordshire,SD,Theatres and public entertainment,0,0.0,Revenue_Outturn__RO5__data_2013-14_by_LA.xlsx,RO5 LA Data 2013-14 (3),"row 258, column 22",Net Current Expenditure (C7 = C3 - C6)
2013/14,E3435,,South Staffordshire,SD,Library service,0,0.0,Revenue_Outturn__RO5__data_2013-14_by_LA.xlsx,RO5 LA Data 2013-14 (3),"row 258, column 50",Net Current Expenditure (C7 = C3 - C6)
2013/14,E3436,,Stafford BC,SD,Archives,0,0.0,Revenue_Outturn__RO5__data_2013-14_by_LA.xlsx,RO5 LA Data 2013-14 (3),"row 259, column 6",Net Current Expenditure (C7 = C3 - C6)
2013/14,E3436,,Stafford BC,SD,Arts development and support,0,0.0,Revenue_Outturn__RO5__data_2013-14_by_LA.xlsx,RO5 LA Data 2013-14 (3),"row 259, column 10",Net Current Expenditure (C7 = C3 - C6)
2013/14,E3436,,Stafford BC,SD,Heritage,20,20000.0,Revenue_Outturn__RO5__data_2013-14_by_LA.xlsx,RO5 LA Data 2013-14 (3),"row 259, column 14",Net Current Expenditure (C7 = C3 - C6)
2013/14,E3436,,Stafford BC,SD,Museums and galleries,367,367000.0,Revenue_Outturn__RO5__data_2013-14_by_LA.xlsx,RO5 LA Data 2013-14 (3),"row 259, column 18",Net Current Expenditure (C7 = C3 - C6)
2013/14,E3436,,Stafford BC,SD,Theatres and public entertainment,800,800000.0,Revenue_Outturn__RO5__data_2013-14_by_LA.xlsx,RO5 LA Data 2013-14 (3),"row 259, column 22",Net Current Expenditure (C7 = C3 - C6)
2013/14,E3436,,Stafford BC,SD,Library service,0,0.0,Revenue_Outturn__RO5__data_2013-14_by_LA.xlsx,RO5 LA Data 2013-14 (3),"row 259, column 50",Net Current Expenditure (C7 = C3 - C6)
2013/14,E3437,,Staffordshire Moorlands,SD,Archives,0,0.0,Revenue_Outturn__RO5__data_2013-14_by_LA.xlsx,RO5 LA Data 2013-14 (3),"row 260, column 6",Net Current Expenditure (C7 = C3 - C6)
2013/14,E3437,,Staffordshire Moorlands,SD,Arts development and support,49,49000.0,Revenue_Outturn__RO5__data_2013-14_by_LA.xlsx,RO5 LA Data 2013-14 (3),"row 260, column 10",Net Current Expenditure (C7 = C3 - C6)
2013/14,E3437,,Staffordshire Moorlands,SD,Heritage,0,0.0,Revenue_Outturn__RO5__data_2013-14_by_LA.xlsx,RO5 LA Data 2013-14 (3),"row 260, column 14",Net Current Expenditure (C7 = C3 - C6)
2013/14,E3437,,Staffordshire Moorlands,SD,Museums and galleries,63,63000.0,Revenue_Outturn__RO5__data_2013-14_by_LA.xlsx,RO5 LA Data 2013-14 (3),"row 260, column 18",Net Current Expenditure (C7 = C3 - C6)
2013/14,E3437,,Staffordshire Moorlands,SD,Theatres and public entertainment,0,0.0,Revenue_Outturn__RO5__data_2013-14_by_LA.xlsx,RO5 LA Data 2013-14 (3),"row 260, column 22",Net Current Expenditure (C7 = C3 - C6)
2013/14,E3437,,Staffordshire Moorlands,SD,Library service,0,0.0,Revenue_Outturn__RO5__data_2013-14_by_LA.xlsx,RO5 LA Data 2013-14 (3),"row 260, column 50",Net Current Expenditure (C7 = C3 - C6)
2013/14,E3439,,Tamworth,SD,Archives,0,0.0,Revenue_Outturn__RO5__data_2013-14_by_LA.xlsx,RO5 LA Data 2013-14 (3),"row 261, column 6",Net Current Expenditure (C7 = C3 - C6)
2013/14,E3439,,Tamworth,SD,Arts development and support,17,17000.0,Revenue_Outturn__RO5__data_2013-14_by_LA.xlsx,RO5 LA Data 2013-14 (3),"row 261, column 10",Net Current Expenditure (C7 = C3 - C6)
2013/14,E3439,,Tamworth,SD,Heritage,36,36000.0,Revenue_Outturn__RO5__data_2013-14_by_LA.xlsx,RO5 LA Data 2013-14 (3),"row 261, column 14",Net Current Expenditure (C7 = C3 - C6)
2013/14,E3439,,Tamworth,SD,Museums and galleries,313,313000.0,Revenue_Outturn__RO5__data_2013-14_by_LA.xlsx,RO5 LA Data 2013-14 (3),"row 261, column 18",Net Current Expenditure (C7 = C3 - C6)
2013/14,E3439,,Tamworth,SD,Theatres and public entertainment,489,489000.0,Revenue_Outturn__RO5__data_2013-14_by_LA.xlsx,RO5 LA Data 2013-14 (3),"row 261, column 22",Net Current Expenditure (C7 = C3 - C6)
2013/14,E3439,,Tamworth,SD,Library service,0,0.0,Revenue_Outturn__RO5__data_2013-14_by_LA.xlsx,RO5 LA Data 2013-14 (3),"row 261, column 50",Net Current Expenditure (C7 = C3 - C6)
2013/14,E3520,,Suffolk CC,SC,Archives,716,716000.0,Revenue_Outturn__RO5__data_2013-14_by_LA.xlsx,RO5 LA Data 2013-14 (3),"row 262, column 6",Net Current Expenditure (C7 = C3 - C6)
2013/14,E3520,,Suffolk CC,SC,Arts development and support,971,971000.0,Revenue_Outturn__RO5__data_2013-14_by_LA.xlsx,RO5 LA Data 2013-14 (3),"row 262, column 10",Net Current Expenditure (C7 = C3 - C6)
2013/14,E3520,,Suffolk CC,SC,Heritage,55,55000.0,Revenue_Outturn__RO5__data_2013-14_by_LA.xlsx,RO5 LA Data 2013-14 (3),"row 262, column 14",Net Current Expenditure (C7 = C3 - C6)
2013/14,E3520,,Suffolk CC,SC,Museums and galleries,322,322000.0,Revenue_Outturn__RO5__data_2013-14_by_LA.xlsx,RO5 LA Data 2013-14 (3),"row 262, column 18",Net Current Expenditure (C7 = C3 - C6)
2013/14,E3520,,Suffolk CC,SC,Theatres and public entertainment,0,0.0,Revenue_Outturn__RO5__data_2013-14_by_LA.xlsx,RO5 LA Data 2013-14 (3),"row 262, column 22",Net Current Expenditure (C7 = C3 - C6)
2013/14,E3520,,Suffolk CC,SC,Library service,7223,7223000.0,Revenue_Outturn__RO5__data_2013-14_by_LA.xlsx,RO5 LA Data 2013-14 (3),"row 262, column 50",Net Current Expenditure (C7 = C3 - C6)
2013/14,E3531,,Babergh,SD,Archives,0,0.0,Revenue_Outturn__RO5__data_2013-14_by_LA.xlsx,RO5 LA Data 2013-14 (3),"row 263, column 6",Net Current Expenditure (C7 = C3 - C6)
2013/14,E3531,,Babergh,SD,Arts development and support,32,32000.0,Revenue_Outturn__RO5__data_2013-14_by_LA.xlsx,RO5 LA Data 2013-14 (3),"row 263, column 10",Net Current Expenditure (C7 = C3 - C6)
2013/14,E3531,,Babergh,SD,Heritage,0,0.0,Revenue_Outturn__RO5__data_2013-14_by_LA.xlsx,RO5 LA Data 2013-14 (3),"row 263, column 14",Net Current Expenditure (C7 = C3 - C6)
2013/14,E3531,,Babergh,SD,Museums and galleries,0,0.0,Revenue_Outturn__RO5__data_2013-14_by_LA.xlsx,RO5 LA Data 2013-14 (3),"row 263, column 18",Net Current Expenditure (C7 = C3 - C6)
2013/14,E3531,,Babergh,SD,Theatres and public entertainment,43,43000.0,Revenue_Outturn__RO5__data_2013-14_by_LA.xlsx,RO5 LA Data 2013-14 (3),"row 263, column 22",Net Current Expenditure (C7 = C3 - C6)
2013/14,E3531,,Babergh,SD,Library service,0,0.0,Revenue_Outturn__RO5__data_2013-14_by_LA.xlsx,RO5 LA Data 2013-14 (3),"row 263, column 50",Net Current Expenditure (C7 = C3 - C6)
2013/14,E3532,,Forest Heath,SD,Archives,0,0.0,Revenue_Outturn__RO5__data_2013-14_by_LA.xlsx,RO5 LA Data 2013-14 (3),"row 264, column 6",Net Current Expenditure (C7 = C3 - C6)
2013/14,E3532,,Forest Heath,SD,Arts development and support,161,161000.0,Revenue_Outturn__RO5__data_2013-14_by_LA.xlsx,RO5 LA Data 2013-14 (3),"row 264, column 10",Net Current Expenditure (C7 = C3 - C6)
2013/14,E3532,,Forest Heath,SD,Heritage,60,60000.0,Revenue_Outturn__RO5__data_2013-14_by_LA.xlsx,RO5 LA Data 2013-14 (3),"row 264, column 14",Net Current Expenditure (C7 = C3 - C6)
2013/14,E3532,,Forest Heath,SD,Museums and galleries,0,0.0,Revenue_Outturn__RO5__data_2013-14_by_LA.xlsx,RO5 LA Data 2013-14 (3),"row 264, column 18",Net Current Expenditure (C7 = C3 - C6)
2013/14,E3532,,Forest Heath,SD,Theatres and public entertainment,11,11000.0,Revenue_Outturn__RO5__data_2013-14_by_LA.xlsx,RO5 LA Data 2013-14 (3),"row 264, column 22",Net Current Expenditure (C7 = C3 - C6)
2013/14,E3532,,Forest Heath,SD,Library service,0,0.0,Revenue_Outturn__RO5__data_2013-14_by_LA.xlsx,RO5 LA Data 2013-14 (3),"row 264, column 50",Net Current Expenditure (C7 = C3 - C6)
2013/14,E3533,,Ipswich,SD,Archives,0,0.0,Revenue_Outturn__RO5__data_2013-14_by_LA.xlsx,RO5 LA Data 2013-14 (3),"row 265, column 6",Net Current Expenditure (C7 = C3 - C6)
2013/14,E3533,,Ipswich,SD,Arts development and support,400,400000.0,Revenue_Outturn__RO5__data_2013-14_by_LA.xlsx,RO5 LA Data 2013-14 (3),"row 265, column 10",Net Current Expenditure (C7 = C3 - C6)
2013/14,E3533,,Ipswich,SD,Heritage,90,90000.0,Revenue_Outturn__RO5__data_2013-14_by_LA.xlsx,RO5 LA Data 2013-14 (3),"row 265, column 14",Net Current Expenditure (C7 = C3 - C6)
2013/14,E3533,,Ipswich,SD,Museums and galleries,1376,1376000.0,Revenue_Outturn__RO5__data_2013-14_by_LA.xlsx,RO5 LA Data 2013-14 (3),"row 265, column 18",Net Current Expenditure (C7 = C3 - C6)
2013/14,E3533,,Ipswich,SD,Theatres and public entertainment,1016,1016000.0,Revenue_Outturn__RO5__data_2013-14_by_LA.xlsx,RO5 LA Data 2013-14 (3),"row 265, column 22",Net Current Expenditure (C7 = C3 - C6)
2013/14,E3533,,Ipswich,SD,Library service,0,0.0,Revenue_Outturn__RO5__data_2013-14_by_LA.xlsx,RO5 LA Data 2013-14 (3),"row 265, column 50",Net Current Expenditure (C7 = C3 - C6)
2013/14,E3534,,Mid Suffolk,SD,Archives,0,0.0,Revenue_Outturn__RO5__data_2013-14_by_LA.xlsx,RO5 LA Data 2013-14 (3),"row 266, column 6",Net Current Expenditure (C7 = C3 - C6)
2013/14,E3534,,Mid Suffolk,SD,Arts development and support,87,87000.0,Revenue_Outturn__RO5__data_2013-14_by_LA.xlsx,RO5 LA Data 2013-14 (3),"row 266, column 10",Net Current Expenditure (C7 = C3 - C6)
2013/14,E3534,,Mid Suffolk,SD,Heritage,39,39000.0,Revenue_Outturn__RO5__data_2013-14_by_LA.xlsx,RO5 LA Data 2013-14 (3),"row 266, column 14",Net Current Expenditure (C7 = C3 - C6)
2013/14,E3534,,Mid Suffolk,SD,Museums and galleries,0,0.0,Revenue_Outturn__RO5__data_2013-14_by_LA.xlsx,RO5 LA Data 2013-14 (3),"row 266, column 18",Net Current Expenditure (C7 = C3 - C6)
2013/14,E3534,,Mid Suffolk,SD,Theatres and public entertainment,36,36000.0,Revenue_Outturn__RO5__data_2013-14_by_LA.xlsx,RO5 LA Data 2013-14 (3),"row 266, column 22",Net Current Expenditure (C7 = C3 - C6)
2013/14,E3534,,Mid Suffolk,SD,Library service,0,0.0,Revenue_Outturn__RO5__data_2013-14_by_LA.xlsx,RO5 LA Data 2013-14 (3),"row 266, column 50",Net Current Expenditure (C7 = C3 - C6)
2013/14,E3535,,St Edmundsbury,SD,Archives,0,0.0,Revenue_Outturn__RO5__data_2013-14_by_LA.xlsx,RO5 LA Data 2013-14 (3),"row 267, column 6",Net Current Expenditure (C7 = C3 - C6)
2013/14,E3535,,St Edmundsbury,SD,Arts development and support,223,223000.0,Revenue_Outturn__RO5__data_2013-14_by_LA.xlsx,RO5 LA Data 2013-14 (3),"row 267, column 10",Net Current Expenditure (C7 = C3 - C6)
2013/14,E3535,,St Edmundsbury,SD,Heritage,289,289000.0,Revenue_Outturn__RO5__data_2013-14_by_LA.xlsx,RO5 LA Data 2013-14 (3),"row 267, column 14",Net Current Expenditure (C7 = C3 - C6)
2013/14,E3535,,St Edmundsbury,SD,Museums and galleries,255,255000.0,Revenue_Outturn__RO5__data_2013-14_by_LA.xlsx,RO5 LA Data 2013-14 (3),"row 267, column 18",Net Current Expenditure (C7 = C3 - C6)
2013/14,E3535,,St Edmundsbury,SD,Theatres and public entertainment,844,844000.0,Revenue_Outturn__RO5__data_2013-14_by_LA.xlsx,RO5 LA Data 2013-14 (3),"row 267, column 22",Net Current Expenditure (C7 = C3 - C6)
2013/14,E3535,,St Edmundsbury,SD,Library service,0,0.0,Revenue_Outturn__RO5__data_2013-14_by_LA.xlsx,RO5 LA Data 2013-14 (3),"row 267, column 50",Net Current Expenditure (C7 = C3 - C6)
2013/14,E3536,,Suffolk Coastal,SD,Archives,0,0.0,Revenue_Outturn__RO5__data_2013-14_by_LA.xlsx,RO5 LA Data 2013-14 (3),"row 268, column 6",Net Current Expenditure (C7 = C3 - C6)
2013/14,E3536,,Suffolk Coastal,SD,Arts development and support,44,44000.0,Revenue_Outturn__RO5__data_2013-14_by_LA.xlsx,RO5 LA Data 2013-14 (3),"row 268, column 10",Net Current Expenditure (C7 = C3 - C6)
2013/14,E3536,,Suffolk Coastal,SD,Heritage,0,0.0,Revenue_Outturn__RO5__data_2013-14_by_LA.xlsx,RO5 LA Data 2013-14 (3),"row 268, column 14",Net Current Expenditure (C7 = C3 - C6)
2013/14,E3536,,Suffolk Coastal,SD,Museums and galleries,0,0.0,Revenue_Outturn__RO5__data_2013-14_by_LA.xlsx,RO5 LA Data 2013-14 (3),"row 268, column 18",Net Current Expenditure (C7 = C3 - C6)
2013/14,E3536,,Suffolk Coastal,SD,Theatres and public entertainment,79,79000.0,Revenue_Outturn__RO5__data_2013-14_by_LA.xlsx,RO5 LA Data 2013-14 (3),"row 268, column 22",Net Current Expenditure (C7 = C3 - C6)
2013/14,E3536,,Suffolk Coastal,SD,Library service,0,0.0,Revenue_Outturn__RO5__data_2013-14_by_LA.xlsx,RO5 LA Data 2013-14 (3),"row 268, column 50",Net Current Expenditure (C7 = C3 - C6)
2013/14,E3537,,Waveney,SD,Archives,0,0.0,Revenue_Outturn__RO5__data_2013-14_by_LA.xlsx,RO5 LA Data 2013-14 (3),"row 269, column 6",Net Current Expenditure (C7 = C3 - C6)
2013/14,E3537,,Waveney,SD,Arts development and support,10,10000.0,Revenue_Outturn__RO5__data_2013-14_by_LA.xlsx,RO5 LA Data 2013-14 (3),"row 269, column 10",Net Current Expenditure (C7 = C3 - C6)
2013/14,E3537,,Waveney,SD,Heritage,41,41000.0,Revenue_Outturn__RO5__data_2013-14_by_LA.xlsx,RO5 LA Data 2013-14 (3),"row 269, column 14",Net Current Expenditure (C7 = C3 - C6)
2013/14,E3537,,Waveney,SD,Museums and galleries,28,28000.0,Revenue_Outturn__RO5__data_2013-14_by_LA.xlsx,RO5 LA Data 2013-14 (3),"row 269, column 18",Net Current Expenditure (C7 = C3 - C6)
2013/14,E3537,,Waveney,SD,Theatres and public entertainment,158,158000.0,Revenue_Outturn__RO5__data_2013-14_by_LA.xlsx,RO5 LA Data 2013-14 (3),"row 269, column 22",Net Current Expenditure (C7 = C3 - C6)
2013/14,E3537,,Waveney,SD,Library service,0,0.0,Revenue_Outturn__RO5__data_2013-14_by_LA.xlsx,RO5 LA Data 2013-14 (3),"row 269, column 50",Net Current Expenditure (C7 = C3 - C6)
2013/14,E3620,,Surrey CC,SC,Archives,1266,1266000.0,Revenue_Outturn__RO5__data_2013-14_by_LA.xlsx,RO5 LA Data 2013-14 (3),"row 270, column 6",Net Current Expenditure (C7 = C3 - C6)
2013/14,E3620,,Surrey CC,SC,Arts development and support,266,266000.0,Revenue_Outturn__RO5__data_2013-14_by_LA.xlsx,RO5 LA Data 2013-14 (3),"row 270, column 10",Net Current Expenditure (C7 = C3 - C6)
2013/14,E3620,,Surrey CC,SC,Heritage,1151,1151000.0,Revenue_Outturn__RO5__data_2013-14_by_LA.xlsx,RO5 LA Data 2013-14 (3),"row 270, column 14",Net Current Expenditure (C7 = C3 - C6)
2013/14,E3620,,Surrey CC,SC,Museums and galleries,44,44000.0,Revenue_Outturn__RO5__data_2013-14_by_LA.xlsx,RO5 LA Data 2013-14 (3),"row 270, column 18",Net Current Expenditure (C7 = C3 - C6)
2013/14,E3620,,Surrey CC,SC,Theatres and public entertainment,0,0.0,Revenue_Outturn__RO5__data_2013-14_by_LA.xlsx,RO5 LA Data 2013-14 (3),"row 270, column 22",Net Current Expenditure (C7 = C3 - C6)
2013/14,E3620,,Surrey CC,SC,Library service,17502,17502000.0,Revenue_Outturn__RO5__data_2013-14_by_LA.xlsx,RO5 LA Data 2013-14 (3),"row 270, column 50",Net Current Expenditure (C7 = C3 - C6)
2013/14,E3631,,Elmbridge,SD,Archives,0,0.0,Revenue_Outturn__RO5__data_2013-14_by_LA.xlsx,RO5 LA Data 2013-14 (3),"row 271, column 6",Net Current Expenditure (C7 = C3 - C6)
2013/14,E3631,,Elmbridge,SD,Arts development and support,105,105000.0,Revenue_Outturn__RO5__data_2013-14_by_LA.xlsx,RO5 LA Data 2013-14 (3),"row 271, column 10",Net Current Expenditure (C7 = C3 - C6)
2013/14,E3631,,Elmbridge,SD,Heritage,0,0.0,Revenue_Outturn__RO5__data_2013-14_by_LA.xlsx,RO5 LA Data 2013-14 (3),"row 271, column 14",Net Current Expenditure (C7 = C3 - C6)
2013/14,E3631,,Elmbridge,SD,Museums and galleries,272,272000.0,Revenue_Outturn__RO5__data_2013-14_by_LA.xlsx,RO5 LA Data 2013-14 (3),"row 271, column 18",Net Current Expenditure (C7 = C3 - C6)
2013/14,E3631,,Elmbridge,SD,Theatres and public entertainment,0,0.0,Revenue_Outturn__RO5__data_2013-14_by_LA.xlsx,RO5 LA Data 2013-14 (3),"row 271, column 22",Net Current Expenditure (C7 = C3 - C6)
2013/14,E3631,,Elmbridge,SD,Library service,0,0.0,Revenue_Outturn__RO5__data_2013-14_by_LA.xlsx,RO5 LA Data 2013-14 (3),"row 271, column 50",Net Current Expenditure (C7 = C3 - C6)
2013/14,E3632,,Epsom & Ewell,SD,Archives,0,0.0,Revenue_Outturn__RO5__data_2013-14_by_LA.xlsx,RO5 LA Data 2013-14 (3),"row 272, column 6",Net Current Expenditure (C7 = C3 - C6)
2013/14,E3632,,Epsom & Ewell,SD,Arts development and support,0,0.0,Revenue_Outturn__RO5__data_2013-14_by_LA.xlsx,RO5 LA Data 2013-14 (3),"row 272, column 10",Net Current Expenditure (C7 = C3 - C6)
2013/14,E3632,,Epsom & Ewell,SD,Heritage,0,0.0,Revenue_Outturn__RO5__data_2013-14_by_LA.xlsx,RO5 LA Data 2013-14 (3),"row 272, column 14",Net Current Expenditure (C7 = C3 - C6)
2013/14,E3632,,Epsom & Ewell,SD,Museums and galleries,147,147000.0,Revenue_Outturn__RO5__data_2013-14_by_LA.xlsx,RO5 LA Data 2013-14 (3),"row 272, column 18",Net Current Expenditure (C7 = C3 - C6)
2013/14,E3632,,Epsom & Ewell,SD,Theatres and public entertainment,397,397000.0,Revenue_Outturn__RO5__data_2013-14_by_LA.xlsx,RO5 LA Data 2013-14 (3),"row 272, column 22",Net Current Expenditure (C7 = C3 - C6)
2013/14,E3632,,Epsom & Ewell,SD,Library service,0,0.0,Revenue_Outturn__RO5__data_2013-14_by_LA.xlsx,RO5 LA Data 2013-14 (3),"row 272, column 50",Net Current Expenditure (C7 = C3 - C6)
2013/14,E3633,,Guildford,SD,Archives,0,0.0,Revenue_Outturn__RO5__data_2013-14_by_LA.xlsx,RO5 LA Data 2013-14 (3),"row 273, column 6",Net Current Expenditure (C7 = C3 - C6)
2013/14,E3633,,Guildford,SD,Arts development and support,67,67000.0,Revenue_Outturn__RO5__data_2013-14_by_LA.xlsx,RO5 LA Data 2013-14 (3),"row 273, column 10",Net Current Expenditure (C7 = C3 - C6)
2013/14,E3633,,Guildford,SD,Heritage,120,120000.0,Revenue_Outturn__RO5__data_2013-14_by_LA.xlsx,RO5 LA Data 2013-14 (3),"row 273, column 14",Net Current Expenditure (C7 = C3 - C6)
2013/14,E3633,,Guildford,SD,Museums and galleries,831,831000.0,Revenue_Outturn__RO5__data_2013-14_by_LA.xlsx,RO5 LA Data 2013-14 (3),"row 273, column 18",Net Current Expenditure (C7 = C3 - C6)
2013/14,E3633,,Guildford,SD,Theatres and public entertainment,1265,1265000.0,Revenue_Outturn__RO5__data_2013-14_by_LA.xlsx,RO5 LA Data 2013-14 (3),"row 273, column 22",Net Current Expenditure (C7 = C3 - C6)
2013/14,E3633,,Guildford,SD,Library service,0,0.0,Revenue_Outturn__RO5__data_2013-14_by_LA.xlsx,RO5 LA Data 2013-14 (3),"row 273, column 50",Net Current Expenditure (C7 = C3 - C6)
2013/14,E3634,,Mole Valley,SD,Archives,0,0.0,Revenue_Outturn__RO5__data_2013-14_by_LA.xlsx,RO5 LA Data 2013-14 (3),"row 274, column 6",Net Current Expenditure (C7 = C3 - C6)
2013/14,E3634,,Mole Valley,SD,Arts development and support,139,139000.0,Revenue_Outturn__RO5__data_2013-14_by_LA.xlsx,RO5 LA Data 2013-14 (3),"row 274, column 10",Net Current Expenditure (C7 = C3 - C6)
2013/14,E3634,,Mole Valley,SD,Heritage,0,0.0,Revenue_Outturn__RO5__data_2013-14_by_LA.xlsx,RO5 LA Data 2013-14 (3),"row 274, column 14",Net Current Expenditure (C7 = C3 - C6)
2013/14,E3634,,Mole Valley,SD,Museums and galleries,0,0.0,Revenue_Outturn__RO5__data_2013-14_by_LA.xlsx,RO5 LA Data 2013-14 (3),"row 274, column 18",Net Current Expenditure (C7 = C3 - C6)
2013/14,E3634,,Mole Valley,SD,Theatres and public entertainment,411,411000.0,Revenue_Outturn__RO5__data_2013-14_by_LA.xlsx,RO5 LA Data 2013-14 (3),"row 274, column 22",Net Current Expenditure (C7 = C3 - C6)
2013/14,E3634,,Mole Valley,SD,Library service,0,0.0,Revenue_Outturn__RO5__data_2013-14_by_LA.xlsx,RO5 LA Data 2013-14 (3),"row 274, column 50",Net Current Expenditure (C7 = C3 - C6)
2013/14,E3635,,Reigate and Banstead,SD,Archives,0,0.0,Revenue_Outturn__RO5__data_2013-14_by_LA.xlsx,RO5 LA Data 2013-14 (3),"row 275, column 6",Net Current Expenditure (C7 = C3 - C6)
2013/14,E3635,,Reigate and Banstead,SD,Arts development and support,0,0.0,Revenue_Outturn__RO5__data_2013-14_by_LA.xlsx,RO5 LA Data 2013-14 (3),"row 275, column 10",Net Current Expenditure (C7 = C3 - C6)
2013/14,E3635,,Reigate and Banstead,SD,Heritage,0,0.0,Revenue_Outturn__RO5__data_2013-14_by_LA.xlsx,RO5 LA Data 2013-14 (3),"row 275, column 14",Net Current Expenditure (C7 = C3 - C6)
2013/14,E3635,,Reigate and Banstead,SD,Museums and galleries,0,0.0,Revenue_Outturn__RO5__data_2013-14_by_LA.xlsx,RO5 LA Data 2013-14 (3),"row 275, column 18",Net Current Expenditure (C7 = C3 - C6)
2013/14,E3635,,Reigate and Banstead,SD,Theatres and public entertainment,885,885000.0,Revenue_Outturn__RO5__data_2013-14_by_LA.xlsx,RO5 LA Data 2013-14 (3),"row 275, column 22",Net Current Expenditure (C7 = C3 - C6)
2013/14,E3635,,Reigate and Banstead,SD,Library service,0,0.0,Revenue_Outturn__RO5__data_2013-14_by_LA.xlsx,RO5 LA Data 2013-14 (3),"row 275, column 50",Net Current Expenditure (C7 = C3 - C6)
2013/14,E3636,,Runnymede,SD,Archives,0,0.0,Revenue_Outturn__RO5__data_2013-14_by_LA.xlsx,RO5 LA Data 2013-14 (3),"row 276, column 6",Net Current Expenditure (C7 = C3 - C6)
2013/14,E3636,,Runnymede,SD,Arts development and support,20,20000.0,Revenue_Outturn__RO5__data_2013-14_by_LA.xlsx,RO5 LA Data 2013-14 (3),"row 276, column 10",Net Current Expenditure (C7 = C3 - C6)
2013/14,E3636,,Runnymede,SD,Heritage,0,0.0,Revenue_Outturn__RO5__data_2013-14_by_LA.xlsx,RO5 LA Data 2013-14 (3),"row 276, column 14",Net Current Expenditure (C7 = C3 - C6)
2013/14,E3636,,Runnymede,SD,Museums and galleries,182,182000.0,Revenue_Outturn__RO5__data_2013-14_by_LA.xlsx,RO5 LA Data 2013-14 (3),"row 276, column 18",Net Current Expenditure (C7 = C3 - C6)
2013/14,E3636,,Runnymede,SD,Theatres and public entertainment,0,0.0,Revenue_Outturn__RO5__data_2013-14_by_LA.xlsx,RO5 LA Data 2013-14 (3),"row 276, column 22",Net Current Expenditure (C7 = C3 - C6)
2013/14,E3636,,Runnymede,SD,Library service,0,0.0,Revenue_Outturn__RO5__data_2013-14_by_LA.xlsx,RO5 LA Data 2013-14 (3),"row 276, column 50",Net Current Expenditure (C7 = C3 - C6)
2013/14,E3637,,Spelthorne,SD,Archives,0,0.0,Revenue_Outturn__RO5__data_2013-14_by_LA.xlsx,RO5 LA Data 2013-14 (3),"row 277, column 6",Net Current Expenditure (C7 = C3 - C6)
2013/14,E3637,,Spelthorne,SD,Arts development and support,-25,-25000.0,Revenue_Outturn__RO5__data_2013-14_by_LA.xlsx,RO5 LA Data 2013-14 (3),"row 277, column 10",Net Current Expenditure (C7 = C3 - C6)
2013/14,E3637,,Spelthorne,SD,Heritage,0,0.0,Revenue_Outturn__RO5__data_2013-14_by_LA.xlsx,RO5 LA Data 2013-14 (3),"row 277, column 14",Net Current Expenditure (C7 = C3 - C6)
2013/14,E3637,,Spelthorne,SD,Museums and galleries,-2,-2000.0,Revenue_Outturn__RO5__data_2013-14_by_LA.xlsx,RO5 LA Data 2013-14 (3),"row 277, column 18",Net Current Expenditure (C7 = C3 - C6)
2013/14,E3637,,Spelthorne,SD,Theatres and public entertainment,0,0.0,Revenue_Outturn__RO5__data_2013-14_by_LA.xlsx,RO5 LA Data 2013-14 (3),"row 277, column 22",Net Current Expenditure (C7 = C3 - C6)
2013/14,E3637,,Spelthorne,SD,Library service,0,0.0,Revenue_Outturn__RO5__data_2013-14_by_LA.xlsx,RO5 LA Data 2013-14 (3),"row 277, column 50",Net Current Expenditure (C7 = C3 - C6)
2013/14,E3638,,Surrey Heath,SD,Archives,0,0.0,Revenue_Outturn__RO5__data_2013-14_by_LA.xlsx,RO5 LA Data 2013-14 (3),"row 278, column 6",Net Current Expenditure (C7 = C3 - C6)
2013/14,E3638,,Surrey Heath,SD,Arts development and support,0,0.0,Revenue_Outturn__RO5__data_2013-14_by_LA.xlsx,RO5 LA Data 2013-14 (3),"row 278, column 10",Net Current Expenditure (C7 = C3 - C6)
2013/14,E3638,,Surrey Heath,SD,Heritage,0,0.0,Revenue_Outturn__RO5__data_2013-14_by_LA.xlsx,RO5 LA Data 2013-14 (3),"row 278, column 14",Net Current Expenditure (C7 = C3 - C6)
2013/14,E3638,,Surrey Heath,SD,Museums and galleries,175,175000.0,Revenue_Outturn__RO5__data_2013-14_by_LA.xlsx,RO5 LA Data 2013-14 (3),"row 278, column 18",Net Current Expenditure (C7 = C3 - C6)
2013/14,E3638,,Surrey Heath,SD,Theatres and public entertainment,0,0.0,Revenue_Outturn__RO5__data_2013-14_by_LA.xlsx,RO5 LA Data 2013-14 (3),"row 278, column 22",Net Current Expenditure (C7 = C3 - C6)
2013/14,E3638,,Surrey Heath,SD,Library service,0,0.0,Revenue_Outturn__RO5__data_2013-14_by_LA.xlsx,RO5 LA Data 2013-14 (3),"row 278, column 50",Net Current Expenditure (C7 = C3 - C6)
2013/14,E3639,,Tandridge,SD,Archives,0,0.0,Revenue_Outturn__RO5__data_2013-14_by_LA.xlsx,RO5 LA Data 2013-14 (3),"row 279, column 6",Net Current Expenditure (C7 = C3 - C6)
2013/14,E3639,,Tandridge,SD,Arts development and support,0,0.0,Revenue_Outturn__RO5__data_2013-14_by_LA.xlsx,RO5 LA Data 2013-14 (3),"row 279, column 10",Net Current Expenditure (C7 = C3 - C6)
2013/14,E3639,,Tandridge,SD,Heritage,0,0.0,Revenue_Outturn__RO5__data_2013-14_by_LA.xlsx,RO5 LA Data 2013-14 (3),"row 279, column 14",Net Current Expenditure (C7 = C3 - C6)
2013/14,E3639,,Tandridge,SD,Museums and galleries,0,0.0,Revenue_Outturn__RO5__data_2013-14_by_LA.xlsx,RO5 LA Data 2013-14 (3),"row 279, column 18",Net Current Expenditure (C7 = C3 - C6)
2013/14,E3639,,Tandridge,SD,Theatres and public entertainment,0,0.0,Revenue_Outturn__RO5__data_2013-14_by_LA.xlsx,RO5 LA Data 2013-14 (3),"row 279, column 22",Net Current Expenditure (C7 = C3 - C6)
2013/14,E3639,,Tandridge,SD,Library service,0,0.0,Revenue_Outturn__RO5__data_2013-14_by_LA.xlsx,RO5 LA Data 2013-14 (3),"row 279, column 50",Net Current Expenditure (C7 = C3 - C6)
2013/14,E3640,,Waverley,SD,Archives,0,0.0,Revenue_Outturn__RO5__data_2013-14_by_LA.xlsx,RO5 LA Data 2013-14 (3),"row 280, column 6",Net Current Expenditure (C7 = C3 - C6)
2013/14,E3640,,Waverley,SD,Arts development and support,126,126000.0,Revenue_Outturn__RO5__data_2013-14_by_LA.xlsx,RO5 LA Data 2013-14 (3),"row 280, column 10",Net Current Expenditure (C7 = C3 - C6)
2013/14,E3640,,Waverley,SD,Heritage,0,0.0,Revenue_Outturn__RO5__data_2013-14_by_LA.xlsx,RO5 LA Data 2013-14 (3),"row 280, column 14",Net Current Expenditure (C7 = C3 - C6)
2013/14,E3640,,Waverley,SD,Museums and galleries,173,173000.0,Revenue_Outturn__RO5__data_2013-14_by_LA.xlsx,RO5 LA Data 2013-14 (3),"row 280, column 18",Net Current Expenditure (C7 = C3 - C6)
2013/14,E3640,,Waverley,SD,Theatres and public entertainment,0,0.0,Revenue_Outturn__RO5__data_2013-14_by_LA.xlsx,RO5 LA Data 2013-14 (3),"row 280, column 22",Net Current Expenditure (C7 = C3 - C6)
2013/14,E3640,,Waverley,SD,Library service,0,0.0,Revenue_Outturn__RO5__data_2013-14_by_LA.xlsx,RO5 LA Data 2013-14 (3),"row 280, column 50",Net Current Expenditure (C7 = C3 - C6)
2013/14,E3641,,Woking BC,SD,Archives,0,0.0,Revenue_Outturn__RO5__data_2013-14_by_LA.xlsx,RO5 LA Data 2013-14 (3),"row 281, column 6",Net Current Expenditure (C7 = C3 - C6)
2013/14,E3641,,Woking BC,SD,Arts development and support,261,261000.0,Revenue_Outturn__RO5__data_2013-14_by_LA.xlsx,RO5 LA Data 2013-14 (3),"row 281, column 10",Net Current Expenditure (C7 = C3 - C6)
2013/14,E3641,,Woking BC,SD,Heritage,0,0.0,Revenue_Outturn__RO5__data_2013-14_by_LA.xlsx,RO5 LA Data 2013-14 (3),"row 281, column 14",Net Current Expenditure (C7 = C3 - C6)
2013/14,E3641,,Woking BC,SD,Museums and galleries,329,329000.0,Revenue_Outturn__RO5__data_2013-14_by_LA.xlsx,RO5 LA Data 2013-14 (3),"row 281, column 18",Net Current Expenditure (C7 = C3 - C6)
2013/14,E3641,,Woking BC,SD,Theatres and public entertainment,448,448000.0,Revenue_Outturn__RO5__data_2013-14_by_LA.xlsx,RO5 LA Data 2013-14 (3),"row 281, column 22",Net Current Expenditure (C7 = C3 - C6)
2013/14,E3641,,Woking BC,SD,Library service,0,0.0,Revenue_Outturn__RO5__data_2013-14_by_LA.xlsx,RO5 LA Data 2013-14 (3),"row 281, column 50",Net Current Expenditure (C7 = C3 - C6)
2013/14,E3720,,Warwickshire CC,SC,Archives,567,567000.0,Revenue_Outturn__RO5__data_2013-14_by_LA.xlsx,RO5 LA Data 2013-14 (3),"row 282, column 6",Net Current Expenditure (C7 = C3 - C6)
2013/14,E3720,,Warwickshire CC,SC,Arts development and support,183,183000.0,Revenue_Outturn__RO5__data_2013-14_by_LA.xlsx,RO5 LA Data 2013-14 (3),"row 282, column 10",Net Current Expenditure (C7 = C3 - C6)
2013/14,E3720,,Warwickshire CC,SC,Heritage,195,195000.0,Revenue_Outturn__RO5__data_2013-14_by_LA.xlsx,RO5 LA Data 2013-14 (3),"row 282, column 14",Net Current Expenditure (C7 = C3 - C6)
2013/14,E3720,,Warwickshire CC,SC,Museums and galleries,547,547000.0,Revenue_Outturn__RO5__data_2013-14_by_LA.xlsx,RO5 LA Data 2013-14 (3),"row 282, column 18",Net Current Expenditure (C7 = C3 - C6)
2013/14,E3720,,Warwickshire CC,SC,Theatres and public entertainment,0,0.0,Revenue_Outturn__RO5__data_2013-14_by_LA.xlsx,RO5 LA Data 2013-14 (3),"row 282, column 22",Net Current Expenditure (C7 = C3 - C6)
2013/14,E3720,,Warwickshire CC,SC,Library service,6265,6265000.0,Revenue_Outturn__RO5__data_2013-14_by_LA.xlsx,RO5 LA Data 2013-14 (3),"row 282, column 50",Net Current Expenditure (C7 = C3 - C6)
2013/14,E3731,,North Warwickshire,SD,Archives,0,0.0,Revenue_Outturn__RO5__data_2013-14_by_LA.xlsx,RO5 LA Data 2013-14 (3),"row 283, column 6",Net Current Expenditure (C7 = C3 - C6)
2013/14,E3731,,North Warwickshire,SD,Arts development and support,2,2000.0,Revenue_Outturn__RO5__data_2013-14_by_LA.xlsx,RO5 LA Data 2013-14 (3),"row 283, column 10",Net Current Expenditure (C7 = C3 - C6)
2013/14,E3731,,North Warwickshire,SD,Heritage,2,2000.0,Revenue_Outturn__RO5__data_2013-14_by_LA.xlsx,RO5 LA Data 2013-14 (3),"row 283, column 14",Net Current Expenditure (C7 = C3 - C6)
2013/14,E3731,,North Warwickshire,SD,Museums and galleries,0,0.0,Revenue_Outturn__RO5__data_2013-14_by_LA.xlsx,RO5 LA Data 2013-14 (3),"row 283, column 18",Net Current Expenditure (C7 = C3 - C6)
2013/14,E3731,,North Warwickshire,SD,Theatres and public entertainment,-13,-13000.0,Revenue_Outturn__RO5__data_2013-14_by_LA.xlsx,RO5 LA Data 2013-14 (3),"row 283, column 22",Net Current Expenditure (C7 = C3 - C6)
2013/14,E3731,,North Warwickshire,SD,Library service,0,0.0,Revenue_Outturn__RO5__data_2013-14_by_LA.xlsx,RO5 LA Data 2013-14 (3),"row 283, column 50",Net Current Expenditure (C7 = C3 - C6)
2013/14,E3732,,Nuneaton & Bedworth,SD,Archives,0,0.0,Revenue_Outturn__RO5__data_2013-14_by_LA.xlsx,RO5 LA Data 2013-14 (3),"row 284, column 6",Net Current Expenditure (C7 = C3 - C6)
2013/14,E3732,,Nuneaton & Bedworth,SD,Arts development and support,14,14000.0,Revenue_Outturn__RO5__data_2013-14_by_LA.xlsx,RO5 LA Data 2013-14 (3),"row 284, column 10",Net Current Expenditure (C7 = C3 - C6)
2013/14,E3732,,Nuneaton & Bedworth,SD,Heritage,0,0.0,Revenue_Outturn__RO5__data_2013-14_by_LA.xlsx,RO5 LA Data 2013-14 (3),"row 284, column 14",Net Current Expenditure (C7 = C3 - C6)
2013/14,E3732,,Nuneaton & Bedworth,SD,Museums and galleries,366,366000.0,Revenue_Outturn__RO5__data_2013-14_by_LA.xlsx,RO5 LA Data 2013-14 (3),"row 284, column 18",Net Current Expenditure (C7 = C3 - C6)
2013/14,E3732,,Nuneaton & Bedworth,SD,Theatres and public entertainment,539,539000.0,Revenue_Outturn__RO5__data_2013-14_by_LA.xlsx,RO5 LA Data 2013-14 (3),"row 284, column 22",Net Current Expenditure (C7 = C3 - C6)
2013/14,E3732,,Nuneaton & Bedworth,SD,Library service,0,0.0,Revenue_Outturn__RO5__data_2013-14_by_LA.xlsx,RO5 LA Data 2013-14 (3),"row 284, column 50",Net Current Expenditure (C7 = C3 - C6)
2013/14,E3733,,Rugby,SD,Archives,0,0.0,Revenue_Outturn__RO5__data_2013-14_by_LA.xlsx,RO5 LA Data 2013-14 (3),"row 285, column 6",Net Current Expenditure (C7 = C3 - C6)
2013/14,E3733,,Rugby,SD,Arts development and support,21,21000.0,Revenue_Outturn__RO5__data_2013-14_by_LA.xlsx,RO5 LA Data 2013-14 (3),"row 285, column 10",Net Current Expenditure (C7 = C3 - C6)
2013/14,E3733,,Rugby,SD,Heritage,0,0.0,Revenue_Outturn__RO5__data_2013-14_by_LA.xlsx,RO5 LA Data 2013-14 (3),"row 285, column 14",Net Current Expenditure (C7 = C3 - C6)
2013/14,E3733,,Rugby,SD,Museums and galleries,606,606000.0,Revenue_Outturn__RO5__data_2013-14_by_LA.xlsx,RO5 LA Data 2013-14 (3),"row 285, column 18",Net Current Expenditure (C7 = C3 - C6)
2013/14,E3733,,Rugby,SD,Theatres and public entertainment,0,0.0,Revenue_Outturn__RO5__data_2013-14_by_LA.xlsx,RO5 LA Data 2013-14 (3),"row 285, column 22",Net Current Expenditure (C7 = C3 - C6)
2013/14,E3733,,Rugby,SD,Library service,0,0.0,Revenue_Outturn__RO5__data_2013-14_by_LA.xlsx,RO5 LA Data 2013-14 (3),"row 285, column 50",Net Current Expenditure (C7 = C3 - C6)
2013/14,E3734,,Stratford-on-Avon,SD,Archives,0,0.0,Revenue_Outturn__RO5__data_2013-14_by_LA.xlsx,RO5 LA Data 2013-14 (3),"row 286, column 6",Net Current Expenditure (C7 = C3 - C6)
2013/14,E3734,,Stratford-on-Avon,SD,Arts development and support,0,0.0,Revenue_Outturn__RO5__data_2013-14_by_LA.xlsx,RO5 LA Data 2013-14 (3),"row 286, column 10",Net Current Expenditure (C7 = C3 - C6)
2013/14,E3734,,Stratford-on-Avon,SD,Heritage,96,96000.0,Revenue_Outturn__RO5__data_2013-14_by_LA.xlsx,RO5 LA Data 2013-14 (3),"row 286, column 14",Net Current Expenditure (C7 = C3 - C6)
2013/14,E3734,,Stratford-on-Avon,SD,Museums and galleries,0,0.0,Revenue_Outturn__RO5__data_2013-14_by_LA.xlsx,RO5 LA Data 2013-14 (3),"row 286, column 18",Net Current Expenditure (C7 = C3 - C6)
2013/14,E3734,,Stratford-on-Avon,SD,Theatres and public entertainment,0,0.0,Revenue_Outturn__RO5__data_2013-14_by_LA.xlsx,RO5 LA Data 2013-14 (3),"row 286, column 22",Net Current Expenditure (C7 = C3 - C6)
2013/14,E3734,,Stratford-on-Avon,SD,Library service,0,0.0,Revenue_Outturn__RO5__data_2013-14_by_LA.xlsx,RO5 LA Data 2013-14 (3),"row 286, column 50",Net Current Expenditure (C7 = C3 - C6)
2013/14,E3735,,Warwick,SD,Archives,0,0.0,Revenue_Outturn__RO5__data_2013-14_by_LA.xlsx,RO5 LA Data 2013-14 (3),"row 287, column 6",Net Current Expenditure (C7 = C3 - C6)
2013/14,E3735,,Warwick,SD,Arts development and support,0,0.0,Revenue_Outturn__RO5__data_2013-14_by_LA.xlsx,RO5 LA Data 2013-14 (3),"row 287, column 10",Net Current Expenditure (C7 = C3 - C6)
2013/14,E3735,,Warwick,SD,Heritage,0,0.0,Revenue_Outturn__RO5__data_2013-14_by_LA.xlsx,RO5 LA Data 2013-14 (3),"row 287, column 14",Net Current Expenditure (C7 = C3 - C6)
2013/14,E3735,,Warwick,SD,Museums and galleries,662,662000.0,Revenue_Outturn__RO5__data_2013-14_by_LA.xlsx,RO5 LA Data 2013-14 (3),"row 287, column 18",Net Current Expenditure (C7 = C3 - C6)
2013/14,E3735,,Warwick,SD,Theatres and public entertainment,618,618000.0,Revenue_Outturn__RO5__data_2013-14_by_LA.xlsx,RO5 LA Data 2013-14 (3),"row 287, column 22",Net Current Expenditure (C7 = C3 - C6)
2013/14,E3735,,Warwick,SD,Library service,0,0.0,Revenue_Outturn__RO5__data_2013-14_by_LA.xlsx,RO5 LA Data 2013-14 (3),"row 287, column 50",Net Current Expenditure (C7 = C3 - C6)
2013/14,E3820,,West Sussex CC,SC,Archives,600,600000.0,Revenue_Outturn__RO5__data_2013-14_by_LA.xlsx,RO5 LA Data 2013-14 (3),"row 288, column 6",Net Current Expenditure (C7 = C3 - C6)
2013/14,E3820,,West Sussex CC,SC,Arts development and support,140,140000.0,Revenue_Outturn__RO5__data_2013-14_by_LA.xlsx,RO5 LA Data 2013-14 (3),"row 288, column 10",Net Current Expenditure (C7 = C3 - C6)
2013/14,E3820,,West Sussex CC,SC,Heritage,0,0.0,Revenue_Outturn__RO5__data_2013-14_by_LA.xlsx,RO5 LA Data 2013-14 (3),"row 288, column 14",Net Current Expenditure (C7 = C3 - C6)
2013/14,E3820,,West Sussex CC,SC,Museums and galleries,0,0.0,Revenue_Outturn__RO5__data_2013-14_by_LA.xlsx,RO5 LA Data 2013-14 (3),"row 288, column 18",Net Current Expenditure (C7 = C3 - C6)
2013/14,E3820,,West Sussex CC,SC,Theatres and public entertainment,0,0.0,Revenue_Outturn__RO5__data_2013-14_by_LA.xlsx,RO5 LA Data 2013-14 (3),"row 288, column 22",Net Current Expenditure (C7 = C3 - C6)
2013/14,E3820,,West Sussex CC,SC,Library service,7722,7722000.0,Revenue_Outturn__RO5__data_2013-14_by_LA.xlsx,RO5 LA Data 2013-14 (3),"row 288, column 50",Net Current Expenditure (C7 = C3 - C6)
2013/14,E3831,,Adur,SD,Archives,0,0.0,Revenue_Outturn__RO5__data_2013-14_by_LA.xlsx,RO5 LA Data 2013-14 (3),"row 289, column 6",Net Current Expenditure (C7 = C3 - C6)
2013/14,E3831,,Adur,SD,Arts development and support,17,17000.0,Revenue_Outturn__RO5__data_2013-14_by_LA.xlsx,RO5 LA Data 2013-14 (3),"row 289, column 10",Net Current Expenditure (C7 = C3 - C6)
2013/14,E3831,,Adur,SD,Heritage,0,0.0,Revenue_Outturn__RO5__data_2013-14_by_LA.xlsx,RO5 LA Data 2013-14 (3),"row 289, column 14",Net Current Expenditure (C7 = C3 - C6)
2013/14,E3831,,Adur,SD,Museums and galleries,0,0.0,Revenue_Outturn__RO5__data_2013-14_by_LA.xlsx,RO5 LA Data 2013-14 (3),"row 289, column 18",Net Current Expenditure (C7 = C3 - C6)
2013/14,E3831,,Adur,SD,Theatres and public entertainment,0,0.0,Revenue_Outturn__RO5__data_2013-14_by_LA.xlsx,RO5 LA Data 2013-14 (3),"row 289, column 22",Net Current Expenditure (C7 = C3 - C6)
2013/14,E3831,,Adur,SD,Library service,0,0.0,Revenue_Outturn__RO5__data_2013-14_by_LA.xlsx,RO5 LA Data 2013-14 (3),"row 289, column 50",Net Current Expenditure (C7 = C3 - C6)
2013/14,E3832,,Arun,SD,Archives,0,0.0,Revenue_Outturn__RO5__data_2013-14_by_LA.xlsx,RO5 LA Data 2013-14 (3),"row 290, column 6",Net Current Expenditure (C7 = C3 - C6)
2013/14,E3832,,Arun,SD,Arts development and support,0,0.0,Revenue_Outturn__RO5__data_2013-14_by_LA.xlsx,RO5 LA Data 2013-14 (3),"row 290, column 10",Net Current Expenditure (C7 = C3 - C6)
2013/14,E3832,,Arun,SD,Heritage,1,1000.0,Revenue_Outturn__RO5__data_2013-14_by_LA.xlsx,RO5 LA Data 2013-14 (3),"row 290, column 14",Net Current Expenditure (C7 = C3 - C6)
2013/14,E3832,,Arun,SD,Museums and galleries,0,0.0,Revenue_Outturn__RO5__data_2013-14_by_LA.xlsx,RO5 LA Data 2013-14 (3),"row 290, column 18",Net Current Expenditure (C7 = C3 - C6)
2013/14,E3832,,Arun,SD,Theatres and public entertainment,160,160000.0,Revenue_Outturn__RO5__data_2013-14_by_LA.xlsx,RO5 LA Data 2013-14 (3),"row 290, column 22",Net Current Expenditure (C7 = C3 - C6)
2013/14,E3832,,Arun,SD,Library service,0,0.0,Revenue_Outturn__RO5__data_2013-14_by_LA.xlsx,RO5 LA Data 2013-14 (3),"row 290, column 50",Net Current Expenditure (C7 = C3 - C6)
2013/14,E3833,,Chichester,SD,Archives,0,0.0,Revenue_Outturn__RO5__data_2013-14_by_LA.xlsx,RO5 LA Data 2013-14 (3),"row 291, column 6",Net Current Expenditure (C7 = C3 - C6)
2013/14,E3833,,Chichester,SD,Arts development and support,8,8000.0,Revenue_Outturn__RO5__data_2013-14_by_LA.xlsx,RO5 LA Data 2013-14 (3),"row 291, column 10",Net Current Expenditure (C7 = C3 - C6)
2013/14,E3833,,Chichester,SD,Heritage,11,11000.0,Revenue_Outturn__RO5__data_2013-14_by_LA.xlsx,RO5 LA Data 2013-14 (3),"row 291, column 14",Net Current Expenditure (C7 = C3 - C6)
2013/14,E3833,,Chichester,SD,Museums and galleries,1002,1002000.0,Revenue_Outturn__RO5__data_2013-14_by_LA.xlsx,RO5 LA Data 2013-14 (3),"row 291, column 18",Net Current Expenditure (C7 = C3 - C6)
2013/14,E3833,,Chichester,SD,Theatres and public entertainment,0,0.0,Revenue_Outturn__RO5__data_2013-14_by_LA.xlsx,RO5 LA Data 2013-14 (3),"row 291, column 22",Net Current Expenditure (C7 = C3 - C6)
2013/14,E3833,,Chichester,SD,Library service,0,0.0,Revenue_Outturn__RO5__data_2013-14_by_LA.xlsx,RO5 LA Data 2013-14 (3),"row 291, column 50",Net Current Expenditure (C7 = C3 - C6)
2013/14,E3834,,Crawley,SD,Archives,0,0.0,Revenue_Outturn__RO5__data_2013-14_by_LA.xlsx,RO5 LA Data 2013-14 (3),"row 292, column 6",Net Current Expenditure (C7 = C3 - C6)
2013/14,E3834,,Crawley,SD,Arts development and support,0,0.0,Revenue_Outturn__RO5__data_2013-14_by_LA.xlsx,RO5 LA Data 2013-14 (3),"row 292, column 10",Net Current Expenditure (C7 = C3 - C6)
2013/14,E3834,,Crawley,SD,Heritage,0,0.0,Revenue_Outturn__RO5__data_2013-14_by_LA.xlsx,RO5 LA Data 2013-14 (3),"row 292, column 14",Net Current Expenditure (C7 = C3 - C6)
2013/14,E3834,,Crawley,SD,Museums and galleries,35,35000.0,Revenue_Outturn__RO5__data_2013-14_by_LA.xlsx,RO5 LA Data 2013-14 (3),"row 292, column 18",Net Current Expenditure (C7 = C3 - C6)
2013/14,E3834,,Crawley,SD,Theatres and public entertainment,788,788000.0,Revenue_Outturn__RO5__data_2013-14_by_LA.xlsx,RO5 LA Data 2013-14 (3),"row 292, column 22",Net Current Expenditure (C7 = C3 - C6)
2013/14,E3834,,Crawley,SD,Library service,0,0.0,Revenue_Outturn__RO5__data_2013-14_by_LA.xlsx,RO5 LA Data 2013-14 (3),"row 292, column 50",Net Current Expenditure (C7 = C3 - C6)
2013/14,E3835,,Horsham,SD,Archives,0,0.0,Revenue_Outturn__RO5__data_2013-14_by_LA.xlsx,RO5 LA Data 2013-14 (3),"row 293, column 6",Net Current Expenditure (C7 = C3 - C6)
2013/14,E3835,,Horsham,SD,Arts development and support,26,26000.0,Revenue_Outturn__RO5__data_2013-14_by_LA.xlsx,RO5 LA Data 2013-14 (3),"row 293, column 10",Net Current Expenditure (C7 = C3 - C6)
2013/14,E3835,,Horsham,SD,Heritage,0,0.0,Revenue_Outturn__RO5__data_2013-14_by_LA.xlsx,RO5 LA Data 2013-14 (3),"row 293, column 14",Net Current Expenditure (C7 = C3 - C6)
2013/14,E3835,,Horsham,SD,Museums and galleries,394,394000.0,Revenue_Outturn__RO5__data_2013-14_by_LA.xlsx,RO5 LA Data 2013-14 (3),"row 293, column 18",Net Current Expenditure (C7 = C3 - C6)
2013/14,E3835,,Horsham,SD,Theatres and public entertainment,567,567000.0,Revenue_Outturn__RO5__data_2013-14_by_LA.xlsx,RO5 LA Data 2013-14 (3),"row 293, column 22",Net Current Expenditure (C7 = C3 - C6)
2013/14,E3835,,Horsham,SD,Library service,0,0.0,Revenue_Outturn__RO5__data_2013-14_by_LA.xlsx,RO5 LA Data 2013-14 (3),"row 293, column 50",Net Current Expenditure (C7 = C3 - C6)
2013/14,E3836,,Mid Sussex,SD,Archives,0,0.0,Revenue_Outturn__RO5__data_2013-14_by_LA.xlsx,RO5 LA Data 2013-14 (3),"row 294, column 6",Net Current Expenditure (C7 = C3 - C6)
2013/14,E3836,,Mid Sussex,SD,Arts development and support,46,46000.0,Revenue_Outturn__RO5__data_2013-14_by_LA.xlsx,RO5 LA Data 2013-14 (3),"row 294, column 10",Net Current Expenditure (C7 = C3 - C6)
2013/14,E3836,,Mid Sussex,SD,Heritage,0,0.0,Revenue_Outturn__RO5__data_2013-14_by_LA.xlsx,RO5 LA Data 2013-14 (3),"row 294, column 14",Net Current Expenditure (C7 = C3 - C6)
2013/14,E3836,,Mid Sussex,SD,Museums and galleries,0,0.0,Revenue_Outturn__RO5__data_2013-14_by_LA.xlsx,RO5 LA Data 2013-14 (3),"row 294, column 18",Net Current Expenditure (C7 = C3 - C6)
2013/14,E3836,,Mid Sussex,SD,Theatres and public entertainment,55,55000.0,Revenue_Outturn__RO5__data_2013-14_by_LA.xlsx,RO5 LA Data 2013-14 (3),"row 294, column 22",Net Current Expenditure (C7 = C3 - C6)
2013/14,E3836,,Mid Sussex,SD,Library service,0,0.0,Revenue_Outturn__RO5__data_2013-14_by_LA.xlsx,RO5 LA Data 2013-14 (3),"row 294, column 50",Net Current Expenditure (C7 = C3 - C6)
2013/14,E3837,,Worthing,SD,Archives,0,0.0,Revenue_Outturn__RO5__data_2013-14_by_LA.xlsx,RO5 LA Data 2013-14 (3),"row 295, column 6",Net Current Expenditure (C7 = C3 - C6)
2013/14,E3837,,Worthing,SD,Arts development and support,0,0.0,Revenue_Outturn__RO5__data_2013-14_by_LA.xlsx,RO5 LA Data 2013-14 (3),"row 295, column 10",Net Current Expenditure (C7 = C3 - C6)
2013/14,E3837,,Worthing,SD,Heritage,0,0.0,Revenue_Outturn__RO5__data_2013-14_by_LA.xlsx,RO5 LA Data 2013-14 (3),"row 295, column 14",Net Current Expenditure (C7 = C3 - C6)
2013/14,E3837,,Worthing,SD,Museums and galleries,374,374000.0,Revenue_Outturn__RO5__data_2013-14_by_LA.xlsx,RO5 LA Data 2013-14 (3),"row 295, column 18",Net Current Expenditure (C7 = C3 - C6)
2013/14,E3837,,Worthing,SD,Theatres and public entertainment,1469,1469000.0,Revenue_Outturn__RO5__data_2013-14_by_LA.xlsx,RO5 LA Data 2013-14 (3),"row 295, column 22",Net Current Expenditure (C7 = C3 - C6)
2013/14,E3837,,Worthing,SD,Library service,0,0.0,Revenue_Outturn__RO5__data_2013-14_by_LA.xlsx,RO5 LA Data 2013-14 (3),"row 295, column 50",Net Current Expenditure (C7 = C3 - C6)
2013/14,E3901,,Swindon UA,UA,Archives,0,0.0,Revenue_Outturn__RO5__data_2013-14_by_LA.xlsx,RO5 LA Data 2013-14 (3),"row 296, column 6",Net Current Expenditure (C7 = C3 - C6)
2013/14,E3901,,Swindon UA,UA,Arts development and support,946,946000.0,Revenue_Outturn__RO5__data_2013-14_by_LA.xlsx,RO5 LA Data 2013-14 (3),"row 296, column 10",Net Current Expenditure (C7 = C3 - C6)
2013/14,E3901,,Swindon UA,UA,Heritage,638,638000.0,Revenue_Outturn__RO5__data_2013-14_by_LA.xlsx,RO5 LA Data 2013-14 (3),"row 296, column 14",Net Current Expenditure (C7 = C3 - C6)
2013/14,E3901,,Swindon UA,UA,Museums and galleries,1059,1059000.0,Revenue_Outturn__RO5__data_2013-14_by_LA.xlsx,RO5 LA Data 2013-14 (3),"row 296, column 18",Net Current Expenditure (C7 = C3 - C6)
2013/14,E3901,,Swindon UA,UA,Theatres and public entertainment,311,311000.0,Revenue_Outturn__RO5__data_2013-14_by_LA.xlsx,RO5 LA Data 2013-14 (3),"row 296, column 22",Net Current Expenditure (C7 = C3 - C6)
2013/14,E3901,,Swindon UA,UA,Library service,3626,3626000.0,Revenue_Outturn__RO5__data_2013-14_by_LA.xlsx,RO5 LA Data 2013-14 (3),"row 296, column 50",Net Current Expenditure (C7 = C3 - C6)
2013/14,E3902,,Wiltshire UA,UA,Archives,354,354000.0,Revenue_Outturn__RO5__data_2013-14_by_LA.xlsx,RO5 LA Data 2013-14 (3),"row 297, column 6",Net Current Expenditure (C7 = C3 - C6)
2013/14,E3902,,Wiltshire UA,UA,Arts development and support,705,705000.0,Revenue_Outturn__RO5__data_2013-14_by_LA.xlsx,RO5 LA Data 2013-14 (3),"row 297, column 10",Net Current Expenditure (C7 = C3 - C6)
2013/14,E3902,,Wiltshire UA,UA,Heritage,536,536000.0,Revenue_Outturn__RO5__data_2013-14_by_LA.xlsx,RO5 LA Data 2013-14 (3),"row 297, column 14",Net Current Expenditure (C7 = C3 - C6)
2013/14,E3902,,Wiltshire UA,UA,Museums and galleries,182,182000.0,Revenue_Outturn__RO5__data_2013-14_by_LA.xlsx,RO5 LA Data 2013-14 (3),"row 297, column 18",Net Current Expenditure (C7 = C3 - C6)
2013/14,E3902,,Wiltshire UA,UA,Theatres and public entertainment,305,305000.0,Revenue_Outturn__RO5__data_2013-14_by_LA.xlsx,RO5 LA Data 2013-14 (3),"row 297, column 22",Net Current Expenditure (C7 = C3 - C6)
2013/14,E3902,,Wiltshire UA,UA,Library service,4816,4816000.0,Revenue_Outturn__RO5__data_2013-14_by_LA.xlsx,RO5 LA Data 2013-14 (3),"row 297, column 50",Net Current Expenditure (C7 = C3 - C6)
2013/14,E4001,,Isles of Scilly,UA,Archives,0,0.0,Revenue_Outturn__RO5__data_2013-14_by_LA.xlsx,RO5 LA Data 2013-14 (3),"row 298, column 6",Net Current Expenditure (C7 = C3 - C6)
2013/14,E4001,,Isles of Scilly,UA,Arts development and support,0,0.0,Revenue_Outturn__RO5__data_2013-14_by_LA.xlsx,RO5 LA Data 2013-14 (3),"row 298, column 10",Net Current Expenditure (C7 = C3 - C6)
2013/14,E4001,,Isles of Scilly,UA,Heritage,0,0.0,Revenue_Outturn__RO5__data_2013-14_by_LA.xlsx,RO5 LA Data 2013-14 (3),"row 298, column 14",Net Current Expenditure (C7 = C3 - C6)
2013/14,E4001,,Isles of Scilly,UA,Museums and galleries,0,0.0,Revenue_Outturn__RO5__data_2013-14_by_LA.xlsx,RO5 LA Data 2013-14 (3),"row 298, column 18",Net Current Expenditure (C7 = C3 - C6)
2013/14,E4001,,Isles of Scilly,UA,Theatres and public entertainment,0,0.0,Revenue_Outturn__RO5__data_2013-14_by_LA.xlsx,RO5 LA Data 2013-14 (3),"row 298, column 22",Net Current Expenditure (C7 = C3 - C6)
2013/14,E4001,,Isles of Scilly,UA,Library service,50,50000.0,Revenue_Outturn__RO5__data_2013-14_by_LA.xlsx,RO5 LA Data 2013-14 (3),"row 298, column 50",Net Current Expenditure (C7 = C3 - C6)
2013/14,E4201,,Bolton,MD,Archives,24,24000.0,Revenue_Outturn__RO5__data_2013-14_by_LA.xlsx,RO5 LA Data 2013-14 (3),"row 299, column 6",Net Current Expenditure (C7 = C3 - C6)
2013/14,E4201,,Bolton,MD,Arts development and support,37,37000.0,Revenue_Outturn__RO5__data_2013-14_by_LA.xlsx,RO5 LA Data 2013-14 (3),"row 299, column 10",Net Current Expenditure (C7 = C3 - C6)
2013/14,E4201,,Bolton,MD,Heritage,0,0.0,Revenue_Outturn__RO5__data_2013-14_by_LA.xlsx,RO5 LA Data 2013-14 (3),"row 299, column 14",Net Current Expenditure (C7 = C3 - C6)
2013/14,E4201,,Bolton,MD,Museums and galleries,2178,2178000.0,Revenue_Outturn__RO5__data_2013-14_by_LA.xlsx,RO5 LA Data 2013-14 (3),"row 299, column 18",Net Current Expenditure (C7 = C3 - C6)
2013/14,E4201,,Bolton,MD,Theatres and public entertainment,525,525000.0,Revenue_Outturn__RO5__data_2013-14_by_LA.xlsx,RO5 LA Data 2013-14 (3),"row 299, column 22",Net Current Expenditure (C7 = C3 - C6)
2013/14,E4201,,Bolton,MD,Library service,3838,3838000.0,Revenue_Outturn__RO5__data_2013-14_by_LA.xlsx,RO5 LA Data 2013-14 (3),"row 299, column 50",Net Current Expenditure (C7 = C3 - C6)
2013/14,E4202,,Bury MBC,MD,Archives,75,75000.0,Revenue_Outturn__RO5__data_2013-14_by_LA.xlsx,RO5 LA Data 2013-14 (3),"row 300, column 6",Net Current Expenditure (C7 = C3 - C6)
2013/14,E4202,,Bury MBC,MD,Arts development and support,241,241000.0,Revenue_Outturn__RO5__data_2013-14_by_LA.xlsx,RO5 LA Data 2013-14 (3),"row 300, column 10",Net Current Expenditure (C7 = C3 - C6)
2013/14,E4202,,Bury MBC,MD,Heritage,22,22000.0,Revenue_Outturn__RO5__data_2013-14_by_LA.xlsx,RO5 LA Data 2013-14 (3),"row 300, column 14",Net Current Expenditure (C7 = C3 - C6)
2013/14,E4202,,Bury MBC,MD,Museums and galleries,312,312000.0,Revenue_Outturn__RO5__data_2013-14_by_LA.xlsx,RO5 LA Data 2013-14 (3),"row 300, column 18",Net Current Expenditure (C7 = C3 - C6)
2013/14,E4202,,Bury MBC,MD,Theatres and public entertainment,0,0.0,Revenue_Outturn__RO5__data_2013-14_by_LA.xlsx,RO5 LA Data 2013-14 (3),"row 300, column 22",Net Current Expenditure (C7 = C3 - C6)
2013/14,E4202,,Bury MBC,MD,Library service,3030,3030000.0,Revenue_Outturn__RO5__data_2013-14_by_LA.xlsx,RO5 LA Data 2013-14 (3),"row 300, column 50",Net Current Expenditure (C7 = C3 - C6)
2013/14,E4203,,Manchester,MD,Archives,10,10000.0,Revenue_Outturn__RO5__data_2013-14_by_LA.xlsx,RO5 LA Data 2013-14 (3),"row 301, column 6",Net Current Expenditure (C7 = C3 - C6)
2013/14,E4203,,Manchester,MD,Arts development and support,4038,4038000.0,Revenue_Outturn__RO5__data_2013-14_by_LA.xlsx,RO5 LA Data 2013-14 (3),"row 301, column 10",Net Current Expenditure (C7 = C3 - C6)
2013/14,E4203,,Manchester,MD,Heritage,428,428000.0,Revenue_Outturn__RO5__data_2013-14_by_LA.xlsx,RO5 LA Data 2013-14 (3),"row 301, column 14",Net Current Expenditure (C7 = C3 - C6)
2013/14,E4203,,Manchester,MD,Museums and galleries,7878,7878000.0,Revenue_Outturn__RO5__data_2013-14_by_LA.xlsx,RO5 LA Data 2013-14 (3),"row 301, column 18",Net Current Expenditure (C7 = C3 - C6)
2013/14,E4203,,Manchester,MD,Theatres and public entertainment,2559,2559000.0,Revenue_Outturn__RO5__data_2013-14_by_LA.xlsx,RO5 LA Data 2013-14 (3),"row 301, column 22",Net Current Expenditure (C7 = C3 - C6)
2013/14,E4203,,Manchester,MD,Library service,8282,8282000.0,Revenue_Outturn__RO5__data_2013-14_by_LA.xlsx,RO5 LA Data 2013-14 (3),"row 301, column 50",Net Current Expenditure (C7 = C3 - C6)
2013/14,E4204,,Oldham,MD,Archives,0,0.0,Revenue_Outturn__RO5__data_2013-14_by_LA.xlsx,RO5 LA Data 2013-14 (3),"row 302, column 6",Net Current Expenditure (C7 = C3 - C6)
2013/14,E4204,,Oldham,MD,Arts development and support,303,303000.0,Revenue_Outturn__RO5__data_2013-14_by_LA.xlsx,RO5 LA Data 2013-14 (3),"row 302, column 10",Net Current Expenditure (C7 = C3 - C6)
2013/14,E4204,,Oldham,MD,Heritage,0,0.0,Revenue_Outturn__RO5__data_2013-14_by_LA.xlsx,RO5 LA Data 2013-14 (3),"row 302, column 14",Net Current Expenditure (C7 = C3 - C6)
2013/14,E4204,,Oldham,MD,Museums and galleries,1117,1117000.0,Revenue_Outturn__RO5__data_2013-14_by_LA.xlsx,RO5 LA Data 2013-14 (3),"row 302, column 18",Net Current Expenditure (C7 = C3 - C6)
2013/14,E4204,,Oldham,MD,Theatres and public entertainment,147,147000.0,Revenue_Outturn__RO5__data_2013-14_by_LA.xlsx,RO5 LA Data 2013-14 (3),"row 302, column 22",Net Current Expenditure (C7 = C3 - C6)
2013/14,E4204,,Oldham,MD,Library service,5344,5344000.0,Revenue_Outturn__RO5__data_2013-14_by_LA.xlsx,RO5 LA Data 2013-14 (3),"row 302, column 50",Net Current Expenditure (C7 = C3 - C6)
2013/14,E4205,,Rochdale,MD,Archives,0,0.0,Revenue_Outturn__RO5__data_2013-14_by_LA.xlsx,RO5 LA Data 2013-14 (3),"row 303, column 6",Net Current Expenditure (C7 = C3 - C6)
2013/14,E4205,,Rochdale,MD,Arts development and support,494,494000.0,Revenue_Outturn__RO5__data_2013-14_by_LA.xlsx,RO5 LA Data 2013-14 (3),"row 303, column 10",Net Current Expenditure (C7 = C3 - C6)
2013/14,E4205,,Rochdale,MD,Heritage,176,176000.0,Revenue_Outturn__RO5__data_2013-14_by_LA.xlsx,RO5 LA Data 2013-14 (3),"row 303, column 14",Net Current Expenditure (C7 = C3 - C6)
2013/14,E4205,,Rochdale,MD,Museums and galleries,1075,1075000.0,Revenue_Outturn__RO5__data_2013-14_by_LA.xlsx,RO5 LA Data 2013-14 (3),"row 303, column 18",Net Current Expenditure (C7 = C3 - C6)
2013/14,E4205,,Rochdale,MD,Theatres and public entertainment,23,23000.0,Revenue_Outturn__RO5__data_2013-14_by_LA.xlsx,RO5 LA Data 2013-14 (3),"row 303, column 22",Net Current Expenditure (C7 = C3 - C6)
2013/14,E4205,,Rochdale,MD,Library service,2736,2736000.0,Revenue_Outturn__RO5__data_2013-14_by_LA.xlsx,RO5 LA Data 2013-14 (3),"row 303, column 50",Net Current Expenditure (C7 = C3 - C6)
2013/14,E4206,,Salford,MD,Archives,0,0.0,Revenue_Outturn__RO5__data_2013-14_by_LA.xlsx,RO5 LA Data 2013-14 (3),"row 304, column 6",Net Current Expenditure (C7 = C3 - C6)
2013/14,E4206,,Salford,MD,Arts development and support,3737,3737000.0,Revenue_Outturn__RO5__data_2013-14_by_LA.xlsx,RO5 LA Data 2013-14 (3),"row 304, column 10",Net Current Expenditure (C7 = C3 - C6)
2013/14,E4206,,Salford,MD,Heritage,0,0.0,Revenue_Outturn__RO5__data_2013-14_by_LA.xlsx,RO5 LA Data 2013-14 (3),"row 304, column 14",Net Current Expenditure (C7 = C3 - C6)
2013/14,E4206,,Salford,MD,Museums and galleries,-131,-131000.0,Revenue_Outturn__RO5__data_2013-14_by_LA.xlsx,RO5 LA Data 2013-14 (3),"row 304, column 18",Net Current Expenditure (C7 = C3 - C6)
2013/14,E4206,,Salford,MD,Theatres and public entertainment,209,209000.0,Revenue_Outturn__RO5__data_2013-14_by_LA.xlsx,RO5 LA Data 2013-14 (3),"row 304, column 22",Net Current Expenditure (C7 = C3 - C6)
2013/14,E4206,,Salford,MD,Library service,711,711000.0,Revenue_Outturn__RO5__data_2013-14_by_LA.xlsx,RO5 LA Data 2013-14 (3),"row 304, column 50",Net Current Expenditure (C7 = C3 - C6)
2013/14,E4207,,Stockport MBC,MD,Archives,0,0.0,Revenue_Outturn__RO5__data_2013-14_by_LA.xlsx,RO5 LA Data 2013-14 (3),"row 305, column 6",Net Current Expenditure (C7 = C3 - C6)
2013/14,E4207,,Stockport MBC,MD,Arts development and support,72,72000.0,Revenue_Outturn__RO5__data_2013-14_by_LA.xlsx,RO5 LA Data 2013-14 (3),"row 305, column 10",Net Current Expenditure (C7 = C3 - C6)
2013/14,E4207,,Stockport MBC,MD,Heritage,546,546000.0,Revenue_Outturn__RO5__data_2013-14_by_LA.xlsx,RO5 LA Data 2013-14 (3),"row 305, column 14",Net Current Expenditure (C7 = C3 - C6)
2013/14,E4207,,Stockport MBC,MD,Museums and galleries,1333,1333000.0,Revenue_Outturn__RO5__data_2013-14_by_LA.xlsx,RO5 LA Data 2013-14 (3),"row 305, column 18",Net Current Expenditure (C7 = C3 - C6)
2013/14,E4207,,Stockport MBC,MD,Theatres and public entertainment,340,340000.0,Revenue_Outturn__RO5__data_2013-14_by_LA.xlsx,RO5 LA Data 2013-14 (3),"row 305, column 22",Net Current Expenditure (C7 = C3 - C6)
2013/14,E4207,,Stockport MBC,MD,Library service,5220,5220000.0,Revenue_Outturn__RO5__data_2013-14_by_LA.xlsx,RO5 LA Data 2013-14 (3),"row 305, column 50",Net Current Expenditure (C7 = C3 - C6)
2013/14,E4208,,Tameside,MD,Archives,0,0.0,Revenue_Outturn__RO5__data_2013-14_by_LA.xlsx,RO5 LA Data 2013-14 (3),"row 306, column 6",Net Current Expenditure (C7 = C3 - C6)
2013/14,E4208,,Tameside,MD,Arts development and support,1707,1707000.0,Revenue_Outturn__RO5__data_2013-14_by_LA.xlsx,RO5 LA Data 2013-14 (3),"row 306, column 10",Net Current Expenditure (C7 = C3 - C6)
2013/14,E4208,,Tameside,MD,Heritage,99,99000.0,Revenue_Outturn__RO5__data_2013-14_by_LA.xlsx,RO5 LA Data 2013-14 (3),"row 306, column 14",Net Current Expenditure (C7 = C3 - C6)
2013/14,E4208,,Tameside,MD,Museums and galleries,404,404000.0,Revenue_Outturn__RO5__data_2013-14_by_LA.xlsx,RO5 LA Data 2013-14 (3),"row 306, column 18",Net Current Expenditure (C7 = C3 - C6)
2013/14,E4208,,Tameside,MD,Theatres and public entertainment,227,227000.0,Revenue_Outturn__RO5__data_2013-14_by_LA.xlsx,RO5 LA Data 2013-14 (3),"row 306, column 22",Net Current Expenditure (C7 = C3 - C6)
2013/14,E4208,,Tameside,MD,Library service,2528,2528000.0,Revenue_Outturn__RO5__data_2013-14_by_LA.xlsx,RO5 LA Data 2013-14 (3),"row 306, column 50",Net Current Expenditure (C7 = C3 - C6)
2013/14,E4209,,Trafford,MD,Archives,0,0.0,Revenue_Outturn__RO5__data_2013-14_by_LA.xlsx,RO5 LA Data 2013-14 (3),"row 307, column 6",Net Current Expenditure (C7 = C3 - C6)
2013/14,E4209,,Trafford,MD,Arts development and support,509,509000.0,Revenue_Outturn__RO5__data_2013-14_by_LA.xlsx,RO5 LA Data 2013-14 (3),"row 307, column 10",Net Current Expenditure (C7 = C3 - C6)
2013/14,E4209,,Trafford,MD,Heritage,0,0.0,Revenue_Outturn__RO5__data_2013-14_by_LA.xlsx,RO5 LA Data 2013-14 (3),"row 307, column 14",Net Current Expenditure (C7 = C3 - C6)
2013/14,E4209,,Trafford,MD,Museums and galleries,6,6000.0,Revenue_Outturn__RO5__data_2013-14_by_LA.xlsx,RO5 LA Data 2013-14 (3),"row 307, column 18",Net Current Expenditure (C7 = C3 - C6)
2013/14,E4209,,Trafford,MD,Theatres and public entertainment,573,573000.0,Revenue_Outturn__RO5__data_2013-14_by_LA.xlsx,RO5 LA Data 2013-14 (3),"row 307, column 22",Net Current Expenditure (C7 = C3 - C6)
2013/14,E4209,,Trafford,MD,Library service,3758,3758000.0,Revenue_Outturn__RO5__data_2013-14_by_LA.xlsx,RO5 LA Data 2013-14 (3),"row 307, column 50",Net Current Expenditure (C7 = C3 - C6)
2013/14,E4210,,Wigan MBC,MD,Archives,24,24000.0,Revenue_Outturn__RO5__data_2013-14_by_LA.xlsx,RO5 LA Data 2013-14 (3),"row 308, column 6",Net Current Expenditure (C7 = C3 - C6)
2013/14,E4210,,Wigan MBC,MD,Arts development and support,0,0.0,Revenue_Outturn__RO5__data_2013-14_by_LA.xlsx,RO5 LA Data 2013-14 (3),"row 308, column 10",Net Current Expenditure (C7 = C3 - C6)
2013/14,E4210,,Wigan MBC,MD,Heritage,0,0.0,Revenue_Outturn__RO5__data_2013-14_by_LA.xlsx,RO5 LA Data 2013-14 (3),"row 308, column 14",Net Current Expenditure (C7 = C3 - C6)
2013/14,E4210,,Wigan MBC,MD,Museums and galleries,0,0.0,Revenue_Outturn__RO5__data_2013-14_by_LA.xlsx,RO5 LA Data 2013-14 (3),"row 308, column 18",Net Current Expenditure (C7 = C3 - C6)
2013/14,E4210,,Wigan MBC,MD,Theatres and public entertainment,97,97000.0,Revenue_Outturn__RO5__data_2013-14_by_LA.xlsx,RO5 LA Data 2013-14 (3),"row 308, column 22",Net Current Expenditure (C7 = C3 - C6)
2013/14,E4210,,Wigan MBC,MD,Library service,0,0.0,Revenue_Outturn__RO5__data_2013-14_by_LA.xlsx,RO5 LA Data 2013-14 (3),"row 308, column 50",Net Current Expenditure (C7 = C3 - C6)
2013/14,E4301,,Knowsley,MD,Archives,0,0.0,Revenue_Outturn__RO5__data_2013-14_by_LA.xlsx,RO5 LA Data 2013-14 (3),"row 309, column 6",Net Current Expenditure (C7 = C3 - C6)
2013/14,E4301,,Knowsley,MD,Arts development and support,1152,1152000.0,Revenue_Outturn__RO5__data_2013-14_by_LA.xlsx,RO5 LA Data 2013-14 (3),"row 309, column 10",Net Current Expenditure (C7 = C3 - C6)
2013/14,E4301,,Knowsley,MD,Heritage,-18,-18000.0,Revenue_Outturn__RO5__data_2013-14_by_LA.xlsx,RO5 LA Data 2013-14 (3),"row 309, column 14",Net Current Expenditure (C7 = C3 - C6)
2013/14,E4301,,Knowsley,MD,Museums and galleries,0,0.0,Revenue_Outturn__RO5__data_2013-14_by_LA.xlsx,RO5 LA Data 2013-14 (3),"row 309, column 18",Net Current Expenditure (C7 = C3 - C6)
2013/14,E4301,,Knowsley,MD,Theatres and public entertainment,301,301000.0,Revenue_Outturn__RO5__data_2013-14_by_LA.xlsx,RO5 LA Data 2013-14 (3),"row 309, column 22",Net Current Expenditure (C7 = C3 - C6)
2013/14,E4301,,Knowsley,MD,Library service,2055,2055000.0,Revenue_Outturn__RO5__data_2013-14_by_LA.xlsx,RO5 LA Data 2013-14 (3),"row 309, column 50",Net Current Expenditure (C7 = C3 - C6)
2013/14,E4302,,Liverpool,MD,Archives,262,262000.0,Revenue_Outturn__RO5__data_2013-14_by_LA.xlsx,RO5 LA Data 2013-14 (3),"row 310, column 6",Net Current Expenditure (C7 = C3 - C6)
2013/14,E4302,,Liverpool,MD,Arts development and support,4329,4329000.0,Revenue_Outturn__RO5__data_2013-14_by_LA.xlsx,RO5 LA Data 2013-14 (3),"row 310, column 10",Net Current Expenditure (C7 = C3 - C6)
2013/14,E4302,,Liverpool,MD,Heritage,2048,2048000.0,Revenue_Outturn__RO5__data_2013-14_by_LA.xlsx,RO5 LA Data 2013-14 (3),"row 310, column 14",Net Current Expenditure (C7 = C3 - C6)
2013/14,E4302,,Liverpool,MD,Museums and galleries,0,0.0,Revenue_Outturn__RO5__data_2013-14_by_LA.xlsx,RO5 LA Data 2013-14 (3),"row 310, column 18",Net Current Expenditure (C7 = C3 - C6)
2013/14,E4302,,Liverpool,MD,Theatres and public entertainment,3869,3869000.0,Revenue_Outturn__RO5__data_2013-14_by_LA.xlsx,RO5 LA Data 2013-14 (3),"row 310, column 22",Net Current Expenditure (C7 = C3 - C6)
2013/14,E4302,,Liverpool,MD,Library service,13885,13885000.0,Revenue_Outturn__RO5__data_2013-14_by_LA.xlsx,RO5 LA Data 2013-14 (3),"row 310, column 50",Net Current Expenditure (C7 = C3 - C6)
2013/14,E4303,,St Helens MBC,MD,Archives,181,181000.0,Revenue_Outturn__RO5__data_2013-14_by_LA.xlsx,RO5 LA Data 2013-14 (3),"row 311, column 6",Net Current Expenditure (C7 = C3 - C6)
2013/14,E4303,,St Helens MBC,MD,Arts development and support,161,161000.0,Revenue_Outturn__RO5__data_2013-14_by_LA.xlsx,RO5 LA Data 2013-14 (3),"row 311, column 10",Net Current Expenditure (C7 = C3 - C6)
2013/14,E4303,,St Helens MBC,MD,Heritage,350,350000.0,Revenue_Outturn__RO5__data_2013-14_by_LA.xlsx,RO5 LA Data 2013-14 (3),"row 311, column 14",Net Current Expenditure (C7 = C3 - C6)
2013/14,E4303,,St Helens MBC,MD,Museums and galleries,5,5000.0,Revenue_Outturn__RO5__data_2013-14_by_LA.xlsx,RO5 LA Data 2013-14 (3),"row 311, column 18",Net Current Expenditure (C7 = C3 - C6)
2013/14,E4303,,St Helens MBC,MD,Theatres and public entertainment,452,452000.0,Revenue_Outturn__RO5__data_2013-14_by_LA.xlsx,RO5 LA Data 2013-14 (3),"row 311, column 22",Net Current Expenditure (C7 = C3 - C6)
2013/14,E4303,,St Helens MBC,MD,Library service,2777,2777000.0,Revenue_Outturn__RO5__data_2013-14_by_LA.xlsx,RO5 LA Data 2013-14 (3),"row 311, column 50",Net Current Expenditure (C7 = C3 - C6)
2013/14,E4304,,Sefton,MD,Archives,0,0.0,Revenue_Outturn__RO5__data_2013-14_by_LA.xlsx,RO5 LA Data 2013-14 (3),"row 312, column 6",Net Current Expenditure (C7 = C3 - C6)
2013/14,E4304,,Sefton,MD,Arts development and support,20,20000.0,Revenue_Outturn__RO5__data_2013-14_by_LA.xlsx,RO5 LA Data 2013-14 (3),"row 312, column 10",Net Current Expenditure (C7 = C3 - C6)
2013/14,E4304,,Sefton,MD,Heritage,0,0.0,Revenue_Outturn__RO5__data_2013-14_by_LA.xlsx,RO5 LA Data 2013-14 (3),"row 312, column 14",Net Current Expenditure (C7 = C3 - C6)
2013/14,E4304,,Sefton,MD,Museums and galleries,-4,-4000.0,Revenue_Outturn__RO5__data_2013-14_by_LA.xlsx,RO5 LA Data 2013-14 (3),"row 312, column 18",Net Current Expenditure (C7 = C3 - C6)
2013/14,E4304,,Sefton,MD,Theatres and public entertainment,2214,2214000.0,Revenue_Outturn__RO5__data_2013-14_by_LA.xlsx,RO5 LA Data 2013-14 (3),"row 312, column 22",Net Current Expenditure (C7 = C3 - C6)
2013/14,E4304,,Sefton,MD,Library service,2568,2568000.0,Revenue_Outturn__RO5__data_2013-14_by_LA.xlsx,RO5 LA Data 2013-14 (3),"row 312, column 50",Net Current Expenditure (C7 = C3 - C6)
2013/14,E4305,,Wirral,MD,Archives,562,562000.0,Revenue_Outturn__RO5__data_2013-14_by_LA.xlsx,RO5 LA Data 2013-14 (3),"row 313, column 6",Net Current Expenditure (C7 = C3 - C6)
2013/14,E4305,,Wirral,MD,Arts development and support,0,0.0,Revenue_Outturn__RO5__data_2013-14_by_LA.xlsx,RO5 LA Data 2013-14 (3),"row 313, column 10",Net Current Expenditure (C7 = C3 - C6)
2013/14,E4305,,Wirral,MD,Heritage,54,54000.0,Revenue_Outturn__RO5__data_2013-14_by_LA.xlsx,RO5 LA Data 2013-14 (3),"row 313, column 14",Net Current Expenditure (C7 = C3 - C6)
2013/14,E4305,,Wirral,MD,Museums and galleries,758,758000.0,Revenue_Outturn__RO5__data_2013-14_by_LA.xlsx,RO5 LA Data 2013-14 (3),"row 313, column 18",Net Current Expenditure (C7 = C3 - C6)
2013/14,E4305,,Wirral,MD,Theatres and public entertainment,1062,1062000.0,Revenue_Outturn__RO5__data_2013-14_by_LA.xlsx,RO5 LA Data 2013-14 (3),"row 313, column 22",Net Current Expenditure (C7 = C3 - C6)
2013/14,E4305,,Wirral,MD,Library service,4796,4796000.0,Revenue_Outturn__RO5__data_2013-14_by_LA.xlsx,RO5 LA Data 2013-14 (3),"row 313, column 50",Net Current Expenditure (C7 = C3 - C6)
2013/14,E4401,,Barnsley,MD,Archives,194,194000.0,Revenue_Outturn__RO5__data_2013-14_by_LA.xlsx,RO5 LA Data 2013-14 (3),"row 314, column 6",Net Current Expenditure (C7 = C3 - C6)
2013/14,E4401,,Barnsley,MD,Arts development and support,594,594000.0,Revenue_Outturn__RO5__data_2013-14_by_LA.xlsx,RO5 LA Data 2013-14 (3),"row 314, column 10",Net Current Expenditure (C7 = C3 - C6)
2013/14,E4401,,Barnsley,MD,Heritage,1761,1761000.0,Revenue_Outturn__RO5__data_2013-14_by_LA.xlsx,RO5 LA Data 2013-14 (3),"row 314, column 14",Net Current Expenditure (C7 = C3 - C6)
2013/14,E4401,,Barnsley,MD,Museums and galleries,1177,1177000.0,Revenue_Outturn__RO5__data_2013-14_by_LA.xlsx,RO5 LA Data 2013-14 (3),"row 314, column 18",Net Current Expenditure (C7 = C3 - C6)
2013/14,E4401,,Barnsley,MD,Theatres and public entertainment,355,355000.0,Revenue_Outturn__RO5__data_2013-14_by_LA.xlsx,RO5 LA Data 2013-14 (3),"row 314, column 22",Net Current Expenditure (C7 = C3 - C6)
2013/14,E4401,,Barnsley,MD,Library service,2533,2533000.0,Revenue_Outturn__RO5__data_2013-14_by_LA.xlsx,RO5 LA Data 2013-14 (3),"row 314, column 50",Net Current Expenditure (C7 = C3 - C6)
2013/14,E4402,,Doncaster,MD,Archives,104,104000.0,Revenue_Outturn__RO5__data_2013-14_by_LA.xlsx,RO5 LA Data 2013-14 (3),"row 315, column 6",Net Current Expenditure (C7 = C3 - C6)
2013/14,E4402,,Doncaster,MD,Arts development and support,371,371000.0,Revenue_Outturn__RO5__data_2013-14_by_LA.xlsx,RO5 LA Data 2013-14 (3),"row 315, column 10",Net Current Expenditure (C7 = C3 - C6)
2013/14,E4402,,Doncaster,MD,Heritage,7,7000.0,Revenue_Outturn__RO5__data_2013-14_by_LA.xlsx,RO5 LA Data 2013-14 (3),"row 315, column 14",Net Current Expenditure (C7 = C3 - C6)
2013/14,E4402,,Doncaster,MD,Museums and galleries,1184,1184000.0,Revenue_Outturn__RO5__data_2013-14_by_LA.xlsx,RO5 LA Data 2013-14 (3),"row 315, column 18",Net Current Expenditure (C7 = C3 - C6)
2013/14,E4402,,Doncaster,MD,Theatres and public entertainment,514,514000.0,Revenue_Outturn__RO5__data_2013-14_by_LA.xlsx,RO5 LA Data 2013-14 (3),"row 315, column 22",Net Current Expenditure (C7 = C3 - C6)
2013/14,E4402,,Doncaster,MD,Library service,3877,3877000.0,Revenue_Outturn__RO5__data_2013-14_by_LA.xlsx,RO5 LA Data 2013-14 (3),"row 315, column 50",Net Current Expenditure (C7 = C3 - C6)
2013/14,E4403,,Rotherham,MD,Archives,26,26000.0,Revenue_Outturn__RO5__data_2013-14_by_LA.xlsx,RO5 LA Data 2013-14 (3),"row 316, column 6",Net Current Expenditure (C7 = C3 - C6)
2013/14,E4403,,Rotherham,MD,Arts development and support,93,93000.0,Revenue_Outturn__RO5__data_2013-14_by_LA.xlsx,RO5 LA Data 2013-14 (3),"row 316, column 10",Net Current Expenditure (C7 = C3 - C6)
2013/14,E4403,,Rotherham,MD,Heritage,0,0.0,Revenue_Outturn__RO5__data_2013-14_by_LA.xlsx,RO5 LA Data 2013-14 (3),"row 316, column 14",Net Current Expenditure (C7 = C3 - C6)
2013/14,E4403,,Rotherham,MD,Museums and galleries,861,861000.0,Revenue_Outturn__RO5__data_2013-14_by_LA.xlsx,RO5 LA Data 2013-14 (3),"row 316, column 18",Net Current Expenditure (C7 = C3 - C6)
2013/14,E4403,,Rotherham,MD,Theatres and public entertainment,450,450000.0,Revenue_Outturn__RO5__data_2013-14_by_LA.xlsx,RO5 LA Data 2013-14 (3),"row 316, column 22",Net Current Expenditure (C7 = C3 - C6)
2013/14,E4403,,Rotherham,MD,Library service,4530,4530000.0,Revenue_Outturn__RO5__data_2013-14_by_LA.xlsx,RO5 LA Data 2013-14 (3),"row 316, column 50",Net Current Expenditure (C7 = C3 - C6)
2013/14,E4404,,Sheffield,MD,Archives,496,496000.0,Revenue_Outturn__RO5__data_2013-14_by_LA.xlsx,RO5 LA Data 2013-14 (3),"row 317, column 6",Net Current Expenditure (C7 = C3 - C6)
2013/14,E4404,,Sheffield,MD,Arts development and support,564,564000.0,Revenue_Outturn__RO5__data_2013-14_by_LA.xlsx,RO5 LA Data 2013-14 (3),"row 317, column 10",Net Current Expenditure (C7 = C3 - C6)
2013/14,E4404,,Sheffield,MD,Heritage,0,0.0,Revenue_Outturn__RO5__data_2013-14_by_LA.xlsx,RO5 LA Data 2013-14 (3),"row 317, column 14",Net Current Expenditure (C7 = C3 - C6)
2013/14,E4404,,Sheffield,MD,Museums and galleries,3018,3018000.0,Revenue_Outturn__RO5__data_2013-14_by_LA.xlsx,RO5 LA Data 2013-14 (3),"row 317, column 18",Net Current Expenditure (C7 = C3 - C6)
2013/14,E4404,,Sheffield,MD,Theatres and public entertainment,876,876000.0,Revenue_Outturn__RO5__data_2013-14_by_LA.xlsx,RO5 LA Data 2013-14 (3),"row 317, column 22",Net Current Expenditure (C7 = C3 - C6)
2013/14,E4404,,Sheffield,MD,Library service,6122,6122000.0,Revenue_Outturn__RO5__data_2013-14_by_LA.xlsx,RO5 LA Data 2013-14 (3),"row 317, column 50",Net Current Expenditure (C7 = C3 - C6)
2013/14,E4501,,Gateshead,MD,Archives,729,729000.0,Revenue_Outturn__RO5__data_2013-14_by_LA.xlsx,RO5 LA Data 2013-14 (3),"row 318, column 6",Net Current Expenditure (C7 = C3 - C6)
2013/14,E4501,,Gateshead,MD,Arts development and support,163,163000.0,Revenue_Outturn__RO5__data_2013-14_by_LA.xlsx,RO5 LA Data 2013-14 (3),"row 318, column 10",Net Current Expenditure (C7 = C3 - C6)
2013/14,E4501,,Gateshead,MD,Heritage,697,697000.0,Revenue_Outturn__RO5__data_2013-14_by_LA.xlsx,RO5 LA Data 2013-14 (3),"row 318, column 14",Net Current Expenditure (C7 = C3 - C6)
2013/14,E4501,,Gateshead,MD,Museums and galleries,569,569000.0,Revenue_Outturn__RO5__data_2013-14_by_LA.xlsx,RO5 LA Data 2013-14 (3),"row 318, column 18",Net Current Expenditure (C7 = C3 - C6)
2013/14,E4501,,Gateshead,MD,Theatres and public entertainment,0,0.0,Revenue_Outturn__RO5__data_2013-14_by_LA.xlsx,RO5 LA Data 2013-14 (3),"row 318, column 22",Net Current Expenditure (C7 = C3 - C6)
2013/14,E4501,,Gateshead,MD,Library service,3564,3564000.0,Revenue_Outturn__RO5__data_2013-14_by_LA.xlsx,RO5 LA Data 2013-14 (3),"row 318, column 50",Net Current Expenditure (C7 = C3 - C6)
2013/14,E4502,,Newcastle,MD,Archives,138,138000.0,Revenue_Outturn__RO5__data_2013-14_by_LA.xlsx,RO5 LA Data 2013-14 (3),"row 319, column 6",Net Current Expenditure (C7 = C3 - C6)
2013/14,E4502,,Newcastle,MD,Arts development and support,859,859000.0,Revenue_Outturn__RO5__data_2013-14_by_LA.xlsx,RO5 LA Data 2013-14 (3),"row 319, column 10",Net Current Expenditure (C7 = C3 - C6)
2013/14,E4502,,Newcastle,MD,Heritage,7,7000.0,Revenue_Outturn__RO5__data_2013-14_by_LA.xlsx,RO5 LA Data 2013-14 (3),"row 319, column 14",Net Current Expenditure (C7 = C3 - C6)
2013/14,E4502,,Newcastle,MD,Museums and galleries,1655,1655000.0,Revenue_Outturn__RO5__data_2013-14_by_LA.xlsx,RO5 LA Data 2013-14 (3),"row 319, column 18",Net Current Expenditure (C7 = C3 - C6)
2013/14,E4502,,Newcastle,MD,Theatres and public entertainment,1374,1374000.0,Revenue_Outturn__RO5__data_2013-14_by_LA.xlsx,RO5 LA Data 2013-14 (3),"row 319, column 22",Net Current Expenditure (C7 = C3 - C6)
2013/14,E4502,,Newcastle,MD,Library service,8544,8544000.0,Revenue_Outturn__RO5__data_2013-14_by_LA.xlsx,RO5 LA Data 2013-14 (3),"row 319, column 50",Net Current Expenditure (C7 = C3 - C6)
2013/14,E4503,,North Tyneside,MD,Archives,38,38000.0,Revenue_Outturn__RO5__data_2013-14_by_LA.xlsx,RO5 LA Data 2013-14 (3),"row 320, column 6",Net Current Expenditure (C7 = C3 - C6)
2013/14,E4503,,North Tyneside,MD,Arts development and support,130,130000.0,Revenue_Outturn__RO5__data_2013-14_by_LA.xlsx,RO5 LA Data 2013-14 (3),"row 320, column 10",Net Current Expenditure (C7 = C3 - C6)
2013/14,E4503,,North Tyneside,MD,Heritage,129,129000.0,Revenue_Outturn__RO5__data_2013-14_by_LA.xlsx,RO5 LA Data 2013-14 (3),"row 320, column 14",Net Current Expenditure (C7 = C3 - C6)
2013/14,E4503,,North Tyneside,MD,Museums and galleries,744,744000.0,Revenue_Outturn__RO5__data_2013-14_by_LA.xlsx,RO5 LA Data 2013-14 (3),"row 320, column 18",Net Current Expenditure (C7 = C3 - C6)
2013/14,E4503,,North Tyneside,MD,Theatres and public entertainment,330,330000.0,Revenue_Outturn__RO5__data_2013-14_by_LA.xlsx,RO5 LA Data 2013-14 (3),"row 320, column 22",Net Current Expenditure (C7 = C3 - C6)
2013/14,E4503,,North Tyneside,MD,Library service,4035,4035000.0,Revenue_Outturn__RO5__data_2013-14_by_LA.xlsx,RO5 LA Data 2013-14 (3),"row 320, column 50",Net Current Expenditure (C7 = C3 - C6)
2013/14,E4504,,South Tyneside,MD,Archives,173,173000.0,Revenue_Outturn__RO5__data_2013-14_by_LA.xlsx,RO5 LA Data 2013-14 (3),"row 321, column 6",Net Current Expenditure (C7 = C3 - C6)
2013/14,E4504,,South Tyneside,MD,Arts development and support,521,521000.0,Revenue_Outturn__RO5__data_2013-14_by_LA.xlsx,RO5 LA Data 2013-14 (3),"row 321, column 10",Net Current Expenditure (C7 = C3 - C6)
2013/14,E4504,,South Tyneside,MD,Heritage,112,112000.0,Revenue_Outturn__RO5__data_2013-14_by_LA.xlsx,RO5 LA Data 2013-14 (3),"row 321, column 14",Net Current Expenditure (C7 = C3 - C6)
2013/14,E4504,,South Tyneside,MD,Museums and galleries,945,945000.0,Revenue_Outturn__RO5__data_2013-14_by_LA.xlsx,RO5 LA Data 2013-14 (3),"row 321, column 18",Net Current Expenditure (C7 = C3 - C6)
2013/14,E4504,,South Tyneside,MD,Theatres and public entertainment,95,95000.0,Revenue_Outturn__RO5__data_2013-14_by_LA.xlsx,RO5 LA Data 2013-14 (3),"row 321, column 22",Net Current Expenditure (C7 = C3 - C6)
2013/14,E4504,,South Tyneside,MD,Library service,3049,3049000.0,Revenue_Outturn__RO5__data_2013-14_by_LA.xlsx,RO5 LA Data 2013-14 (3),"row 321, column 50",Net Current Expenditure (C7 = C3 - C6)
2013/14,E4505,,Sunderland,MD,Archives,115,115000.0,Revenue_Outturn__RO5__data_2013-14_by_LA.xlsx,RO5 LA Data 2013-14 (3),"row 322, column 6",Net Current Expenditure (C7 = C3 - C6)
2013/14,E4505,,Sunderland,MD,Arts development and support,0,0.0,Revenue_Outturn__RO5__data_2013-14_by_LA.xlsx,RO5 LA Data 2013-14 (3),"row 322, column 10",Net Current Expenditure (C7 = C3 - C6)
2013/14,E4505,,Sunderland,MD,Heritage,241,241000.0,Revenue_Outturn__RO5__data_2013-14_by_LA.xlsx,RO5 LA Data 2013-14 (3),"row 322, column 14",Net Current Expenditure (C7 = C3 - C6)
2013/14,E4505,,Sunderland,MD,Museums and galleries,1383,1383000.0,Revenue_Outturn__RO5__data_2013-14_by_LA.xlsx,RO5 LA Data 2013-14 (3),"row 322, column 18",Net Current Expenditure (C7 = C3 - C6)
2013/14,E4505,,Sunderland,MD,Theatres and public entertainment,2858,2858000.0,Revenue_Outturn__RO5__data_2013-14_by_LA.xlsx,RO5 LA Data 2013-14 (3),"row 322, column 22",Net Current Expenditure (C7 = C3 - C6)
2013/14,E4505,,Sunderland,MD,Library service,3766,3766000.0,Revenue_Outturn__RO5__data_2013-14_by_LA.xlsx,RO5 LA Data 2013-14 (3),"row 322, column 50",Net Current Expenditure (C7 = C3 - C6)
2013/14,E4601,,Birmingham,MD,Archives,0,0.0,Revenue_Outturn__RO5__data_2013-14_by_LA.xlsx,RO5 LA Data 2013-14 (3),"row 323, column 6",Net Current Expenditure (C7 = C3 - C6)
2013/14,E4601,,Birmingham,MD,Arts development and support,9657,9657000.0,Revenue_Outturn__RO5__data_2013-14_by_LA.xlsx,RO5 LA Data 2013-14 (3),"row 323, column 10",Net Current Expenditure (C7 = C3 - C6)
2013/14,E4601,,Birmingham,MD,Heritage,0,0.0,Revenue_Outturn__RO5__data_2013-14_by_LA.xlsx,RO5 LA Data 2013-14 (3),"row 323, column 14",Net Current Expenditure (C7 = C3 - C6)
2013/14,E4601,,Birmingham,MD,Museums and galleries,6468,6468000.0,Revenue_Outturn__RO5__data_2013-14_by_LA.xlsx,RO5 LA Data 2013-14 (3),"row 323, column 18",Net Current Expenditure (C7 = C3 - C6)
2013/14,E4601,,Birmingham,MD,Theatres and public entertainment,297,297000.0,Revenue_Outturn__RO5__data_2013-14_by_LA.xlsx,RO5 LA Data 2013-14 (3),"row 323, column 22",Net Current Expenditure (C7 = C3 - C6)
2013/14,E4601,,Birmingham,MD,Library service,24046,24046000.0,Revenue_Outturn__RO5__data_2013-14_by_LA.xlsx,RO5 LA Data 2013-14 (3),"row 323, column 50",Net Current Expenditure (C7 = C3 - C6)
2013/14,E4602,,Coventry,MD,Archives,0,0.0,Revenue_Outturn__RO5__data_2013-14_by_LA.xlsx,RO5 LA Data 2013-14 (3),"row 324, column 6",Net Current Expenditure (C7 = C3 - C6)
2013/14,E4602,,Coventry,MD,Arts development and support,64,64000.0,Revenue_Outturn__RO5__data_2013-14_by_LA.xlsx,RO5 LA Data 2013-14 (3),"row 324, column 10",Net Current Expenditure (C7 = C3 - C6)
2013/14,E4602,,Coventry,MD,Heritage,0,0.0,Revenue_Outturn__RO5__data_2013-14_by_LA.xlsx,RO5 LA Data 2013-14 (3),"row 324, column 14",Net Current Expenditure (C7 = C3 - C6)
2013/14,E4602,,Coventry,MD,Museums and galleries,3394,3394000.0,Revenue_Outturn__RO5__data_2013-14_by_LA.xlsx,RO5 LA Data 2013-14 (3),"row 324, column 18",Net Current Expenditure (C7 = C3 - C6)
2013/14,E4602,,Coventry,MD,Theatres and public entertainment,1018,1018000.0,Revenue_Outturn__RO5__data_2013-14_by_LA.xlsx,RO5 LA Data 2013-14 (3),"row 324, column 22",Net Current Expenditure (C7 = C3 - C6)
2013/14,E4602,,Coventry,MD,Library service,5221,5221000.0,Revenue_Outturn__RO5__data_2013-14_by_LA.xlsx,RO5 LA Data 2013-14 (3),"row 324, column 50",Net Current Expenditure (C7 = C3 - C6)
2013/14,E4603,,Dudley,MD,Archives,287,287000.0,Revenue_Outturn__RO5__data_2013-14_by_LA.xlsx,RO5 LA Data 2013-14 (3),"row 325, column 6",Net Current Expenditure (C7 = C3 - C6)
2013/14,E4603,,Dudley,MD,Arts development and support,-1,-1000.0,Revenue_Outturn__RO5__data_2013-14_by_LA.xlsx,RO5 LA Data 2013-14 (3),"row 325, column 10",Net Current Expenditure (C7 = C3 - C6)
2013/14,E4603,,Dudley,MD,Heritage,622,622000.0,Revenue_Outturn__RO5__data_2013-14_by_LA.xlsx,RO5 LA Data 2013-14 (3),"row 325, column 14",Net Current Expenditure (C7 = C3 - C6)
2013/14,E4603,,Dudley,MD,Museums and galleries,1092,1092000.0,Revenue_Outturn__RO5__data_2013-14_by_LA.xlsx,RO5 LA Data 2013-14 (3),"row 325, column 18",Net Current Expenditure (C7 = C3 - C6)
2013/14,E4603,,Dudley,MD,Theatres and public entertainment,993,993000.0,Revenue_Outturn__RO5__data_2013-14_by_LA.xlsx,RO5 LA Data 2013-14 (3),"row 325, column 22",Net Current Expenditure (C7 = C3 - C6)
2013/14,E4603,,Dudley,MD,Library service,4590,4590000.0,Revenue_Outturn__RO5__data_2013-14_by_LA.xlsx,RO5 LA Data 2013-14 (3),"row 325, column 50",Net Current Expenditure (C7 = C3 - C6)
2013/14,E4604,,Sandwell,MD,Archives,198,198000.0,Revenue_Outturn__RO5__data_2013-14_by_LA.xlsx,RO5 LA Data 2013-14 (3),"row 326, column 6",Net Current Expenditure (C7 = C3 - C6)
2013/14,E4604,,Sandwell,MD,Arts development and support,260,260000.0,Revenue_Outturn__RO5__data_2013-14_by_LA.xlsx,RO5 LA Data 2013-14 (3),"row 326, column 10",Net Current Expenditure (C7 = C3 - C6)
2013/14,E4604,,Sandwell,MD,Heritage,0,0.0,Revenue_Outturn__RO5__data_2013-14_by_LA.xlsx,RO5 LA Data 2013-14 (3),"row 326, column 14",Net Current Expenditure (C7 = C3 - C6)
2013/14,E4604,,Sandwell,MD,Museums and galleries,2927,2927000.0,Revenue_Outturn__RO5__data_2013-14_by_LA.xlsx,RO5 LA Data 2013-14 (3),"row 326, column 18",Net Current Expenditure (C7 = C3 - C6)
2013/14,E4604,,Sandwell,MD,Theatres and public entertainment,359,359000.0,Revenue_Outturn__RO5__data_2013-14_by_LA.xlsx,RO5 LA Data 2013-14 (3),"row 326, column 22",Net Current Expenditure (C7 = C3 - C6)
2013/14,E4604,,Sandwell,MD,Library service,5065,5065000.0,Revenue_Outturn__RO5__data_2013-14_by_LA.xlsx,RO5 LA Data 2013-14 (3),"row 326, column 50",Net Current Expenditure (C7 = C3 - C6)
2013/14,E4605,,Solihull,MD,Archives,251,251000.0,Revenue_Outturn__RO5__data_2013-14_by_LA.xlsx,RO5 LA Data 2013-14 (3),"row 327, column 6",Net Current Expenditure (C7 = C3 - C6)
2013/14,E4605,,Solihull,MD,Arts development and support,0,0.0,Revenue_Outturn__RO5__data_2013-14_by_LA.xlsx,RO5 LA Data 2013-14 (3),"row 327, column 10",Net Current Expenditure (C7 = C3 - C6)
2013/14,E4605,,Solihull,MD,Heritage,0,0.0,Revenue_Outturn__RO5__data_2013-14_by_LA.xlsx,RO5 LA Data 2013-14 (3),"row 327, column 14",Net Current Expenditure (C7 = C3 - C6)
2013/14,E4605,,Solihull,MD,Museums and galleries,0,0.0,Revenue_Outturn__RO5__data_2013-14_by_LA.xlsx,RO5 LA Data 2013-14 (3),"row 327, column 18",Net Current Expenditure (C7 = C3 - C6)
2013/14,E4605,,Solihull,MD,Theatres and public entertainment,0,0.0,Revenue_Outturn__RO5__data_2013-14_by_LA.xlsx,RO5 LA Data 2013-14 (3),"row 327, column 22",Net Current Expenditure (C7 = C3 - C6)
2013/14,E4605,,Solihull,MD,Library service,3519,3519000.0,Revenue_Outturn__RO5__data_2013-14_by_LA.xlsx,RO5 LA Data 2013-14 (3),"row 327, column 50",Net Current Expenditure (C7 = C3 - C6)
2013/14,E4606,,Walsall,MD,Archives,336,336000.0,Revenue_Outturn__RO5__data_2013-14_by_LA.xlsx,RO5 LA Data 2013-14 (3),"row 328, column 6",Net Current Expenditure (C7 = C3 - C6)
2013/14,E4606,,Walsall,MD,Arts development and support,276,276000.0,Revenue_Outturn__RO5__data_2013-14_by_LA.xlsx,RO5 LA Data 2013-14 (3),"row 328, column 10",Net Current Expenditure (C7 = C3 - C6)
2013/14,E4606,,Walsall,MD,Heritage,221,221000.0,Revenue_Outturn__RO5__data_2013-14_by_LA.xlsx,RO5 LA Data 2013-14 (3),"row 328, column 14",Net Current Expenditure (C7 = C3 - C6)
2013/14,E4606,,Walsall,MD,Museums and galleries,2165,2165000.0,Revenue_Outturn__RO5__data_2013-14_by_LA.xlsx,RO5 LA Data 2013-14 (3),"row 328, column 18",Net Current Expenditure (C7 = C3 - C6)
2013/14,E4606,,Walsall,MD,Theatres and public entertainment,0,0.0,Revenue_Outturn__RO5__data_2013-14_by_LA.xlsx,RO5 LA Data 2013-14 (3),"row 328, column 22",Net Current Expenditure (C7 = C3 - C6)
2013/14,E4606,,Walsall,MD,Library service,5253,5253000.0,Revenue_Outturn__RO5__data_2013-14_by_LA.xlsx,RO5 LA Data 2013-14 (3),"row 328, column 50",Net Current Expenditure (C7 = C3 - C6)
2013/14,E4607,,Wolverhampton,MD,Archives,307,307000.0,Revenue_Outturn__RO5__data_2013-14_by_LA.xlsx,RO5 LA Data 2013-14 (3),"row 329, column 6",Net Current Expenditure (C7 = C3 - C6)
2013/14,E4607,,Wolverhampton,MD,Arts development and support,502,502000.0,Revenue_Outturn__RO5__data_2013-14_by_LA.xlsx,RO5 LA Data 2013-14 (3),"row 329, column 10",Net Current Expenditure (C7 = C3 - C6)
2013/14,E4607,,Wolverhampton,MD,Heritage,0,0.0,Revenue_Outturn__RO5__data_2013-14_by_LA.xlsx,RO5 LA Data 2013-14 (3),"row 329, column 14",Net Current Expenditure (C7 = C3 - C6)
2013/14,E4607,,Wolverhampton,MD,Museums and galleries,2134,2134000.0,Revenue_Outturn__RO5__data_2013-14_by_LA.xlsx,RO5 LA Data 2013-14 (3),"row 329, column 18",Net Current Expenditure (C7 = C3 - C6)
2013/14,E4607,,Wolverhampton,MD,Theatres and public entertainment,1486,1486000.0,Revenue_Outturn__RO5__data_2013-14_by_LA.xlsx,RO5 LA Data 2013-14 (3),"row 329, column 22",Net Current Expenditure (C7 = C3 - C6)
2013/14,E4607,,Wolverhampton,MD,Library service,3413,3413000.0,Revenue_Outturn__RO5__data_2013-14_by_LA.xlsx,RO5 LA Data 2013-14 (3),"row 329, column 50",Net Current Expenditure (C7 = C3 - C6)
2013/14,E4701,,Bradford,MD,Archives,538,538000.0,Revenue_Outturn__RO5__data_2013-14_by_LA.xlsx,RO5 LA Data 2013-14 (3),"row 330, column 6",Net Current Expenditure (C7 = C3 - C6)
2013/14,E4701,,Bradford,MD,Arts development and support,673,673000.0,Revenue_Outturn__RO5__data_2013-14_by_LA.xlsx,RO5 LA Data 2013-14 (3),"row 330, column 10",Net Current Expenditure (C7 = C3 - C6)
2013/14,E4701,,Bradford,MD,Heritage,2,2000.0,Revenue_Outturn__RO5__data_2013-14_by_LA.xlsx,RO5 LA Data 2013-14 (3),"row 330, column 14",Net Current Expenditure (C7 = C3 - C6)
2013/14,E4701,,Bradford,MD,Museums and galleries,2912,2912000.0,Revenue_Outturn__RO5__data_2013-14_by_LA.xlsx,RO5 LA Data 2013-14 (3),"row 330, column 18",Net Current Expenditure (C7 = C3 - C6)
2013/14,E4701,,Bradford,MD,Theatres and public entertainment,3630,3630000.0,Revenue_Outturn__RO5__data_2013-14_by_LA.xlsx,RO5 LA Data 2013-14 (3),"row 330, column 22",Net Current Expenditure (C7 = C3 - C6)
2013/14,E4701,,Bradford,MD,Library service,8545,8545000.0,Revenue_Outturn__RO5__data_2013-14_by_LA.xlsx,RO5 LA Data 2013-14 (3),"row 330, column 50",Net Current Expenditure (C7 = C3 - C6)
2013/14,E4702,,Calderdale,MD,Archives,136,136000.0,Revenue_Outturn__RO5__data_2013-14_by_LA.xlsx,RO5 LA Data 2013-14 (3),"row 331, column 6",Net Current Expenditure (C7 = C3 - C6)
2013/14,E4702,,Calderdale,MD,Arts development and support,120,120000.0,Revenue_Outturn__RO5__data_2013-14_by_LA.xlsx,RO5 LA Data 2013-14 (3),"row 331, column 10",Net Current Expenditure (C7 = C3 - C6)
2013/14,E4702,,Calderdale,MD,Heritage,0,0.0,Revenue_Outturn__RO5__data_2013-14_by_LA.xlsx,RO5 LA Data 2013-14 (3),"row 331, column 14",Net Current Expenditure (C7 = C3 - C6)
2013/14,E4702,,Calderdale,MD,Museums and galleries,858,858000.0,Revenue_Outturn__RO5__data_2013-14_by_LA.xlsx,RO5 LA Data 2013-14 (3),"row 331, column 18",Net Current Expenditure (C7 = C3 - C6)
2013/14,E4702,,Calderdale,MD,Theatres and public entertainment,750,750000.0,Revenue_Outturn__RO5__data_2013-14_by_LA.xlsx,RO5 LA Data 2013-14 (3),"row 331, column 22",Net Current Expenditure (C7 = C3 - C6)
2013/14,E4702,,Calderdale,MD,Library service,2858,2858000.0,Revenue_Outturn__RO5__data_2013-14_by_LA.xlsx,RO5 LA Data 2013-14 (3),"row 331, column 50",Net Current Expenditure (C7 = C3 - C6)
2013/14,E4703,,Kirklees,MD,Archives,317,317000.0,Revenue_Outturn__RO5__data_2013-14_by_LA.xlsx,RO5 LA Data 2013-14 (3),"row 332, column 6",Net Current Expenditure (C7 = C3 - C6)
2013/14,E4703,,Kirklees,MD,Arts development and support,689,689000.0,Revenue_Outturn__RO5__data_2013-14_by_LA.xlsx,RO5 LA Data 2013-14 (3),"row 332, column 10",Net Current Expenditure (C7 = C3 - C6)
2013/14,E4703,,Kirklees,MD,Heritage,91,91000.0,Revenue_Outturn__RO5__data_2013-14_by_LA.xlsx,RO5 LA Data 2013-14 (3),"row 332, column 14",Net Current Expenditure (C7 = C3 - C6)
2013/14,E4703,,Kirklees,MD,Museums and galleries,1424,1424000.0,Revenue_Outturn__RO5__data_2013-14_by_LA.xlsx,RO5 LA Data 2013-14 (3),"row 332, column 18",Net Current Expenditure (C7 = C3 - C6)
2013/14,E4703,,Kirklees,MD,Theatres and public entertainment,1271,1271000.0,Revenue_Outturn__RO5__data_2013-14_by_LA.xlsx,RO5 LA Data 2013-14 (3),"row 332, column 22",Net Current Expenditure (C7 = C3 - C6)
2013/14,E4703,,Kirklees,MD,Library service,8237,8237000.0,Revenue_Outturn__RO5__data_2013-14_by_LA.xlsx,RO5 LA Data 2013-14 (3),"row 332, column 50",Net Current Expenditure (C7 = C3 - C6)
2013/14,E4704,,Leeds,MD,Archives,730,730000.0,Revenue_Outturn__RO5__data_2013-14_by_LA.xlsx,RO5 LA Data 2013-14 (3),"row 333, column 6",Net Current Expenditure (C7 = C3 - C6)
2013/14,E4704,,Leeds,MD,Arts development and support,4747,4747000.0,Revenue_Outturn__RO5__data_2013-14_by_LA.xlsx,RO5 LA Data 2013-14 (3),"row 333, column 10",Net Current Expenditure (C7 = C3 - C6)
2013/14,E4704,,Leeds,MD,Heritage,11,11000.0,Revenue_Outturn__RO5__data_2013-14_by_LA.xlsx,RO5 LA Data 2013-14 (3),"row 333, column 14",Net Current Expenditure (C7 = C3 - C6)
2013/14,E4704,,Leeds,MD,Museums and galleries,6510,6510000.0,Revenue_Outturn__RO5__data_2013-14_by_LA.xlsx,RO5 LA Data 2013-14 (3),"row 333, column 18",Net Current Expenditure (C7 = C3 - C6)
2013/14,E4704,,Leeds,MD,Theatres and public entertainment,3290,3290000.0,Revenue_Outturn__RO5__data_2013-14_by_LA.xlsx,RO5 LA Data 2013-14 (3),"row 333, column 22",Net Current Expenditure (C7 = C3 - C6)
2013/14,E4704,,Leeds,MD,Library service,12030,12030000.0,Revenue_Outturn__RO5__data_2013-14_by_LA.xlsx,RO5 LA Data 2013-14 (3),"row 333, column 50",Net Current Expenditure (C7 = C3 - C6)
2013/14,E4705,,Wakefield,MD,Archives,229,229000.0,Revenue_Outturn__RO5__data_2013-14_by_LA.xlsx,RO5 LA Data 2013-14 (3),"row 334, column 6",Net Current Expenditure (C7 = C3 - C6)
2013/14,E4705,,Wakefield,MD,Arts development and support,708,708000.0,Revenue_Outturn__RO5__data_2013-14_by_LA.xlsx,RO5 LA Data 2013-14 (3),"row 334, column 10",Net Current Expenditure (C7 = C3 - C6)
2013/14,E4705,,Wakefield,MD,Heritage,480,480000.0,Revenue_Outturn__RO5__data_2013-14_by_LA.xlsx,RO5 LA Data 2013-14 (3),"row 334, column 14",Net Current Expenditure (C7 = C3 - C6)
2013/14,E4705,,Wakefield,MD,Museums and galleries,2627,2627000.0,Revenue_Outturn__RO5__data_2013-14_by_LA.xlsx,RO5 LA Data 2013-14 (3),"row 334, column 18",Net Current Expenditure (C7 = C3 - C6)
2013/14,E4705,,Wakefield,MD,Theatres and public entertainment,637,637000.0,Revenue_Outturn__RO5__data_2013-14_by_LA.xlsx,RO5 LA Data 2013-14 (3),"row 334, column 22",Net Current Expenditure (C7 = C3 - C6)
2013/14,E4705,,Wakefield,MD,Library service,4837,4837000.0,Revenue_Outturn__RO5__data_2013-14_by_LA.xlsx,RO5 LA Data 2013-14 (3),"row 334, column 50",Net Current Expenditure (C7 = C3 - C6)
2013/14,E5010,,City of London,L,Archives,3377,3377000.0,Revenue_Outturn__RO5__data_2013-14_by_LA.xlsx,RO5 LA Data 2013-14 (3),"row 335, column 6",Net Current Expenditure (C7 = C3 - C6)
2013/14,E5010,,City of London,L,Arts development and support,0,0.0,Revenue_Outturn__RO5__data_2013-14_by_LA.xlsx,RO5 LA Data 2013-14 (3),"row 335, column 10",Net Current Expenditure (C7 = C3 - C6)
2013/14,E5010,,City of London,L,Heritage,0,0.0,Revenue_Outturn__RO5__data_2013-14_by_LA.xlsx,RO5 LA Data 2013-14 (3),"row 335, column 14",Net Current Expenditure (C7 = C3 - C6)
2013/14,E5010,,City of London,L,Museums and galleries,6882,6882000.0,Revenue_Outturn__RO5__data_2013-14_by_LA.xlsx,RO5 LA Data 2013-14 (3),"row 335, column 18",Net Current Expenditure (C7 = C3 - C6)
2013/14,E5010,,City of London,L,Theatres and public entertainment,23629,23629000.0,Revenue_Outturn__RO5__data_2013-14_by_LA.xlsx,RO5 LA Data 2013-14 (3),"row 335, column 22",Net Current Expenditure (C7 = C3 - C6)
2013/14,E5010,,City of London,L,Library service,6839,6839000.0,Revenue_Outturn__RO5__data_2013-14_by_LA.xlsx,RO5 LA Data 2013-14 (3),"row 335, column 50",Net Current Expenditure (C7 = C3 - C6)
2013/14,E5011,,Camden,L,Archives,195,195000.0,Revenue_Outturn__RO5__data_2013-14_by_LA.xlsx,RO5 LA Data 2013-14 (3),"row 336, column 6",Net Current Expenditure (C7 = C3 - C6)
2013/14,E5011,,Camden,L,Arts development and support,504,504000.0,Revenue_Outturn__RO5__data_2013-14_by_LA.xlsx,RO5 LA Data 2013-14 (3),"row 336, column 10",Net Current Expenditure (C7 = C3 - C6)
2013/14,E5011,,Camden,L,Heritage,0,0.0,Revenue_Outturn__RO5__data_2013-14_by_LA.xlsx,RO5 LA Data 2013-14 (3),"row 336, column 14",Net Current Expenditure (C7 = C3 - C6)
2013/14,E5011,,Camden,L,Museums and galleries,0,0.0,Revenue_Outturn__RO5__data_2013-14_by_LA.xlsx,RO5 LA Data 2013-14 (3),"row 336, column 18",Net Current Expenditure (C7 = C3 - C6)
2013/14,E5011,,Camden,L,Theatres and public entertainment,346,346000.0,Revenue_Outturn__RO5__data_2013-14_by_LA.xlsx,RO5 LA Data 2013-14 (3),"row 336, column 22",Net Current Expenditure (C7 = C3 - C6)
2013/14,E5011,,Camden,L,Library service,4559,4559000.0,Revenue_Outturn__RO5__data_2013-14_by_LA.xlsx,RO5 LA Data 2013-14 (3),"row 336, column 50",Net Current Expenditure (C7 = C3 - C6)
2013/14,E5012,,Greenwich,L,Archives,0,0.0,Revenue_Outturn__RO5__data_2013-14_by_LA.xlsx,RO5 LA Data 2013-14 (3),"row 337, column 6",Net Current Expenditure (C7 = C3 - C6)
2013/14,E5012,,Greenwich,L,Arts development and support,910,910000.0,Revenue_Outturn__RO5__data_2013-14_by_LA.xlsx,RO5 LA Data 2013-14 (3),"row 337, column 10",Net Current Expenditure (C7 = C3 - C6)
2013/14,E5012,,Greenwich,L,Heritage,0,0.0,Revenue_Outturn__RO5__data_2013-14_by_LA.xlsx,RO5 LA Data 2013-14 (3),"row 337, column 14",Net Current Expenditure (C7 = C3 - C6)
2013/14,E5012,,Greenwich,L,Museums and galleries,457,457000.0,Revenue_Outturn__RO5__data_2013-14_by_LA.xlsx,RO5 LA Data 2013-14 (3),"row 337, column 18",Net Current Expenditure (C7 = C3 - C6)
2013/14,E5012,,Greenwich,L,Theatres and public entertainment,103,103000.0,Revenue_Outturn__RO5__data_2013-14_by_LA.xlsx,RO5 LA Data 2013-14 (3),"row 337, column 22",Net Current Expenditure (C7 = C3 - C6)
2013/14,E5012,,Greenwich,L,Library service,3500,3500000.0,Revenue_Outturn__RO5__data_2013-14_by_LA.xlsx,RO5 LA Data 2013-14 (3),"row 337, column 50",Net Current Expenditure (C7 = C3 - C6)
2013/14,E5013,,Hackney,L,Archives,211,211000.0,Revenue_Outturn__RO5__data_2013-14_by_LA.xlsx,RO5 LA Data 2013-14 (3),"row 338, column 6",Net Current Expenditure (C7 = C3 - C6)
2013/14,E5013,,Hackney,L,Arts development and support,607,607000.0,Revenue_Outturn__RO5__data_2013-14_by_LA.xlsx,RO5 LA Data 2013-14 (3),"row 338, column 10",Net Current Expenditure (C7 = C3 - C6)
2013/14,E5013,,Hackney,L,Heritage,0,0.0,Revenue_Outturn__RO5__data_2013-14_by_LA.xlsx,RO5 LA Data 2013-14 (3),"row 338, column 14",Net Current Expenditure (C7 = C3 - C6)
2013/14,E5013,,Hackney,L,Museums and galleries,539,539000.0,Revenue_Outturn__RO5__data_2013-14_by_LA.xlsx,RO5 LA Data 2013-14 (3),"row 338, column 18",Net Current Expenditure (C7 = C3 - C6)
2013/14,E5013,,Hackney,L,Theatres and public entertainment,202,202000.0,Revenue_Outturn__RO5__data_2013-14_by_LA.xlsx,RO5 LA Data 2013-14 (3),"row 338, column 22",Net Current Expenditure (C7 = C3 - C6)
2013/14,E5013,,Hackney,L,Library service,6796,6796000.0,Revenue_Outturn__RO5__data_2013-14_by_LA.xlsx,RO5 LA Data 2013-14 (3),"row 338, column 50",Net Current Expenditure (C7 = C3 - C6)
2013/14,E5014,,Hammersmith & Fulham,L,Archives,94,94000.0,Revenue_Outturn__RO5__data_2013-14_by_LA.xlsx,RO5 LA Data 2013-14 (3),"row 339, column 6",Net Current Expenditure (C7 = C3 - C6)
2013/14,E5014,,Hammersmith & Fulham,L,Arts development and support,0,0.0,Revenue_Outturn__RO5__data_2013-14_by_LA.xlsx,RO5 LA Data 2013-14 (3),"row 339, column 10",Net Current Expenditure (C7 = C3 - C6)
2013/14,E5014,,Hammersmith & Fulham,L,Heritage,0,0.0,Revenue_Outturn__RO5__data_2013-14_by_LA.xlsx,RO5 LA Data 2013-14 (3),"row 339, column 14",Net Current Expenditure (C7 = C3 - C6)
2013/14,E5014,,Hammersmith & Fulham,L,Museums and galleries,50,50000.0,Revenue_Outturn__RO5__data_2013-14_by_LA.xlsx,RO5 LA Data 2013-14 (3),"row 339, column 18",Net Current Expenditure (C7 = C3 - C6)
2013/14,E5014,,Hammersmith & Fulham,L,Theatres and public entertainment,-4,-4000.0,Revenue_Outturn__RO5__data_2013-14_by_LA.xlsx,RO5 LA Data 2013-14 (3),"row 339, column 22",Net Current Expenditure (C7 = C3 - C6)
2013/14,E5014,,Hammersmith & Fulham,L,Library service,2945,2945000.0,Revenue_Outturn__RO5__data_2013-14_by_LA.xlsx,RO5 LA Data 2013-14 (3),"row 339, column 50",Net Current Expenditure (C7 = C3 - C6)
2013/14,E5015,,Islington,L,Archives,0,0.0,Revenue_Outturn__RO5__data_2013-14_by_LA.xlsx,RO5 LA Data 2013-14 (3),"row 340, column 6",Net Current Expenditure (C7 = C3 - C6)
2013/14,E5015,,Islington,L,Arts development and support,0,0.0,Revenue_Outturn__RO5__data_2013-14_by_LA.xlsx,RO5 LA Data 2013-14 (3),"row 340, column 10",Net Current Expenditure (C7 = C3 - C6)
2013/14,E5015,,Islington,L,Heritage,201,201000.0,Revenue_Outturn__RO5__data_2013-14_by_LA.xlsx,RO5 LA Data 2013-14 (3),"row 340, column 14",Net Current Expenditure (C7 = C3 - C6)
2013/14,E5015,,Islington,L,Museums and galleries,0,0.0,Revenue_Outturn__RO5__data_2013-14_by_LA.xlsx,RO5 LA Data 2013-14 (3),"row 340, column 18",Net Current Expenditure (C7 = C3 - C6)
2013/14,E5015,,Islington,L,Theatres and public entertainment,0,0.0,Revenue_Outturn__RO5__data_2013-14_by_LA.xlsx,RO5 LA Data 2013-14 (3),"row 340, column 22",Net Current Expenditure (C7 = C3 - C6)
2013/14,E5015,,Islington,L,Library service,6676,6676000.0,Revenue_Outturn__RO5__data_2013-14_by_LA.xlsx,RO5 LA Data 2013-14 (3),"row 340, column 50",Net Current Expenditure (C7 = C3 - C6)
2013/14,E5016,,Kensington & Chelsea,L,Archives,42,42000.0,Revenue_Outturn__RO5__data_2013-14_by_LA.xlsx,RO5 LA Data 2013-14 (3),"row 341, column 6",Net Current Expenditure (C7 = C3 - C6)
2013/14,E5016,,Kensington & Chelsea,L,Arts development and support,673,673000.0,Revenue_Outturn__RO5__data_2013-14_by_LA.xlsx,RO5 LA Data 2013-14 (3),"row 341, column 10",Net Current Expenditure (C7 = C3 - C6)
2013/14,E5016,,Kensington & Chelsea,L,Heritage,7,7000.0,Revenue_Outturn__RO5__data_2013-14_by_LA.xlsx,RO5 LA Data 2013-14 (3),"row 341, column 14",Net Current Expenditure (C7 = C3 - C6)
2013/14,E5016,,Kensington & Chelsea,L,Museums and galleries,723,723000.0,Revenue_Outturn__RO5__data_2013-14_by_LA.xlsx,RO5 LA Data 2013-14 (3),"row 341, column 18",Net Current Expenditure (C7 = C3 - C6)
2013/14,E5016,,Kensington & Chelsea,L,Theatres and public entertainment,1475,1475000.0,Revenue_Outturn__RO5__data_2013-14_by_LA.xlsx,RO5 LA Data 2013-14 (3),"row 341, column 22",Net Current Expenditure (C7 = C3 - C6)
2013/14,E5016,,Kensington & Chelsea,L,Library service,5215,5215000.0,Revenue_Outturn__RO5__data_2013-14_by_LA.xlsx,RO5 LA Data 2013-14 (3),"row 341, column 50",Net Current Expenditure (C7 = C3 - C6)
2013/14,E5017,,Lambeth,L,Archives,110,110000.0,Revenue_Outturn__RO5__data_2013-14_by_LA.xlsx,RO5 LA Data 2013-14 (3),"row 342, column 6",Net Current Expenditure (C7 = C3 - C6)
2013/14,E5017,,Lambeth,L,Arts development and support,902,902000.0,Revenue_Outturn__RO5__data_2013-14_by_LA.xlsx,RO5 LA Data 2013-14 (3),"row 342, column 10",Net Current Expenditure (C7 = C3 - C6)
2013/14,E5017,,Lambeth,L,Heritage,0,0.0,Revenue_Outturn__RO5__data_2013-14_by_LA.xlsx,RO5 LA Data 2013-14 (3),"row 342, column 14",Net Current Expenditure (C7 = C3 - C6)
2013/14,E5017,,Lambeth,L,Museums and galleries,0,0.0,Revenue_Outturn__RO5__data_2013-14_by_LA.xlsx,RO5 LA Data 2013-14 (3),"row 342, column 18",Net Current Expenditure (C7 = C3 - C6)
2013/14,E5017,,Lambeth,L,Theatres and public entertainment,327,327000.0,Revenue_Outturn__RO5__data_2013-14_by_LA.xlsx,RO5 LA Data 2013-14 (3),"row 342, column 22",Net Current Expenditure (C7 = C3 - C6)
2013/14,E5017,,Lambeth,L,Library service,7949,7949000.0,Revenue_Outturn__RO5__data_2013-14_by_LA.xlsx,RO5 LA Data 2013-14 (3),"row 342, column 50",Net Current Expenditure (C7 = C3 - C6)
2013/14,E5018,,Lewisham,L,Archives,0,0.0,Revenue_Outturn__RO5__data_2013-14_by_LA.xlsx,RO5 LA Data 2013-14 (3),"row 343, column 6",Net Current Expenditure (C7 = C3 - C6)
2013/14,E5018,,Lewisham,L,Arts development and support,895,895000.0,Revenue_Outturn__RO5__data_2013-14_by_LA.xlsx,RO5 LA Data 2013-14 (3),"row 343, column 10",Net Current Expenditure (C7 = C3 - C6)
2013/14,E5018,,Lewisham,L,Heritage,0,0.0,Revenue_Outturn__RO5__data_2013-14_by_LA.xlsx,RO5 LA Data 2013-14 (3),"row 343, column 14",Net Current Expenditure (C7 = C3 - C6)
2013/14,E5018,,Lewisham,L,Museums and galleries,0,0.0,Revenue_Outturn__RO5__data_2013-14_by_LA.xlsx,RO5 LA Data 2013-14 (3),"row 343, column 18",Net Current Expenditure (C7 = C3 - C6)
2013/14,E5018,,Lewisham,L,Theatres and public entertainment,359,359000.0,Revenue_Outturn__RO5__data_2013-14_by_LA.xlsx,RO5 LA Data 2013-14 (3),"row 343, column 22",Net Current Expenditure (C7 = C3 - C6)
2013/14,E5018,,Lewisham,L,Library service,6990,6990000.0,Revenue_Outturn__RO5__data_2013-14_by_LA.xlsx,RO5 LA Data 2013-14 (3),"row 343, column 50",Net Current Expenditure (C7 = C3 - C6)
2013/14,E5019,,Southwark,L,Archives,180,180000.0,Revenue_Outturn__RO5__data_2013-14_by_LA.xlsx,RO5 LA Data 2013-14 (3),"row 344, column 6",Net Current Expenditure (C7 = C3 - C6)
2013/14,E5019,,Southwark,L,Arts development and support,460,460000.0,Revenue_Outturn__RO5__data_2013-14_by_LA.xlsx,RO5 LA Data 2013-14 (3),"row 344, column 10",Net Current Expenditure (C7 = C3 - C6)
2013/14,E5019,,Southwark,L,Heritage,27,27000.0,Revenue_Outturn__RO5__data_2013-14_by_LA.xlsx,RO5 LA Data 2013-14 (3),"row 344, column 14",Net Current Expenditure (C7 = C3 - C6)
2013/14,E5019,,Southwark,L,Museums and galleries,734,734000.0,Revenue_Outturn__RO5__data_2013-14_by_LA.xlsx,RO5 LA Data 2013-14 (3),"row 344, column 18",Net Current Expenditure (C7 = C3 - C6)
2013/14,E5019,,Southwark,L,Theatres and public entertainment,239,239000.0,Revenue_Outturn__RO5__data_2013-14_by_LA.xlsx,RO5 LA Data 2013-14 (3),"row 344, column 22",Net Current Expenditure (C7 = C3 - C6)
2013/14,E5019,,Southwark,L,Library service,7062,7062000.0,Revenue_Outturn__RO5__data_2013-14_by_LA.xlsx,RO5 LA Data 2013-14 (3),"row 344, column 50",Net Current Expenditure (C7 = C3 - C6)
2013/14,E5020,,Tower Hamlets,L,Archives,0,0.0,Revenue_Outturn__RO5__data_2013-14_by_LA.xlsx,RO5 LA Data 2013-14 (3),"row 345, column 6",Net Current Expenditure (C7 = C3 - C6)
2013/14,E5020,,Tower Hamlets,L,Arts development and support,1398,1398000.0,Revenue_Outturn__RO5__data_2013-14_by_LA.xlsx,RO5 LA Data 2013-14 (3),"row 345, column 10",Net Current Expenditure (C7 = C3 - C6)
2013/14,E5020,,Tower Hamlets,L,Heritage,0,0.0,Revenue_Outturn__RO5__data_2013-14_by_LA.xlsx,RO5 LA Data 2013-14 (3),"row 345, column 14",Net Current Expenditure (C7 = C3 - C6)
2013/14,E5020,,Tower Hamlets,L,Museums and galleries,0,0.0,Revenue_Outturn__RO5__data_2013-14_by_LA.xlsx,RO5 LA Data 2013-14 (3),"row 345, column 18",Net Current Expenditure (C7 = C3 - C6)
2013/14,E5020,,Tower Hamlets,L,Theatres and public entertainment,95,95000.0,Revenue_Outturn__RO5__data_2013-14_by_LA.xlsx,RO5 LA Data 2013-14 (3),"row 345, column 22",Net Current Expenditure (C7 = C3 - C6)
2013/14,E5020,,Tower Hamlets,L,Library service,7259,7259000.0,Revenue_Outturn__RO5__data_2013-14_by_LA.xlsx,RO5 LA Data 2013-14 (3),"row 345, column 50",Net Current Expenditure (C7 = C3 - C6)
2013/14,E5021,,Wandsworth,L,Archives,0,0.0,Revenue_Outturn__RO5__data_2013-14_by_LA.xlsx,RO5 LA Data 2013-14 (3),"row 346, column 6",Net Current Expenditure (C7 = C3 - C6)
2013/14,E5021,,Wandsworth,L,Arts development and support,554,554000.0,Revenue_Outturn__RO5__data_2013-14_by_LA.xlsx,RO5 LA Data 2013-14 (3),"row 346, column 10",Net Current Expenditure (C7 = C3 - C6)
2013/14,E5021,,Wandsworth,L,Heritage,-1,-1000.0,Revenue_Outturn__RO5__data_2013-14_by_LA.xlsx,RO5 LA Data 2013-14 (3),"row 346, column 14",Net Current Expenditure (C7 = C3 - C6)
2013/14,E5021,,Wandsworth,L,Museums and galleries,0,0.0,Revenue_Outturn__RO5__data_2013-14_by_LA.xlsx,RO5 LA Data 2013-14 (3),"row 346, column 18",Net Current Expenditure (C7 = C3 - C6)
2013/14,E5021,,Wandsworth,L,Theatres and public entertainment,-661,-661000.0,Revenue_Outturn__RO5__data_2013-14_by_LA.xlsx,RO5 LA Data 2013-14 (3),"row 346, column 22",Net Current Expenditure (C7 = C3 - C6)
2013/14,E5021,,Wandsworth,L,Library service,4530,4530000.0,Revenue_Outturn__RO5__data_2013-14_by_LA.xlsx,RO5 LA Data 2013-14 (3),"row 346, column 50",Net Current Expenditure (C7 = C3 - C6)
2013/14,E5022,,Westminster,L,Archives,591,591000.0,Revenue_Outturn__RO5__data_2013-14_by_LA.xlsx,RO5 LA Data 2013-14 (3),"row 347, column 6",Net Current Expenditure (C7 = C3 - C6)
2013/14,E5022,,Westminster,L,Arts development and support,3360,3360000.0,Revenue_Outturn__RO5__data_2013-14_by_LA.xlsx,RO5 LA Data 2013-14 (3),"row 347, column 10",Net Current Expenditure (C7 = C3 - C6)
2013/14,E5022,,Westminster,L,Heritage,0,0.0,Revenue_Outturn__RO5__data_2013-14_by_LA.xlsx,RO5 LA Data 2013-14 (3),"row 347, column 14",Net Current Expenditure (C7 = C3 - C6)
2013/14,E5022,,Westminster,L,Museums and galleries,0,0.0,Revenue_Outturn__RO5__data_2013-14_by_LA.xlsx,RO5 LA Data 2013-14 (3),"row 347, column 18",Net Current Expenditure (C7 = C3 - C6)
2013/14,E5022,,Westminster,L,Theatres and public entertainment,422,422000.0,Revenue_Outturn__RO5__data_2013-14_by_LA.xlsx,RO5 LA Data 2013-14 (3),"row 347, column 22",Net Current Expenditure (C7 = C3 - C6)
2013/14,E5022,,Westminster,L,Library service,7576,7576000.0,Revenue_Outturn__RO5__data_2013-14_by_LA.xlsx,RO5 LA Data 2013-14 (3),"row 347, column 50",Net Current Expenditure (C7 = C3 - C6)
2013/14,E5030,,Barking & Dagenham,L,Archives,269,269000.0,Revenue_Outturn__RO5__data_2013-14_by_LA.xlsx,RO5 LA Data 2013-14 (3),"row 348, column 6",Net Current Expenditure (C7 = C3 - C6)
2013/14,E5030,,Barking & Dagenham,L,Arts development and support,48,48000.0,Revenue_Outturn__RO5__data_2013-14_by_LA.xlsx,RO5 LA Data 2013-14 (3),"row 348, column 10",Net Current Expenditure (C7 = C3 - C6)
2013/14,E5030,,Barking & Dagenham,L,Heritage,746,746000.0,Revenue_Outturn__RO5__data_2013-14_by_LA.xlsx,RO5 LA Data 2013-14 (3),"row 348, column 14",Net Current Expenditure (C7 = C3 - C6)
2013/14,E5030,,Barking & Dagenham,L,Museums and galleries,0,0.0,Revenue_Outturn__RO5__data_2013-14_by_LA.xlsx,RO5 LA Data 2013-14 (3),"row 348, column 18",Net Current Expenditure (C7 = C3 - C6)
2013/14,E5030,,Barking & Dagenham,L,Theatres and public entertainment,510,510000.0,Revenue_Outturn__RO5__data_2013-14_by_LA.xlsx,RO5 LA Data 2013-14 (3),"row 348, column 22",Net Current Expenditure (C7 = C3 - C6)
2013/14,E5030,,Barking & Dagenham,L,Library service,3456,3456000.0,Revenue_Outturn__RO5__data_2013-14_by_LA.xlsx,RO5 LA Data 2013-14 (3),"row 348, column 50",Net Current Expenditure (C7 = C3 - C6)
2013/14,E5031,,Barnet,L,Archives,0,0.0,Revenue_Outturn__RO5__data_2013-14_by_LA.xlsx,RO5 LA Data 2013-14 (3),"row 349, column 6",Net Current Expenditure (C7 = C3 - C6)
2013/14,E5031,,Barnet,L,Arts development and support,0,0.0,Revenue_Outturn__RO5__data_2013-14_by_LA.xlsx,RO5 LA Data 2013-14 (3),"row 349, column 10",Net Current Expenditure (C7 = C3 - C6)
2013/14,E5031,,Barnet,L,Heritage,61,61000.0,Revenue_Outturn__RO5__data_2013-14_by_LA.xlsx,RO5 LA Data 2013-14 (3),"row 349, column 14",Net Current Expenditure (C7 = C3 - C6)
2013/14,E5031,,Barnet,L,Museums and galleries,60,60000.0,Revenue_Outturn__RO5__data_2013-14_by_LA.xlsx,RO5 LA Data 2013-14 (3),"row 349, column 18",Net Current Expenditure (C7 = C3 - C6)
2013/14,E5031,,Barnet,L,Theatres and public entertainment,2,2000.0,Revenue_Outturn__RO5__data_2013-14_by_LA.xlsx,RO5 LA Data 2013-14 (3),"row 349, column 22",Net Current Expenditure (C7 = C3 - C6)
2013/14,E5031,,Barnet,L,Library service,6420,6420000.0,Revenue_Outturn__RO5__data_2013-14_by_LA.xlsx,RO5 LA Data 2013-14 (3),"row 349, column 50",Net Current Expenditure (C7 = C3 - C6)
2013/14,E5032,,Bexley,L,Archives,115,115000.0,Revenue_Outturn__RO5__data_2013-14_by_LA.xlsx,RO5 LA Data 2013-14 (3),"row 350, column 6",Net Current Expenditure (C7 = C3 - C6)
2013/14,E5032,,Bexley,L,Arts development and support,143,143000.0,Revenue_Outturn__RO5__data_2013-14_by_LA.xlsx,RO5 LA Data 2013-14 (3),"row 350, column 10",Net Current Expenditure (C7 = C3 - C6)
2013/14,E5032,,Bexley,L,Heritage,658,658000.0,Revenue_Outturn__RO5__data_2013-14_by_LA.xlsx,RO5 LA Data 2013-14 (3),"row 350, column 14",Net Current Expenditure (C7 = C3 - C6)
2013/14,E5032,,Bexley,L,Museums and galleries,0,0.0,Revenue_Outturn__RO5__data_2013-14_by_LA.xlsx,RO5 LA Data 2013-14 (3),"row 350, column 18",Net Current Expenditure (C7 = C3 - C6)
2013/14,E5032,,Bexley,L,Theatres and public entertainment,0,0.0,Revenue_Outturn__RO5__data_2013-14_by_LA.xlsx,RO5 LA Data 2013-14 (3),"row 350, column 22",Net Current Expenditure (C7 = C3 - C6)
2013/14,E5032,,Bexley,L,Library service,4730,4730000.0,Revenue_Outturn__RO5__data_2013-14_by_LA.xlsx,RO5 LA Data 2013-14 (3),"row 350, column 50",Net Current Expenditure (C7 = C3 - C6)
2013/14,E5033,,Brent,L,Archives,0,0.0,Revenue_Outturn__RO5__data_2013-14_by_LA.xlsx,RO5 LA Data 2013-14 (3),"row 351, column 6",Net Current Expenditure (C7 = C3 - C6)
2013/14,E5033,,Brent,L,Arts development and support,426,426000.0,Revenue_Outturn__RO5__data_2013-14_by_LA.xlsx,RO5 LA Data 2013-14 (3),"row 351, column 10",Net Current Expenditure (C7 = C3 - C6)
2013/14,E5033,,Brent,L,Heritage,299,299000.0,Revenue_Outturn__RO5__data_2013-14_by_LA.xlsx,RO5 LA Data 2013-14 (3),"row 351, column 14",Net Current Expenditure (C7 = C3 - C6)
2013/14,E5033,,Brent,L,Museums and galleries,0,0.0,Revenue_Outturn__RO5__data_2013-14_by_LA.xlsx,RO5 LA Data 2013-14 (3),"row 351, column 18",Net Current Expenditure (C7 = C3 - C6)
2013/14,E5033,,Brent,L,Theatres and public entertainment,0,0.0,Revenue_Outturn__RO5__data_2013-14_by_LA.xlsx,RO5 LA Data 2013-14 (3),"row 351, column 22",Net Current Expenditure (C7 = C3 - C6)
2013/14,E5033,,Brent,L,Library service,4844,4844000.0,Revenue_Outturn__RO5__data_2013-14_by_LA.xlsx,RO5 LA Data 2013-14 (3),"row 351, column 50",Net Current Expenditure (C7 = C3 - C6)
2013/14,E5034,,Bromley,L,Archives,0,0.0,Revenue_Outturn__RO5__data_2013-14_by_LA.xlsx,RO5 LA Data 2013-14 (3),"row 352, column 6",Net Current Expenditure (C7 = C3 - C6)
2013/14,E5034,,Bromley,L,Arts development and support,44,44000.0,Revenue_Outturn__RO5__data_2013-14_by_LA.xlsx,RO5 LA Data 2013-14 (3),"row 352, column 10",Net Current Expenditure (C7 = C3 - C6)
2013/14,E5034,,Bromley,L,Heritage,0,0.0,Revenue_Outturn__RO5__data_2013-14_by_LA.xlsx,RO5 LA Data 2013-14 (3),"row 352, column 14",Net Current Expenditure (C7 = C3 - C6)
2013/14,E5034,,Bromley,L,Museums and galleries,200,200000.0,Revenue_Outturn__RO5__data_2013-14_by_LA.xlsx,RO5 LA Data 2013-14 (3),"row 352, column 18",Net Current Expenditure (C7 = C3 - C6)
2013/14,E5034,,Bromley,L,Theatres and public entertainment,316,316000.0,Revenue_Outturn__RO5__data_2013-14_by_LA.xlsx,RO5 LA Data 2013-14 (3),"row 352, column 22",Net Current Expenditure (C7 = C3 - C6)
2013/14,E5034,,Bromley,L,Library service,5965,5965000.0,Revenue_Outturn__RO5__data_2013-14_by_LA.xlsx,RO5 LA Data 2013-14 (3),"row 352, column 50",Net Current Expenditure (C7 = C3 - C6)
2013/14,E5035,,Croydon,L,Archives,3,3000.0,Revenue_Outturn__RO5__data_2013-14_by_LA.xlsx,RO5 LA Data 2013-14 (3),"row 353, column 6",Net Current Expenditure (C7 = C3 - C6)
2013/14,E5035,,Croydon,L,Arts development and support,72,72000.0,Revenue_Outturn__RO5__data_2013-14_by_LA.xlsx,RO5 LA Data 2013-14 (3),"row 353, column 10",Net Current Expenditure (C7 = C3 - C6)
2013/14,E5035,,Croydon,L,Heritage,0,0.0,Revenue_Outturn__RO5__data_2013-14_by_LA.xlsx,RO5 LA Data 2013-14 (3),"row 353, column 14",Net Current Expenditure (C7 = C3 - C6)
2013/14,E5035,,Croydon,L,Museums and galleries,343,343000.0,Revenue_Outturn__RO5__data_2013-14_by_LA.xlsx,RO5 LA Data 2013-14 (3),"row 353, column 18",Net Current Expenditure (C7 = C3 - C6)
2013/14,E5035,,Croydon,L,Theatres and public entertainment,1129,1129000.0,Revenue_Outturn__RO5__data_2013-14_by_LA.xlsx,RO5 LA Data 2013-14 (3),"row 353, column 22",Net Current Expenditure (C7 = C3 - C6)
2013/14,E5035,,Croydon,L,Library service,3373,3373000.0,Revenue_Outturn__RO5__data_2013-14_by_LA.xlsx,RO5 LA Data 2013-14 (3),"row 353, column 50",Net Current Expenditure (C7 = C3 - C6)
2013/14,E5036,,Ealing,L,Archives,33,33000.0,Revenue_Outturn__RO5__data_2013-14_by_LA.xlsx,RO5 LA Data 2013-14 (3),"row 354, column 6",Net Current Expenditure (C7 = C3 - C6)
2013/14,E5036,,Ealing,L,Arts development and support,258,258000.0,Revenue_Outturn__RO5__data_2013-14_by_LA.xlsx,RO5 LA Data 2013-14 (3),"row 354, column 10",Net Current Expenditure (C7 = C3 - C6)
2013/14,E5036,,Ealing,L,Heritage,479,479000.0,Revenue_Outturn__RO5__data_2013-14_by_LA.xlsx,RO5 LA Data 2013-14 (3),"row 354, column 14",Net Current Expenditure (C7 = C3 - C6)
2013/14,E5036,,Ealing,L,Museums and galleries,888,888000.0,Revenue_Outturn__RO5__data_2013-14_by_LA.xlsx,RO5 LA Data 2013-14 (3),"row 354, column 18",Net Current Expenditure (C7 = C3 - C6)
2013/14,E5036,,Ealing,L,Theatres and public entertainment,231,231000.0,Revenue_Outturn__RO5__data_2013-14_by_LA.xlsx,RO5 LA Data 2013-14 (3),"row 354, column 22",Net Current Expenditure (C7 = C3 - C6)
2013/14,E5036,,Ealing,L,Library service,4728,4728000.0,Revenue_Outturn__RO5__data_2013-14_by_LA.xlsx,RO5 LA Data 2013-14 (3),"row 354, column 50",Net Current Expenditure (C7 = C3 - C6)
2013/14,E5037,,Enfield,L,Archives,0,0.0,Revenue_Outturn__RO5__data_2013-14_by_LA.xlsx,RO5 LA Data 2013-14 (3),"row 355, column 6",Net Current Expenditure (C7 = C3 - C6)
2013/14,E5037,,Enfield,L,Arts development and support,509,509000.0,Revenue_Outturn__RO5__data_2013-14_by_LA.xlsx,RO5 LA Data 2013-14 (3),"row 355, column 10",Net Current Expenditure (C7 = C3 - C6)
2013/14,E5037,,Enfield,L,Heritage,239,239000.0,Revenue_Outturn__RO5__data_2013-14_by_LA.xlsx,RO5 LA Data 2013-14 (3),"row 355, column 14",Net Current Expenditure (C7 = C3 - C6)
2013/14,E5037,,Enfield,L,Museums and galleries,281,281000.0,Revenue_Outturn__RO5__data_2013-14_by_LA.xlsx,RO5 LA Data 2013-14 (3),"row 355, column 18",Net Current Expenditure (C7 = C3 - C6)
2013/14,E5037,,Enfield,L,Theatres and public entertainment,1410,1410000.0,Revenue_Outturn__RO5__data_2013-14_by_LA.xlsx,RO5 LA Data 2013-14 (3),"row 355, column 22",Net Current Expenditure (C7 = C3 - C6)
2013/14,E5037,,Enfield,L,Library service,6699,6699000.0,Revenue_Outturn__RO5__data_2013-14_by_LA.xlsx,RO5 LA Data 2013-14 (3),"row 355, column 50",Net Current Expenditure (C7 = C3 - C6)
2013/14,E5038,,Haringey,L,Archives,71,71000.0,Revenue_Outturn__RO5__data_2013-14_by_LA.xlsx,RO5 LA Data 2013-14 (3),"row 356, column 6",Net Current Expenditure (C7 = C3 - C6)
2013/14,E5038,,Haringey,L,Arts development and support,200,200000.0,Revenue_Outturn__RO5__data_2013-14_by_LA.xlsx,RO5 LA Data 2013-14 (3),"row 356, column 10",Net Current Expenditure (C7 = C3 - C6)
2013/14,E5038,,Haringey,L,Heritage,775,775000.0,Revenue_Outturn__RO5__data_2013-14_by_LA.xlsx,RO5 LA Data 2013-14 (3),"row 356, column 14",Net Current Expenditure (C7 = C3 - C6)
2013/14,E5038,,Haringey,L,Museums and galleries,212,212000.0,Revenue_Outturn__RO5__data_2013-14_by_LA.xlsx,RO5 LA Data 2013-14 (3),"row 356, column 18",Net Current Expenditure (C7 = C3 - C6)
2013/14,E5038,,Haringey,L,Theatres and public entertainment,0,0.0,Revenue_Outturn__RO5__data_2013-14_by_LA.xlsx,RO5 LA Data 2013-14 (3),"row 356, column 22",Net Current Expenditure (C7 = C3 - C6)
2013/14,E5038,,Haringey,L,Library service,4361,4361000.0,Revenue_Outturn__RO5__data_2013-14_by_LA.xlsx,RO5 LA Data 2013-14 (3),"row 356, column 50",Net Current Expenditure (C7 = C3 - C6)
2013/14,E5039,,Harrow,L,Archives,0,0.0,Revenue_Outturn__RO5__data_2013-14_by_LA.xlsx,RO5 LA Data 2013-14 (3),"row 357, column 6",Net Current Expenditure (C7 = C3 - C6)
2013/14,E5039,,Harrow,L,Arts development and support,558,558000.0,Revenue_Outturn__RO5__data_2013-14_by_LA.xlsx,RO5 LA Data 2013-14 (3),"row 357, column 10",Net Current Expenditure (C7 = C3 - C6)
2013/14,E5039,,Harrow,L,Heritage,26,26000.0,Revenue_Outturn__RO5__data_2013-14_by_LA.xlsx,RO5 LA Data 2013-14 (3),"row 357, column 14",Net Current Expenditure (C7 = C3 - C6)
2013/14,E5039,,Harrow,L,Museums and galleries,231,231000.0,Revenue_Outturn__RO5__data_2013-14_by_LA.xlsx,RO5 LA Data 2013-14 (3),"row 357, column 18",Net Current Expenditure (C7 = C3 - C6)
2013/14,E5039,,Harrow,L,Theatres and public entertainment,65,65000.0,Revenue_Outturn__RO5__data_2013-14_by_LA.xlsx,RO5 LA Data 2013-14 (3),"row 357, column 22",Net Current Expenditure (C7 = C3 - C6)
2013/14,E5039,,Harrow,L,Library service,3300,3300000.0,Revenue_Outturn__RO5__data_2013-14_by_LA.xlsx,RO5 LA Data 2013-14 (3),"row 357, column 50",Net Current Expenditure (C7 = C3 - C6)
2013/14,E5040,,Havering,L,Archives,0,0.0,Revenue_Outturn__RO5__data_2013-14_by_LA.xlsx,RO5 LA Data 2013-14 (3),"row 358, column 6",Net Current Expenditure (C7 = C3 - C6)
2013/14,E5040,,Havering,L,Arts development and support,260,260000.0,Revenue_Outturn__RO5__data_2013-14_by_LA.xlsx,RO5 LA Data 2013-14 (3),"row 358, column 10",Net Current Expenditure (C7 = C3 - C6)
2013/14,E5040,,Havering,L,Heritage,157,157000.0,Revenue_Outturn__RO5__data_2013-14_by_LA.xlsx,RO5 LA Data 2013-14 (3),"row 358, column 14",Net Current Expenditure (C7 = C3 - C6)
2013/14,E5040,,Havering,L,Museums and galleries,25,25000.0,Revenue_Outturn__RO5__data_2013-14_by_LA.xlsx,RO5 LA Data 2013-14 (3),"row 358, column 18",Net Current Expenditure (C7 = C3 - C6)
2013/14,E5040,,Havering,L,Theatres and public entertainment,781,781000.0,Revenue_Outturn__RO5__data_2013-14_by_LA.xlsx,RO5 LA Data 2013-14 (3),"row 358, column 22",Net Current Expenditure (C7 = C3 - C6)
2013/14,E5040,,Havering,L,Library service,3723,3723000.0,Revenue_Outturn__RO5__data_2013-14_by_LA.xlsx,RO5 LA Data 2013-14 (3),"row 358, column 50",Net Current Expenditure (C7 = C3 - C6)
2013/14,E5041,,Hillingdon,L,Archives,0,0.0,Revenue_Outturn__RO5__data_2013-14_by_LA.xlsx,RO5 LA Data 2013-14 (3),"row 359, column 6",Net Current Expenditure (C7 = C3 - C6)
2013/14,E5041,,Hillingdon,L,Arts development and support,604,604000.0,Revenue_Outturn__RO5__data_2013-14_by_LA.xlsx,RO5 LA Data 2013-14 (3),"row 359, column 10",Net Current Expenditure (C7 = C3 - C6)
2013/14,E5041,,Hillingdon,L,Heritage,146,146000.0,Revenue_Outturn__RO5__data_2013-14_by_LA.xlsx,RO5 LA Data 2013-14 (3),"row 359, column 14",Net Current Expenditure (C7 = C3 - C6)
2013/14,E5041,,Hillingdon,L,Museums and galleries,0,0.0,Revenue_Outturn__RO5__data_2013-14_by_LA.xlsx,RO5 LA Data 2013-14 (3),"row 359, column 18",Net Current Expenditure (C7 = C3 - C6)
2013/14,E5041,,Hillingdon,L,Theatres and public entertainment,499,499000.0,Revenue_Outturn__RO5__data_2013-14_by_LA.xlsx,RO5 LA Data 2013-14 (3),"row 359, column 22",Net Current Expenditure (C7 = C3 - C6)
2013/14,E5041,,Hillingdon,L,Library service,6039,6039000.0,Revenue_Outturn__RO5__data_2013-14_by_LA.xlsx,RO5 LA Data 2013-14 (3),"row 359, column 50",Net Current Expenditure (C7 = C3 - C6)
2013/14,E5042,,Hounslow,L,Archives,0,0.0,Revenue_Outturn__RO5__data_2013-14_by_LA.xlsx,RO5 LA Data 2013-14 (3),"row 360, column 6",Net Current Expenditure (C7 = C3 - C6)
2013/14,E5042,,Hounslow,L,Arts development and support,0,0.0,Revenue_Outturn__RO5__data_2013-14_by_LA.xlsx,RO5 LA Data 2013-14 (3),"row 360, column 10",Net Current Expenditure (C7 = C3 - C6)
2013/14,E5042,,Hounslow,L,Heritage,126,126000.0,Revenue_Outturn__RO5__data_2013-14_by_LA.xlsx,RO5 LA Data 2013-14 (3),"row 360, column 14",Net Current Expenditure (C7 = C3 - C6)
2013/14,E5042,,Hounslow,L,Museums and galleries,-16,-16000.0,Revenue_Outturn__RO5__data_2013-14_by_LA.xlsx,RO5 LA Data 2013-14 (3),"row 360, column 18",Net Current Expenditure (C7 = C3 - C6)
2013/14,E5042,,Hounslow,L,Theatres and public entertainment,-10,-10000.0,Revenue_Outturn__RO5__data_2013-14_by_LA.xlsx,RO5 LA Data 2013-14 (3),"row 360, column 22",Net Current Expenditure (C7 = C3 - C6)
2013/14,E5042,,Hounslow,L,Library service,5933,5933000.0,Revenue_Outturn__RO5__data_2013-14_by_LA.xlsx,RO5 LA Data 2013-14 (3),"row 360, column 50",Net Current Expenditure (C7 = C3 - C6)
2013/14,E5043,,Kingston Upon Thames,L,Archives,0,0.0,Revenue_Outturn__RO5__data_2013-14_by_LA.xlsx,RO5 LA Data 2013-14 (3),"row 361, column 6",Net Current Expenditure (C7 = C3 - C6)
2013/14,E5043,,Kingston Upon Thames,L,Arts development and support,154,154000.0,Revenue_Outturn__RO5__data_2013-14_by_LA.xlsx,RO5 LA Data 2013-14 (3),"row 361, column 10",Net Current Expenditure (C7 = C3 - C6)
2013/14,E5043,,Kingston Upon Thames,L,Heritage,15,15000.0,Revenue_Outturn__RO5__data_2013-14_by_LA.xlsx,RO5 LA Data 2013-14 (3),"row 361, column 14",Net Current Expenditure (C7 = C3 - C6)
2013/14,E5043,,Kingston Upon Thames,L,Museums and galleries,318,318000.0,Revenue_Outturn__RO5__data_2013-14_by_LA.xlsx,RO5 LA Data 2013-14 (3),"row 361, column 18",Net Current Expenditure (C7 = C3 - C6)
2013/14,E5043,,Kingston Upon Thames,L,Theatres and public entertainment,322,322000.0,Revenue_Outturn__RO5__data_2013-14_by_LA.xlsx,RO5 LA Data 2013-14 (3),"row 361, column 22",Net Current Expenditure (C7 = C3 - C6)
2013/14,E5043,,Kingston Upon Thames,L,Library service,2948,2948000.0,Revenue_Outturn__RO5__data_2013-14_by_LA.xlsx,RO5 LA Data 2013-14 (3),"row 361, column 50",Net Current Expenditure (C7 = C3 - C6)
2013/14,E5044,,Merton,L,Archives,0,0.0,Revenue_Outturn__RO5__data_2013-14_by_LA.xlsx,RO5 LA Data 2013-14 (3),"row 362, column 6",Net Current Expenditure (C7 = C3 - C6)
2013/14,E5044,,Merton,L,Arts development and support,108,108000.0,Revenue_Outturn__RO5__data_2013-14_by_LA.xlsx,RO5 LA Data 2013-14 (3),"row 362, column 10",Net Current Expenditure (C7 = C3 - C6)
2013/14,E5044,,Merton,L,Heritage,40,40000.0,Revenue_Outturn__RO5__data_2013-14_by_LA.xlsx,RO5 LA Data 2013-14 (3),"row 362, column 14",Net Current Expenditure (C7 = C3 - C6)
2013/14,E5044,,Merton,L,Museums and galleries,32,32000.0,Revenue_Outturn__RO5__data_2013-14_by_LA.xlsx,RO5 LA Data 2013-14 (3),"row 362, column 18",Net Current Expenditure (C7 = C3 - C6)
2013/14,E5044,,Merton,L,Theatres and public entertainment,119,119000.0,Revenue_Outturn__RO5__data_2013-14_by_LA.xlsx,RO5 LA Data 2013-14 (3),"row 362, column 22",Net Current Expenditure (C7 = C3 - C6)
2013/14,E5044,,Merton,L,Library service,2853,2853000.0,Revenue_Outturn__RO5__data_2013-14_by_LA.xlsx,RO5 LA Data 2013-14 (3),"row 362, column 50",Net Current Expenditure (C7 = C3 - C6)
2013/14,E5045,,Newham,L,Archives,0,0.0,Revenue_Outturn__RO5__data_2013-14_by_LA.xlsx,RO5 LA Data 2013-14 (3),"row 363, column 6",Net Current Expenditure (C7 = C3 - C6)
2013/14,E5045,,Newham,L,Arts development and support,1968,1968000.0,Revenue_Outturn__RO5__data_2013-14_by_LA.xlsx,RO5 LA Data 2013-14 (3),"row 363, column 10",Net Current Expenditure (C7 = C3 - C6)
2013/14,E5045,,Newham,L,Heritage,136,136000.0,Revenue_Outturn__RO5__data_2013-14_by_LA.xlsx,RO5 LA Data 2013-14 (3),"row 363, column 14",Net Current Expenditure (C7 = C3 - C6)
2013/14,E5045,,Newham,L,Museums and galleries,0,0.0,Revenue_Outturn__RO5__data_2013-14_by_LA.xlsx,RO5 LA Data 2013-14 (3),"row 363, column 18",Net Current Expenditure (C7 = C3 - C6)
2013/14,E5045,,Newham,L,Theatres and public entertainment,1162,1162000.0,Revenue_Outturn__RO5__data_2013-14_by_LA.xlsx,RO5 LA Data 2013-14 (3),"row 363, column 22",Net Current Expenditure (C7 = C3 - C6)
2013/14,E5045,,Newham,L,Library service,3729,3729000.0,Revenue_Outturn__RO5__data_2013-14_by_LA.xlsx,RO5 LA Data 2013-14 (3),"row 363, column 50",Net Current Expenditure (C7 = C3 - C6)
2013/14,E5046,,Redbridge,L,Archives,39,39000.0,Revenue_Outturn__RO5__data_2013-14_by_LA.xlsx,RO5 LA Data 2013-14 (3),"row 364, column 6",Net Current Expenditure (C7 = C3 - C6)
2013/14,E5046,,Redbridge,L,Arts development and support,155,155000.0,Revenue_Outturn__RO5__data_2013-14_by_LA.xlsx,RO5 LA Data 2013-14 (3),"row 364, column 10",Net Current Expenditure (C7 = C3 - C6)
2013/14,E5046,,Redbridge,L,Heritage,242,242000.0,Revenue_Outturn__RO5__data_2013-14_by_LA.xlsx,RO5 LA Data 2013-14 (3),"row 364, column 14",Net Current Expenditure (C7 = C3 - C6)
2013/14,E5046,,Redbridge,L,Museums and galleries,240,240000.0,Revenue_Outturn__RO5__data_2013-14_by_LA.xlsx,RO5 LA Data 2013-14 (3),"row 364, column 18",Net Current Expenditure (C7 = C3 - C6)
2013/14,E5046,,Redbridge,L,Theatres and public entertainment,17,17000.0,Revenue_Outturn__RO5__data_2013-14_by_LA.xlsx,RO5 LA Data 2013-14 (3),"row 364, column 22",Net Current Expenditure (C7 = C3 - C6)
2013/14,E5046,,Redbridge,L,Library service,4842,4842000.0,Revenue_Outturn__RO5__data_2013-14_by_LA.xlsx,RO5 LA Data 2013-14 (3),"row 364, column 50",Net Current Expenditure (C7 = C3 - C6)
2013/14,E5047,,Richmond upon Thames,L,Archives,0,0.0,Revenue_Outturn__RO5__data_2013-14_by_LA.xlsx,RO5 LA Data 2013-14 (3),"row 365, column 6",Net Current Expenditure (C7 = C3 - C6)
2013/14,E5047,,Richmond upon Thames,L,Arts development and support,371,371000.0,Revenue_Outturn__RO5__data_2013-14_by_LA.xlsx,RO5 LA Data 2013-14 (3),"row 365, column 10",Net Current Expenditure (C7 = C3 - C6)
2013/14,E5047,,Richmond upon Thames,L,Heritage,0,0.0,Revenue_Outturn__RO5__data_2013-14_by_LA.xlsx,RO5 LA Data 2013-14 (3),"row 365, column 14",Net Current Expenditure (C7 = C3 - C6)
2013/14,E5047,,Richmond upon Thames,L,Museums and galleries,593,593000.0,Revenue_Outturn__RO5__data_2013-14_by_LA.xlsx,RO5 LA Data 2013-14 (3),"row 365, column 18",Net Current Expenditure (C7 = C3 - C6)
2013/14,E5047,,Richmond upon Thames,L,Theatres and public entertainment,146,146000.0,Revenue_Outturn__RO5__data_2013-14_by_LA.xlsx,RO5 LA Data 2013-14 (3),"row 365, column 22",Net Current Expenditure (C7 = C3 - C6)
2013/14,E5047,,Richmond upon Thames,L,Library service,4268,4268000.0,Revenue_Outturn__RO5__data_2013-14_by_LA.xlsx,RO5 LA Data 2013-14 (3),"row 365, column 50",Net Current Expenditure (C7 = C3 - C6)
2013/14,E5048,,Sutton,L,Archives,0,0.0,Revenue_Outturn__RO5__data_2013-14_by_LA.xlsx,RO5 LA Data 2013-14 (3),"row 366, column 6",Net Current Expenditure (C7 = C3 - C6)
2013/14,E5048,,Sutton,L,Arts development and support,163,163000.0,Revenue_Outturn__RO5__data_2013-14_by_LA.xlsx,RO5 LA Data 2013-14 (3),"row 366, column 10",Net Current Expenditure (C7 = C3 - C6)
2013/14,E5048,,Sutton,L,Heritage,0,0.0,Revenue_Outturn__RO5__data_2013-14_by_LA.xlsx,RO5 LA Data 2013-14 (3),"row 366, column 14",Net Current Expenditure (C7 = C3 - C6)
2013/14,E5048,,Sutton,L,Museums and galleries,264,264000.0,Revenue_Outturn__RO5__data_2013-14_by_LA.xlsx,RO5 LA Data 2013-14 (3),"row 366, column 18",Net Current Expenditure (C7 = C3 - C6)
2013/14,E5048,,Sutton,L,Theatres and public entertainment,478,478000.0,Revenue_Outturn__RO5__data_2013-14_by_LA.xlsx,RO5 LA Data 2013-14 (3),"row 366, column 22",Net Current Expenditure (C7 = C3 - C6)
2013/14,E5048,,Sutton,L,Library service,3887,3887000.0,Revenue_Outturn__RO5__data_2013-14_by_LA.xlsx,RO5 LA Data 2013-14 (3),"row 366, column 50",Net Current Expenditure (C7 = C3 - C6)
2013/14,E5049,,Waltham Forest,L,Archives,54,54000.0,Revenue_Outturn__RO5__data_2013-14_by_LA.xlsx,RO5 LA Data 2013-14 (3),"row 367, column 6",Net Current Expenditure (C7 = C3 - C6)
2013/14,E5049,,Waltham Forest,L,Arts development and support,245,245000.0,Revenue_Outturn__RO5__data_2013-14_by_LA.xlsx,RO5 LA Data 2013-14 (3),"row 367, column 10",Net Current Expenditure (C7 = C3 - C6)
2013/14,E5049,,Waltham Forest,L,Heritage,0,0.0,Revenue_Outturn__RO5__data_2013-14_by_LA.xlsx,RO5 LA Data 2013-14 (3),"row 367, column 14",Net Current Expenditure (C7 = C3 - C6)
2013/14,E5049,,Waltham Forest,L,Museums and galleries,451,451000.0,Revenue_Outturn__RO5__data_2013-14_by_LA.xlsx,RO5 LA Data 2013-14 (3),"row 367, column 18",Net Current Expenditure (C7 = C3 - C6)
2013/14,E5049,,Waltham Forest,L,Theatres and public entertainment,1249,1249000.0,Revenue_Outturn__RO5__data_2013-14_by_LA.xlsx,RO5 LA Data 2013-14 (3),"row 367, column 22",Net Current Expenditure (C7 = C3 - C6)
2013/14,E5049,,Waltham Forest,L,Library service,3461,3461000.0,Revenue_Outturn__RO5__data_2013-14_by_LA.xlsx,RO5 LA Data 2013-14 (3),"row 367, column 50",Net Current Expenditure (C7 = C3 - C6)
2013/14,E5100,,Greater London Authority,O,Archives,0,0.0,Revenue_Outturn__RO5__data_2013-14_by_LA.xlsx,RO5 LA Data 2013-14 (3),"row 368, column 6",Net Current Expenditure (C7 = C3 - C6)
2013/14,E5100,,Greater London Authority,O,Arts development and support,9669,9669000.0,Revenue_Outturn__RO5__data_2013-14_by_LA.xlsx,RO5 LA Data 2013-14 (3),"row 368, column 10",Net Current Expenditure (C7 = C3 - C6)
2013/14,E5100,,Greater London Authority,O,Heritage,1562,1562000.0,Revenue_Outturn__RO5__data_2013-14_by_LA.xlsx,RO5 LA Data 2013-14 (3),"row 368, column 14",Net Current Expenditure (C7 = C3 - C6)
2013/14,E5100,,Greater London Authority,O,Museums and galleries,7600,7600000.0,Revenue_Outturn__RO5__data_2013-14_by_LA.xlsx,RO5 LA Data 2013-14 (3),"row 368, column 18",Net Current Expenditure (C7 = C3 - C6)
2013/14,E5100,,Greater London Authority,O,Theatres and public entertainment,0,0.0,Revenue_Outturn__RO5__data_2013-14_by_LA.xlsx,RO5 LA Data 2013-14 (3),"row 368, column 22",Net Current Expenditure (C7 = C3 - C6)
2013/14,E5100,,Greater London Authority,O,Library service,0,0.0,Revenue_Outturn__RO5__data_2013-14_by_LA.xlsx,RO5 LA Data 2013-14 (3),"row 368, column 50",Net Current Expenditure (C7 = C3 - C6)
2013/14,E6101,,Avon Combined Fire and Rescue Authority,O,Archives,0,0.0,Revenue_Outturn__RO5__data_2013-14_by_LA.xlsx,RO5 LA Data 2013-14 (3),"row 369, column 6",Net Current Expenditure (C7 = C3 - C6)
2013/14,E6101,,Avon Combined Fire and Rescue Authority,O,Arts development and support,0,0.0,Revenue_Outturn__RO5__data_2013-14_by_LA.xlsx,RO5 LA Data 2013-14 (3),"row 369, column 10",Net Current Expenditure (C7 = C3 - C6)
2013/14,E6101,,Avon Combined Fire and Rescue Authority,O,Heritage,0,0.0,Revenue_Outturn__RO5__data_2013-14_by_LA.xlsx,RO5 LA Data 2013-14 (3),"row 369, column 14",Net Current Expenditure (C7 = C3 - C6)
2013/14,E6101,,Avon Combined Fire and Rescue Authority,O,Museums and galleries,0,0.0,Revenue_Outturn__RO5__data_2013-14_by_LA.xlsx,RO5 LA Data 2013-14 (3),"row 369, column 18",Net Current Expenditure (C7 = C3 - C6)
2013/14,E6101,,Avon Combined Fire and Rescue Authority,O,Theatres and public entertainment,0,0.0,Revenue_Outturn__RO5__data_2013-14_by_LA.xlsx,RO5 LA Data 2013-14 (3),"row 369, column 22",Net Current Expenditure (C7 = C3 - C6)
2013/14,E6101,,Avon Combined Fire and Rescue Authority,O,Library service,0,0.0,Revenue_Outturn__RO5__data_2013-14_by_LA.xlsx,RO5 LA Data 2013-14 (3),"row 369, column 50",Net Current Expenditure (C7 = C3 - C6)
2013/14,E6102,,Bedfordshire Combined Fire and Rescue Authority,O,Archives,0,0.0,Revenue_Outturn__RO5__data_2013-14_by_LA.xlsx,RO5 LA Data 2013-14 (3),"row 370, column 6",Net Current Expenditure (C7 = C3 - C6)
2013/14,E6102,,Bedfordshire Combined Fire and Rescue Authority,O,Arts development and support,0,0.0,Revenue_Outturn__RO5__data_2013-14_by_LA.xlsx,RO5 LA Data 2013-14 (3),"row 370, column 10",Net Current Expenditure (C7 = C3 - C6)
2013/14,E6102,,Bedfordshire Combined Fire and Rescue Authority,O,Heritage,0,0.0,Revenue_Outturn__RO5__data_2013-14_by_LA.xlsx,RO5 LA Data 2013-14 (3),"row 370, column 14",Net Current Expenditure (C7 = C3 - C6)
2013/14,E6102,,Bedfordshire Combined Fire and Rescue Authority,O,Museums and galleries,0,0.0,Revenue_Outturn__RO5__data_2013-14_by_LA.xlsx,RO5 LA Data 2013-14 (3),"row 370, column 18",Net Current Expenditure (C7 = C3 - C6)
2013/14,E6102,,Bedfordshire Combined Fire and Rescue Authority,O,Theatres and public entertainment,0,0.0,Revenue_Outturn__RO5__data_2013-14_by_LA.xlsx,RO5 LA Data 2013-14 (3),"row 370, column 22",Net Current Expenditure (C7 = C3 - C6)
2013/14,E6102,,Bedfordshire Combined Fire and Rescue Authority,O,Library service,0,0.0,Revenue_Outturn__RO5__data_2013-14_by_LA.xlsx,RO5 LA Data 2013-14 (3),"row 370, column 50",Net Current Expenditure (C7 = C3 - C6)
2013/14,E6103,,Berkshire Combined Fire and Rescue Authority,O,Archives,0,0.0,Revenue_Outturn__RO5__data_2013-14_by_LA.xlsx,RO5 LA Data 2013-14 (3),"row 371, column 6",Net Current Expenditure (C7 = C3 - C6)
2013/14,E6103,,Berkshire Combined Fire and Rescue Authority,O,Arts development and support,0,0.0,Revenue_Outturn__RO5__data_2013-14_by_LA.xlsx,RO5 LA Data 2013-14 (3),"row 371, column 10",Net Current Expenditure (C7 = C3 - C6)
2013/14,E6103,,Berkshire Combined Fire and Rescue Authority,O,Heritage,0,0.0,Revenue_Outturn__RO5__data_2013-14_by_LA.xlsx,RO5 LA Data 2013-14 (3),"row 371, column 14",Net Current Expenditure (C7 = C3 - C6)
2013/14,E6103,,Berkshire Combined Fire and Rescue Authority,O,Museums and galleries,0,0.0,Revenue_Outturn__RO5__data_2013-14_by_LA.xlsx,RO5 LA Data 2013-14 (3),"row 371, column 18",Net Current Expenditure (C7 = C3 - C6)
2013/14,E6103,,Berkshire Combined Fire and Rescue Authority,O,Theatres and public entertainment,0,0.0,Revenue_Outturn__RO5__data_2013-14_by_LA.xlsx,RO5 LA Data 2013-14 (3),"row 371, column 22",Net Current Expenditure (C7 = C3 - C6)
2013/14,E6103,,Berkshire Combined Fire and Rescue Authority,O,Library service,0,0.0,Revenue_Outturn__RO5__data_2013-14_by_LA.xlsx,RO5 LA Data 2013-14 (3),"row 371, column 50",Net Current Expenditure (C7 = C3 - C6)
2013/14,E6104,,Buckinghamshire Combined Fire and Rescue Authority,O,Archives,0,0.0,Revenue_Outturn__RO5__data_2013-14_by_LA.xlsx,RO5 LA Data 2013-14 (3),"row 372, column 6",Net Current Expenditure (C7 = C3 - C6)
2013/14,E6104,,Buckinghamshire Combined Fire and Rescue Authority,O,Arts development and support,0,0.0,Revenue_Outturn__RO5__data_2013-14_by_LA.xlsx,RO5 LA Data 2013-14 (3),"row 372, column 10",Net Current Expenditure (C7 = C3 - C6)
2013/14,E6104,,Buckinghamshire Combined Fire and Rescue Authority,O,Heritage,0,0.0,Revenue_Outturn__RO5__data_2013-14_by_LA.xlsx,RO5 LA Data 2013-14 (3),"row 372, column 14",Net Current Expenditure (C7 = C3 - C6)
2013/14,E6104,,Buckinghamshire Combined Fire and Rescue Authority,O,Museums and galleries,0,0.0,Revenue_Outturn__RO5__data_2013-14_by_LA.xlsx,RO5 LA Data 2013-14 (3),"row 372, column 18",Net Current Expenditure (C7 = C3 - C6)
2013/14,E6104,,Buckinghamshire Combined Fire and Rescue Authority,O,Theatres and public entertainment,0,0.0,Revenue_Outturn__RO5__data_2013-14_by_LA.xlsx,RO5 LA Data 2013-14 (3),"row 372, column 22",Net Current Expenditure (C7 = C3 - C6)
2013/14,E6104,,Buckinghamshire Combined Fire and Rescue Authority,O,Library service,0,0.0,Revenue_Outturn__RO5__data_2013-14_by_LA.xlsx,RO5 LA Data 2013-14 (3),"row 372, column 50",Net Current Expenditure (C7 = C3 - C6)
2013/14,E6105,,Cambridgeshire Combined Fire and Rescue Authority,O,Archives,0,0.0,Revenue_Outturn__RO5__data_2013-14_by_LA.xlsx,RO5 LA Data 2013-14 (3),"row 373, column 6",Net Current Expenditure (C7 = C3 - C6)
2013/14,E6105,,Cambridgeshire Combined Fire and Rescue Authority,O,Arts development and support,0,0.0,Revenue_Outturn__RO5__data_2013-14_by_LA.xlsx,RO5 LA Data 2013-14 (3),"row 373, column 10",Net Current Expenditure (C7 = C3 - C6)
2013/14,E6105,,Cambridgeshire Combined Fire and Rescue Authority,O,Heritage,0,0.0,Revenue_Outturn__RO5__data_2013-14_by_LA.xlsx,RO5 LA Data 2013-14 (3),"row 373, column 14",Net Current Expenditure (C7 = C3 - C6)
2013/14,E6105,,Cambridgeshire Combined Fire and Rescue Authority,O,Museums and galleries,0,0.0,Revenue_Outturn__RO5__data_2013-14_by_LA.xlsx,RO5 LA Data 2013-14 (3),"row 373, column 18",Net Current Expenditure (C7 = C3 - C6)
2013/14,E6105,,Cambridgeshire Combined Fire and Rescue Authority,O,Theatres and public entertainment,0,0.0,Revenue_Outturn__RO5__data_2013-14_by_LA.xlsx,RO5 LA Data 2013-14 (3),"row 373, column 22",Net Current Expenditure (C7 = C3 - C6)
2013/14,E6105,,Cambridgeshire Combined Fire and Rescue Authority,O,Library service,0,0.0,Revenue_Outturn__RO5__data_2013-14_by_LA.xlsx,RO5 LA Data 2013-14 (3),"row 373, column 50",Net Current Expenditure (C7 = C3 - C6)
2013/14,E6106,,Cheshire Combined Fire and Rescue Authority,O,Archives,0,0.0,Revenue_Outturn__RO5__data_2013-14_by_LA.xlsx,RO5 LA Data 2013-14 (3),"row 374, column 6",Net Current Expenditure (C7 = C3 - C6)
2013/14,E6106,,Cheshire Combined Fire and Rescue Authority,O,Arts development and support,0,0.0,Revenue_Outturn__RO5__data_2013-14_by_LA.xlsx,RO5 LA Data 2013-14 (3),"row 374, column 10",Net Current Expenditure (C7 = C3 - C6)
2013/14,E6106,,Cheshire Combined Fire and Rescue Authority,O,Heritage,0,0.0,Revenue_Outturn__RO5__data_2013-14_by_LA.xlsx,RO5 LA Data 2013-14 (3),"row 374, column 14",Net Current Expenditure (C7 = C3 - C6)
2013/14,E6106,,Cheshire Combined Fire and Rescue Authority,O,Museums and galleries,0,0.0,Revenue_Outturn__RO5__data_2013-14_by_LA.xlsx,RO5 LA Data 2013-14 (3),"row 374, column 18",Net Current Expenditure (C7 = C3 - C6)
2013/14,E6106,,Cheshire Combined Fire and Rescue Authority,O,Theatres and public entertainment,0,0.0,Revenue_Outturn__RO5__data_2013-14_by_LA.xlsx,RO5 LA Data 2013-14 (3),"row 374, column 22",Net Current Expenditure (C7 = C3 - C6)
2013/14,E6106,,Cheshire Combined Fire and Rescue Authority,O,Library service,0,0.0,Revenue_Outturn__RO5__data_2013-14_by_LA.xlsx,RO5 LA Data 2013-14 (3),"row 374, column 50",Net Current Expenditure (C7 = C3 - C6)
2013/14,E6107,,Cleveland Combined Fire and Rescue Authority,O,Archives,0,0.0,Revenue_Outturn__RO5__data_2013-14_by_LA.xlsx,RO5 LA Data 2013-14 (3),"row 375, column 6",Net Current Expenditure (C7 = C3 - C6)
2013/14,E6107,,Cleveland Combined Fire and Rescue Authority,O,Arts development and support,0,0.0,Revenue_Outturn__RO5__data_2013-14_by_LA.xlsx,RO5 LA Data 2013-14 (3),"row 375, column 10",Net Current Expenditure (C7 = C3 - C6)
2013/14,E6107,,Cleveland Combined Fire and Rescue Authority,O,Heritage,0,0.0,Revenue_Outturn__RO5__data_2013-14_by_LA.xlsx,RO5 LA Data 2013-14 (3),"row 375, column 14",Net Current Expenditure (C7 = C3 - C6)
2013/14,E6107,,Cleveland Combined Fire and Rescue Authority,O,Museums and galleries,0,0.0,Revenue_Outturn__RO5__data_2013-14_by_LA.xlsx,RO5 LA Data 2013-14 (3),"row 375, column 18",Net Current Expenditure (C7 = C3 - C6)
2013/14,E6107,,Cleveland Combined Fire and Rescue Authority,O,Theatres and public entertainment,0,0.0,Revenue_Outturn__RO5__data_2013-14_by_LA.xlsx,RO5 LA Data 2013-14 (3),"row 375, column 22",Net Current Expenditure (C7 = C3 - C6)
2013/14,E6107,,Cleveland Combined Fire and Rescue Authority,O,Library service,0,0.0,Revenue_Outturn__RO5__data_2013-14_by_LA.xlsx,RO5 LA Data 2013-14 (3),"row 375, column 50",Net Current Expenditure (C7 = C3 - C6)
2013/14,E6110,,Derbyshire Combined Fire and Rescue Authority,O,Archives,0,0.0,Revenue_Outturn__RO5__data_2013-14_by_LA.xlsx,RO5 LA Data 2013-14 (3),"row 376, column 6",Net Current Expenditure (C7 = C3 - C6)
2013/14,E6110,,Derbyshire Combined Fire and Rescue Authority,O,Arts development and support,0,0.0,Revenue_Outturn__RO5__data_2013-14_by_LA.xlsx,RO5 LA Data 2013-14 (3),"row 376, column 10",Net Current Expenditure (C7 = C3 - C6)
2013/14,E6110,,Derbyshire Combined Fire and Rescue Authority,O,Heritage,0,0.0,Revenue_Outturn__RO5__data_2013-14_by_LA.xlsx,RO5 LA Data 2013-14 (3),"row 376, column 14",Net Current Expenditure (C7 = C3 - C6)
2013/14,E6110,,Derbyshire Combined Fire and Rescue Authority,O,Museums and galleries,0,0.0,Revenue_Outturn__RO5__data_2013-14_by_LA.xlsx,RO5 LA Data 2013-14 (3),"row 376, column 18",Net Current Expenditure (C7 = C3 - C6)
2013/14,E6110,,Derbyshire Combined Fire and Rescue Authority,O,Theatres and public entertainment,0,0.0,Revenue_Outturn__RO5__data_2013-14_by_LA.xlsx,RO5 LA Data 2013-14 (3),"row 376, column 22",Net Current Expenditure (C7 = C3 - C6)
2013/14,E6110,,Derbyshire Combined Fire and Rescue Authority,O,Library service,0,0.0,Revenue_Outturn__RO5__data_2013-14_by_LA.xlsx,RO5 LA Data 2013-14 (3),"row 376, column 50",Net Current Expenditure (C7 = C3 - C6)
2013/14,E6112,,Dorset Combined Fire and Rescue Authority,O,Archives,0,0.0,Revenue_Outturn__RO5__data_2013-14_by_LA.xlsx,RO5 LA Data 2013-14 (3),"row 377, column 6",Net Current Expenditure (C7 = C3 - C6)
2013/14,E6112,,Dorset Combined Fire and Rescue Authority,O,Arts development and support,0,0.0,Revenue_Outturn__RO5__data_2013-14_by_LA.xlsx,RO5 LA Data 2013-14 (3),"row 377, column 10",Net Current Expenditure (C7 = C3 - C6)
2013/14,E6112,,Dorset Combined Fire and Rescue Authority,O,Heritage,0,0.0,Revenue_Outturn__RO5__data_2013-14_by_LA.xlsx,RO5 LA Data 2013-14 (3),"row 377, column 14",Net Current Expenditure (C7 = C3 - C6)
2013/14,E6112,,Dorset Combined Fire and Rescue Authority,O,Museums and galleries,0,0.0,Revenue_Outturn__RO5__data_2013-14_by_LA.xlsx,RO5 LA Data 2013-14 (3),"row 377, column 18",Net Current Expenditure (C7 = C3 - C6)
2013/14,E6112,,Dorset Combined Fire and Rescue Authority,O,Theatres and public entertainment,0,0.0,Revenue_Outturn__RO5__data_2013-14_by_LA.xlsx,RO5 LA Data 2013-14 (3),"row 377, column 22",Net Current Expenditure (C7 = C3 - C6)
2013/14,E6112,,Dorset Combined Fire and Rescue Authority,O,Library service,0,0.0,Revenue_Outturn__RO5__data_2013-14_by_LA.xlsx,RO5 LA Data 2013-14 (3),"row 377, column 50",Net Current Expenditure (C7 = C3 - C6)
2013/14,E6113,,Durham Combined Fire and Rescue Authority,O,Archives,0,0.0,Revenue_Outturn__RO5__data_2013-14_by_LA.xlsx,RO5 LA Data 2013-14 (3),"row 378, column 6",Net Current Expenditure (C7 = C3 - C6)
2013/14,E6113,,Durham Combined Fire and Rescue Authority,O,Arts development and support,0,0.0,Revenue_Outturn__RO5__data_2013-14_by_LA.xlsx,RO5 LA Data 2013-14 (3),"row 378, column 10",Net Current Expenditure (C7 = C3 - C6)
2013/14,E6113,,Durham Combined Fire and Rescue Authority,O,Heritage,0,0.0,Revenue_Outturn__RO5__data_2013-14_by_LA.xlsx,RO5 LA Data 2013-14 (3),"row 378, column 14",Net Current Expenditure (C7 = C3 - C6)
2013/14,E6113,,Durham Combined Fire and Rescue Authority,O,Museums and galleries,0,0.0,Revenue_Outturn__RO5__data_2013-14_by_LA.xlsx,RO5 LA Data 2013-14 (3),"row 378, column 18",Net Current Expenditure (C7 = C3 - C6)
2013/14,E6113,,Durham Combined Fire and Rescue Authority,O,Theatres and public entertainment,0,0.0,Revenue_Outturn__RO5__data_2013-14_by_LA.xlsx,RO5 LA Data 2013-14 (3),"row 378, column 22",Net Current Expenditure (C7 = C3 - C6)
2013/14,E6113,,Durham Combined Fire and Rescue Authority,O,Library service,0,0.0,Revenue_Outturn__RO5__data_2013-14_by_LA.xlsx,RO5 LA Data 2013-14 (3),"row 378, column 50",Net Current Expenditure (C7 = C3 - C6)
2013/14,E6114,,East Sussex Combined Fire and Rescue Authority,O,Archives,0,0.0,Revenue_Outturn__RO5__data_2013-14_by_LA.xlsx,RO5 LA Data 2013-14 (3),"row 379, column 6",Net Current Expenditure (C7 = C3 - C6)
2013/14,E6114,,East Sussex Combined Fire and Rescue Authority,O,Arts development and support,0,0.0,Revenue_Outturn__RO5__data_2013-14_by_LA.xlsx,RO5 LA Data 2013-14 (3),"row 379, column 10",Net Current Expenditure (C7 = C3 - C6)
2013/14,E6114,,East Sussex Combined Fire and Rescue Authority,O,Heritage,0,0.0,Revenue_Outturn__RO5__data_2013-14_by_LA.xlsx,RO5 LA Data 2013-14 (3),"row 379, column 14",Net Current Expenditure (C7 = C3 - C6)
2013/14,E6114,,East Sussex Combined Fire and Rescue Authority,O,Museums and galleries,0,0.0,Revenue_Outturn__RO5__data_2013-14_by_LA.xlsx,RO5 LA Data 2013-14 (3),"row 379, column 18",Net Current Expenditure (C7 = C3 - C6)
2013/14,E6114,,East Sussex Combined Fire and Rescue Authority,O,Theatres and public entertainment,0,0.0,Revenue_Outturn__RO5__data_2013-14_by_LA.xlsx,RO5 LA Data 2013-14 (3),"row 379, column 22",Net Current Expenditure (C7 = C3 - C6)
2013/14,E6114,,East Sussex Combined Fire and Rescue Authority,O,Library service,0,0.0,Revenue_Outturn__RO5__data_2013-14_by_LA.xlsx,RO5 LA Data 2013-14 (3),"row 379, column 50",Net Current Expenditure (C7 = C3 - C6)
2013/14,E6115,,Essex Combined Fire and Rescue Authority,O,Archives,0,0.0,Revenue_Outturn__RO5__data_2013-14_by_LA.xlsx,RO5 LA Data 2013-14 (3),"row 380, column 6",Net Current Expenditure (C7 = C3 - C6)
2013/14,E6115,,Essex Combined Fire and Rescue Authority,O,Arts development and support,0,0.0,Revenue_Outturn__RO5__data_2013-14_by_LA.xlsx,RO5 LA Data 2013-14 (3),"row 380, column 10",Net Current Expenditure (C7 = C3 - C6)
2013/14,E6115,,Essex Combined Fire and Rescue Authority,O,Heritage,0,0.0,Revenue_Outturn__RO5__data_2013-14_by_LA.xlsx,RO5 LA Data 2013-14 (3),"row 380, column 14",Net Current Expenditure (C7 = C3 - C6)
2013/14,E6115,,Essex Combined Fire and Rescue Authority,O,Museums and galleries,0,0.0,Revenue_Outturn__RO5__data_2013-14_by_LA.xlsx,RO5 LA Data 2013-14 (3),"row 380, column 18",Net Current Expenditure (C7 = C3 - C6)
2013/14,E6115,,Essex Combined Fire and Rescue Authority,O,Theatres and public entertainment,0,0.0,Revenue_Outturn__RO5__data_2013-14_by_LA.xlsx,RO5 LA Data 2013-14 (3),"row 380, column 22",Net Current Expenditure (C7 = C3 - C6)
2013/14,E6115,,Essex Combined Fire and Rescue Authority,O,Library service,0,0.0,Revenue_Outturn__RO5__data_2013-14_by_LA.xlsx,RO5 LA Data 2013-14 (3),"row 380, column 50",Net Current Expenditure (C7 = C3 - C6)
2013/14,E6117,,Hampshire Combined Fire and Rescue Authority,O,Archives,0,0.0,Revenue_Outturn__RO5__data_2013-14_by_LA.xlsx,RO5 LA Data 2013-14 (3),"row 381, column 6",Net Current Expenditure (C7 = C3 - C6)
2013/14,E6117,,Hampshire Combined Fire and Rescue Authority,O,Arts development and support,0,0.0,Revenue_Outturn__RO5__data_2013-14_by_LA.xlsx,RO5 LA Data 2013-14 (3),"row 381, column 10",Net Current Expenditure (C7 = C3 - C6)
2013/14,E6117,,Hampshire Combined Fire and Rescue Authority,O,Heritage,0,0.0,Revenue_Outturn__RO5__data_2013-14_by_LA.xlsx,RO5 LA Data 2013-14 (3),"row 381, column 14",Net Current Expenditure (C7 = C3 - C6)
2013/14,E6117,,Hampshire Combined Fire and Rescue Authority,O,Museums and galleries,0,0.0,Revenue_Outturn__RO5__data_2013-14_by_LA.xlsx,RO5 LA Data 2013-14 (3),"row 381, column 18",Net Current Expenditure (C7 = C3 - C6)
2013/14,E6117,,Hampshire Combined Fire and Rescue Authority,O,Theatres and public entertainment,0,0.0,Revenue_Outturn__RO5__data_2013-14_by_LA.xlsx,RO5 LA Data 2013-14 (3),"row 381, column 22",Net Current Expenditure (C7 = C3 - C6)
2013/14,E6117,,Hampshire Combined Fire and Rescue Authority,O,Library service,0,0.0,Revenue_Outturn__RO5__data_2013-14_by_LA.xlsx,RO5 LA Data 2013-14 (3),"row 381, column 50",Net Current Expenditure (C7 = C3 - C6)
2013/14,E6118,,Hereford & Worcester Combined Fire and Rescue Authority,O,Archives,0,0.0,Revenue_Outturn__RO5__data_2013-14_by_LA.xlsx,RO5 LA Data 2013-14 (3),"row 382, column 6",Net Current Expenditure (C7 = C3 - C6)
2013/14,E6118,,Hereford & Worcester Combined Fire and Rescue Authority,O,Arts development and support,0,0.0,Revenue_Outturn__RO5__data_2013-14_by_LA.xlsx,RO5 LA Data 2013-14 (3),"row 382, column 10",Net Current Expenditure (C7 = C3 - C6)
2013/14,E6118,,Hereford & Worcester Combined Fire and Rescue Authority,O,Heritage,0,0.0,Revenue_Outturn__RO5__data_2013-14_by_LA.xlsx,RO5 LA Data 2013-14 (3),"row 382, column 14",Net Current Expenditure (C7 = C3 - C6)
2013/14,E6118,,Hereford & Worcester Combined Fire and Rescue Authority,O,Museums and galleries,0,0.0,Revenue_Outturn__RO5__data_2013-14_by_LA.xlsx,RO5 LA Data 2013-14 (3),"row 382, column 18",Net Current Expenditure (C7 = C3 - C6)
2013/14,E6118,,Hereford & Worcester Combined Fire and Rescue Authority,O,Theatres and public entertainment,0,0.0,Revenue_Outturn__RO5__data_2013-14_by_LA.xlsx,RO5 LA Data 2013-14 (3),"row 382, column 22",Net Current Expenditure (C7 = C3 - C6)
2013/14,E6118,,Hereford & Worcester Combined Fire and Rescue Authority,O,Library service,0,0.0,Revenue_Outturn__RO5__data_2013-14_by_LA.xlsx,RO5 LA Data 2013-14 (3),"row 382, column 50",Net Current Expenditure (C7 = C3 - C6)
2013/14,E6120,,Humberside Combined Fire and Rescue Authority,O,Archives,0,0.0,Revenue_Outturn__RO5__data_2013-14_by_LA.xlsx,RO5 LA Data 2013-14 (3),"row 383, column 6",Net Current Expenditure (C7 = C3 - C6)
2013/14,E6120,,Humberside Combined Fire and Rescue Authority,O,Arts development and support,0,0.0,Revenue_Outturn__RO5__data_2013-14_by_LA.xlsx,RO5 LA Data 2013-14 (3),"row 383, column 10",Net Current Expenditure (C7 = C3 - C6)
2013/14,E6120,,Humberside Combined Fire and Rescue Authority,O,Heritage,0,0.0,Revenue_Outturn__RO5__data_2013-14_by_LA.xlsx,RO5 LA Data 2013-14 (3),"row 383, column 14",Net Current Expenditure (C7 = C3 - C6)
2013/14,E6120,,Humberside Combined Fire and Rescue Authority,O,Museums and galleries,0,0.0,Revenue_Outturn__RO5__data_2013-14_by_LA.xlsx,RO5 LA Data 2013-14 (3),"row 383, column 18",Net Current Expenditure (C7 = C3 - C6)
2013/14,E6120,,Humberside Combined Fire and Rescue Authority,O,Theatres and public entertainment,0,0.0,Revenue_Outturn__RO5__data_2013-14_by_LA.xlsx,RO5 LA Data 2013-14 (3),"row 383, column 22",Net Current Expenditure (C7 = C3 - C6)
2013/14,E6120,,Humberside Combined Fire and Rescue Authority,O,Library service,0,0.0,Revenue_Outturn__RO5__data_2013-14_by_LA.xlsx,RO5 LA Data 2013-14 (3),"row 383, column 50",Net Current Expenditure (C7 = C3 - C6)
2013/14,E6122,,Kent Combined Fire and Rescue Authority,O,Archives,0,0.0,Revenue_Outturn__RO5__data_2013-14_by_LA.xlsx,RO5 LA Data 2013-14 (3),"row 384, column 6",Net Current Expenditure (C7 = C3 - C6)
2013/14,E6122,,Kent Combined Fire and Rescue Authority,O,Arts development and support,0,0.0,Revenue_Outturn__RO5__data_2013-14_by_LA.xlsx,RO5 LA Data 2013-14 (3),"row 384, column 10",Net Current Expenditure (C7 = C3 - C6)
2013/14,E6122,,Kent Combined Fire and Rescue Authority,O,Heritage,0,0.0,Revenue_Outturn__RO5__data_2013-14_by_LA.xlsx,RO5 LA Data 2013-14 (3),"row 384, column 14",Net Current Expenditure (C7 = C3 - C6)
2013/14,E6122,,Kent Combined Fire and Rescue Authority,O,Museums and galleries,0,0.0,Revenue_Outturn__RO5__data_2013-14_by_LA.xlsx,RO5 LA Data 2013-14 (3),"row 384, column 18",Net Current Expenditure (C7 = C3 - C6)
2013/14,E6122,,Kent Combined Fire and Rescue Authority,O,Theatres and public entertainment,0,0.0,Revenue_Outturn__RO5__data_2013-14_by_LA.xlsx,RO5 LA Data 2013-14 (3),"row 384, column 22",Net Current Expenditure (C7 = C3 - C6)
2013/14,E6122,,Kent Combined Fire and Rescue Authority,O,Library service,0,0.0,Revenue_Outturn__RO5__data_2013-14_by_LA.xlsx,RO5 LA Data 2013-14 (3),"row 384, column 50",Net Current Expenditure (C7 = C3 - C6)
2013/14,E6123,,Lancashire Combined Fire and Rescue Authority,O,Archives,0,0.0,Revenue_Outturn__RO5__data_2013-14_by_LA.xlsx,RO5 LA Data 2013-14 (3),"row 385, column 6",Net Current Expenditure (C7 = C3 - C6)
2013/14,E6123,,Lancashire Combined Fire and Rescue Authority,O,Arts development and support,0,0.0,Revenue_Outturn__RO5__data_2013-14_by_LA.xlsx,RO5 LA Data 2013-14 (3),"row 385, column 10",Net Current Expenditure (C7 = C3 - C6)
2013/14,E6123,,Lancashire Combined Fire and Rescue Authority,O,Heritage,0,0.0,Revenue_Outturn__RO5__data_2013-14_by_LA.xlsx,RO5 LA Data 2013-14 (3),"row 385, column 14",Net Current Expenditure (C7 = C3 - C6)
2013/14,E6123,,Lancashire Combined Fire and Rescue Authority,O,Museums and galleries,0,0.0,Revenue_Outturn__RO5__data_2013-14_by_LA.xlsx,RO5 LA Data 2013-14 (3),"row 385, column 18",Net Current Expenditure (C7 = C3 - C6)
2013/14,E6123,,Lancashire Combined Fire and Rescue Authority,O,Theatres and public entertainment,0,0.0,Revenue_Outturn__RO5__data_2013-14_by_LA.xlsx,RO5 LA Data 2013-14 (3),"row 385, column 22",Net Current Expenditure (C7 = C3 - C6)
2013/14,E6123,,Lancashire Combined Fire and Rescue Authority,O,Library service,0,0.0,Revenue_Outturn__RO5__data_2013-14_by_LA.xlsx,RO5 LA Data 2013-14 (3),"row 385, column 50",Net Current Expenditure (C7 = C3 - C6)
2013/14,E6124,,Leicestershire Combined Fire and Rescue Authority,O,Archives,0,0.0,Revenue_Outturn__RO5__data_2013-14_by_LA.xlsx,RO5 LA Data 2013-14 (3),"row 386, column 6",Net Current Expenditure (C7 = C3 - C6)
2013/14,E6124,,Leicestershire Combined Fire and Rescue Authority,O,Arts development and support,0,0.0,Revenue_Outturn__RO5__data_2013-14_by_LA.xlsx,RO5 LA Data 2013-14 (3),"row 386, column 10",Net Current Expenditure (C7 = C3 - C6)
2013/14,E6124,,Leicestershire Combined Fire and Rescue Authority,O,Heritage,0,0.0,Revenue_Outturn__RO5__data_2013-14_by_LA.xlsx,RO5 LA Data 2013-14 (3),"row 386, column 14",Net Current Expenditure (C7 = C3 - C6)
2013/14,E6124,,Leicestershire Combined Fire and Rescue Authority,O,Museums and galleries,0,0.0,Revenue_Outturn__RO5__data_2013-14_by_LA.xlsx,RO5 LA Data 2013-14 (3),"row 386, column 18",Net Current Expenditure (C7 = C3 - C6)
2013/14,E6124,,Leicestershire Combined Fire and Rescue Authority,O,Theatres and public entertainment,0,0.0,Revenue_Outturn__RO5__data_2013-14_by_LA.xlsx,RO5 LA Data 2013-14 (3),"row 386, column 22",Net Current Expenditure (C7 = C3 - C6)
2013/14,E6124,,Leicestershire Combined Fire and Rescue Authority,O,Library service,0,0.0,Revenue_Outturn__RO5__data_2013-14_by_LA.xlsx,RO5 LA Data 2013-14 (3),"row 386, column 50",Net Current Expenditure (C7 = C3 - C6)
2013/14,E6127,,North Yorkshire Combined Fire and Rescue Authority,O,Archives,0,0.0,Revenue_Outturn__RO5__data_2013-14_by_LA.xlsx,RO5 LA Data 2013-14 (3),"row 387, column 6",Net Current Expenditure (C7 = C3 - C6)
2013/14,E6127,,North Yorkshire Combined Fire and Rescue Authority,O,Arts development and support,0,0.0,Revenue_Outturn__RO5__data_2013-14_by_LA.xlsx,RO5 LA Data 2013-14 (3),"row 387, column 10",Net Current Expenditure (C7 = C3 - C6)
2013/14,E6127,,North Yorkshire Combined Fire and Rescue Authority,O,Heritage,0,0.0,Revenue_Outturn__RO5__data_2013-14_by_LA.xlsx,RO5 LA Data 2013-14 (3),"row 387, column 14",Net Current Expenditure (C7 = C3 - C6)
2013/14,E6127,,North Yorkshire Combined Fire and Rescue Authority,O,Museums and galleries,0,0.0,Revenue_Outturn__RO5__data_2013-14_by_LA.xlsx,RO5 LA Data 2013-14 (3),"row 387, column 18",Net Current Expenditure (C7 = C3 - C6)
2013/14,E6127,,North Yorkshire Combined Fire and Rescue Authority,O,Theatres and public entertainment,0,0.0,Revenue_Outturn__RO5__data_2013-14_by_LA.xlsx,RO5 LA Data 2013-14 (3),"row 387, column 22",Net Current Expenditure (C7 = C3 - C6)
2013/14,E6127,,North Yorkshire Combined Fire and Rescue Authority,O,Library service,0,0.0,Revenue_Outturn__RO5__data_2013-14_by_LA.xlsx,RO5 LA Data 2013-14 (3),"row 387, column 50",Net Current Expenditure (C7 = C3 - C6)
2013/14,E6130,,Nottinghamshire Combined Fire and Rescue Authority,O,Archives,0,0.0,Revenue_Outturn__RO5__data_2013-14_by_LA.xlsx,RO5 LA Data 2013-14 (3),"row 388, column 6",Net Current Expenditure (C7 = C3 - C6)
2013/14,E6130,,Nottinghamshire Combined Fire and Rescue Authority,O,Arts development and support,0,0.0,Revenue_Outturn__RO5__data_2013-14_by_LA.xlsx,RO5 LA Data 2013-14 (3),"row 388, column 10",Net Current Expenditure (C7 = C3 - C6)
2013/14,E6130,,Nottinghamshire Combined Fire and Rescue Authority,O,Heritage,0,0.0,Revenue_Outturn__RO5__data_2013-14_by_LA.xlsx,RO5 LA Data 2013-14 (3),"row 388, column 14",Net Current Expenditure (C7 = C3 - C6)
2013/14,E6130,,Nottinghamshire Combined Fire and Rescue Authority,O,Museums and galleries,0,0.0,Revenue_Outturn__RO5__data_2013-14_by_LA.xlsx,RO5 LA Data 2013-14 (3),"row 388, column 18",Net Current Expenditure (C7 = C3 - C6)
2013/14,E6130,,Nottinghamshire Combined Fire and Rescue Authority,O,Theatres and public entertainment,0,0.0,Revenue_Outturn__RO5__data_2013-14_by_LA.xlsx,RO5 LA Data 2013-14 (3),"row 388, column 22",Net Current Expenditure (C7 = C3 - C6)
2013/14,E6130,,Nottinghamshire Combined Fire and Rescue Authority,O,Library service,0,0.0,Revenue_Outturn__RO5__data_2013-14_by_LA.xlsx,RO5 LA Data 2013-14 (3),"row 388, column 50",Net Current Expenditure (C7 = C3 - C6)
2013/14,E6132,,Shropshire Combined Fire and Rescue Authority,O,Archives,0,0.0,Revenue_Outturn__RO5__data_2013-14_by_LA.xlsx,RO5 LA Data 2013-14 (3),"row 389, column 6",Net Current Expenditure (C7 = C3 - C6)
2013/14,E6132,,Shropshire Combined Fire and Rescue Authority,O,Arts development and support,0,0.0,Revenue_Outturn__RO5__data_2013-14_by_LA.xlsx,RO5 LA Data 2013-14 (3),"row 389, column 10",Net Current Expenditure (C7 = C3 - C6)
2013/14,E6132,,Shropshire Combined Fire and Rescue Authority,O,Heritage,0,0.0,Revenue_Outturn__RO5__data_2013-14_by_LA.xlsx,RO5 LA Data 2013-14 (3),"row 389, column 14",Net Current Expenditure (C7 = C3 - C6)
2013/14,E6132,,Shropshire Combined Fire and Rescue Authority,O,Museums and galleries,0,0.0,Revenue_Outturn__RO5__data_2013-14_by_LA.xlsx,RO5 LA Data 2013-14 (3),"row 389, column 18",Net Current Expenditure (C7 = C3 - C6)
2013/14,E6132,,Shropshire Combined Fire and Rescue Authority,O,Theatres and public entertainment,0,0.0,Revenue_Outturn__RO5__data_2013-14_by_LA.xlsx,RO5 LA Data 2013-14 (3),"row 389, column 22",Net Current Expenditure (C7 = C3 - C6)
2013/14,E6132,,Shropshire Combined Fire and Rescue Authority,O,Library service,0,0.0,Revenue_Outturn__RO5__data_2013-14_by_LA.xlsx,RO5 LA Data 2013-14 (3),"row 389, column 50",Net Current Expenditure (C7 = C3 - C6)
2013/14,E6134,,Staffordshire Combined Fire and Rescue Authority,O,Archives,0,0.0,Revenue_Outturn__RO5__data_2013-14_by_LA.xlsx,RO5 LA Data 2013-14 (3),"row 390, column 6",Net Current Expenditure (C7 = C3 - C6)
2013/14,E6134,,Staffordshire Combined Fire and Rescue Authority,O,Arts development and support,0,0.0,Revenue_Outturn__RO5__data_2013-14_by_LA.xlsx,RO5 LA Data 2013-14 (3),"row 390, column 10",Net Current Expenditure (C7 = C3 - C6)
2013/14,E6134,,Staffordshire Combined Fire and Rescue Authority,O,Heritage,0,0.0,Revenue_Outturn__RO5__data_2013-14_by_LA.xlsx,RO5 LA Data 2013-14 (3),"row 390, column 14",Net Current Expenditure (C7 = C3 - C6)
2013/14,E6134,,Staffordshire Combined Fire and Rescue Authority,O,Museums and galleries,0,0.0,Revenue_Outturn__RO5__data_2013-14_by_LA.xlsx,RO5 LA Data 2013-14 (3),"row 390, column 18",Net Current Expenditure (C7 = C3 - C6)
2013/14,E6134,,Staffordshire Combined Fire and Rescue Authority,O,Theatres and public entertainment,0,0.0,Revenue_Outturn__RO5__data_2013-14_by_LA.xlsx,RO5 LA Data 2013-14 (3),"row 390, column 22",Net Current Expenditure (C7 = C3 - C6)
2013/14,E6134,,Staffordshire Combined Fire and Rescue Authority,O,Library service,0,0.0,Revenue_Outturn__RO5__data_2013-14_by_LA.xlsx,RO5 LA Data 2013-14 (3),"row 390, column 50",Net Current Expenditure (C7 = C3 - C6)
2013/14,E6139,,Wiltshire Combined Fire and Rescue Authority,O,Archives,0,0.0,Revenue_Outturn__RO5__data_2013-14_by_LA.xlsx,RO5 LA Data 2013-14 (3),"row 391, column 6",Net Current Expenditure (C7 = C3 - C6)
2013/14,E6139,,Wiltshire Combined Fire and Rescue Authority,O,Arts development and support,0,0.0,Revenue_Outturn__RO5__data_2013-14_by_LA.xlsx,RO5 LA Data 2013-14 (3),"row 391, column 10",Net Current Expenditure (C7 = C3 - C6)
2013/14,E6139,,Wiltshire Combined Fire and Rescue Authority,O,Heritage,0,0.0,Revenue_Outturn__RO5__data_2013-14_by_LA.xlsx,RO5 LA Data 2013-14 (3),"row 391, column 14",Net Current Expenditure (C7 = C3 - C6)
2013/14,E6139,,Wiltshire Combined Fire and Rescue Authority,O,Museums and galleries,0,0.0,Revenue_Outturn__RO5__data_2013-14_by_LA.xlsx,RO5 LA Data 2013-14 (3),"row 391, column 18",Net Current Expenditure (C7 = C3 - C6)
2013/14,E6139,,Wiltshire Combined Fire and Rescue Authority,O,Theatres and public entertainment,0,0.0,Revenue_Outturn__RO5__data_2013-14_by_LA.xlsx,RO5 LA Data 2013-14 (3),"row 391, column 22",Net Current Expenditure (C7 = C3 - C6)
2013/14,E6139,,Wiltshire Combined Fire and Rescue Authority,O,Library service,0,0.0,Revenue_Outturn__RO5__data_2013-14_by_LA.xlsx,RO5 LA Data 2013-14 (3),"row 391, column 50",Net Current Expenditure (C7 = C3 - C6)
2013/14,E6142,,Greater Manchester Fire and Rescue Authority,O,Archives,0,0.0,Revenue_Outturn__RO5__data_2013-14_by_LA.xlsx,RO5 LA Data 2013-14 (3),"row 392, column 6",Net Current Expenditure (C7 = C3 - C6)
2013/14,E6142,,Greater Manchester Fire and Rescue Authority,O,Arts development and support,0,0.0,Revenue_Outturn__RO5__data_2013-14_by_LA.xlsx,RO5 LA Data 2013-14 (3),"row 392, column 10",Net Current Expenditure (C7 = C3 - C6)
2013/14,E6142,,Greater Manchester Fire and Rescue Authority,O,Heritage,0,0.0,Revenue_Outturn__RO5__data_2013-14_by_LA.xlsx,RO5 LA Data 2013-14 (3),"row 392, column 14",Net Current Expenditure (C7 = C3 - C6)
2013/14,E6142,,Greater Manchester Fire and Rescue Authority,O,Museums and galleries,0,0.0,Revenue_Outturn__RO5__data_2013-14_by_LA.xlsx,RO5 LA Data 2013-14 (3),"row 392, column 18",Net Current Expenditure (C7 = C3 - C6)
2013/14,E6142,,Greater Manchester Fire and Rescue Authority,O,Theatres and public entertainment,0,0.0,Revenue_Outturn__RO5__data_2013-14_by_LA.xlsx,RO5 LA Data 2013-14 (3),"row 392, column 22",Net Current Expenditure (C7 = C3 - C6)
2013/14,E6142,,Greater Manchester Fire and Rescue Authority,O,Library service,0,0.0,Revenue_Outturn__RO5__data_2013-14_by_LA.xlsx,RO5 LA Data 2013-14 (3),"row 392, column 50",Net Current Expenditure (C7 = C3 - C6)
2013/14,E6143,,Merseyside Fire and Rescue Authority,O,Archives,0,0.0,Revenue_Outturn__RO5__data_2013-14_by_LA.xlsx,RO5 LA Data 2013-14 (3),"row 393, column 6",Net Current Expenditure (C7 = C3 - C6)
2013/14,E6143,,Merseyside Fire and Rescue Authority,O,Arts development and support,0,0.0,Revenue_Outturn__RO5__data_2013-14_by_LA.xlsx,RO5 LA Data 2013-14 (3),"row 393, column 10",Net Current Expenditure (C7 = C3 - C6)
2013/14,E6143,,Merseyside Fire and Rescue Authority,O,Heritage,0,0.0,Revenue_Outturn__RO5__data_2013-14_by_LA.xlsx,RO5 LA Data 2013-14 (3),"row 393, column 14",Net Current Expenditure (C7 = C3 - C6)
2013/14,E6143,,Merseyside Fire and Rescue Authority,O,Museums and galleries,0,0.0,Revenue_Outturn__RO5__data_2013-14_by_LA.xlsx,RO5 LA Data 2013-14 (3),"row 393, column 18",Net Current Expenditure (C7 = C3 - C6)
2013/14,E6143,,Merseyside Fire and Rescue Authority,O,Theatres and public entertainment,0,0.0,Revenue_Outturn__RO5__data_2013-14_by_LA.xlsx,RO5 LA Data 2013-14 (3),"row 393, column 22",Net Current Expenditure (C7 = C3 - C6)
2013/14,E6143,,Merseyside Fire and Rescue Authority,O,Library service,0,0.0,Revenue_Outturn__RO5__data_2013-14_by_LA.xlsx,RO5 LA Data 2013-14 (3),"row 393, column 50",Net Current Expenditure (C7 = C3 - C6)
2013/14,E6144,,South Yorkshire Fire and Rescue Authority,O,Archives,0,0.0,Revenue_Outturn__RO5__data_2013-14_by_LA.xlsx,RO5 LA Data 2013-14 (3),"row 394, column 6",Net Current Expenditure (C7 = C3 - C6)
2013/14,E6144,,South Yorkshire Fire and Rescue Authority,O,Arts development and support,0,0.0,Revenue_Outturn__RO5__data_2013-14_by_LA.xlsx,RO5 LA Data 2013-14 (3),"row 394, column 10",Net Current Expenditure (C7 = C3 - C6)
2013/14,E6144,,South Yorkshire Fire and Rescue Authority,O,Heritage,0,0.0,Revenue_Outturn__RO5__data_2013-14_by_LA.xlsx,RO5 LA Data 2013-14 (3),"row 394, column 14",Net Current Expenditure (C7 = C3 - C6)
2013/14,E6144,,South Yorkshire Fire and Rescue Authority,O,Museums and galleries,0,0.0,Revenue_Outturn__RO5__data_2013-14_by_LA.xlsx,RO5 LA Data 2013-14 (3),"row 394, column 18",Net Current Expenditure (C7 = C3 - C6)
2013/14,E6144,,South Yorkshire Fire and Rescue Authority,O,Theatres and public entertainment,0,0.0,Revenue_Outturn__RO5__data_2013-14_by_LA.xlsx,RO5 LA Data 2013-14 (3),"row 394, column 22",Net Current Expenditure (C7 = C3 - C6)
2013/14,E6144,,South Yorkshire Fire and Rescue Authority,O,Library service,0,0.0,Revenue_Outturn__RO5__data_2013-14_by_LA.xlsx,RO5 LA Data 2013-14 (3),"row 394, column 50",Net Current Expenditure (C7 = C3 - C6)
2013/14,E6145,,Tyne and Wear Fire and Rescue Authority,O,Archives,0,0.0,Revenue_Outturn__RO5__data_2013-14_by_LA.xlsx,RO5 LA Data 2013-14 (3),"row 395, column 6",Net Current Expenditure (C7 = C3 - C6)
2013/14,E6145,,Tyne and Wear Fire and Rescue Authority,O,Arts development and support,0,0.0,Revenue_Outturn__RO5__data_2013-14_by_LA.xlsx,RO5 LA Data 2013-14 (3),"row 395, column 10",Net Current Expenditure (C7 = C3 - C6)
2013/14,E6145,,Tyne and Wear Fire and Rescue Authority,O,Heritage,0,0.0,Revenue_Outturn__RO5__data_2013-14_by_LA.xlsx,RO5 LA Data 2013-14 (3),"row 395, column 14",Net Current Expenditure (C7 = C3 - C6)
2013/14,E6145,,Tyne and Wear Fire and Rescue Authority,O,Museums and galleries,0,0.0,Revenue_Outturn__RO5__data_2013-14_by_LA.xlsx,RO5 LA Data 2013-14 (3),"row 395, column 18",Net Current Expenditure (C7 = C3 - C6)
2013/14,E6145,,Tyne and Wear Fire and Rescue Authority,O,Theatres and public entertainment,0,0.0,Revenue_Outturn__RO5__data_2013-14_by_LA.xlsx,RO5 LA Data 2013-14 (3),"row 395, column 22",Net Current Expenditure (C7 = C3 - C6)
2013/14,E6145,,Tyne and Wear Fire and Rescue Authority,O,Library service,0,0.0,Revenue_Outturn__RO5__data_2013-14_by_LA.xlsx,RO5 LA Data 2013-14 (3),"row 395, column 50",Net Current Expenditure (C7 = C3 - C6)
2013/14,E6146,,West Midlands Fire and Rescue Authority,O,Archives,0,0.0,Revenue_Outturn__RO5__data_2013-14_by_LA.xlsx,RO5 LA Data 2013-14 (3),"row 396, column 6",Net Current Expenditure (C7 = C3 - C6)
2013/14,E6146,,West Midlands Fire and Rescue Authority,O,Arts development and support,0,0.0,Revenue_Outturn__RO5__data_2013-14_by_LA.xlsx,RO5 LA Data 2013-14 (3),"row 396, column 10",Net Current Expenditure (C7 = C3 - C6)
2013/14,E6146,,West Midlands Fire and Rescue Authority,O,Heritage,0,0.0,Revenue_Outturn__RO5__data_2013-14_by_LA.xlsx,RO5 LA Data 2013-14 (3),"row 396, column 14",Net Current Expenditure (C7 = C3 - C6)
2013/14,E6146,,West Midlands Fire and Rescue Authority,O,Museums and galleries,0,0.0,Revenue_Outturn__RO5__data_2013-14_by_LA.xlsx,RO5 LA Data 2013-14 (3),"row 396, column 18",Net Current Expenditure (C7 = C3 - C6)
2013/14,E6146,,West Midlands Fire and Rescue Authority,O,Theatres and public entertainment,0,0.0,Revenue_Outturn__RO5__data_2013-14_by_LA.xlsx,RO5 LA Data 2013-14 (3),"row 396, column 22",Net Current Expenditure (C7 = C3 - C6)
2013/14,E6146,,West Midlands Fire and Rescue Authority,O,Library service,0,0.0,Revenue_Outturn__RO5__data_2013-14_by_LA.xlsx,RO5 LA Data 2013-14 (3),"row 396, column 50",Net Current Expenditure (C7 = C3 - C6)
2013/14,E6147,,West Yorkshire Fire and Rescue Authority,O,Archives,0,0.0,Revenue_Outturn__RO5__data_2013-14_by_LA.xlsx,RO5 LA Data 2013-14 (3),"row 397, column 6",Net Current Expenditure (C7 = C3 - C6)
2013/14,E6147,,West Yorkshire Fire and Rescue Authority,O,Arts development and support,0,0.0,Revenue_Outturn__RO5__data_2013-14_by_LA.xlsx,RO5 LA Data 2013-14 (3),"row 397, column 10",Net Current Expenditure (C7 = C3 - C6)
2013/14,E6147,,West Yorkshire Fire and Rescue Authority,O,Heritage,0,0.0,Revenue_Outturn__RO5__data_2013-14_by_LA.xlsx,RO5 LA Data 2013-14 (3),"row 397, column 14",Net Current Expenditure (C7 = C3 - C6)
2013/14,E6147,,West Yorkshire Fire and Rescue Authority,O,Museums and galleries,0,0.0,Revenue_Outturn__RO5__data_2013-14_by_LA.xlsx,RO5 LA Data 2013-14 (3),"row 397, column 18",Net Current Expenditure (C7 = C3 - C6)
2013/14,E6147,,West Yorkshire Fire and Rescue Authority,O,Theatres and public entertainment,0,0.0,Revenue_Outturn__RO5__data_2013-14_by_LA.xlsx,RO5 LA Data 2013-14 (3),"row 397, column 22",Net Current Expenditure (C7 = C3 - C6)
2013/14,E6147,,West Yorkshire Fire and Rescue Authority,O,Library service,0,0.0,Revenue_Outturn__RO5__data_2013-14_by_LA.xlsx,RO5 LA Data 2013-14 (3),"row 397, column 50",Net Current Expenditure (C7 = C3 - C6)
2013/14,E6161,,Devon and Somerset Combined Fire and Rescue Authority,O,Archives,0,0.0,Revenue_Outturn__RO5__data_2013-14_by_LA.xlsx,RO5 LA Data 2013-14 (3),"row 398, column 6",Net Current Expenditure (C7 = C3 - C6)
2013/14,E6161,,Devon and Somerset Combined Fire and Rescue Authority,O,Arts development and support,0,0.0,Revenue_Outturn__RO5__data_2013-14_by_LA.xlsx,RO5 LA Data 2013-14 (3),"row 398, column 10",Net Current Expenditure (C7 = C3 - C6)
2013/14,E6161,,Devon and Somerset Combined Fire and Rescue Authority,O,Heritage,0,0.0,Revenue_Outturn__RO5__data_2013-14_by_LA.xlsx,RO5 LA Data 2013-14 (3),"row 398, column 14",Net Current Expenditure (C7 = C3 - C6)
2013/14,E6161,,Devon and Somerset Combined Fire and Rescue Authority,O,Museums and galleries,0,0.0,Revenue_Outturn__RO5__data_2013-14_by_LA.xlsx,RO5 LA Data 2013-14 (3),"row 398, column 18",Net Current Expenditure (C7 = C3 - C6)
2013/14,E6161,,Devon and Somerset Combined Fire and Rescue Authority,O,Theatres and public entertainment,0,0.0,Revenue_Outturn__RO5__data_2013-14_by_LA.xlsx,RO5 LA Data 2013-14 (3),"row 398, column 22",Net Current Expenditure (C7 = C3 - C6)
2013/14,E6161,,Devon and Somerset Combined Fire and Rescue Authority,O,Library service,0,0.0,Revenue_Outturn__RO5__data_2013-14_by_LA.xlsx,RO5 LA Data 2013-14 (3),"row 398, column 50",Net Current Expenditure (C7 = C3 - C6)
2013/14,E6201,,East London Waste Authority,O,Archives,0,0.0,Revenue_Outturn__RO5__data_2013-14_by_LA.xlsx,RO5 LA Data 2013-14 (3),"row 399, column 6",Net Current Expenditure (C7 = C3 - C6)
2013/14,E6201,,East London Waste Authority,O,Arts development and support,0,0.0,Revenue_Outturn__RO5__data_2013-14_by_LA.xlsx,RO5 LA Data 2013-14 (3),"row 399, column 10",Net Current Expenditure (C7 = C3 - C6)
2013/14,E6201,,East London Waste Authority,O,Heritage,0,0.0,Revenue_Outturn__RO5__data_2013-14_by_LA.xlsx,RO5 LA Data 2013-14 (3),"row 399, column 14",Net Current Expenditure (C7 = C3 - C6)
2013/14,E6201,,East London Waste Authority,O,Museums and galleries,0,0.0,Revenue_Outturn__RO5__data_2013-14_by_LA.xlsx,RO5 LA Data 2013-14 (3),"row 399, column 18",Net Current Expenditure (C7 = C3 - C6)
2013/14,E6201,,East London Waste Authority,O,Theatres and public entertainment,0,0.0,Revenue_Outturn__RO5__data_2013-14_by_LA.xlsx,RO5 LA Data 2013-14 (3),"row 399, column 22",Net Current Expenditure (C7 = C3 - C6)
2013/14,E6201,,East London Waste Authority,O,Library service,0,0.0,Revenue_Outturn__RO5__data_2013-14_by_LA.xlsx,RO5 LA Data 2013-14 (3),"row 399, column 50",Net Current Expenditure (C7 = C3 - C6)
2013/14,E6202,,Greater Manchester Waste Authority,O,Archives,0,0.0,Revenue_Outturn__RO5__data_2013-14_by_LA.xlsx,RO5 LA Data 2013-14 (3),"row 400, column 6",Net Current Expenditure (C7 = C3 - C6)
2013/14,E6202,,Greater Manchester Waste Authority,O,Arts development and support,0,0.0,Revenue_Outturn__RO5__data_2013-14_by_LA.xlsx,RO5 LA Data 2013-14 (3),"row 400, column 10",Net Current Expenditure (C7 = C3 - C6)
2013/14,E6202,,Greater Manchester Waste Authority,O,Heritage,0,0.0,Revenue_Outturn__RO5__data_2013-14_by_LA.xlsx,RO5 LA Data 2013-14 (3),"row 400, column 14",Net Current Expenditure (C7 = C3 - C6)
2013/14,E6202,,Greater Manchester Waste Authority,O,Museums and galleries,0,0.0,Revenue_Outturn__RO5__data_2013-14_by_LA.xlsx,RO5 LA Data 2013-14 (3),"row 400, column 18",Net Current Expenditure (C7 = C3 - C6)
2013/14,E6202,,Greater Manchester Waste Authority,O,Theatres and public entertainment,0,0.0,Revenue_Outturn__RO5__data_2013-14_by_LA.xlsx,RO5 LA Data 2013-14 (3),"row 400, column 22",Net Current Expenditure (C7 = C3 - C6)
2013/14,E6202,,Greater Manchester Waste Authority,O,Library service,0,0.0,Revenue_Outturn__RO5__data_2013-14_by_LA.xlsx,RO5 LA Data 2013-14 (3),"row 400, column 50",Net Current Expenditure (C7 = C3 - C6)
2013/14,E6204,,Merseyside Waste Authority,O,Archives,0,0.0,Revenue_Outturn__RO5__data_2013-14_by_LA.xlsx,RO5 LA Data 2013-14 (3),"row 401, column 6",Net Current Expenditure (C7 = C3 - C6)
2013/14,E6204,,Merseyside Waste Authority,O,Arts development and support,0,0.0,Revenue_Outturn__RO5__data_2013-14_by_LA.xlsx,RO5 LA Data 2013-14 (3),"row 401, column 10",Net Current Expenditure (C7 = C3 - C6)
2013/14,E6204,,Merseyside Waste Authority,O,Heritage,0,0.0,Revenue_Outturn__RO5__data_2013-14_by_LA.xlsx,RO5 LA Data 2013-14 (3),"row 401, column 14",Net Current Expenditure (C7 = C3 - C6)
2013/14,E6204,,Merseyside Waste Authority,O,Museums and galleries,0,0.0,Revenue_Outturn__RO5__data_2013-14_by_LA.xlsx,RO5 LA Data 2013-14 (3),"row 401, column 18",Net Current Expenditure (C7 = C3 - C6)
2013/14,E6204,,Merseyside Waste Authority,O,Theatres and public entertainment,0,0.0,Revenue_Outturn__RO5__data_2013-14_by_LA.xlsx,RO5 LA Data 2013-14 (3),"row 401, column 22",Net Current Expenditure (C7 = C3 - C6)
2013/14,E6204,,Merseyside Waste Authority,O,Library service,0,0.0,Revenue_Outturn__RO5__data_2013-14_by_LA.xlsx,RO5 LA Data 2013-14 (3),"row 401, column 50",Net Current Expenditure (C7 = C3 - C6)
2013/14,E6205,,North London Waste Authority,O,Archives,0,0.0,Revenue_Outturn__RO5__data_2013-14_by_LA.xlsx,RO5 LA Data 2013-14 (3),"row 402, column 6",Net Current Expenditure (C7 = C3 - C6)
2013/14,E6205,,North London Waste Authority,O,Arts development and support,0,0.0,Revenue_Outturn__RO5__data_2013-14_by_LA.xlsx,RO5 LA Data 2013-14 (3),"row 402, column 10",Net Current Expenditure (C7 = C3 - C6)
2013/14,E6205,,North London Waste Authority,O,Heritage,0,0.0,Revenue_Outturn__RO5__data_2013-14_by_LA.xlsx,RO5 LA Data 2013-14 (3),"row 402, column 14",Net Current Expenditure (C7 = C3 - C6)
2013/14,E6205,,North London Waste Authority,O,Museums and galleries,0,0.0,Revenue_Outturn__RO5__data_2013-14_by_LA.xlsx,RO5 LA Data 2013-14 (3),"row 402, column 18",Net Current Expenditure (C7 = C3 - C6)
2013/14,E6205,,North London Waste Authority,O,Theatres and public entertainment,0,0.0,Revenue_Outturn__RO5__data_2013-14_by_LA.xlsx,RO5 LA Data 2013-14 (3),"row 402, column 22",Net Current Expenditure (C7 = C3 - C6)
2013/14,E6205,,North London Waste Authority,O,Library service,0,0.0,Revenue_Outturn__RO5__data_2013-14_by_LA.xlsx,RO5 LA Data 2013-14 (3),"row 402, column 50",Net Current Expenditure (C7 = C3 - C6)
2013/14,E6206,,Western Riverside Waste Authority,O,Archives,0,0.0,Revenue_Outturn__RO5__data_2013-14_by_LA.xlsx,RO5 LA Data 2013-14 (3),"row 403, column 6",Net Current Expenditure (C7 = C3 - C6)
2013/14,E6206,,Western Riverside Waste Authority,O,Arts development and support,0,0.0,Revenue_Outturn__RO5__data_2013-14_by_LA.xlsx,RO5 LA Data 2013-14 (3),"row 403, column 10",Net Current Expenditure (C7 = C3 - C6)
2013/14,E6206,,Western Riverside Waste Authority,O,Heritage,0,0.0,Revenue_Outturn__RO5__data_2013-14_by_LA.xlsx,RO5 LA Data 2013-14 (3),"row 403, column 14",Net Current Expenditure (C7 = C3 - C6)
2013/14,E6206,,Western Riverside Waste Authority,O,Museums and galleries,0,0.0,Revenue_Outturn__RO5__data_2013-14_by_LA.xlsx,RO5 LA Data 2013-14 (3),"row 403, column 18",Net Current Expenditure (C7 = C3 - C6)
2013/14,E6206,,Western Riverside Waste Authority,O,Theatres and public entertainment,0,0.0,Revenue_Outturn__RO5__data_2013-14_by_LA.xlsx,RO5 LA Data 2013-14 (3),"row 403, column 22",Net Current Expenditure (C7 = C3 - C6)
2013/14,E6206,,Western Riverside Waste Authority,O,Library service,0,0.0,Revenue_Outturn__RO5__data_2013-14_by_LA.xlsx,RO5 LA Data 2013-14 (3),"row 403, column 50",Net Current Expenditure (C7 = C3 - C6)
2013/14,E6207,,West London Waste Authority,O,Archives,0,0.0,Revenue_Outturn__RO5__data_2013-14_by_LA.xlsx,RO5 LA Data 2013-14 (3),"row 404, column 6",Net Current Expenditure (C7 = C3 - C6)
2013/14,E6207,,West London Waste Authority,O,Arts development and support,0,0.0,Revenue_Outturn__RO5__data_2013-14_by_LA.xlsx,RO5 LA Data 2013-14 (3),"row 404, column 10",Net Current Expenditure (C7 = C3 - C6)
2013/14,E6207,,West London Waste Authority,O,Heritage,0,0.0,Revenue_Outturn__RO5__data_2013-14_by_LA.xlsx,RO5 LA Data 2013-14 (3),"row 404, column 14",Net Current Expenditure (C7 = C3 - C6)
2013/14,E6207,,West London Waste Authority,O,Museums and galleries,0,0.0,Revenue_Outturn__RO5__data_2013-14_by_LA.xlsx,RO5 LA Data 2013-14 (3),"row 404, column 18",Net Current Expenditure (C7 = C3 - C6)
2013/14,E6207,,West London Waste Authority,O,Theatres and public entertainment,0,0.0,Revenue_Outturn__RO5__data_2013-14_by_LA.xlsx,RO5 LA Data 2013-14 (3),"row 404, column 22",Net Current Expenditure (C7 = C3 - C6)
2013/14,E6207,,West London Waste Authority,O,Library service,0,0.0,Revenue_Outturn__RO5__data_2013-14_by_LA.xlsx,RO5 LA Data 2013-14 (3),"row 404, column 50",Net Current Expenditure (C7 = C3 - C6)
2013/14,E6343,,Merseyside Integrated Transport Authority,O,Archives,0,0.0,Revenue_Outturn__RO5__data_2013-14_by_LA.xlsx,RO5 LA Data 2013-14 (3),"row 405, column 6",Net Current Expenditure (C7 = C3 - C6)
2013/14,E6343,,Merseyside Integrated Transport Authority,O,Arts development and support,0,0.0,Revenue_Outturn__RO5__data_2013-14_by_LA.xlsx,RO5 LA Data 2013-14 (3),"row 405, column 10",Net Current Expenditure (C7 = C3 - C6)
2013/14,E6343,,Merseyside Integrated Transport Authority,O,Heritage,0,0.0,Revenue_Outturn__RO5__data_2013-14_by_LA.xlsx,RO5 LA Data 2013-14 (3),"row 405, column 14",Net Current Expenditure (C7 = C3 - C6)
2013/14,E6343,,Merseyside Integrated Transport Authority,O,Museums and galleries,0,0.0,Revenue_Outturn__RO5__data_2013-14_by_LA.xlsx,RO5 LA Data 2013-14 (3),"row 405, column 18",Net Current Expenditure (C7 = C3 - C6)
2013/14,E6343,,Merseyside Integrated Transport Authority,O,Theatres and public entertainment,0,0.0,Revenue_Outturn__RO5__data_2013-14_by_LA.xlsx,RO5 LA Data 2013-14 (3),"row 405, column 22",Net Current Expenditure (C7 = C3 - C6)
2013/14,E6343,,Merseyside Integrated Transport Authority,O,Library service,0,0.0,Revenue_Outturn__RO5__data_2013-14_by_LA.xlsx,RO5 LA Data 2013-14 (3),"row 405, column 50",Net Current Expenditure (C7 = C3 - C6)
2013/14,E6344,,South Yorkshire Integrated Transport Authority,O,Archives,0,0.0,Revenue_Outturn__RO5__data_2013-14_by_LA.xlsx,RO5 LA Data 2013-14 (3),"row 406, column 6",Net Current Expenditure (C7 = C3 - C6)
2013/14,E6344,,South Yorkshire Integrated Transport Authority,O,Arts development and support,0,0.0,Revenue_Outturn__RO5__data_2013-14_by_LA.xlsx,RO5 LA Data 2013-14 (3),"row 406, column 10",Net Current Expenditure (C7 = C3 - C6)
2013/14,E6344,,South Yorkshire Integrated Transport Authority,O,Heritage,0,0.0,Revenue_Outturn__RO5__data_2013-14_by_LA.xlsx,RO5 LA Data 2013-14 (3),"row 406, column 14",Net Current Expenditure (C7 = C3 - C6)
2013/14,E6344,,South Yorkshire Integrated Transport Authority,O,Museums and galleries,0,0.0,Revenue_Outturn__RO5__data_2013-14_by_LA.xlsx,RO5 LA Data 2013-14 (3),"row 406, column 18",Net Current Expenditure (C7 = C3 - C6)
2013/14,E6344,,South Yorkshire Integrated Transport Authority,O,Theatres and public entertainment,0,0.0,Revenue_Outturn__RO5__data_2013-14_by_LA.xlsx,RO5 LA Data 2013-14 (3),"row 406, column 22",Net Current Expenditure (C7 = C3 - C6)
2013/14,E6344,,South Yorkshire Integrated Transport Authority,O,Library service,0,0.0,Revenue_Outturn__RO5__data_2013-14_by_LA.xlsx,RO5 LA Data 2013-14 (3),"row 406, column 50",Net Current Expenditure (C7 = C3 - C6)
2013/14,E6345,,Tyne and Wear Integrated Transport Authority,O,Archives,0,0.0,Revenue_Outturn__RO5__data_2013-14_by_LA.xlsx,RO5 LA Data 2013-14 (3),"row 407, column 6",Net Current Expenditure (C7 = C3 - C6)
2013/14,E6345,,Tyne and Wear Integrated Transport Authority,O,Arts development and support,0,0.0,Revenue_Outturn__RO5__data_2013-14_by_LA.xlsx,RO5 LA Data 2013-14 (3),"row 407, column 10",Net Current Expenditure (C7 = C3 - C6)
2013/14,E6345,,Tyne and Wear Integrated Transport Authority,O,Heritage,0,0.0,Revenue_Outturn__RO5__data_2013-14_by_LA.xlsx,RO5 LA Data 2013-14 (3),"row 407, column 14",Net Current Expenditure (C7 = C3 - C6)
2013/14,E6345,,Tyne and Wear Integrated Transport Authority,O,Museums and galleries,0,0.0,Revenue_Outturn__RO5__data_2013-14_by_LA.xlsx,RO5 LA Data 2013-14 (3),"row 407, column 18",Net Current Expenditure (C7 = C3 - C6)
2013/14,E6345,,Tyne and Wear Integrated Transport Authority,O,Theatres and public entertainment,0,0.0,Revenue_Outturn__RO5__data_2013-14_by_LA.xlsx,RO5 LA Data 2013-14 (3),"row 407, column 22",Net Current Expenditure (C7 = C3 - C6)
2013/14,E6345,,Tyne and Wear Integrated Transport Authority,O,Library service,0,0.0,Revenue_Outturn__RO5__data_2013-14_by_LA.xlsx,RO5 LA Data 2013-14 (3),"row 407, column 50",Net Current Expenditure (C7 = C3 - C6)
2013/14,E6346,,West Midlands Integrated Transport Authority,O,Archives,0,0.0,Revenue_Outturn__RO5__data_2013-14_by_LA.xlsx,RO5 LA Data 2013-14 (3),"row 408, column 6",Net Current Expenditure (C7 = C3 - C6)
2013/14,E6346,,West Midlands Integrated Transport Authority,O,Arts development and support,0,0.0,Revenue_Outturn__RO5__data_2013-14_by_LA.xlsx,RO5 LA Data 2013-14 (3),"row 408, column 10",Net Current Expenditure (C7 = C3 - C6)
2013/14,E6346,,West Midlands Integrated Transport Authority,O,Heritage,0,0.0,Revenue_Outturn__RO5__data_2013-14_by_LA.xlsx,RO5 LA Data 2013-14 (3),"row 408, column 14",Net Current Expenditure (C7 = C3 - C6)
2013/14,E6346,,West Midlands Integrated Transport Authority,O,Museums and galleries,0,0.0,Revenue_Outturn__RO5__data_2013-14_by_LA.xlsx,RO5 LA Data 2013-14 (3),"row 408, column 18",Net Current Expenditure (C7 = C3 - C6)
2013/14,E6346,,West Midlands Integrated Transport Authority,O,Theatres and public entertainment,0,0.0,Revenue_Outturn__RO5__data_2013-14_by_LA.xlsx,RO5 LA Data 2013-14 (3),"row 408, column 22",Net Current Expenditure (C7 = C3 - C6)
2013/14,E6346,,West Midlands Integrated Transport Authority,O,Library service,0,0.0,Revenue_Outturn__RO5__data_2013-14_by_LA.xlsx,RO5 LA Data 2013-14 (3),"row 408, column 50",Net Current Expenditure (C7 = C3 - C6)
2013/14,E6347,,West Yorkshire Integrated Transport Authority,O,Archives,0,0.0,Revenue_Outturn__RO5__data_2013-14_by_LA.xlsx,RO5 LA Data 2013-14 (3),"row 409, column 6",Net Current Expenditure (C7 = C3 - C6)
2013/14,E6347,,West Yorkshire Integrated Transport Authority,O,Arts development and support,0,0.0,Revenue_Outturn__RO5__data_2013-14_by_LA.xlsx,RO5 LA Data 2013-14 (3),"row 409, column 10",Net Current Expenditure (C7 = C3 - C6)
2013/14,E6347,,West Yorkshire Integrated Transport Authority,O,Heritage,0,0.0,Revenue_Outturn__RO5__data_2013-14_by_LA.xlsx,RO5 LA Data 2013-14 (3),"row 409, column 14",Net Current Expenditure (C7 = C3 - C6)
2013/14,E6347,,West Yorkshire Integrated Transport Authority,O,Museums and galleries,0,0.0,Revenue_Outturn__RO5__data_2013-14_by_LA.xlsx,RO5 LA Data 2013-14 (3),"row 409, column 18",Net Current Expenditure (C7 = C3 - C6)
2013/14,E6347,,West Yorkshire Integrated Transport Authority,O,Theatres and public entertainment,0,0.0,Revenue_Outturn__RO5__data_2013-14_by_LA.xlsx,RO5 LA Data 2013-14 (3),"row 409, column 22",Net Current Expenditure (C7 = C3 - C6)
2013/14,E6347,,West Yorkshire Integrated Transport Authority,O,Library service,0,0.0,Revenue_Outturn__RO5__data_2013-14_by_LA.xlsx,RO5 LA Data 2013-14 (3),"row 409, column 50",Net Current Expenditure (C7 = C3 - C6)
2013/14,E6348,,Greater Manchester Combined Authority,O,Archives,0,0.0,Revenue_Outturn__RO5__data_2013-14_by_LA.xlsx,RO5 LA Data 2013-14 (3),"row 410, column 6",Net Current Expenditure (C7 = C3 - C6)
2013/14,E6348,,Greater Manchester Combined Authority,O,Arts development and support,0,0.0,Revenue_Outturn__RO5__data_2013-14_by_LA.xlsx,RO5 LA Data 2013-14 (3),"row 410, column 10",Net Current Expenditure (C7 = C3 - C6)
2013/14,E6348,,Greater Manchester Combined Authority,O,Heritage,0,0.0,Revenue_Outturn__RO5__data_2013-14_by_LA.xlsx,RO5 LA Data 2013-14 (3),"row 410, column 14",Net Current Expenditure (C7 = C3 - C6)
2013/14,E6348,,Greater Manchester Combined Authority,O,Museums and galleries,0,0.0,Revenue_Outturn__RO5__data_2013-14_by_LA.xlsx,RO5 LA Data 2013-14 (3),"row 410, column 18",Net Current Expenditure (C7 = C3 - C6)
2013/14,E6348,,Greater Manchester Combined Authority,O,Theatres and public entertainment,0,0.0,Revenue_Outturn__RO5__data_2013-14_by_LA.xlsx,RO5 LA Data 2013-14 (3),"row 410, column 22",Net Current Expenditure (C7 = C3 - C6)
2013/14,E6348,,Greater Manchester Combined Authority,O,Library service,0,0.0,Revenue_Outturn__RO5__data_2013-14_by_LA.xlsx,RO5 LA Data 2013-14 (3),"row 410, column 50",Net Current Expenditure (C7 = C3 - C6)
2013/14,E6401,,Dartmoor National Park Authority,O,Archives,0,0.0,Revenue_Outturn__RO5__data_2013-14_by_LA.xlsx,RO5 LA Data 2013-14 (3),"row 411, column 6",Net Current Expenditure (C7 = C3 - C6)
2013/14,E6401,,Dartmoor National Park Authority,O,Arts development and support,0,0.0,Revenue_Outturn__RO5__data_2013-14_by_LA.xlsx,RO5 LA Data 2013-14 (3),"row 411, column 10",Net Current Expenditure (C7 = C3 - C6)
2013/14,E6401,,Dartmoor National Park Authority,O,Heritage,236,236000.0,Revenue_Outturn__RO5__data_2013-14_by_LA.xlsx,RO5 LA Data 2013-14 (3),"row 411, column 14",Net Current Expenditure (C7 = C3 - C6)
2013/14,E6401,,Dartmoor National Park Authority,O,Museums and galleries,0,0.0,Revenue_Outturn__RO5__data_2013-14_by_LA.xlsx,RO5 LA Data 2013-14 (3),"row 411, column 18",Net Current Expenditure (C7 = C3 - C6)
2013/14,E6401,,Dartmoor National Park Authority,O,Theatres and public entertainment,0,0.0,Revenue_Outturn__RO5__data_2013-14_by_LA.xlsx,RO5 LA Data 2013-14 (3),"row 411, column 22",Net Current Expenditure (C7 = C3 - C6)
2013/14,E6401,,Dartmoor National Park Authority,O,Library service,0,0.0,Revenue_Outturn__RO5__data_2013-14_by_LA.xlsx,RO5 LA Data 2013-14 (3),"row 411, column 50",Net Current Expenditure (C7 = C3 - C6)
2013/14,E6402,,Exmoor National Park Authority,O,Archives,0,0.0,Revenue_Outturn__RO5__data_2013-14_by_LA.xlsx,RO5 LA Data 2013-14 (3),"row 412, column 6",Net Current Expenditure (C7 = C3 - C6)
2013/14,E6402,,Exmoor National Park Authority,O,Arts development and support,0,0.0,Revenue_Outturn__RO5__data_2013-14_by_LA.xlsx,RO5 LA Data 2013-14 (3),"row 412, column 10",Net Current Expenditure (C7 = C3 - C6)
2013/14,E6402,,Exmoor National Park Authority,O,Heritage,155,155000.0,Revenue_Outturn__RO5__data_2013-14_by_LA.xlsx,RO5 LA Data 2013-14 (3),"row 412, column 14",Net Current Expenditure (C7 = C3 - C6)
2013/14,E6402,,Exmoor National Park Authority,O,Museums and galleries,0,0.0,Revenue_Outturn__RO5__data_2013-14_by_LA.xlsx,RO5 LA Data 2013-14 (3),"row 412, column 18",Net Current Expenditure (C7 = C3 - C6)
2013/14,E6402,,Exmoor National Park Authority,O,Theatres and public entertainment,0,0.0,Revenue_Outturn__RO5__data_2013-14_by_LA.xlsx,RO5 LA Data 2013-14 (3),"row 412, column 22",Net Current Expenditure (C7 = C3 - C6)
2013/14,E6402,,Exmoor National Park Authority,O,Library service,0,0.0,Revenue_Outturn__RO5__data_2013-14_by_LA.xlsx,RO5 LA Data 2013-14 (3),"row 412, column 50",Net Current Expenditure (C7 = C3 - C6)
2013/14,E6403,,Lake District National Park Authority,O,Archives,0,0.0,Revenue_Outturn__RO5__data_2013-14_by_LA.xlsx,RO5 LA Data 2013-14 (3),"row 413, column 6",Net Current Expenditure (C7 = C3 - C6)
2013/14,E6403,,Lake District National Park Authority,O,Arts development and support,0,0.0,Revenue_Outturn__RO5__data_2013-14_by_LA.xlsx,RO5 LA Data 2013-14 (3),"row 413, column 10",Net Current Expenditure (C7 = C3 - C6)
2013/14,E6403,,Lake District National Park Authority,O,Heritage,103,103000.0,Revenue_Outturn__RO5__data_2013-14_by_LA.xlsx,RO5 LA Data 2013-14 (3),"row 413, column 14",Net Current Expenditure (C7 = C3 - C6)
2013/14,E6403,,Lake District National Park Authority,O,Museums and galleries,0,0.0,Revenue_Outturn__RO5__data_2013-14_by_LA.xlsx,RO5 LA Data 2013-14 (3),"row 413, column 18",Net Current Expenditure (C7 = C3 - C6)
2013/14,E6403,,Lake District National Park Authority,O,Theatres and public entertainment,0,0.0,Revenue_Outturn__RO5__data_2013-14_by_LA.xlsx,RO5 LA Data 2013-14 (3),"row 413, column 22",Net Current Expenditure (C7 = C3 - C6)
2013/14,E6403,,Lake District National Park Authority,O,Library service,0,0.0,Revenue_Outturn__RO5__data_2013-14_by_LA.xlsx,RO5 LA Data 2013-14 (3),"row 413, column 50",Net Current Expenditure (C7 = C3 - C6)
2013/14,E6404,,North York Moors National Park Authority,O,Archives,0,0.0,Revenue_Outturn__RO5__data_2013-14_by_LA.xlsx,RO5 LA Data 2013-14 (3),"row 414, column 6",Net Current Expenditure (C7 = C3 - C6)
2013/14,E6404,,North York Moors National Park Authority,O,Arts development and support,0,0.0,Revenue_Outturn__RO5__data_2013-14_by_LA.xlsx,RO5 LA Data 2013-14 (3),"row 414, column 10",Net Current Expenditure (C7 = C3 - C6)
2013/14,E6404,,North York Moors National Park Authority,O,Heritage,0,0.0,Revenue_Outturn__RO5__data_2013-14_by_LA.xlsx,RO5 LA Data 2013-14 (3),"row 414, column 14",Net Current Expenditure (C7 = C3 - C6)
2013/14,E6404,,North York Moors National Park Authority,O,Museums and galleries,0,0.0,Revenue_Outturn__RO5__data_2013-14_by_LA.xlsx,RO5 LA Data 2013-14 (3),"row 414, column 18",Net Current Expenditure (C7 = C3 - C6)
2013/14,E6404,,North York Moors National Park Authority,O,Theatres and public entertainment,0,0.0,Revenue_Outturn__RO5__data_2013-14_by_LA.xlsx,RO5 LA Data 2013-14 (3),"row 414, column 22",Net Current Expenditure (C7 = C3 - C6)
2013/14,E6404,,North York Moors National Park Authority,O,Library service,0,0.0,Revenue_Outturn__RO5__data_2013-14_by_LA.xlsx,RO5 LA Data 2013-14 (3),"row 414, column 50",Net Current Expenditure (C7 = C3 - C6)
2013/14,E6405,,Northumberland National Park Authority,O,Archives,0,0.0,Revenue_Outturn__RO5__data_2013-14_by_LA.xlsx,RO5 LA Data 2013-14 (3),"row 415, column 6",Net Current Expenditure (C7 = C3 - C6)
2013/14,E6405,,Northumberland National Park Authority,O,Arts development and support,0,0.0,Revenue_Outturn__RO5__data_2013-14_by_LA.xlsx,RO5 LA Data 2013-14 (3),"row 415, column 10",Net Current Expenditure (C7 = C3 - C6)
2013/14,E6405,,Northumberland National Park Authority,O,Heritage,121,121000.0,Revenue_Outturn__RO5__data_2013-14_by_LA.xlsx,RO5 LA Data 2013-14 (3),"row 415, column 14",Net Current Expenditure (C7 = C3 - C6)
2013/14,E6405,,Northumberland National Park Authority,O,Museums and galleries,0,0.0,Revenue_Outturn__RO5__data_2013-14_by_LA.xlsx,RO5 LA Data 2013-14 (3),"row 415, column 18",Net Current Expenditure (C7 = C3 - C6)
2013/14,E6405,,Northumberland National Park Authority,O,Theatres and public entertainment,0,0.0,Revenue_Outturn__RO5__data_2013-14_by_LA.xlsx,RO5 LA Data 2013-14 (3),"row 415, column 22",Net Current Expenditure (C7 = C3 - C6)
2013/14,E6405,,Northumberland National Park Authority,O,Library service,0,0.0,Revenue_Outturn__RO5__data_2013-14_by_LA.xlsx,RO5 LA Data 2013-14 (3),"row 415, column 50",Net Current Expenditure (C7 = C3 - C6)
2013/14,E6406,,Peak District National Park Authority,O,Archives,0,0.0,Revenue_Outturn__RO5__data_2013-14_by_LA.xlsx,RO5 LA Data 2013-14 (3),"row 416, column 6",Net Current Expenditure (C7 = C3 - C6)
2013/14,E6406,,Peak District National Park Authority,O,Arts development and support,0,0.0,Revenue_Outturn__RO5__data_2013-14_by_LA.xlsx,RO5 LA Data 2013-14 (3),"row 416, column 10",Net Current Expenditure (C7 = C3 - C6)
2013/14,E6406,,Peak District National Park Authority,O,Heritage,0,0.0,Revenue_Outturn__RO5__data_2013-14_by_LA.xlsx,RO5 LA Data 2013-14 (3),"row 416, column 14",Net Current Expenditure (C7 = C3 - C6)
2013/14,E6406,,Peak District National Park Authority,O,Museums and galleries,0,0.0,Revenue_Outturn__RO5__data_2013-14_by_LA.xlsx,RO5 LA Data 2013-14 (3),"row 416, column 18",Net Current Expenditure (C7 = C3 - C6)
2013/14,E6406,,Peak District National Park Authority,O,Theatres and public entertainment,0,0.0,Revenue_Outturn__RO5__data_2013-14_by_LA.xlsx,RO5 LA Data 2013-14 (3),"row 416, column 22",Net Current Expenditure (C7 = C3 - C6)
2013/14,E6406,,Peak District National Park Authority,O,Library service,0,0.0,Revenue_Outturn__RO5__data_2013-14_by_LA.xlsx,RO5 LA Data 2013-14 (3),"row 416, column 50",Net Current Expenditure (C7 = C3 - C6)
2013/14,E6407,,Yorkshire Dales National Park Authority,O,Archives,0,0.0,Revenue_Outturn__RO5__data_2013-14_by_LA.xlsx,RO5 LA Data 2013-14 (3),"row 417, column 6",Net Current Expenditure (C7 = C3 - C6)
2013/14,E6407,,Yorkshire Dales National Park Authority,O,Arts development and support,0,0.0,Revenue_Outturn__RO5__data_2013-14_by_LA.xlsx,RO5 LA Data 2013-14 (3),"row 417, column 10",Net Current Expenditure (C7 = C3 - C6)
2013/14,E6407,,Yorkshire Dales National Park Authority,O,Heritage,0,0.0,Revenue_Outturn__RO5__data_2013-14_by_LA.xlsx,RO5 LA Data 2013-14 (3),"row 417, column 14",Net Current Expenditure (C7 = C3 - C6)
2013/14,E6407,,Yorkshire Dales National Park Authority,O,Museums and galleries,167,167000.0,Revenue_Outturn__RO5__data_2013-14_by_LA.xlsx,RO5 LA Data 2013-14 (3),"row 417, column 18",Net Current Expenditure (C7 = C3 - C6)
2013/14,E6407,,Yorkshire Dales National Park Authority,O,Theatres and public entertainment,0,0.0,Revenue_Outturn__RO5__data_2013-14_by_LA.xlsx,RO5 LA Data 2013-14 (3),"row 417, column 22",Net Current Expenditure (C7 = C3 - C6)
2013/14,E6407,,Yorkshire Dales National Park Authority,O,Library service,0,0.0,Revenue_Outturn__RO5__data_2013-14_by_LA.xlsx,RO5 LA Data 2013-14 (3),"row 417, column 50",Net Current Expenditure (C7 = C3 - C6)
2013/14,E6408,,"Broads, The",O,Archives,0,0.0,Revenue_Outturn__RO5__data_2013-14_by_LA.xlsx,RO5 LA Data 2013-14 (3),"row 418, column 6",Net Current Expenditure (C7 = C3 - C6)
2013/14,E6408,,"Broads, The",O,Arts development and support,0,0.0,Revenue_Outturn__RO5__data_2013-14_by_LA.xlsx,RO5 LA Data 2013-14 (3),"row 418, column 10",Net Current Expenditure (C7 = C3 - C6)
2013/14,E6408,,"Broads, The",O,Heritage,0,0.0,Revenue_Outturn__RO5__data_2013-14_by_LA.xlsx,RO5 LA Data 2013-14 (3),"row 418, column 14",Net Current Expenditure (C7 = C3 - C6)
2013/14,E6408,,"Broads, The",O,Museums and galleries,0,0.0,Revenue_Outturn__RO5__data_2013-14_by_LA.xlsx,RO5 LA Data 2013-14 (3),"row 418, column 18",Net Current Expenditure (C7 = C3 - C6)
2013/14,E6408,,"Broads, The",O,Theatres and public entertainment,0,0.0,Revenue_Outturn__RO5__data_2013-14_by_LA.xlsx,RO5 LA Data 2013-14 (3),"row 418, column 22",Net Current Expenditure (C7 = C3 - C6)
2013/14,E6408,,"Broads, The",O,Library service,0,0.0,Revenue_Outturn__RO5__data_2013-14_by_LA.xlsx,RO5 LA Data 2013-14 (3),"row 418, column 50",Net Current Expenditure (C7 = C3 - C6)
2013/14,E6409,,New Forest National Park Authority,O,Archives,0,0.0,Revenue_Outturn__RO5__data_2013-14_by_LA.xlsx,RO5 LA Data 2013-14 (3),"row 419, column 6",Net Current Expenditure (C7 = C3 - C6)
2013/14,E6409,,New Forest National Park Authority,O,Arts development and support,0,0.0,Revenue_Outturn__RO5__data_2013-14_by_LA.xlsx,RO5 LA Data 2013-14 (3),"row 419, column 10",Net Current Expenditure (C7 = C3 - C6)
2013/14,E6409,,New Forest National Park Authority,O,Heritage,770,770000.0,Revenue_Outturn__RO5__data_2013-14_by_LA.xlsx,RO5 LA Data 2013-14 (3),"row 419, column 14",Net Current Expenditure (C7 = C3 - C6)
2013/14,E6409,,New Forest National Park Authority,O,Museums and galleries,0,0.0,Revenue_Outturn__RO5__data_2013-14_by_LA.xlsx,RO5 LA Data 2013-14 (3),"row 419, column 18",Net Current Expenditure (C7 = C3 - C6)
2013/14,E6409,,New Forest National Park Authority,O,Theatres and public entertainment,0,0.0,Revenue_Outturn__RO5__data_2013-14_by_LA.xlsx,RO5 LA Data 2013-14 (3),"row 419, column 22",Net Current Expenditure (C7 = C3 - C6)
2013/14,E6409,,New Forest National Park Authority,O,Library service,0,0.0,Revenue_Outturn__RO5__data_2013-14_by_LA.xlsx,RO5 LA Data 2013-14 (3),"row 419, column 50",Net Current Expenditure (C7 = C3 - C6)
2013/14,E6410,,South Downs National Park Authority,O,Archives,0,0.0,Revenue_Outturn__RO5__data_2013-14_by_LA.xlsx,RO5 LA Data 2013-14 (3),"row 420, column 6",Net Current Expenditure (C7 = C3 - C6)
2013/14,E6410,,South Downs National Park Authority,O,Arts development and support,0,0.0,Revenue_Outturn__RO5__data_2013-14_by_LA.xlsx,RO5 LA Data 2013-14 (3),"row 420, column 10",Net Current Expenditure (C7 = C3 - C6)
2013/14,E6410,,South Downs National Park Authority,O,Heritage,320,320000.0,Revenue_Outturn__RO5__data_2013-14_by_LA.xlsx,RO5 LA Data 2013-14 (3),"row 420, column 14",Net Current Expenditure (C7 = C3 - C6)
2013/14,E6410,,South Downs National Park Authority,O,Museums and galleries,0,0.0,Revenue_Outturn__RO5__data_2013-14_by_LA.xlsx,RO5 LA Data 2013-14 (3),"row 420, column 18",Net Current Expenditure (C7 = C3 - C6)
2013/14,E6410,,South Downs National Park Authority,O,Theatres and public entertainment,0,0.0,Revenue_Outturn__RO5__data_2013-14_by_LA.xlsx,RO5 LA Data 2013-14 (3),"row 420, column 22",Net Current Expenditure (C7 = C3 - C6)
2013/14,E6410,,South Downs National Park Authority,O,Library service,0,0.0,Revenue_Outturn__RO5__data_2013-14_by_LA.xlsx,RO5 LA Data 2013-14 (3),"row 420, column 50",Net Current Expenditure (C7 = C3 - C6)
2013/14,E6803,,Lee Valley Regional Park Authority,O,Archives,0,0.0,Revenue_Outturn__RO5__data_2013-14_by_LA.xlsx,RO5 LA Data 2013-14 (3),"row 421, column 6",Net Current Expenditure (C7 = C3 - C6)
2013/14,E6803,,Lee Valley Regional Park Authority,O,Arts development and support,0,0.0,Revenue_Outturn__RO5__data_2013-14_by_LA.xlsx,RO5 LA Data 2013-14 (3),"row 421, column 10",Net Current Expenditure (C7 = C3 - C6)
2013/14,E6803,,Lee Valley Regional Park Authority,O,Heritage,41,41000.0,Revenue_Outturn__RO5__data_2013-14_by_LA.xlsx,RO5 LA Data 2013-14 (3),"row 421, column 14",Net Current Expenditure (C7 = C3 - C6)
2013/14,E6803,,Lee Valley Regional Park Authority,O,Museums and galleries,0,0.0,Revenue_Outturn__RO5__data_2013-14_by_LA.xlsx,RO5 LA Data 2013-14 (3),"row 421, column 18",Net Current Expenditure (C7 = C3 - C6)
2013/14,E6803,,Lee Valley Regional Park Authority,O,Theatres and public entertainment,0,0.0,Revenue_Outturn__RO5__data_2013-14_by_LA.xlsx,RO5 LA Data 2013-14 (3),"row 421, column 22",Net Current Expenditure (C7 = C3 - C6)
2013/14,E6803,,Lee Valley Regional Park Authority,O,Library service,0,0.0,Revenue_Outturn__RO5__data_2013-14_by_LA.xlsx,RO5 LA Data 2013-14 (3),"row 421, column 50",Net Current Expenditure (C7 = C3 - C6)
2013/14,E7002,,Bedfordshire Police and Crime Commissioner and Chief Constable,O,Archives,0,0.0,Revenue_Outturn__RO5__data_2013-14_by_LA.xlsx,RO5 LA Data 2013-14 (3),"row 422, column 6",Net Current Expenditure (C7 = C3 - C6)
2013/14,E7002,,Bedfordshire Police and Crime Commissioner and Chief Constable,O,Arts development and support,0,0.0,Revenue_Outturn__RO5__data_2013-14_by_LA.xlsx,RO5 LA Data 2013-14 (3),"row 422, column 10",Net Current Expenditure (C7 = C3 - C6)
2013/14,E7002,,Bedfordshire Police and Crime Commissioner and Chief Constable,O,Heritage,0,0.0,Revenue_Outturn__RO5__data_2013-14_by_LA.xlsx,RO5 LA Data 2013-14 (3),"row 422, column 14",Net Current Expenditure (C7 = C3 - C6)
2013/14,E7002,,Bedfordshire Police and Crime Commissioner and Chief Constable,O,Museums and galleries,0,0.0,Revenue_Outturn__RO5__data_2013-14_by_LA.xlsx,RO5 LA Data 2013-14 (3),"row 422, column 18",Net Current Expenditure (C7 = C3 - C6)
2013/14,E7002,,Bedfordshire Police and Crime Commissioner and Chief Constable,O,Theatres and public entertainment,0,0.0,Revenue_Outturn__RO5__data_2013-14_by_LA.xlsx,RO5 LA Data 2013-14 (3),"row 422, column 22",Net Current Expenditure (C7 = C3 - C6)
2013/14,E7002,,Bedfordshire Police and Crime Commissioner and Chief Constable,O,Library service,0,0.0,Revenue_Outturn__RO5__data_2013-14_by_LA.xlsx,RO5 LA Data 2013-14 (3),"row 422, column 50",Net Current Expenditure (C7 = C3 - C6)
2013/14,E7005,,Cambridgeshire Police and Crime Commissioner and Chief Constable,O,Archives,0,0.0,Revenue_Outturn__RO5__data_2013-14_by_LA.xlsx,RO5 LA Data 2013-14 (3),"row 423, column 6",Net Current Expenditure (C7 = C3 - C6)
2013/14,E7005,,Cambridgeshire Police and Crime Commissioner and Chief Constable,O,Arts development and support,0,0.0,Revenue_Outturn__RO5__data_2013-14_by_LA.xlsx,RO5 LA Data 2013-14 (3),"row 423, column 10",Net Current Expenditure (C7 = C3 - C6)
2013/14,E7005,,Cambridgeshire Police and Crime Commissioner and Chief Constable,O,Heritage,0,0.0,Revenue_Outturn__RO5__data_2013-14_by_LA.xlsx,RO5 LA Data 2013-14 (3),"row 423, column 14",Net Current Expenditure (C7 = C3 - C6)
2013/14,E7005,,Cambridgeshire Police and Crime Commissioner and Chief Constable,O,Museums and galleries,0,0.0,Revenue_Outturn__RO5__data_2013-14_by_LA.xlsx,RO5 LA Data 2013-14 (3),"row 423, column 18",Net Current Expenditure (C7 = C3 - C6)
2013/14,E7005,,Cambridgeshire Police and Crime Commissioner and Chief Constable,O,Theatres and public entertainment,0,0.0,Revenue_Outturn__RO5__data_2013-14_by_LA.xlsx,RO5 LA Data 2013-14 (3),"row 423, column 22",Net Current Expenditure (C7 = C3 - C6)
2013/14,E7005,,Cambridgeshire Police and Crime Commissioner and Chief Constable,O,Library service,0,0.0,Revenue_Outturn__RO5__data_2013-14_by_LA.xlsx,RO5 LA Data 2013-14 (3),"row 423, column 50",Net Current Expenditure (C7 = C3 - C6)
2013/14,E7006,,Cheshire Police and Crime Commissioner and Chief Constable,O,Archives,0,0.0,Revenue_Outturn__RO5__data_2013-14_by_LA.xlsx,RO5 LA Data 2013-14 (3),"row 424, column 6",Net Current Expenditure (C7 = C3 - C6)
2013/14,E7006,,Cheshire Police and Crime Commissioner and Chief Constable,O,Arts development and support,0,0.0,Revenue_Outturn__RO5__data_2013-14_by_LA.xlsx,RO5 LA Data 2013-14 (3),"row 424, column 10",Net Current Expenditure (C7 = C3 - C6)
2013/14,E7006,,Cheshire Police and Crime Commissioner and Chief Constable,O,Heritage,0,0.0,Revenue_Outturn__RO5__data_2013-14_by_LA.xlsx,RO5 LA Data 2013-14 (3),"row 424, column 14",Net Current Expenditure (C7 = C3 - C6)
2013/14,E7006,,Cheshire Police and Crime Commissioner and Chief Constable,O,Museums and galleries,0,0.0,Revenue_Outturn__RO5__data_2013-14_by_LA.xlsx,RO5 LA Data 2013-14 (3),"row 424, column 18",Net Current Expenditure (C7 = C3 - C6)
2013/14,E7006,,Cheshire Police and Crime Commissioner and Chief Constable,O,Theatres and public entertainment,0,0.0,Revenue_Outturn__RO5__data_2013-14_by_LA.xlsx,RO5 LA Data 2013-14 (3),"row 424, column 22",Net Current Expenditure (C7 = C3 - C6)
2013/14,E7006,,Cheshire Police and Crime Commissioner and Chief Constable,O,Library service,0,0.0,Revenue_Outturn__RO5__data_2013-14_by_LA.xlsx,RO5 LA Data 2013-14 (3),"row 424, column 50",Net Current Expenditure (C7 = C3 - C6)
2013/14,E7007,,Cleveland Police and Crime Commissioner and Chief Constable,O,Archives,0,0.0,Revenue_Outturn__RO5__data_2013-14_by_LA.xlsx,RO5 LA Data 2013-14 (3),"row 425, column 6",Net Current Expenditure (C7 = C3 - C6)
2013/14,E7007,,Cleveland Police and Crime Commissioner and Chief Constable,O,Arts development and support,0,0.0,Revenue_Outturn__RO5__data_2013-14_by_LA.xlsx,RO5 LA Data 2013-14 (3),"row 425, column 10",Net Current Expenditure (C7 = C3 - C6)
2013/14,E7007,,Cleveland Police and Crime Commissioner and Chief Constable,O,Heritage,0,0.0,Revenue_Outturn__RO5__data_2013-14_by_LA.xlsx,RO5 LA Data 2013-14 (3),"row 425, column 14",Net Current Expenditure (C7 = C3 - C6)
2013/14,E7007,,Cleveland Police and Crime Commissioner and Chief Constable,O,Museums and galleries,0,0.0,Revenue_Outturn__RO5__data_2013-14_by_LA.xlsx,RO5 LA Data 2013-14 (3),"row 425, column 18",Net Current Expenditure (C7 = C3 - C6)
2013/14,E7007,,Cleveland Police and Crime Commissioner and Chief Constable,O,Theatres and public entertainment,0,0.0,Revenue_Outturn__RO5__data_2013-14_by_LA.xlsx,RO5 LA Data 2013-14 (3),"row 425, column 22",Net Current Expenditure (C7 = C3 - C6)
2013/14,E7007,,Cleveland Police and Crime Commissioner and Chief Constable,O,Library service,0,0.0,Revenue_Outturn__RO5__data_2013-14_by_LA.xlsx,RO5 LA Data 2013-14 (3),"row 425, column 50",Net Current Expenditure (C7 = C3 - C6)
2013/14,E7009,,Cumbria Police and Crime Commissioner and Chief Constable,O,Archives,0,0.0,Revenue_Outturn__RO5__data_2013-14_by_LA.xlsx,RO5 LA Data 2013-14 (3),"row 426, column 6",Net Current Expenditure (C7 = C3 - C6)
2013/14,E7009,,Cumbria Police and Crime Commissioner and Chief Constable,O,Arts development and support,0,0.0,Revenue_Outturn__RO5__data_2013-14_by_LA.xlsx,RO5 LA Data 2013-14 (3),"row 426, column 10",Net Current Expenditure (C7 = C3 - C6)
2013/14,E7009,,Cumbria Police and Crime Commissioner and Chief Constable,O,Heritage,0,0.0,Revenue_Outturn__RO5__data_2013-14_by_LA.xlsx,RO5 LA Data 2013-14 (3),"row 426, column 14",Net Current Expenditure (C7 = C3 - C6)
2013/14,E7009,,Cumbria Police and Crime Commissioner and Chief Constable,O,Museums and galleries,0,0.0,Revenue_Outturn__RO5__data_2013-14_by_LA.xlsx,RO5 LA Data 2013-14 (3),"row 426, column 18",Net Current Expenditure (C7 = C3 - C6)
2013/14,E7009,,Cumbria Police and Crime Commissioner and Chief Constable,O,Theatres and public entertainment,0,0.0,Revenue_Outturn__RO5__data_2013-14_by_LA.xlsx,RO5 LA Data 2013-14 (3),"row 426, column 22",Net Current Expenditure (C7 = C3 - C6)
2013/14,E7009,,Cumbria Police and Crime Commissioner and Chief Constable,O,Library service,0,0.0,Revenue_Outturn__RO5__data_2013-14_by_LA.xlsx,RO5 LA Data 2013-14 (3),"row 426, column 50",Net Current Expenditure (C7 = C3 - C6)
2013/14,E7010,,Derbyshire Police and Crime Commissioner and Chief Constable,O,Archives,0,0.0,Revenue_Outturn__RO5__data_2013-14_by_LA.xlsx,RO5 LA Data 2013-14 (3),"row 427, column 6",Net Current Expenditure (C7 = C3 - C6)
2013/14,E7010,,Derbyshire Police and Crime Commissioner and Chief Constable,O,Arts development and support,0,0.0,Revenue_Outturn__RO5__data_2013-14_by_LA.xlsx,RO5 LA Data 2013-14 (3),"row 427, column 10",Net Current Expenditure (C7 = C3 - C6)
2013/14,E7010,,Derbyshire Police and Crime Commissioner and Chief Constable,O,Heritage,0,0.0,Revenue_Outturn__RO5__data_2013-14_by_LA.xlsx,RO5 LA Data 2013-14 (3),"row 427, column 14",Net Current Expenditure (C7 = C3 - C6)
2013/14,E7010,,Derbyshire Police and Crime Commissioner and Chief Constable,O,Museums and galleries,0,0.0,Revenue_Outturn__RO5__data_2013-14_by_LA.xlsx,RO5 LA Data 2013-14 (3),"row 427, column 18",Net Current Expenditure (C7 = C3 - C6)
2013/14,E7010,,Derbyshire Police and Crime Commissioner and Chief Constable,O,Theatres and public entertainment,0,0.0,Revenue_Outturn__RO5__data_2013-14_by_LA.xlsx,RO5 LA Data 2013-14 (3),"row 427, column 22",Net Current Expenditure (C7 = C3 - C6)
2013/14,E7010,,Derbyshire Police and Crime Commissioner and Chief Constable,O,Library service,0,0.0,Revenue_Outturn__RO5__data_2013-14_by_LA.xlsx,RO5 LA Data 2013-14 (3),"row 427, column 50",Net Current Expenditure (C7 = C3 - C6)
2013/14,E7012,,Dorset Police and Crime Commissioner and Chief Constable,O,Archives,0,0.0,Revenue_Outturn__RO5__data_2013-14_by_LA.xlsx,RO5 LA Data 2013-14 (3),"row 428, column 6",Net Current Expenditure (C7 = C3 - C6)
2013/14,E7012,,Dorset Police and Crime Commissioner and Chief Constable,O,Arts development and support,0,0.0,Revenue_Outturn__RO5__data_2013-14_by_LA.xlsx,RO5 LA Data 2013-14 (3),"row 428, column 10",Net Current Expenditure (C7 = C3 - C6)
2013/14,E7012,,Dorset Police and Crime Commissioner and Chief Constable,O,Heritage,0,0.0,Revenue_Outturn__RO5__data_2013-14_by_LA.xlsx,RO5 LA Data 2013-14 (3),"row 428, column 14",Net Current Expenditure (C7 = C3 - C6)
2013/14,E7012,,Dorset Police and Crime Commissioner and Chief Constable,O,Museums and galleries,0,0.0,Revenue_Outturn__RO5__data_2013-14_by_LA.xlsx,RO5 LA Data 2013-14 (3),"row 428, column 18",Net Current Expenditure (C7 = C3 - C6)
2013/14,E7012,,Dorset Police and Crime Commissioner and Chief Constable,O,Theatres and public entertainment,0,0.0,Revenue_Outturn__RO5__data_2013-14_by_LA.xlsx,RO5 LA Data 2013-14 (3),"row 428, column 22",Net Current Expenditure (C7 = C3 - C6)
2013/14,E7012,,Dorset Police and Crime Commissioner and Chief Constable,O,Library service,0,0.0,Revenue_Outturn__RO5__data_2013-14_by_LA.xlsx,RO5 LA Data 2013-14 (3),"row 428, column 50",Net Current Expenditure (C7 = C3 - C6)
2013/14,E7013,,Durham Police and Crime Commissioner and Chief Constable,O,Archives,0,0.0,Revenue_Outturn__RO5__data_2013-14_by_LA.xlsx,RO5 LA Data 2013-14 (3),"row 429, column 6",Net Current Expenditure (C7 = C3 - C6)
2013/14,E7013,,Durham Police and Crime Commissioner and Chief Constable,O,Arts development and support,0,0.0,Revenue_Outturn__RO5__data_2013-14_by_LA.xlsx,RO5 LA Data 2013-14 (3),"row 429, column 10",Net Current Expenditure (C7 = C3 - C6)
2013/14,E7013,,Durham Police and Crime Commissioner and Chief Constable,O,Heritage,0,0.0,Revenue_Outturn__RO5__data_2013-14_by_LA.xlsx,RO5 LA Data 2013-14 (3),"row 429, column 14",Net Current Expenditure (C7 = C3 - C6)
2013/14,E7013,,Durham Police and Crime Commissioner and Chief Constable,O,Museums and galleries,0,0.0,Revenue_Outturn__RO5__data_2013-14_by_LA.xlsx,RO5 LA Data 2013-14 (3),"row 429, column 18",Net Current Expenditure (C7 = C3 - C6)
2013/14,E7013,,Durham Police and Crime Commissioner and Chief Constable,O,Theatres and public entertainment,0,0.0,Revenue_Outturn__RO5__data_2013-14_by_LA.xlsx,RO5 LA Data 2013-14 (3),"row 429, column 22",Net Current Expenditure (C7 = C3 - C6)
2013/14,E7013,,Durham Police and Crime Commissioner and Chief Constable,O,Library service,0,0.0,Revenue_Outturn__RO5__data_2013-14_by_LA.xlsx,RO5 LA Data 2013-14 (3),"row 429, column 50",Net Current Expenditure (C7 = C3 - C6)
2013/14,E7015,,Essex Police and Crime Commissioner and Chief Constable,O,Archives,0,0.0,Revenue_Outturn__RO5__data_2013-14_by_LA.xlsx,RO5 LA Data 2013-14 (3),"row 430, column 6",Net Current Expenditure (C7 = C3 - C6)
2013/14,E7015,,Essex Police and Crime Commissioner and Chief Constable,O,Arts development and support,0,0.0,Revenue_Outturn__RO5__data_2013-14_by_LA.xlsx,RO5 LA Data 2013-14 (3),"row 430, column 10",Net Current Expenditure (C7 = C3 - C6)
2013/14,E7015,,Essex Police and Crime Commissioner and Chief Constable,O,Heritage,0,0.0,Revenue_Outturn__RO5__data_2013-14_by_LA.xlsx,RO5 LA Data 2013-14 (3),"row 430, column 14",Net Current Expenditure (C7 = C3 - C6)
2013/14,E7015,,Essex Police and Crime Commissioner and Chief Constable,O,Museums and galleries,0,0.0,Revenue_Outturn__RO5__data_2013-14_by_LA.xlsx,RO5 LA Data 2013-14 (3),"row 430, column 18",Net Current Expenditure (C7 = C3 - C6)
2013/14,E7015,,Essex Police and Crime Commissioner and Chief Constable,O,Theatres and public entertainment,0,0.0,Revenue_Outturn__RO5__data_2013-14_by_LA.xlsx,RO5 LA Data 2013-14 (3),"row 430, column 22",Net Current Expenditure (C7 = C3 - C6)
2013/14,E7015,,Essex Police and Crime Commissioner and Chief Constable,O,Library service,0,0.0,Revenue_Outturn__RO5__data_2013-14_by_LA.xlsx,RO5 LA Data 2013-14 (3),"row 430, column 50",Net Current Expenditure (C7 = C3 - C6)
2013/14,E7016,,Gloucestershire Police and Crime Commissioner and Chief Constable,O,Archives,0,0.0,Revenue_Outturn__RO5__data_2013-14_by_LA.xlsx,RO5 LA Data 2013-14 (3),"row 431, column 6",Net Current Expenditure (C7 = C3 - C6)
2013/14,E7016,,Gloucestershire Police and Crime Commissioner and Chief Constable,O,Arts development and support,0,0.0,Revenue_Outturn__RO5__data_2013-14_by_LA.xlsx,RO5 LA Data 2013-14 (3),"row 431, column 10",Net Current Expenditure (C7 = C3 - C6)
2013/14,E7016,,Gloucestershire Police and Crime Commissioner and Chief Constable,O,Heritage,0,0.0,Revenue_Outturn__RO5__data_2013-14_by_LA.xlsx,RO5 LA Data 2013-14 (3),"row 431, column 14",Net Current Expenditure (C7 = C3 - C6)
2013/14,E7016,,Gloucestershire Police and Crime Commissioner and Chief Constable,O,Museums and galleries,0,0.0,Revenue_Outturn__RO5__data_2013-14_by_LA.xlsx,RO5 LA Data 2013-14 (3),"row 431, column 18",Net Current Expenditure (C7 = C3 - C6)
2013/14,E7016,,Gloucestershire Police and Crime Commissioner and Chief Constable,O,Theatres and public entertainment,0,0.0,Revenue_Outturn__RO5__data_2013-14_by_LA.xlsx,RO5 LA Data 2013-14 (3),"row 431, column 22",Net Current Expenditure (C7 = C3 - C6)
2013/14,E7016,,Gloucestershire Police and Crime Commissioner and Chief Constable,O,Library service,0,0.0,Revenue_Outturn__RO5__data_2013-14_by_LA.xlsx,RO5 LA Data 2013-14 (3),"row 431, column 50",Net Current Expenditure (C7 = C3 - C6)
2013/14,E7019,,Hertfordshire Police and Crime Commissioner and Chief Constable,O,Archives,0,0.0,Revenue_Outturn__RO5__data_2013-14_by_LA.xlsx,RO5 LA Data 2013-14 (3),"row 432, column 6",Net Current Expenditure (C7 = C3 - C6)
2013/14,E7019,,Hertfordshire Police and Crime Commissioner and Chief Constable,O,Arts development and support,0,0.0,Revenue_Outturn__RO5__data_2013-14_by_LA.xlsx,RO5 LA Data 2013-14 (3),"row 432, column 10",Net Current Expenditure (C7 = C3 - C6)
2013/14,E7019,,Hertfordshire Police and Crime Commissioner and Chief Constable,O,Heritage,0,0.0,Revenue_Outturn__RO5__data_2013-14_by_LA.xlsx,RO5 LA Data 2013-14 (3),"row 432, column 14",Net Current Expenditure (C7 = C3 - C6)
2013/14,E7019,,Hertfordshire Police and Crime Commissioner and Chief Constable,O,Museums and galleries,0,0.0,Revenue_Outturn__RO5__data_2013-14_by_LA.xlsx,RO5 LA Data 2013-14 (3),"row 432, column 18",Net Current Expenditure (C7 = C3 - C6)
2013/14,E7019,,Hertfordshire Police and Crime Commissioner and Chief Constable,O,Theatres and public entertainment,0,0.0,Revenue_Outturn__RO5__data_2013-14_by_LA.xlsx,RO5 LA Data 2013-14 (3),"row 432, column 22",Net Current Expenditure (C7 = C3 - C6)
2013/14,E7019,,Hertfordshire Police and Crime Commissioner and Chief Constable,O,Library service,0,0.0,Revenue_Outturn__RO5__data_2013-14_by_LA.xlsx,RO5 LA Data 2013-14 (3),"row 432, column 50",Net Current Expenditure (C7 = C3 - C6)
2013/14,E7020,,Humberside Police and Crime Commissioner and Chief Constable,O,Archives,0,0.0,Revenue_Outturn__RO5__data_2013-14_by_LA.xlsx,RO5 LA Data 2013-14 (3),"row 433, column 6",Net Current Expenditure (C7 = C3 - C6)
2013/14,E7020,,Humberside Police and Crime Commissioner and Chief Constable,O,Arts development and support,0,0.0,Revenue_Outturn__RO5__data_2013-14_by_LA.xlsx,RO5 LA Data 2013-14 (3),"row 433, column 10",Net Current Expenditure (C7 = C3 - C6)
2013/14,E7020,,Humberside Police and Crime Commissioner and Chief Constable,O,Heritage,0,0.0,Revenue_Outturn__RO5__data_2013-14_by_LA.xlsx,RO5 LA Data 2013-14 (3),"row 433, column 14",Net Current Expenditure (C7 = C3 - C6)
2013/14,E7020,,Humberside Police and Crime Commissioner and Chief Constable,O,Museums and galleries,0,0.0,Revenue_Outturn__RO5__data_2013-14_by_LA.xlsx,RO5 LA Data 2013-14 (3),"row 433, column 18",Net Current Expenditure (C7 = C3 - C6)
2013/14,E7020,,Humberside Police and Crime Commissioner and Chief Constable,O,Theatres and public entertainment,0,0.0,Revenue_Outturn__RO5__data_2013-14_by_LA.xlsx,RO5 LA Data 2013-14 (3),"row 433, column 22",Net Current Expenditure (C7 = C3 - C6)
2013/14,E7020,,Humberside Police and Crime Commissioner and Chief Constable,O,Library service,0,0.0,Revenue_Outturn__RO5__data_2013-14_by_LA.xlsx,RO5 LA Data 2013-14 (3),"row 433, column 50",Net Current Expenditure (C7 = C3 - C6)
2013/14,E7022,,Kent Police and Crime Commissioner and Chief Constable,O,Archives,0,0.0,Revenue_Outturn__RO5__data_2013-14_by_LA.xlsx,RO5 LA Data 2013-14 (3),"row 434, column 6",Net Current Expenditure (C7 = C3 - C6)
2013/14,E7022,,Kent Police and Crime Commissioner and Chief Constable,O,Arts development and support,0,0.0,Revenue_Outturn__RO5__data_2013-14_by_LA.xlsx,RO5 LA Data 2013-14 (3),"row 434, column 10",Net Current Expenditure (C7 = C3 - C6)
2013/14,E7022,,Kent Police and Crime Commissioner and Chief Constable,O,Heritage,0,0.0,Revenue_Outturn__RO5__data_2013-14_by_LA.xlsx,RO5 LA Data 2013-14 (3),"row 434, column 14",Net Current Expenditure (C7 = C3 - C6)
2013/14,E7022,,Kent Police and Crime Commissioner and Chief Constable,O,Museums and galleries,0,0.0,Revenue_Outturn__RO5__data_2013-14_by_LA.xlsx,RO5 LA Data 2013-14 (3),"row 434, column 18",Net Current Expenditure (C7 = C3 - C6)
2013/14,E7022,,Kent Police and Crime Commissioner and Chief Constable,O,Theatres and public entertainment,0,0.0,Revenue_Outturn__RO5__data_2013-14_by_LA.xlsx,RO5 LA Data 2013-14 (3),"row 434, column 22",Net Current Expenditure (C7 = C3 - C6)
2013/14,E7022,,Kent Police and Crime Commissioner and Chief Constable,O,Library service,0,0.0,Revenue_Outturn__RO5__data_2013-14_by_LA.xlsx,RO5 LA Data 2013-14 (3),"row 434, column 50",Net Current Expenditure (C7 = C3 - C6)
2013/14,E7023,,Lancashire Police and Crime Commissioner and Chief Constable,O,Archives,0,0.0,Revenue_Outturn__RO5__data_2013-14_by_LA.xlsx,RO5 LA Data 2013-14 (3),"row 435, column 6",Net Current Expenditure (C7 = C3 - C6)
2013/14,E7023,,Lancashire Police and Crime Commissioner and Chief Constable,O,Arts development and support,0,0.0,Revenue_Outturn__RO5__data_2013-14_by_LA.xlsx,RO5 LA Data 2013-14 (3),"row 435, column 10",Net Current Expenditure (C7 = C3 - C6)
2013/14,E7023,,Lancashire Police and Crime Commissioner and Chief Constable,O,Heritage,0,0.0,Revenue_Outturn__RO5__data_2013-14_by_LA.xlsx,RO5 LA Data 2013-14 (3),"row 435, column 14",Net Current Expenditure (C7 = C3 - C6)
2013/14,E7023,,Lancashire Police and Crime Commissioner and Chief Constable,O,Museums and galleries,0,0.0,Revenue_Outturn__RO5__data_2013-14_by_LA.xlsx,RO5 LA Data 2013-14 (3),"row 435, column 18",Net Current Expenditure (C7 = C3 - C6)
2013/14,E7023,,Lancashire Police and Crime Commissioner and Chief Constable,O,Theatres and public entertainment,0,0.0,Revenue_Outturn__RO5__data_2013-14_by_LA.xlsx,RO5 LA Data 2013-14 (3),"row 435, column 22",Net Current Expenditure (C7 = C3 - C6)
2013/14,E7023,,Lancashire Police and Crime Commissioner and Chief Constable,O,Library service,0,0.0,Revenue_Outturn__RO5__data_2013-14_by_LA.xlsx,RO5 LA Data 2013-14 (3),"row 435, column 50",Net Current Expenditure (C7 = C3 - C6)
2013/14,E7024,,Leicestershire Police and Crime Commissioner and Chief Constable,O,Archives,0,0.0,Revenue_Outturn__RO5__data_2013-14_by_LA.xlsx,RO5 LA Data 2013-14 (3),"row 436, column 6",Net Current Expenditure (C7 = C3 - C6)
2013/14,E7024,,Leicestershire Police and Crime Commissioner and Chief Constable,O,Arts development and support,0,0.0,Revenue_Outturn__RO5__data_2013-14_by_LA.xlsx,RO5 LA Data 2013-14 (3),"row 436, column 10",Net Current Expenditure (C7 = C3 - C6)
2013/14,E7024,,Leicestershire Police and Crime Commissioner and Chief Constable,O,Heritage,0,0.0,Revenue_Outturn__RO5__data_2013-14_by_LA.xlsx,RO5 LA Data 2013-14 (3),"row 436, column 14",Net Current Expenditure (C7 = C3 - C6)
2013/14,E7024,,Leicestershire Police and Crime Commissioner and Chief Constable,O,Museums and galleries,0,0.0,Revenue_Outturn__RO5__data_2013-14_by_LA.xlsx,RO5 LA Data 2013-14 (3),"row 436, column 18",Net Current Expenditure (C7 = C3 - C6)
2013/14,E7024,,Leicestershire Police and Crime Commissioner and Chief Constable,O,Theatres and public entertainment,0,0.0,Revenue_Outturn__RO5__data_2013-14_by_LA.xlsx,RO5 LA Data 2013-14 (3),"row 436, column 22",Net Current Expenditure (C7 = C3 - C6)
2013/14,E7024,,Leicestershire Police and Crime Commissioner and Chief Constable,O,Library service,0,0.0,Revenue_Outturn__RO5__data_2013-14_by_LA.xlsx,RO5 LA Data 2013-14 (3),"row 436, column 50",Net Current Expenditure (C7 = C3 - C6)
2013/14,E7025,,Lincolnshire Police and Crime Commissioner and Chief Constable,O,Archives,0,0.0,Revenue_Outturn__RO5__data_2013-14_by_LA.xlsx,RO5 LA Data 2013-14 (3),"row 437, column 6",Net Current Expenditure (C7 = C3 - C6)
2013/14,E7025,,Lincolnshire Police and Crime Commissioner and Chief Constable,O,Arts development and support,0,0.0,Revenue_Outturn__RO5__data_2013-14_by_LA.xlsx,RO5 LA Data 2013-14 (3),"row 437, column 10",Net Current Expenditure (C7 = C3 - C6)
2013/14,E7025,,Lincolnshire Police and Crime Commissioner and Chief Constable,O,Heritage,0,0.0,Revenue_Outturn__RO5__data_2013-14_by_LA.xlsx,RO5 LA Data 2013-14 (3),"row 437, column 14",Net Current Expenditure (C7 = C3 - C6)
2013/14,E7025,,Lincolnshire Police and Crime Commissioner and Chief Constable,O,Museums and galleries,0,0.0,Revenue_Outturn__RO5__data_2013-14_by_LA.xlsx,RO5 LA Data 2013-14 (3),"row 437, column 18",Net Current Expenditure (C7 = C3 - C6)
2013/14,E7025,,Lincolnshire Police and Crime Commissioner and Chief Constable,O,Theatres and public entertainment,0,0.0,Revenue_Outturn__RO5__data_2013-14_by_LA.xlsx,RO5 LA Data 2013-14 (3),"row 437, column 22",Net Current Expenditure (C7 = C3 - C6)
2013/14,E7025,,Lincolnshire Police and Crime Commissioner and Chief Constable,O,Library service,0,0.0,Revenue_Outturn__RO5__data_2013-14_by_LA.xlsx,RO5 LA Data 2013-14 (3),"row 437, column 50",Net Current Expenditure (C7 = C3 - C6)
2013/14,E7026,,Norfolk Police and Crime Commissioner and Chief Constable,O,Archives,0,0.0,Revenue_Outturn__RO5__data_2013-14_by_LA.xlsx,RO5 LA Data 2013-14 (3),"row 438, column 6",Net Current Expenditure (C7 = C3 - C6)
2013/14,E7026,,Norfolk Police and Crime Commissioner and Chief Constable,O,Arts development and support,0,0.0,Revenue_Outturn__RO5__data_2013-14_by_LA.xlsx,RO5 LA Data 2013-14 (3),"row 438, column 10",Net Current Expenditure (C7 = C3 - C6)
2013/14,E7026,,Norfolk Police and Crime Commissioner and Chief Constable,O,Heritage,0,0.0,Revenue_Outturn__RO5__data_2013-14_by_LA.xlsx,RO5 LA Data 2013-14 (3),"row 438, column 14",Net Current Expenditure (C7 = C3 - C6)
2013/14,E7026,,Norfolk Police and Crime Commissioner and Chief Constable,O,Museums and galleries,0,0.0,Revenue_Outturn__RO5__data_2013-14_by_LA.xlsx,RO5 LA Data 2013-14 (3),"row 438, column 18",Net Current Expenditure (C7 = C3 - C6)
2013/14,E7026,,Norfolk Police and Crime Commissioner and Chief Constable,O,Theatres and public entertainment,0,0.0,Revenue_Outturn__RO5__data_2013-14_by_LA.xlsx,RO5 LA Data 2013-14 (3),"row 438, column 22",Net Current Expenditure (C7 = C3 - C6)
2013/14,E7026,,Norfolk Police and Crime Commissioner and Chief Constable,O,Library service,0,0.0,Revenue_Outturn__RO5__data_2013-14_by_LA.xlsx,RO5 LA Data 2013-14 (3),"row 438, column 50",Net Current Expenditure (C7 = C3 - C6)
2013/14,E7027,,North Yorkshire Police and Crime Commissioner and Chief Constable,O,Archives,0,0.0,Revenue_Outturn__RO5__data_2013-14_by_LA.xlsx,RO5 LA Data 2013-14 (3),"row 439, column 6",Net Current Expenditure (C7 = C3 - C6)
2013/14,E7027,,North Yorkshire Police and Crime Commissioner and Chief Constable,O,Arts development and support,0,0.0,Revenue_Outturn__RO5__data_2013-14_by_LA.xlsx,RO5 LA Data 2013-14 (3),"row 439, column 10",Net Current Expenditure (C7 = C3 - C6)
2013/14,E7027,,North Yorkshire Police and Crime Commissioner and Chief Constable,O,Heritage,0,0.0,Revenue_Outturn__RO5__data_2013-14_by_LA.xlsx,RO5 LA Data 2013-14 (3),"row 439, column 14",Net Current Expenditure (C7 = C3 - C6)
2013/14,E7027,,North Yorkshire Police and Crime Commissioner and Chief Constable,O,Museums and galleries,0,0.0,Revenue_Outturn__RO5__data_2013-14_by_LA.xlsx,RO5 LA Data 2013-14 (3),"row 439, column 18",Net Current Expenditure (C7 = C3 - C6)
2013/14,E7027,,North Yorkshire Police and Crime Commissioner and Chief Constable,O,Theatres and public entertainment,0,0.0,Revenue_Outturn__RO5__data_2013-14_by_LA.xlsx,RO5 LA Data 2013-14 (3),"row 439, column 22",Net Current Expenditure (C7 = C3 - C6)
2013/14,E7027,,North Yorkshire Police and Crime Commissioner and Chief Constable,O,Library service,0,0.0,Revenue_Outturn__RO5__data_2013-14_by_LA.xlsx,RO5 LA Data 2013-14 (3),"row 439, column 50",Net Current Expenditure (C7 = C3 - C6)
2013/14,E7028,,Northamptonshire Police and Crime Commissioner and Chief Constable,O,Archives,0,0.0,Revenue_Outturn__RO5__data_2013-14_by_LA.xlsx,RO5 LA Data 2013-14 (3),"row 440, column 6",Net Current Expenditure (C7 = C3 - C6)
2013/14,E7028,,Northamptonshire Police and Crime Commissioner and Chief Constable,O,Arts development and support,0,0.0,Revenue_Outturn__RO5__data_2013-14_by_LA.xlsx,RO5 LA Data 2013-14 (3),"row 440, column 10",Net Current Expenditure (C7 = C3 - C6)
2013/14,E7028,,Northamptonshire Police and Crime Commissioner and Chief Constable,O,Heritage,0,0.0,Revenue_Outturn__RO5__data_2013-14_by_LA.xlsx,RO5 LA Data 2013-14 (3),"row 440, column 14",Net Current Expenditure (C7 = C3 - C6)
2013/14,E7028,,Northamptonshire Police and Crime Commissioner and Chief Constable,O,Museums and galleries,0,0.0,Revenue_Outturn__RO5__data_2013-14_by_LA.xlsx,RO5 LA Data 2013-14 (3),"row 440, column 18",Net Current Expenditure (C7 = C3 - C6)
2013/14,E7028,,Northamptonshire Police and Crime Commissioner and Chief Constable,O,Theatres and public entertainment,0,0.0,Revenue_Outturn__RO5__data_2013-14_by_LA.xlsx,RO5 LA Data 2013-14 (3),"row 440, column 22",Net Current Expenditure (C7 = C3 - C6)
2013/14,E7028,,Northamptonshire Police and Crime Commissioner and Chief Constable,O,Library service,0,0.0,Revenue_Outturn__RO5__data_2013-14_by_LA.xlsx,RO5 LA Data 2013-14 (3),"row 440, column 50",Net Current Expenditure (C7 = C3 - C6)
2013/14,E7030,,Nottinghamshire Police and Crime Commissioner and Chief Constable,O,Archives,0,0.0,Revenue_Outturn__RO5__data_2013-14_by_LA.xlsx,RO5 LA Data 2013-14 (3),"row 441, column 6",Net Current Expenditure (C7 = C3 - C6)
2013/14,E7030,,Nottinghamshire Police and Crime Commissioner and Chief Constable,O,Arts development and support,0,0.0,Revenue_Outturn__RO5__data_2013-14_by_LA.xlsx,RO5 LA Data 2013-14 (3),"row 441, column 10",Net Current Expenditure (C7 = C3 - C6)
2013/14,E7030,,Nottinghamshire Police and Crime Commissioner and Chief Constable,O,Heritage,0,0.0,Revenue_Outturn__RO5__data_2013-14_by_LA.xlsx,RO5 LA Data 2013-14 (3),"row 441, column 14",Net Current Expenditure (C7 = C3 - C6)
2013/14,E7030,,Nottinghamshire Police and Crime Commissioner and Chief Constable,O,Museums and galleries,0,0.0,Revenue_Outturn__RO5__data_2013-14_by_LA.xlsx,RO5 LA Data 2013-14 (3),"row 441, column 18",Net Current Expenditure (C7 = C3 - C6)
2013/14,E7030,,Nottinghamshire Police and Crime Commissioner and Chief Constable,O,Theatres and public entertainment,0,0.0,Revenue_Outturn__RO5__data_2013-14_by_LA.xlsx,RO5 LA Data 2013-14 (3),"row 441, column 22",Net Current Expenditure (C7 = C3 - C6)
2013/14,E7030,,Nottinghamshire Police and Crime Commissioner and Chief Constable,O,Library service,0,0.0,Revenue_Outturn__RO5__data_2013-14_by_LA.xlsx,RO5 LA Data 2013-14 (3),"row 441, column 50",Net Current Expenditure (C7 = C3 - C6)
2013/14,E7034,,Staffordshire Police and Crime Commissioner and Chief Constable,O,Archives,0,0.0,Revenue_Outturn__RO5__data_2013-14_by_LA.xlsx,RO5 LA Data 2013-14 (3),"row 442, column 6",Net Current Expenditure (C7 = C3 - C6)
2013/14,E7034,,Staffordshire Police and Crime Commissioner and Chief Constable,O,Arts development and support,0,0.0,Revenue_Outturn__RO5__data_2013-14_by_LA.xlsx,RO5 LA Data 2013-14 (3),"row 442, column 10",Net Current Expenditure (C7 = C3 - C6)
2013/14,E7034,,Staffordshire Police and Crime Commissioner and Chief Constable,O,Heritage,0,0.0,Revenue_Outturn__RO5__data_2013-14_by_LA.xlsx,RO5 LA Data 2013-14 (3),"row 442, column 14",Net Current Expenditure (C7 = C3 - C6)
2013/14,E7034,,Staffordshire Police and Crime Commissioner and Chief Constable,O,Museums and galleries,0,0.0,Revenue_Outturn__RO5__data_2013-14_by_LA.xlsx,RO5 LA Data 2013-14 (3),"row 442, column 18",Net Current Expenditure (C7 = C3 - C6)
2013/14,E7034,,Staffordshire Police and Crime Commissioner and Chief Constable,O,Theatres and public entertainment,0,0.0,Revenue_Outturn__RO5__data_2013-14_by_LA.xlsx,RO5 LA Data 2013-14 (3),"row 442, column 22",Net Current Expenditure (C7 = C3 - C6)
2013/14,E7034,,Staffordshire Police and Crime Commissioner and Chief Constable,O,Library service,0,0.0,Revenue_Outturn__RO5__data_2013-14_by_LA.xlsx,RO5 LA Data 2013-14 (3),"row 442, column 50",Net Current Expenditure (C7 = C3 - C6)
2013/14,E7035,,Suffolk Police and Crime Commissioner and Chief Constable,O,Archives,0,0.0,Revenue_Outturn__RO5__data_2013-14_by_LA.xlsx,RO5 LA Data 2013-14 (3),"row 443, column 6",Net Current Expenditure (C7 = C3 - C6)
2013/14,E7035,,Suffolk Police and Crime Commissioner and Chief Constable,O,Arts development and support,0,0.0,Revenue_Outturn__RO5__data_2013-14_by_LA.xlsx,RO5 LA Data 2013-14 (3),"row 443, column 10",Net Current Expenditure (C7 = C3 - C6)
2013/14,E7035,,Suffolk Police and Crime Commissioner and Chief Constable,O,Heritage,0,0.0,Revenue_Outturn__RO5__data_2013-14_by_LA.xlsx,RO5 LA Data 2013-14 (3),"row 443, column 14",Net Current Expenditure (C7 = C3 - C6)
2013/14,E7035,,Suffolk Police and Crime Commissioner and Chief Constable,O,Museums and galleries,0,0.0,Revenue_Outturn__RO5__data_2013-14_by_LA.xlsx,RO5 LA Data 2013-14 (3),"row 443, column 18",Net Current Expenditure (C7 = C3 - C6)
2013/14,E7035,,Suffolk Police and Crime Commissioner and Chief Constable,O,Theatres and public entertainment,0,0.0,Revenue_Outturn__RO5__data_2013-14_by_LA.xlsx,RO5 LA Data 2013-14 (3),"row 443, column 22",Net Current Expenditure (C7 = C3 - C6)
2013/14,E7035,,Suffolk Police and Crime Commissioner and Chief Constable,O,Library service,0,0.0,Revenue_Outturn__RO5__data_2013-14_by_LA.xlsx,RO5 LA Data 2013-14 (3),"row 443, column 50",Net Current Expenditure (C7 = C3 - C6)
2013/14,E7036,,Surrey Police and Crime Commissioner and Chief Constable,O,Archives,0,0.0,Revenue_Outturn__RO5__data_2013-14_by_LA.xlsx,RO5 LA Data 2013-14 (3),"row 444, column 6",Net Current Expenditure (C7 = C3 - C6)
2013/14,E7036,,Surrey Police and Crime Commissioner and Chief Constable,O,Arts development and support,0,0.0,Revenue_Outturn__RO5__data_2013-14_by_LA.xlsx,RO5 LA Data 2013-14 (3),"row 444, column 10",Net Current Expenditure (C7 = C3 - C6)
2013/14,E7036,,Surrey Police and Crime Commissioner and Chief Constable,O,Heritage,0,0.0,Revenue_Outturn__RO5__data_2013-14_by_LA.xlsx,RO5 LA Data 2013-14 (3),"row 444, column 14",Net Current Expenditure (C7 = C3 - C6)
2013/14,E7036,,Surrey Police and Crime Commissioner and Chief Constable,O,Museums and galleries,0,0.0,Revenue_Outturn__RO5__data_2013-14_by_LA.xlsx,RO5 LA Data 2013-14 (3),"row 444, column 18",Net Current Expenditure (C7 = C3 - C6)
2013/14,E7036,,Surrey Police and Crime Commissioner and Chief Constable,O,Theatres and public entertainment,0,0.0,Revenue_Outturn__RO5__data_2013-14_by_LA.xlsx,RO5 LA Data 2013-14 (3),"row 444, column 22",Net Current Expenditure (C7 = C3 - C6)
2013/14,E7036,,Surrey Police and Crime Commissioner and Chief Constable,O,Library service,0,0.0,Revenue_Outturn__RO5__data_2013-14_by_LA.xlsx,RO5 LA Data 2013-14 (3),"row 444, column 50",Net Current Expenditure (C7 = C3 - C6)
2013/14,E7037,,Warwickshire Police and Crime Commissioner and Chief Constable,O,Archives,0,0.0,Revenue_Outturn__RO5__data_2013-14_by_LA.xlsx,RO5 LA Data 2013-14 (3),"row 445, column 6",Net Current Expenditure (C7 = C3 - C6)
2013/14,E7037,,Warwickshire Police and Crime Commissioner and Chief Constable,O,Arts development and support,0,0.0,Revenue_Outturn__RO5__data_2013-14_by_LA.xlsx,RO5 LA Data 2013-14 (3),"row 445, column 10",Net Current Expenditure (C7 = C3 - C6)
2013/14,E7037,,Warwickshire Police and Crime Commissioner and Chief Constable,O,Heritage,0,0.0,Revenue_Outturn__RO5__data_2013-14_by_LA.xlsx,RO5 LA Data 2013-14 (3),"row 445, column 14",Net Current Expenditure (C7 = C3 - C6)
2013/14,E7037,,Warwickshire Police and Crime Commissioner and Chief Constable,O,Museums and galleries,0,0.0,Revenue_Outturn__RO5__data_2013-14_by_LA.xlsx,RO5 LA Data 2013-14 (3),"row 445, column 18",Net Current Expenditure (C7 = C3 - C6)
2013/14,E7037,,Warwickshire Police and Crime Commissioner and Chief Constable,O,Theatres and public entertainment,0,0.0,Revenue_Outturn__RO5__data_2013-14_by_LA.xlsx,RO5 LA Data 2013-14 (3),"row 445, column 22",Net Current Expenditure (C7 = C3 - C6)
2013/14,E7037,,Warwickshire Police and Crime Commissioner and Chief Constable,O,Library service,0,0.0,Revenue_Outturn__RO5__data_2013-14_by_LA.xlsx,RO5 LA Data 2013-14 (3),"row 445, column 50",Net Current Expenditure (C7 = C3 - C6)
2013/14,E7039,,Wiltshire Police and Crime Commissioner and Chief Constable,O,Archives,0,0.0,Revenue_Outturn__RO5__data_2013-14_by_LA.xlsx,RO5 LA Data 2013-14 (3),"row 446, column 6",Net Current Expenditure (C7 = C3 - C6)
2013/14,E7039,,Wiltshire Police and Crime Commissioner and Chief Constable,O,Arts development and support,0,0.0,Revenue_Outturn__RO5__data_2013-14_by_LA.xlsx,RO5 LA Data 2013-14 (3),"row 446, column 10",Net Current Expenditure (C7 = C3 - C6)
2013/14,E7039,,Wiltshire Police and Crime Commissioner and Chief Constable,O,Heritage,0,0.0,Revenue_Outturn__RO5__data_2013-14_by_LA.xlsx,RO5 LA Data 2013-14 (3),"row 446, column 14",Net Current Expenditure (C7 = C3 - C6)
2013/14,E7039,,Wiltshire Police and Crime Commissioner and Chief Constable,O,Museums and galleries,0,0.0,Revenue_Outturn__RO5__data_2013-14_by_LA.xlsx,RO5 LA Data 2013-14 (3),"row 446, column 18",Net Current Expenditure (C7 = C3 - C6)
2013/14,E7039,,Wiltshire Police and Crime Commissioner and Chief Constable,O,Theatres and public entertainment,0,0.0,Revenue_Outturn__RO5__data_2013-14_by_LA.xlsx,RO5 LA Data 2013-14 (3),"row 446, column 22",Net Current Expenditure (C7 = C3 - C6)
2013/14,E7039,,Wiltshire Police and Crime Commissioner and Chief Constable,O,Library service,0,0.0,Revenue_Outturn__RO5__data_2013-14_by_LA.xlsx,RO5 LA Data 2013-14 (3),"row 446, column 50",Net Current Expenditure (C7 = C3 - C6)
2013/14,E7042,,Greater Manchester Police and Crime Commissioner and Chief Constable,O,Archives,0,0.0,Revenue_Outturn__RO5__data_2013-14_by_LA.xlsx,RO5 LA Data 2013-14 (3),"row 447, column 6",Net Current Expenditure (C7 = C3 - C6)
2013/14,E7042,,Greater Manchester Police and Crime Commissioner and Chief Constable,O,Arts development and support,0,0.0,Revenue_Outturn__RO5__data_2013-14_by_LA.xlsx,RO5 LA Data 2013-14 (3),"row 447, column 10",Net Current Expenditure (C7 = C3 - C6)
2013/14,E7042,,Greater Manchester Police and Crime Commissioner and Chief Constable,O,Heritage,0,0.0,Revenue_Outturn__RO5__data_2013-14_by_LA.xlsx,RO5 LA Data 2013-14 (3),"row 447, column 14",Net Current Expenditure (C7 = C3 - C6)
2013/14,E7042,,Greater Manchester Police and Crime Commissioner and Chief Constable,O,Museums and galleries,0,0.0,Revenue_Outturn__RO5__data_2013-14_by_LA.xlsx,RO5 LA Data 2013-14 (3),"row 447, column 18",Net Current Expenditure (C7 = C3 - C6)
2013/14,E7042,,Greater Manchester Police and Crime Commissioner and Chief Constable,O,Theatres and public entertainment,0,0.0,Revenue_Outturn__RO5__data_2013-14_by_LA.xlsx,RO5 LA Data 2013-14 (3),"row 447, column 22",Net Current Expenditure (C7 = C3 - C6)
2013/14,E7042,,Greater Manchester Police and Crime Commissioner and Chief Constable,O,Library service,0,0.0,Revenue_Outturn__RO5__data_2013-14_by_LA.xlsx,RO5 LA Data 2013-14 (3),"row 447, column 50",Net Current Expenditure (C7 = C3 - C6)
2013/14,E7043,,Merseyside Police and Crime Commissioner and Chief Constable,O,Archives,0,0.0,Revenue_Outturn__RO5__data_2013-14_by_LA.xlsx,RO5 LA Data 2013-14 (3),"row 448, column 6",Net Current Expenditure (C7 = C3 - C6)
2013/14,E7043,,Merseyside Police and Crime Commissioner and Chief Constable,O,Arts development and support,0,0.0,Revenue_Outturn__RO5__data_2013-14_by_LA.xlsx,RO5 LA Data 2013-14 (3),"row 448, column 10",Net Current Expenditure (C7 = C3 - C6)
2013/14,E7043,,Merseyside Police and Crime Commissioner and Chief Constable,O,Heritage,0,0.0,Revenue_Outturn__RO5__data_2013-14_by_LA.xlsx,RO5 LA Data 2013-14 (3),"row 448, column 14",Net Current Expenditure (C7 = C3 - C6)
2013/14,E7043,,Merseyside Police and Crime Commissioner and Chief Constable,O,Museums and galleries,0,0.0,Revenue_Outturn__RO5__data_2013-14_by_LA.xlsx,RO5 LA Data 2013-14 (3),"row 448, column 18",Net Current Expenditure (C7 = C3 - C6)
2013/14,E7043,,Merseyside Police and Crime Commissioner and Chief Constable,O,Theatres and public entertainment,0,0.0,Revenue_Outturn__RO5__data_2013-14_by_LA.xlsx,RO5 LA Data 2013-14 (3),"row 448, column 22",Net Current Expenditure (C7 = C3 - C6)
2013/14,E7043,,Merseyside Police and Crime Commissioner and Chief Constable,O,Library service,0,0.0,Revenue_Outturn__RO5__data_2013-14_by_LA.xlsx,RO5 LA Data 2013-14 (3),"row 448, column 50",Net Current Expenditure (C7 = C3 - C6)
2013/14,E7044,,South Yorkshire Police and Crime Commissioner and Chief Constable,O,Archives,0,0.0,Revenue_Outturn__RO5__data_2013-14_by_LA.xlsx,RO5 LA Data 2013-14 (3),"row 449, column 6",Net Current Expenditure (C7 = C3 - C6)
2013/14,E7044,,South Yorkshire Police and Crime Commissioner and Chief Constable,O,Arts development and support,0,0.0,Revenue_Outturn__RO5__data_2013-14_by_LA.xlsx,RO5 LA Data 2013-14 (3),"row 449, column 10",Net Current Expenditure (C7 = C3 - C6)
2013/14,E7044,,South Yorkshire Police and Crime Commissioner and Chief Constable,O,Heritage,0,0.0,Revenue_Outturn__RO5__data_2013-14_by_LA.xlsx,RO5 LA Data 2013-14 (3),"row 449, column 14",Net Current Expenditure (C7 = C3 - C6)
2013/14,E7044,,South Yorkshire Police and Crime Commissioner and Chief Constable,O,Museums and galleries,0,0.0,Revenue_Outturn__RO5__data_2013-14_by_LA.xlsx,RO5 LA Data 2013-14 (3),"row 449, column 18",Net Current Expenditure (C7 = C3 - C6)
2013/14,E7044,,South Yorkshire Police and Crime Commissioner and Chief Constable,O,Theatres and public entertainment,0,0.0,Revenue_Outturn__RO5__data_2013-14_by_LA.xlsx,RO5 LA Data 2013-14 (3),"row 449, column 22",Net Current Expenditure (C7 = C3 - C6)
2013/14,E7044,,South Yorkshire Police and Crime Commissioner and Chief Constable,O,Library service,0,0.0,Revenue_Outturn__RO5__data_2013-14_by_LA.xlsx,RO5 LA Data 2013-14 (3),"row 449, column 50",Net Current Expenditure (C7 = C3 - C6)
2013/14,E7045,,Northumbria Police and Crime Commissioner and Chief Constable,O,Archives,0,0.0,Revenue_Outturn__RO5__data_2013-14_by_LA.xlsx,RO5 LA Data 2013-14 (3),"row 450, column 6",Net Current Expenditure (C7 = C3 - C6)
2013/14,E7045,,Northumbria Police and Crime Commissioner and Chief Constable,O,Arts development and support,0,0.0,Revenue_Outturn__RO5__data_2013-14_by_LA.xlsx,RO5 LA Data 2013-14 (3),"row 450, column 10",Net Current Expenditure (C7 = C3 - C6)
2013/14,E7045,,Northumbria Police and Crime Commissioner and Chief Constable,O,Heritage,0,0.0,Revenue_Outturn__RO5__data_2013-14_by_LA.xlsx,RO5 LA Data 2013-14 (3),"row 450, column 14",Net Current Expenditure (C7 = C3 - C6)
2013/14,E7045,,Northumbria Police and Crime Commissioner and Chief Constable,O,Museums and galleries,0,0.0,Revenue_Outturn__RO5__data_2013-14_by_LA.xlsx,RO5 LA Data 2013-14 (3),"row 450, column 18",Net Current Expenditure (C7 = C3 - C6)
2013/14,E7045,,Northumbria Police and Crime Commissioner and Chief Constable,O,Theatres and public entertainment,0,0.0,Revenue_Outturn__RO5__data_2013-14_by_LA.xlsx,RO5 LA Data 2013-14 (3),"row 450, column 22",Net Current Expenditure (C7 = C3 - C6)
2013/14,E7045,,Northumbria Police and Crime Commissioner and Chief Constable,O,Library service,0,0.0,Revenue_Outturn__RO5__data_2013-14_by_LA.xlsx,RO5 LA Data 2013-14 (3),"row 450, column 50",Net Current Expenditure (C7 = C3 - C6)
2013/14,E7046,,West Midlands Police and Crime Commissioner and Chief Constable,O,Archives,0,0.0,Revenue_Outturn__RO5__data_2013-14_by_LA.xlsx,RO5 LA Data 2013-14 (3),"row 451, column 6",Net Current Expenditure (C7 = C3 - C6)
2013/14,E7046,,West Midlands Police and Crime Commissioner and Chief Constable,O,Arts development and support,0,0.0,Revenue_Outturn__RO5__data_2013-14_by_LA.xlsx,RO5 LA Data 2013-14 (3),"row 451, column 10",Net Current Expenditure (C7 = C3 - C6)
2013/14,E7046,,West Midlands Police and Crime Commissioner and Chief Constable,O,Heritage,0,0.0,Revenue_Outturn__RO5__data_2013-14_by_LA.xlsx,RO5 LA Data 2013-14 (3),"row 451, column 14",Net Current Expenditure (C7 = C3 - C6)
2013/14,E7046,,West Midlands Police and Crime Commissioner and Chief Constable,O,Museums and galleries,0,0.0,Revenue_Outturn__RO5__data_2013-14_by_LA.xlsx,RO5 LA Data 2013-14 (3),"row 451, column 18",Net Current Expenditure (C7 = C3 - C6)
2013/14,E7046,,West Midlands Police and Crime Commissioner and Chief Constable,O,Theatres and public entertainment,0,0.0,Revenue_Outturn__RO5__data_2013-14_by_LA.xlsx,RO5 LA Data 2013-14 (3),"row 451, column 22",Net Current Expenditure (C7 = C3 - C6)
2013/14,E7046,,West Midlands Police and Crime Commissioner and Chief Constable,O,Library service,0,0.0,Revenue_Outturn__RO5__data_2013-14_by_LA.xlsx,RO5 LA Data 2013-14 (3),"row 451, column 50",Net Current Expenditure (C7 = C3 - C6)
2013/14,E7047,,West Yorkshire Police and Crime Commissioner and Chief Constable,O,Archives,0,0.0,Revenue_Outturn__RO5__data_2013-14_by_LA.xlsx,RO5 LA Data 2013-14 (3),"row 452, column 6",Net Current Expenditure (C7 = C3 - C6)
2013/14,E7047,,West Yorkshire Police and Crime Commissioner and Chief Constable,O,Arts development and support,0,0.0,Revenue_Outturn__RO5__data_2013-14_by_LA.xlsx,RO5 LA Data 2013-14 (3),"row 452, column 10",Net Current Expenditure (C7 = C3 - C6)
2013/14,E7047,,West Yorkshire Police and Crime Commissioner and Chief Constable,O,Heritage,0,0.0,Revenue_Outturn__RO5__data_2013-14_by_LA.xlsx,RO5 LA Data 2013-14 (3),"row 452, column 14",Net Current Expenditure (C7 = C3 - C6)
2013/14,E7047,,West Yorkshire Police and Crime Commissioner and Chief Constable,O,Museums and galleries,0,0.0,Revenue_Outturn__RO5__data_2013-14_by_LA.xlsx,RO5 LA Data 2013-14 (3),"row 452, column 18",Net Current Expenditure (C7 = C3 - C6)
2013/14,E7047,,West Yorkshire Police and Crime Commissioner and Chief Constable,O,Theatres and public entertainment,0,0.0,Revenue_Outturn__RO5__data_2013-14_by_LA.xlsx,RO5 LA Data 2013-14 (3),"row 452, column 22",Net Current Expenditure (C7 = C3 - C6)
2013/14,E7047,,West Yorkshire Police and Crime Commissioner and Chief Constable,O,Library service,0,0.0,Revenue_Outturn__RO5__data_2013-14_by_LA.xlsx,RO5 LA Data 2013-14 (3),"row 452, column 50",Net Current Expenditure (C7 = C3 - C6)
2013/14,E7050,,Avon & Somerset Police and Crime Commissioner and Chief Constable,O,Archives,0,0.0,Revenue_Outturn__RO5__data_2013-14_by_LA.xlsx,RO5 LA Data 2013-14 (3),"row 453, column 6",Net Current Expenditure (C7 = C3 - C6)
2013/14,E7050,,Avon & Somerset Police and Crime Commissioner and Chief Constable,O,Arts development and support,0,0.0,Revenue_Outturn__RO5__data_2013-14_by_LA.xlsx,RO5 LA Data 2013-14 (3),"row 453, column 10",Net Current Expenditure (C7 = C3 - C6)
2013/14,E7050,,Avon & Somerset Police and Crime Commissioner and Chief Constable,O,Heritage,0,0.0,Revenue_Outturn__RO5__data_2013-14_by_LA.xlsx,RO5 LA Data 2013-14 (3),"row 453, column 14",Net Current Expenditure (C7 = C3 - C6)
2013/14,E7050,,Avon & Somerset Police and Crime Commissioner and Chief Constable,O,Museums and galleries,0,0.0,Revenue_Outturn__RO5__data_2013-14_by_LA.xlsx,RO5 LA Data 2013-14 (3),"row 453, column 18",Net Current Expenditure (C7 = C3 - C6)
2013/14,E7050,,Avon & Somerset Police and Crime Commissioner and Chief Constable,O,Theatres and public entertainment,0,0.0,Revenue_Outturn__RO5__data_2013-14_by_LA.xlsx,RO5 LA Data 2013-14 (3),"row 453, column 22",Net Current Expenditure (C7 = C3 - C6)
2013/14,E7050,,Avon & Somerset Police and Crime Commissioner and Chief Constable,O,Library service,0,0.0,Revenue_Outturn__RO5__data_2013-14_by_LA.xlsx,RO5 LA Data 2013-14 (3),"row 453, column 50",Net Current Expenditure (C7 = C3 - C6)
2013/14,E7051,,Devon & Cornwall Police and Crime Commissioner and Chief Constable,O,Archives,0,0.0,Revenue_Outturn__RO5__data_2013-14_by_LA.xlsx,RO5 LA Data 2013-14 (3),"row 454, column 6",Net Current Expenditure (C7 = C3 - C6)
2013/14,E7051,,Devon & Cornwall Police and Crime Commissioner and Chief Constable,O,Arts development and support,0,0.0,Revenue_Outturn__RO5__data_2013-14_by_LA.xlsx,RO5 LA Data 2013-14 (3),"row 454, column 10",Net Current Expenditure (C7 = C3 - C6)
2013/14,E7051,,Devon & Cornwall Police and Crime Commissioner and Chief Constable,O,Heritage,0,0.0,Revenue_Outturn__RO5__data_2013-14_by_LA.xlsx,RO5 LA Data 2013-14 (3),"row 454, column 14",Net Current Expenditure (C7 = C3 - C6)
2013/14,E7051,,Devon & Cornwall Police and Crime Commissioner and Chief Constable,O,Museums and galleries,0,0.0,Revenue_Outturn__RO5__data_2013-14_by_LA.xlsx,RO5 LA Data 2013-14 (3),"row 454, column 18",Net Current Expenditure (C7 = C3 - C6)
2013/14,E7051,,Devon & Cornwall Police and Crime Commissioner and Chief Constable,O,Theatres and public entertainment,0,0.0,Revenue_Outturn__RO5__data_2013-14_by_LA.xlsx,RO5 LA Data 2013-14 (3),"row 454, column 22",Net Current Expenditure (C7 = C3 - C6)
2013/14,E7051,,Devon & Cornwall Police and Crime Commissioner and Chief Constable,O,Library service,0,0.0,Revenue_Outturn__RO5__data_2013-14_by_LA.xlsx,RO5 LA Data 2013-14 (3),"row 454, column 50",Net Current Expenditure (C7 = C3 - C6)
2013/14,E7052,,Hampshire Police and Crime Commissioner and Chief Constable,O,Archives,0,0.0,Revenue_Outturn__RO5__data_2013-14_by_LA.xlsx,RO5 LA Data 2013-14 (3),"row 455, column 6",Net Current Expenditure (C7 = C3 - C6)
2013/14,E7052,,Hampshire Police and Crime Commissioner and Chief Constable,O,Arts development and support,0,0.0,Revenue_Outturn__RO5__data_2013-14_by_LA.xlsx,RO5 LA Data 2013-14 (3),"row 455, column 10",Net Current Expenditure (C7 = C3 - C6)
2013/14,E7052,,Hampshire Police and Crime Commissioner and Chief Constable,O,Heritage,0,0.0,Revenue_Outturn__RO5__data_2013-14_by_LA.xlsx,RO5 LA Data 2013-14 (3),"row 455, column 14",Net Current Expenditure (C7 = C3 - C6)
2013/14,E7052,,Hampshire Police and Crime Commissioner and Chief Constable,O,Museums and galleries,0,0.0,Revenue_Outturn__RO5__data_2013-14_by_LA.xlsx,RO5 LA Data 2013-14 (3),"row 455, column 18",Net Current Expenditure (C7 = C3 - C6)
2013/14,E7052,,Hampshire Police and Crime Commissioner and Chief Constable,O,Theatres and public entertainment,0,0.0,Revenue_Outturn__RO5__data_2013-14_by_LA.xlsx,RO5 LA Data 2013-14 (3),"row 455, column 22",Net Current Expenditure (C7 = C3 - C6)
2013/14,E7052,,Hampshire Police and Crime Commissioner and Chief Constable,O,Library service,0,0.0,Revenue_Outturn__RO5__data_2013-14_by_LA.xlsx,RO5 LA Data 2013-14 (3),"row 455, column 50",Net Current Expenditure (C7 = C3 - C6)
2013/14,E7053,,Sussex Police and Crime Commissioner and Chief Constable,O,Archives,0,0.0,Revenue_Outturn__RO5__data_2013-14_by_LA.xlsx,RO5 LA Data 2013-14 (3),"row 456, column 6",Net Current Expenditure (C7 = C3 - C6)
2013/14,E7053,,Sussex Police and Crime Commissioner and Chief Constable,O,Arts development and support,0,0.0,Revenue_Outturn__RO5__data_2013-14_by_LA.xlsx,RO5 LA Data 2013-14 (3),"row 456, column 10",Net Current Expenditure (C7 = C3 - C6)
2013/14,E7053,,Sussex Police and Crime Commissioner and Chief Constable,O,Heritage,0,0.0,Revenue_Outturn__RO5__data_2013-14_by_LA.xlsx,RO5 LA Data 2013-14 (3),"row 456, column 14",Net Current Expenditure (C7 = C3 - C6)
2013/14,E7053,,Sussex Police and Crime Commissioner and Chief Constable,O,Museums and galleries,0,0.0,Revenue_Outturn__RO5__data_2013-14_by_LA.xlsx,RO5 LA Data 2013-14 (3),"row 456, column 18",Net Current Expenditure (C7 = C3 - C6)
2013/14,E7053,,Sussex Police and Crime Commissioner and Chief Constable,O,Theatres and public entertainment,0,0.0,Revenue_Outturn__RO5__data_2013-14_by_LA.xlsx,RO5 LA Data 2013-14 (3),"row 456, column 22",Net Current Expenditure (C7 = C3 - C6)
2013/14,E7053,,Sussex Police and Crime Commissioner and Chief Constable,O,Library service,0,0.0,Revenue_Outturn__RO5__data_2013-14_by_LA.xlsx,RO5 LA Data 2013-14 (3),"row 456, column 50",Net Current Expenditure (C7 = C3 - C6)
2013/14,E7054,,Thames Valley Police and Crime Commissioner and Chief Constable,O,Archives,0,0.0,Revenue_Outturn__RO5__data_2013-14_by_LA.xlsx,RO5 LA Data 2013-14 (3),"row 457, column 6",Net Current Expenditure (C7 = C3 - C6)
2013/14,E7054,,Thames Valley Police and Crime Commissioner and Chief Constable,O,Arts development and support,0,0.0,Revenue_Outturn__RO5__data_2013-14_by_LA.xlsx,RO5 LA Data 2013-14 (3),"row 457, column 10",Net Current Expenditure (C7 = C3 - C6)
2013/14,E7054,,Thames Valley Police and Crime Commissioner and Chief Constable,O,Heritage,0,0.0,Revenue_Outturn__RO5__data_2013-14_by_LA.xlsx,RO5 LA Data 2013-14 (3),"row 457, column 14",Net Current Expenditure (C7 = C3 - C6)
2013/14,E7054,,Thames Valley Police and Crime Commissioner and Chief Constable,O,Museums and galleries,0,0.0,Revenue_Outturn__RO5__data_2013-14_by_LA.xlsx,RO5 LA Data 2013-14 (3),"row 457, column 18",Net Current Expenditure (C7 = C3 - C6)
2013/14,E7054,,Thames Valley Police and Crime Commissioner and Chief Constable,O,Theatres and public entertainment,0,0.0,Revenue_Outturn__RO5__data_2013-14_by_LA.xlsx,RO5 LA Data 2013-14 (3),"row 457, column 22",Net Current Expenditure (C7 = C3 - C6)
2013/14,E7054,,Thames Valley Police and Crime Commissioner and Chief Constable,O,Library service,0,0.0,Revenue_Outturn__RO5__data_2013-14_by_LA.xlsx,RO5 LA Data 2013-14 (3),"row 457, column 50",Net Current Expenditure (C7 = C3 - C6)
2013/14,E7055,,West Mercia Police and Crime Commissioner and Chief Constable,O,Archives,0,0.0,Revenue_Outturn__RO5__data_2013-14_by_LA.xlsx,RO5 LA Data 2013-14 (3),"row 458, column 6",Net Current Expenditure (C7 = C3 - C6)
2013/14,E7055,,West Mercia Police and Crime Commissioner and Chief Constable,O,Arts development and support,0,0.0,Revenue_Outturn__RO5__data_2013-14_by_LA.xlsx,RO5 LA Data 2013-14 (3),"row 458, column 10",Net Current Expenditure (C7 = C3 - C6)
2013/14,E7055,,West Mercia Police and Crime Commissioner and Chief Constable,O,Heritage,0,0.0,Revenue_Outturn__RO5__data_2013-14_by_LA.xlsx,RO5 LA Data 2013-14 (3),"row 458, column 14",Net Current Expenditure (C7 = C3 - C6)
2013/14,E7055,,West Mercia Police and Crime Commissioner and Chief Constable,O,Museums and galleries,0,0.0,Revenue_Outturn__RO5__data_2013-14_by_LA.xlsx,RO5 LA Data 2013-14 (3),"row 458, column 18",Net Current Expenditure (C7 = C3 - C6)
2013/14,E7055,,West Mercia Police and Crime Commissioner and Chief Constable,O,Theatres and public entertainment,0,0.0,Revenue_Outturn__RO5__data_2013-14_by_LA.xlsx,RO5 LA Data 2013-14 (3),"row 458, column 22",Net Current Expenditure (C7 = C3 - C6)
2013/14,E7055,,West Mercia Police and Crime Commissioner and Chief Constable,O,Library service,0,0.0,Revenue_Outturn__RO5__data_2013-14_by_LA.xlsx,RO5 LA Data 2013-14 (3),"row 458, column 50",Net Current Expenditure (C7 = C3 - C6)
