financial_year,legacy_e_code,ons_code,local_authority,class,original_service_label,original_value_thousand_gbp,value_gbp,source_file,source_sheet,source_locator,original_measure_heading
2014/15,E0101,,E06000022,SW,Archives,180,180000.0,Revenue_Outturn__RO5__data_2014-15_by_LA_-_02-Feb-2016.xlsx,RO5 LA Data 2014-15 (3),"row 15, column 7",Net Current Expenditure (C7 = C3 - C6)
2014/15,E0101,,E06000022,SW,Arts development and support,516,516000.0,Revenue_Outturn__RO5__data_2014-15_by_LA_-_02-Feb-2016.xlsx,RO5 LA Data 2014-15 (3),"row 15, column 9",Net Current Expenditure (C7 = C3 - C6)
2014/15,E0101,,E06000022,SW,Heritage,-5403,-5403000.0,Revenue_Outturn__RO5__data_2014-15_by_LA_-_02-Feb-2016.xlsx,RO5 LA Data 2014-15 (3),"row 15, column 11",Net Current Expenditure (C7 = C3 - C6)
2014/15,E0101,,E06000022,SW,Museums and galleries,0,0.0,Revenue_Outturn__RO5__data_2014-15_by_LA_-_02-Feb-2016.xlsx,RO5 LA Data 2014-15 (3),"row 15, column 13",Net Current Expenditure (C7 = C3 - C6)
2014/15,E0101,,E06000022,SW,Theatres and public entertainment,0,0.0,Revenue_Outturn__RO5__data_2014-15_by_LA_-_02-Feb-2016.xlsx,RO5 LA Data 2014-15 (3),"row 15, column 15",Net Current Expenditure (C7 = C3 - C6)
2014/15,E0101,,E06000022,SW,Library service,2765,2765000.0,Revenue_Outturn__RO5__data_2014-15_by_LA_-_02-Feb-2016.xlsx,RO5 LA Data 2014-15 (3),"row 15, column 29",Net Current Expenditure (C7 = C3 - C6)
2014/15,E0102,,E06000023,SW,Archives,325,325000.0,Revenue_Outturn__RO5__data_2014-15_by_LA_-_02-Feb-2016.xlsx,RO5 LA Data 2014-15 (3),"row 16, column 7",Net Current Expenditure (C7 = C3 - C6)
2014/15,E0102,,E06000023,SW,Arts development and support,3726,3726000.0,Revenue_Outturn__RO5__data_2014-15_by_LA_-_02-Feb-2016.xlsx,RO5 LA Data 2014-15 (3),"row 16, column 9",Net Current Expenditure (C7 = C3 - C6)
2014/15,E0102,,E06000023,SW,Heritage,978,978000.0,Revenue_Outturn__RO5__data_2014-15_by_LA_-_02-Feb-2016.xlsx,RO5 LA Data 2014-15 (3),"row 16, column 11",Net Current Expenditure (C7 = C3 - C6)
2014/15,E0102,,E06000023,SW,Museums and galleries,5531,5531000.0,Revenue_Outturn__RO5__data_2014-15_by_LA_-_02-Feb-2016.xlsx,RO5 LA Data 2014-15 (3),"row 16, column 13",Net Current Expenditure (C7 = C3 - C6)
2014/15,E0102,,E06000023,SW,Theatres and public entertainment,30,30000.0,Revenue_Outturn__RO5__data_2014-15_by_LA_-_02-Feb-2016.xlsx,RO5 LA Data 2014-15 (3),"row 16, column 15",Net Current Expenditure (C7 = C3 - C6)
2014/15,E0102,,E06000023,SW,Library service,6140,6140000.0,Revenue_Outturn__RO5__data_2014-15_by_LA_-_02-Feb-2016.xlsx,RO5 LA Data 2014-15 (3),"row 16, column 29",Net Current Expenditure (C7 = C3 - C6)
2014/15,E0103,,E06000025,SW,Archives,150,150000.0,Revenue_Outturn__RO5__data_2014-15_by_LA_-_02-Feb-2016.xlsx,RO5 LA Data 2014-15 (3),"row 17, column 7",Net Current Expenditure (C7 = C3 - C6)
2014/15,E0103,,E06000025,SW,Arts development and support,53,53000.0,Revenue_Outturn__RO5__data_2014-15_by_LA_-_02-Feb-2016.xlsx,RO5 LA Data 2014-15 (3),"row 17, column 9",Net Current Expenditure (C7 = C3 - C6)
2014/15,E0103,,E06000025,SW,Heritage,117,117000.0,Revenue_Outturn__RO5__data_2014-15_by_LA_-_02-Feb-2016.xlsx,RO5 LA Data 2014-15 (3),"row 17, column 11",Net Current Expenditure (C7 = C3 - C6)
2014/15,E0103,,E06000025,SW,Museums and galleries,0,0.0,Revenue_Outturn__RO5__data_2014-15_by_LA_-_02-Feb-2016.xlsx,RO5 LA Data 2014-15 (3),"row 17, column 13",Net Current Expenditure (C7 = C3 - C6)
2014/15,E0103,,E06000025,SW,Theatres and public entertainment,1,1000.0,Revenue_Outturn__RO5__data_2014-15_by_LA_-_02-Feb-2016.xlsx,RO5 LA Data 2014-15 (3),"row 17, column 15",Net Current Expenditure (C7 = C3 - C6)
2014/15,E0103,,E06000025,SW,Library service,2833,2833000.0,Revenue_Outturn__RO5__data_2014-15_by_LA_-_02-Feb-2016.xlsx,RO5 LA Data 2014-15 (3),"row 17, column 29",Net Current Expenditure (C7 = C3 - C6)
2014/15,E0104,,E06000024,SW,Archives,-1,-1000.0,Revenue_Outturn__RO5__data_2014-15_by_LA_-_02-Feb-2016.xlsx,RO5 LA Data 2014-15 (3),"row 18, column 7",Net Current Expenditure (C7 = C3 - C6)
2014/15,E0104,,E06000024,SW,Arts development and support,0,0.0,Revenue_Outturn__RO5__data_2014-15_by_LA_-_02-Feb-2016.xlsx,RO5 LA Data 2014-15 (3),"row 18, column 9",Net Current Expenditure (C7 = C3 - C6)
2014/15,E0104,,E06000024,SW,Heritage,-1,-1000.0,Revenue_Outturn__RO5__data_2014-15_by_LA_-_02-Feb-2016.xlsx,RO5 LA Data 2014-15 (3),"row 18, column 11",Net Current Expenditure (C7 = C3 - C6)
2014/15,E0104,,E06000024,SW,Museums and galleries,1,1000.0,Revenue_Outturn__RO5__data_2014-15_by_LA_-_02-Feb-2016.xlsx,RO5 LA Data 2014-15 (3),"row 18, column 13",Net Current Expenditure (C7 = C3 - C6)
2014/15,E0104,,E06000024,SW,Theatres and public entertainment,71,71000.0,Revenue_Outturn__RO5__data_2014-15_by_LA_-_02-Feb-2016.xlsx,RO5 LA Data 2014-15 (3),"row 18, column 15",Net Current Expenditure (C7 = C3 - C6)
2014/15,E0104,,E06000024,SW,Library service,3097,3097000.0,Revenue_Outturn__RO5__data_2014-15_by_LA_-_02-Feb-2016.xlsx,RO5 LA Data 2014-15 (3),"row 18, column 29",Net Current Expenditure (C7 = C3 - C6)
2014/15,E0201,,E06000032,EE,Archives,0,0.0,Revenue_Outturn__RO5__data_2014-15_by_LA_-_02-Feb-2016.xlsx,RO5 LA Data 2014-15 (3),"row 19, column 7",Net Current Expenditure (C7 = C3 - C6)
2014/15,E0201,,E06000032,EE,Arts development and support,0,0.0,Revenue_Outturn__RO5__data_2014-15_by_LA_-_02-Feb-2016.xlsx,RO5 LA Data 2014-15 (3),"row 19, column 9",Net Current Expenditure (C7 = C3 - C6)
2014/15,E0201,,E06000032,EE,Heritage,4,4000.0,Revenue_Outturn__RO5__data_2014-15_by_LA_-_02-Feb-2016.xlsx,RO5 LA Data 2014-15 (3),"row 19, column 11",Net Current Expenditure (C7 = C3 - C6)
2014/15,E0201,,E06000032,EE,Museums and galleries,984,984000.0,Revenue_Outturn__RO5__data_2014-15_by_LA_-_02-Feb-2016.xlsx,RO5 LA Data 2014-15 (3),"row 19, column 13",Net Current Expenditure (C7 = C3 - C6)
2014/15,E0201,,E06000032,EE,Theatres and public entertainment,0,0.0,Revenue_Outturn__RO5__data_2014-15_by_LA_-_02-Feb-2016.xlsx,RO5 LA Data 2014-15 (3),"row 19, column 15",Net Current Expenditure (C7 = C3 - C6)
2014/15,E0201,,E06000032,EE,Library service,0,0.0,Revenue_Outturn__RO5__data_2014-15_by_LA_-_02-Feb-2016.xlsx,RO5 LA Data 2014-15 (3),"row 19, column 29",Net Current Expenditure (C7 = C3 - C6)
2014/15,E0202,,E06000055,EE,Archives,217,217000.0,Revenue_Outturn__RO5__data_2014-15_by_LA_-_02-Feb-2016.xlsx,RO5 LA Data 2014-15 (3),"row 20, column 7",Net Current Expenditure (C7 = C3 - C6)
2014/15,E0202,,E06000055,EE,Arts development and support,-10,-10000.0,Revenue_Outturn__RO5__data_2014-15_by_LA_-_02-Feb-2016.xlsx,RO5 LA Data 2014-15 (3),"row 20, column 9",Net Current Expenditure (C7 = C3 - C6)
2014/15,E0202,,E06000055,EE,Heritage,21,21000.0,Revenue_Outturn__RO5__data_2014-15_by_LA_-_02-Feb-2016.xlsx,RO5 LA Data 2014-15 (3),"row 20, column 11",Net Current Expenditure (C7 = C3 - C6)
2014/15,E0202,,E06000055,EE,Museums and galleries,885,885000.0,Revenue_Outturn__RO5__data_2014-15_by_LA_-_02-Feb-2016.xlsx,RO5 LA Data 2014-15 (3),"row 20, column 13",Net Current Expenditure (C7 = C3 - C6)
2014/15,E0202,,E06000055,EE,Theatres and public entertainment,345,345000.0,Revenue_Outturn__RO5__data_2014-15_by_LA_-_02-Feb-2016.xlsx,RO5 LA Data 2014-15 (3),"row 20, column 15",Net Current Expenditure (C7 = C3 - C6)
2014/15,E0202,,E06000055,EE,Library service,1913,1913000.0,Revenue_Outturn__RO5__data_2014-15_by_LA_-_02-Feb-2016.xlsx,RO5 LA Data 2014-15 (3),"row 20, column 29",Net Current Expenditure (C7 = C3 - C6)
2014/15,E0203,,E06000056,EE,Archives,149,149000.0,Revenue_Outturn__RO5__data_2014-15_by_LA_-_02-Feb-2016.xlsx,RO5 LA Data 2014-15 (3),"row 21, column 7",Net Current Expenditure (C7 = C3 - C6)
2014/15,E0203,,E06000056,EE,Arts development and support,0,0.0,Revenue_Outturn__RO5__data_2014-15_by_LA_-_02-Feb-2016.xlsx,RO5 LA Data 2014-15 (3),"row 21, column 9",Net Current Expenditure (C7 = C3 - C6)
2014/15,E0203,,E06000056,EE,Heritage,0,0.0,Revenue_Outturn__RO5__data_2014-15_by_LA_-_02-Feb-2016.xlsx,RO5 LA Data 2014-15 (3),"row 21, column 11",Net Current Expenditure (C7 = C3 - C6)
2014/15,E0203,,E06000056,EE,Museums and galleries,0,0.0,Revenue_Outturn__RO5__data_2014-15_by_LA_-_02-Feb-2016.xlsx,RO5 LA Data 2014-15 (3),"row 21, column 13",Net Current Expenditure (C7 = C3 - C6)
2014/15,E0203,,E06000056,EE,Theatres and public entertainment,711,711000.0,Revenue_Outturn__RO5__data_2014-15_by_LA_-_02-Feb-2016.xlsx,RO5 LA Data 2014-15 (3),"row 21, column 15",Net Current Expenditure (C7 = C3 - C6)
2014/15,E0203,,E06000056,EE,Library service,2596,2596000.0,Revenue_Outturn__RO5__data_2014-15_by_LA_-_02-Feb-2016.xlsx,RO5 LA Data 2014-15 (3),"row 21, column 29",Net Current Expenditure (C7 = C3 - C6)
2014/15,E0301,,E06000036,SE,Archives,119,119000.0,Revenue_Outturn__RO5__data_2014-15_by_LA_-_02-Feb-2016.xlsx,RO5 LA Data 2014-15 (3),"row 22, column 7",Net Current Expenditure (C7 = C3 - C6)
2014/15,E0301,,E06000036,SE,Arts development and support,685,685000.0,Revenue_Outturn__RO5__data_2014-15_by_LA_-_02-Feb-2016.xlsx,RO5 LA Data 2014-15 (3),"row 22, column 9",Net Current Expenditure (C7 = C3 - C6)
2014/15,E0301,,E06000036,SE,Heritage,0,0.0,Revenue_Outturn__RO5__data_2014-15_by_LA_-_02-Feb-2016.xlsx,RO5 LA Data 2014-15 (3),"row 22, column 11",Net Current Expenditure (C7 = C3 - C6)
2014/15,E0301,,E06000036,SE,Museums and galleries,8,8000.0,Revenue_Outturn__RO5__data_2014-15_by_LA_-_02-Feb-2016.xlsx,RO5 LA Data 2014-15 (3),"row 22, column 13",Net Current Expenditure (C7 = C3 - C6)
2014/15,E0301,,E06000036,SE,Theatres and public entertainment,0,0.0,Revenue_Outturn__RO5__data_2014-15_by_LA_-_02-Feb-2016.xlsx,RO5 LA Data 2014-15 (3),"row 22, column 15",Net Current Expenditure (C7 = C3 - C6)
2014/15,E0301,,E06000036,SE,Library service,1976,1976000.0,Revenue_Outturn__RO5__data_2014-15_by_LA_-_02-Feb-2016.xlsx,RO5 LA Data 2014-15 (3),"row 22, column 29",Net Current Expenditure (C7 = C3 - C6)
2014/15,E0302,,E06000037,SE,Archives,154,154000.0,Revenue_Outturn__RO5__data_2014-15_by_LA_-_02-Feb-2016.xlsx,RO5 LA Data 2014-15 (3),"row 23, column 7",Net Current Expenditure (C7 = C3 - C6)
2014/15,E0302,,E06000037,SE,Arts development and support,80,80000.0,Revenue_Outturn__RO5__data_2014-15_by_LA_-_02-Feb-2016.xlsx,RO5 LA Data 2014-15 (3),"row 23, column 9",Net Current Expenditure (C7 = C3 - C6)
2014/15,E0302,,E06000037,SE,Heritage,284,284000.0,Revenue_Outturn__RO5__data_2014-15_by_LA_-_02-Feb-2016.xlsx,RO5 LA Data 2014-15 (3),"row 23, column 11",Net Current Expenditure (C7 = C3 - C6)
2014/15,E0302,,E06000037,SE,Museums and galleries,181,181000.0,Revenue_Outturn__RO5__data_2014-15_by_LA_-_02-Feb-2016.xlsx,RO5 LA Data 2014-15 (3),"row 23, column 13",Net Current Expenditure (C7 = C3 - C6)
2014/15,E0302,,E06000037,SE,Theatres and public entertainment,466,466000.0,Revenue_Outturn__RO5__data_2014-15_by_LA_-_02-Feb-2016.xlsx,RO5 LA Data 2014-15 (3),"row 23, column 15",Net Current Expenditure (C7 = C3 - C6)
2014/15,E0302,,E06000037,SE,Library service,1767,1767000.0,Revenue_Outturn__RO5__data_2014-15_by_LA_-_02-Feb-2016.xlsx,RO5 LA Data 2014-15 (3),"row 23, column 29",Net Current Expenditure (C7 = C3 - C6)
2014/15,E0303,,E06000038,SE,Archives,398,398000.0,Revenue_Outturn__RO5__data_2014-15_by_LA_-_02-Feb-2016.xlsx,RO5 LA Data 2014-15 (3),"row 24, column 7",Net Current Expenditure (C7 = C3 - C6)
2014/15,E0303,,E06000038,SE,Arts development and support,75,75000.0,Revenue_Outturn__RO5__data_2014-15_by_LA_-_02-Feb-2016.xlsx,RO5 LA Data 2014-15 (3),"row 24, column 9",Net Current Expenditure (C7 = C3 - C6)
2014/15,E0303,,E06000038,SE,Heritage,5,5000.0,Revenue_Outturn__RO5__data_2014-15_by_LA_-_02-Feb-2016.xlsx,RO5 LA Data 2014-15 (3),"row 24, column 11",Net Current Expenditure (C7 = C3 - C6)
2014/15,E0303,,E06000038,SE,Museums and galleries,548,548000.0,Revenue_Outturn__RO5__data_2014-15_by_LA_-_02-Feb-2016.xlsx,RO5 LA Data 2014-15 (3),"row 24, column 13",Net Current Expenditure (C7 = C3 - C6)
2014/15,E0303,,E06000038,SE,Theatres and public entertainment,1611,1611000.0,Revenue_Outturn__RO5__data_2014-15_by_LA_-_02-Feb-2016.xlsx,RO5 LA Data 2014-15 (3),"row 24, column 15",Net Current Expenditure (C7 = C3 - C6)
2014/15,E0303,,E06000038,SE,Library service,1933,1933000.0,Revenue_Outturn__RO5__data_2014-15_by_LA_-_02-Feb-2016.xlsx,RO5 LA Data 2014-15 (3),"row 24, column 29",Net Current Expenditure (C7 = C3 - C6)
2014/15,E0304,,E06000039,SE,Archives,90,90000.0,Revenue_Outturn__RO5__data_2014-15_by_LA_-_02-Feb-2016.xlsx,RO5 LA Data 2014-15 (3),"row 25, column 7",Net Current Expenditure (C7 = C3 - C6)
2014/15,E0304,,E06000039,SE,Arts development and support,145,145000.0,Revenue_Outturn__RO5__data_2014-15_by_LA_-_02-Feb-2016.xlsx,RO5 LA Data 2014-15 (3),"row 25, column 9",Net Current Expenditure (C7 = C3 - C6)
2014/15,E0304,,E06000039,SE,Heritage,0,0.0,Revenue_Outturn__RO5__data_2014-15_by_LA_-_02-Feb-2016.xlsx,RO5 LA Data 2014-15 (3),"row 25, column 11",Net Current Expenditure (C7 = C3 - C6)
2014/15,E0304,,E06000039,SE,Museums and galleries,0,0.0,Revenue_Outturn__RO5__data_2014-15_by_LA_-_02-Feb-2016.xlsx,RO5 LA Data 2014-15 (3),"row 25, column 13",Net Current Expenditure (C7 = C3 - C6)
2014/15,E0304,,E06000039,SE,Theatres and public entertainment,6,6000.0,Revenue_Outturn__RO5__data_2014-15_by_LA_-_02-Feb-2016.xlsx,RO5 LA Data 2014-15 (3),"row 25, column 15",Net Current Expenditure (C7 = C3 - C6)
2014/15,E0304,,E06000039,SE,Library service,2097,2097000.0,Revenue_Outturn__RO5__data_2014-15_by_LA_-_02-Feb-2016.xlsx,RO5 LA Data 2014-15 (3),"row 25, column 29",Net Current Expenditure (C7 = C3 - C6)
2014/15,E0305,,E06000040,SE,Archives,22,22000.0,Revenue_Outturn__RO5__data_2014-15_by_LA_-_02-Feb-2016.xlsx,RO5 LA Data 2014-15 (3),"row 26, column 7",Net Current Expenditure (C7 = C3 - C6)
2014/15,E0305,,E06000040,SE,Arts development and support,209,209000.0,Revenue_Outturn__RO5__data_2014-15_by_LA_-_02-Feb-2016.xlsx,RO5 LA Data 2014-15 (3),"row 26, column 9",Net Current Expenditure (C7 = C3 - C6)
2014/15,E0305,,E06000040,SE,Heritage,156,156000.0,Revenue_Outturn__RO5__data_2014-15_by_LA_-_02-Feb-2016.xlsx,RO5 LA Data 2014-15 (3),"row 26, column 11",Net Current Expenditure (C7 = C3 - C6)
2014/15,E0305,,E06000040,SE,Museums and galleries,0,0.0,Revenue_Outturn__RO5__data_2014-15_by_LA_-_02-Feb-2016.xlsx,RO5 LA Data 2014-15 (3),"row 26, column 13",Net Current Expenditure (C7 = C3 - C6)
2014/15,E0305,,E06000040,SE,Theatres and public entertainment,0,0.0,Revenue_Outturn__RO5__data_2014-15_by_LA_-_02-Feb-2016.xlsx,RO5 LA Data 2014-15 (3),"row 26, column 15",Net Current Expenditure (C7 = C3 - C6)
2014/15,E0305,,E06000040,SE,Library service,3054,3054000.0,Revenue_Outturn__RO5__data_2014-15_by_LA_-_02-Feb-2016.xlsx,RO5 LA Data 2014-15 (3),"row 26, column 29",Net Current Expenditure (C7 = C3 - C6)
2014/15,E0306,,E06000041,SE,Archives,120,120000.0,Revenue_Outturn__RO5__data_2014-15_by_LA_-_02-Feb-2016.xlsx,RO5 LA Data 2014-15 (3),"row 27, column 7",Net Current Expenditure (C7 = C3 - C6)
2014/15,E0306,,E06000041,SE,Arts development and support,0,0.0,Revenue_Outturn__RO5__data_2014-15_by_LA_-_02-Feb-2016.xlsx,RO5 LA Data 2014-15 (3),"row 27, column 9",Net Current Expenditure (C7 = C3 - C6)
2014/15,E0306,,E06000041,SE,Heritage,0,0.0,Revenue_Outturn__RO5__data_2014-15_by_LA_-_02-Feb-2016.xlsx,RO5 LA Data 2014-15 (3),"row 27, column 11",Net Current Expenditure (C7 = C3 - C6)
2014/15,E0306,,E06000041,SE,Museums and galleries,0,0.0,Revenue_Outturn__RO5__data_2014-15_by_LA_-_02-Feb-2016.xlsx,RO5 LA Data 2014-15 (3),"row 27, column 13",Net Current Expenditure (C7 = C3 - C6)
2014/15,E0306,,E06000041,SE,Theatres and public entertainment,0,0.0,Revenue_Outturn__RO5__data_2014-15_by_LA_-_02-Feb-2016.xlsx,RO5 LA Data 2014-15 (3),"row 27, column 15",Net Current Expenditure (C7 = C3 - C6)
2014/15,E0306,,E06000041,SE,Library service,1744,1744000.0,Revenue_Outturn__RO5__data_2014-15_by_LA_-_02-Feb-2016.xlsx,RO5 LA Data 2014-15 (3),"row 27, column 29",Net Current Expenditure (C7 = C3 - C6)
2014/15,E0401,,E06000042,SE,Archives,0,0.0,Revenue_Outturn__RO5__data_2014-15_by_LA_-_02-Feb-2016.xlsx,RO5 LA Data 2014-15 (3),"row 28, column 7",Net Current Expenditure (C7 = C3 - C6)
2014/15,E0401,,E06000042,SE,Arts development and support,346,346000.0,Revenue_Outturn__RO5__data_2014-15_by_LA_-_02-Feb-2016.xlsx,RO5 LA Data 2014-15 (3),"row 28, column 9",Net Current Expenditure (C7 = C3 - C6)
2014/15,E0401,,E06000042,SE,Heritage,187,187000.0,Revenue_Outturn__RO5__data_2014-15_by_LA_-_02-Feb-2016.xlsx,RO5 LA Data 2014-15 (3),"row 28, column 11",Net Current Expenditure (C7 = C3 - C6)
2014/15,E0401,,E06000042,SE,Museums and galleries,592,592000.0,Revenue_Outturn__RO5__data_2014-15_by_LA_-_02-Feb-2016.xlsx,RO5 LA Data 2014-15 (3),"row 28, column 13",Net Current Expenditure (C7 = C3 - C6)
2014/15,E0401,,E06000042,SE,Theatres and public entertainment,0,0.0,Revenue_Outturn__RO5__data_2014-15_by_LA_-_02-Feb-2016.xlsx,RO5 LA Data 2014-15 (3),"row 28, column 15",Net Current Expenditure (C7 = C3 - C6)
2014/15,E0401,,E06000042,SE,Library service,2579,2579000.0,Revenue_Outturn__RO5__data_2014-15_by_LA_-_02-Feb-2016.xlsx,RO5 LA Data 2014-15 (3),"row 28, column 29",Net Current Expenditure (C7 = C3 - C6)
2014/15,E0421,,E10000002,SE,Archives,540,540000.0,Revenue_Outturn__RO5__data_2014-15_by_LA_-_02-Feb-2016.xlsx,RO5 LA Data 2014-15 (3),"row 29, column 7",Net Current Expenditure (C7 = C3 - C6)
2014/15,E0421,,E10000002,SE,Arts development and support,0,0.0,Revenue_Outturn__RO5__data_2014-15_by_LA_-_02-Feb-2016.xlsx,RO5 LA Data 2014-15 (3),"row 29, column 9",Net Current Expenditure (C7 = C3 - C6)
2014/15,E0421,,E10000002,SE,Heritage,0,0.0,Revenue_Outturn__RO5__data_2014-15_by_LA_-_02-Feb-2016.xlsx,RO5 LA Data 2014-15 (3),"row 29, column 11",Net Current Expenditure (C7 = C3 - C6)
2014/15,E0421,,E10000002,SE,Museums and galleries,544,544000.0,Revenue_Outturn__RO5__data_2014-15_by_LA_-_02-Feb-2016.xlsx,RO5 LA Data 2014-15 (3),"row 29, column 13",Net Current Expenditure (C7 = C3 - C6)
2014/15,E0421,,E10000002,SE,Theatres and public entertainment,0,0.0,Revenue_Outturn__RO5__data_2014-15_by_LA_-_02-Feb-2016.xlsx,RO5 LA Data 2014-15 (3),"row 29, column 15",Net Current Expenditure (C7 = C3 - C6)
2014/15,E0421,,E10000002,SE,Library service,7051,7051000.0,Revenue_Outturn__RO5__data_2014-15_by_LA_-_02-Feb-2016.xlsx,RO5 LA Data 2014-15 (3),"row 29, column 29",Net Current Expenditure (C7 = C3 - C6)
2014/15,E0431,,E07000004,SE,Archives,0,0.0,Revenue_Outturn__RO5__data_2014-15_by_LA_-_02-Feb-2016.xlsx,RO5 LA Data 2014-15 (3),"row 30, column 7",Net Current Expenditure (C7 = C3 - C6)
2014/15,E0431,,E07000004,SE,Arts development and support,-46,-46000.0,Revenue_Outturn__RO5__data_2014-15_by_LA_-_02-Feb-2016.xlsx,RO5 LA Data 2014-15 (3),"row 30, column 9",Net Current Expenditure (C7 = C3 - C6)
2014/15,E0431,,E07000004,SE,Heritage,274,274000.0,Revenue_Outturn__RO5__data_2014-15_by_LA_-_02-Feb-2016.xlsx,RO5 LA Data 2014-15 (3),"row 30, column 11",Net Current Expenditure (C7 = C3 - C6)
2014/15,E0431,,E07000004,SE,Museums and galleries,0,0.0,Revenue_Outturn__RO5__data_2014-15_by_LA_-_02-Feb-2016.xlsx,RO5 LA Data 2014-15 (3),"row 30, column 13",Net Current Expenditure (C7 = C3 - C6)
2014/15,E0431,,E07000004,SE,Theatres and public entertainment,513,513000.0,Revenue_Outturn__RO5__data_2014-15_by_LA_-_02-Feb-2016.xlsx,RO5 LA Data 2014-15 (3),"row 30, column 15",Net Current Expenditure (C7 = C3 - C6)
2014/15,E0431,,E07000004,SE,Library service,0,0.0,Revenue_Outturn__RO5__data_2014-15_by_LA_-_02-Feb-2016.xlsx,RO5 LA Data 2014-15 (3),"row 30, column 29",Net Current Expenditure (C7 = C3 - C6)
2014/15,E0432,,E07000005,SE,Archives,0,0.0,Revenue_Outturn__RO5__data_2014-15_by_LA_-_02-Feb-2016.xlsx,RO5 LA Data 2014-15 (3),"row 31, column 7",Net Current Expenditure (C7 = C3 - C6)
2014/15,E0432,,E07000005,SE,Arts development and support,0,0.0,Revenue_Outturn__RO5__data_2014-15_by_LA_-_02-Feb-2016.xlsx,RO5 LA Data 2014-15 (3),"row 31, column 9",Net Current Expenditure (C7 = C3 - C6)
2014/15,E0432,,E07000005,SE,Heritage,0,0.0,Revenue_Outturn__RO5__data_2014-15_by_LA_-_02-Feb-2016.xlsx,RO5 LA Data 2014-15 (3),"row 31, column 11",Net Current Expenditure (C7 = C3 - C6)
2014/15,E0432,,E07000005,SE,Museums and galleries,0,0.0,Revenue_Outturn__RO5__data_2014-15_by_LA_-_02-Feb-2016.xlsx,RO5 LA Data 2014-15 (3),"row 31, column 13",Net Current Expenditure (C7 = C3 - C6)
2014/15,E0432,,E07000005,SE,Theatres and public entertainment,0,0.0,Revenue_Outturn__RO5__data_2014-15_by_LA_-_02-Feb-2016.xlsx,RO5 LA Data 2014-15 (3),"row 31, column 15",Net Current Expenditure (C7 = C3 - C6)
2014/15,E0432,,E07000005,SE,Library service,0,0.0,Revenue_Outturn__RO5__data_2014-15_by_LA_-_02-Feb-2016.xlsx,RO5 LA Data 2014-15 (3),"row 31, column 29",Net Current Expenditure (C7 = C3 - C6)
2014/15,E0434,,E07000006,SE,Archives,0,0.0,Revenue_Outturn__RO5__data_2014-15_by_LA_-_02-Feb-2016.xlsx,RO5 LA Data 2014-15 (3),"row 32, column 7",Net Current Expenditure (C7 = C3 - C6)
2014/15,E0434,,E07000006,SE,Arts development and support,0,0.0,Revenue_Outturn__RO5__data_2014-15_by_LA_-_02-Feb-2016.xlsx,RO5 LA Data 2014-15 (3),"row 32, column 9",Net Current Expenditure (C7 = C3 - C6)
2014/15,E0434,,E07000006,SE,Heritage,0,0.0,Revenue_Outturn__RO5__data_2014-15_by_LA_-_02-Feb-2016.xlsx,RO5 LA Data 2014-15 (3),"row 32, column 11",Net Current Expenditure (C7 = C3 - C6)
2014/15,E0434,,E07000006,SE,Museums and galleries,0,0.0,Revenue_Outturn__RO5__data_2014-15_by_LA_-_02-Feb-2016.xlsx,RO5 LA Data 2014-15 (3),"row 32, column 13",Net Current Expenditure (C7 = C3 - C6)
2014/15,E0434,,E07000006,SE,Theatres and public entertainment,0,0.0,Revenue_Outturn__RO5__data_2014-15_by_LA_-_02-Feb-2016.xlsx,RO5 LA Data 2014-15 (3),"row 32, column 15",Net Current Expenditure (C7 = C3 - C6)
2014/15,E0434,,E07000006,SE,Library service,0,0.0,Revenue_Outturn__RO5__data_2014-15_by_LA_-_02-Feb-2016.xlsx,RO5 LA Data 2014-15 (3),"row 32, column 29",Net Current Expenditure (C7 = C3 - C6)
2014/15,E0435,,E07000007,SE,Archives,0,0.0,Revenue_Outturn__RO5__data_2014-15_by_LA_-_02-Feb-2016.xlsx,RO5 LA Data 2014-15 (3),"row 33, column 7",Net Current Expenditure (C7 = C3 - C6)
2014/15,E0435,,E07000007,SE,Arts development and support,83,83000.0,Revenue_Outturn__RO5__data_2014-15_by_LA_-_02-Feb-2016.xlsx,RO5 LA Data 2014-15 (3),"row 33, column 9",Net Current Expenditure (C7 = C3 - C6)
2014/15,E0435,,E07000007,SE,Heritage,0,0.0,Revenue_Outturn__RO5__data_2014-15_by_LA_-_02-Feb-2016.xlsx,RO5 LA Data 2014-15 (3),"row 33, column 11",Net Current Expenditure (C7 = C3 - C6)
2014/15,E0435,,E07000007,SE,Museums and galleries,500,500000.0,Revenue_Outturn__RO5__data_2014-15_by_LA_-_02-Feb-2016.xlsx,RO5 LA Data 2014-15 (3),"row 33, column 13",Net Current Expenditure (C7 = C3 - C6)
2014/15,E0435,,E07000007,SE,Theatres and public entertainment,321,321000.0,Revenue_Outturn__RO5__data_2014-15_by_LA_-_02-Feb-2016.xlsx,RO5 LA Data 2014-15 (3),"row 33, column 15",Net Current Expenditure (C7 = C3 - C6)
2014/15,E0435,,E07000007,SE,Library service,0,0.0,Revenue_Outturn__RO5__data_2014-15_by_LA_-_02-Feb-2016.xlsx,RO5 LA Data 2014-15 (3),"row 33, column 29",Net Current Expenditure (C7 = C3 - C6)
2014/15,E0501,,E06000031,EE,Archives,0,0.0,Revenue_Outturn__RO5__data_2014-15_by_LA_-_02-Feb-2016.xlsx,RO5 LA Data 2014-15 (3),"row 34, column 7",Net Current Expenditure (C7 = C3 - C6)
2014/15,E0501,,E06000031,EE,Arts development and support,0,0.0,Revenue_Outturn__RO5__data_2014-15_by_LA_-_02-Feb-2016.xlsx,RO5 LA Data 2014-15 (3),"row 34, column 9",Net Current Expenditure (C7 = C3 - C6)
2014/15,E0501,,E06000031,EE,Heritage,66,66000.0,Revenue_Outturn__RO5__data_2014-15_by_LA_-_02-Feb-2016.xlsx,RO5 LA Data 2014-15 (3),"row 34, column 11",Net Current Expenditure (C7 = C3 - C6)
2014/15,E0501,,E06000031,EE,Museums and galleries,803,803000.0,Revenue_Outturn__RO5__data_2014-15_by_LA_-_02-Feb-2016.xlsx,RO5 LA Data 2014-15 (3),"row 34, column 13",Net Current Expenditure (C7 = C3 - C6)
2014/15,E0501,,E06000031,EE,Theatres and public entertainment,244,244000.0,Revenue_Outturn__RO5__data_2014-15_by_LA_-_02-Feb-2016.xlsx,RO5 LA Data 2014-15 (3),"row 34, column 15",Net Current Expenditure (C7 = C3 - C6)
2014/15,E0501,,E06000031,EE,Library service,1571,1571000.0,Revenue_Outturn__RO5__data_2014-15_by_LA_-_02-Feb-2016.xlsx,RO5 LA Data 2014-15 (3),"row 34, column 29",Net Current Expenditure (C7 = C3 - C6)
2014/15,E0521,,E10000003,EE,Archives,948,948000.0,Revenue_Outturn__RO5__data_2014-15_by_LA_-_02-Feb-2016.xlsx,RO5 LA Data 2014-15 (3),"row 35, column 7",Net Current Expenditure (C7 = C3 - C6)
2014/15,E0521,,E10000003,EE,Arts development and support,43,43000.0,Revenue_Outturn__RO5__data_2014-15_by_LA_-_02-Feb-2016.xlsx,RO5 LA Data 2014-15 (3),"row 35, column 9",Net Current Expenditure (C7 = C3 - C6)
2014/15,E0521,,E10000003,EE,Heritage,182,182000.0,Revenue_Outturn__RO5__data_2014-15_by_LA_-_02-Feb-2016.xlsx,RO5 LA Data 2014-15 (3),"row 35, column 11",Net Current Expenditure (C7 = C3 - C6)
2014/15,E0521,,E10000003,EE,Museums and galleries,8,8000.0,Revenue_Outturn__RO5__data_2014-15_by_LA_-_02-Feb-2016.xlsx,RO5 LA Data 2014-15 (3),"row 35, column 13",Net Current Expenditure (C7 = C3 - C6)
2014/15,E0521,,E10000003,EE,Theatres and public entertainment,0,0.0,Revenue_Outturn__RO5__data_2014-15_by_LA_-_02-Feb-2016.xlsx,RO5 LA Data 2014-15 (3),"row 35, column 15",Net Current Expenditure (C7 = C3 - C6)
2014/15,E0521,,E10000003,EE,Library service,6645,6645000.0,Revenue_Outturn__RO5__data_2014-15_by_LA_-_02-Feb-2016.xlsx,RO5 LA Data 2014-15 (3),"row 35, column 29",Net Current Expenditure (C7 = C3 - C6)
2014/15,E0531,,E07000008,EE,Archives,0,0.0,Revenue_Outturn__RO5__data_2014-15_by_LA_-_02-Feb-2016.xlsx,RO5 LA Data 2014-15 (3),"row 36, column 7",Net Current Expenditure (C7 = C3 - C6)
2014/15,E0531,,E07000008,EE,Arts development and support,189,189000.0,Revenue_Outturn__RO5__data_2014-15_by_LA_-_02-Feb-2016.xlsx,RO5 LA Data 2014-15 (3),"row 36, column 9",Net Current Expenditure (C7 = C3 - C6)
2014/15,E0531,,E07000008,EE,Heritage,0,0.0,Revenue_Outturn__RO5__data_2014-15_by_LA_-_02-Feb-2016.xlsx,RO5 LA Data 2014-15 (3),"row 36, column 11",Net Current Expenditure (C7 = C3 - C6)
2014/15,E0531,,E07000008,EE,Museums and galleries,97,97000.0,Revenue_Outturn__RO5__data_2014-15_by_LA_-_02-Feb-2016.xlsx,RO5 LA Data 2014-15 (3),"row 36, column 13",Net Current Expenditure (C7 = C3 - C6)
2014/15,E0531,,E07000008,EE,Theatres and public entertainment,1424,1424000.0,Revenue_Outturn__RO5__data_2014-15_by_LA_-_02-Feb-2016.xlsx,RO5 LA Data 2014-15 (3),"row 36, column 15",Net Current Expenditure (C7 = C3 - C6)
2014/15,E0531,,E07000008,EE,Library service,0,0.0,Revenue_Outturn__RO5__data_2014-15_by_LA_-_02-Feb-2016.xlsx,RO5 LA Data 2014-15 (3),"row 36, column 29",Net Current Expenditure (C7 = C3 - C6)
2014/15,E0532,,E07000009,EE,Archives,0,0.0,Revenue_Outturn__RO5__data_2014-15_by_LA_-_02-Feb-2016.xlsx,RO5 LA Data 2014-15 (3),"row 37, column 7",Net Current Expenditure (C7 = C3 - C6)
2014/15,E0532,,E07000009,EE,Arts development and support,0,0.0,Revenue_Outturn__RO5__data_2014-15_by_LA_-_02-Feb-2016.xlsx,RO5 LA Data 2014-15 (3),"row 37, column 9",Net Current Expenditure (C7 = C3 - C6)
2014/15,E0532,,E07000009,EE,Heritage,87,87000.0,Revenue_Outturn__RO5__data_2014-15_by_LA_-_02-Feb-2016.xlsx,RO5 LA Data 2014-15 (3),"row 37, column 11",Net Current Expenditure (C7 = C3 - C6)
2014/15,E0532,,E07000009,EE,Museums and galleries,34,34000.0,Revenue_Outturn__RO5__data_2014-15_by_LA_-_02-Feb-2016.xlsx,RO5 LA Data 2014-15 (3),"row 37, column 13",Net Current Expenditure (C7 = C3 - C6)
2014/15,E0532,,E07000009,EE,Theatres and public entertainment,0,0.0,Revenue_Outturn__RO5__data_2014-15_by_LA_-_02-Feb-2016.xlsx,RO5 LA Data 2014-15 (3),"row 37, column 15",Net Current Expenditure (C7 = C3 - C6)
2014/15,E0532,,E07000009,EE,Library service,0,0.0,Revenue_Outturn__RO5__data_2014-15_by_LA_-_02-Feb-2016.xlsx,RO5 LA Data 2014-15 (3),"row 37, column 29",Net Current Expenditure (C7 = C3 - C6)
2014/15,E0533,,E07000010,EE,Archives,0,0.0,Revenue_Outturn__RO5__data_2014-15_by_LA_-_02-Feb-2016.xlsx,RO5 LA Data 2014-15 (3),"row 38, column 7",Net Current Expenditure (C7 = C3 - C6)
2014/15,E0533,,E07000010,EE,Arts development and support,8,8000.0,Revenue_Outturn__RO5__data_2014-15_by_LA_-_02-Feb-2016.xlsx,RO5 LA Data 2014-15 (3),"row 38, column 9",Net Current Expenditure (C7 = C3 - C6)
2014/15,E0533,,E07000010,EE,Heritage,10,10000.0,Revenue_Outturn__RO5__data_2014-15_by_LA_-_02-Feb-2016.xlsx,RO5 LA Data 2014-15 (3),"row 38, column 11",Net Current Expenditure (C7 = C3 - C6)
2014/15,E0533,,E07000010,EE,Museums and galleries,46,46000.0,Revenue_Outturn__RO5__data_2014-15_by_LA_-_02-Feb-2016.xlsx,RO5 LA Data 2014-15 (3),"row 38, column 13",Net Current Expenditure (C7 = C3 - C6)
2014/15,E0533,,E07000010,EE,Theatres and public entertainment,4,4000.0,Revenue_Outturn__RO5__data_2014-15_by_LA_-_02-Feb-2016.xlsx,RO5 LA Data 2014-15 (3),"row 38, column 15",Net Current Expenditure (C7 = C3 - C6)
2014/15,E0533,,E07000010,EE,Library service,0,0.0,Revenue_Outturn__RO5__data_2014-15_by_LA_-_02-Feb-2016.xlsx,RO5 LA Data 2014-15 (3),"row 38, column 29",Net Current Expenditure (C7 = C3 - C6)
2014/15,E0536,,E07000012,EE,Archives,0,0.0,Revenue_Outturn__RO5__data_2014-15_by_LA_-_02-Feb-2016.xlsx,RO5 LA Data 2014-15 (3),"row 39, column 7",Net Current Expenditure (C7 = C3 - C6)
2014/15,E0536,,E07000012,EE,Arts development and support,5,5000.0,Revenue_Outturn__RO5__data_2014-15_by_LA_-_02-Feb-2016.xlsx,RO5 LA Data 2014-15 (3),"row 39, column 9",Net Current Expenditure (C7 = C3 - C6)
2014/15,E0536,,E07000012,EE,Heritage,0,0.0,Revenue_Outturn__RO5__data_2014-15_by_LA_-_02-Feb-2016.xlsx,RO5 LA Data 2014-15 (3),"row 39, column 11",Net Current Expenditure (C7 = C3 - C6)
2014/15,E0536,,E07000012,EE,Museums and galleries,13,13000.0,Revenue_Outturn__RO5__data_2014-15_by_LA_-_02-Feb-2016.xlsx,RO5 LA Data 2014-15 (3),"row 39, column 13",Net Current Expenditure (C7 = C3 - C6)
2014/15,E0536,,E07000012,EE,Theatres and public entertainment,0,0.0,Revenue_Outturn__RO5__data_2014-15_by_LA_-_02-Feb-2016.xlsx,RO5 LA Data 2014-15 (3),"row 39, column 15",Net Current Expenditure (C7 = C3 - C6)
2014/15,E0536,,E07000012,EE,Library service,0,0.0,Revenue_Outturn__RO5__data_2014-15_by_LA_-_02-Feb-2016.xlsx,RO5 LA Data 2014-15 (3),"row 39, column 29",Net Current Expenditure (C7 = C3 - C6)
2014/15,E0551,,E07000011,EE,Archives,0,0.0,Revenue_Outturn__RO5__data_2014-15_by_LA_-_02-Feb-2016.xlsx,RO5 LA Data 2014-15 (3),"row 40, column 7",Net Current Expenditure (C7 = C3 - C6)
2014/15,E0551,,E07000011,EE,Arts development and support,0,0.0,Revenue_Outturn__RO5__data_2014-15_by_LA_-_02-Feb-2016.xlsx,RO5 LA Data 2014-15 (3),"row 40, column 9",Net Current Expenditure (C7 = C3 - C6)
2014/15,E0551,,E07000011,EE,Heritage,33,33000.0,Revenue_Outturn__RO5__data_2014-15_by_LA_-_02-Feb-2016.xlsx,RO5 LA Data 2014-15 (3),"row 40, column 11",Net Current Expenditure (C7 = C3 - C6)
2014/15,E0551,,E07000011,EE,Museums and galleries,0,0.0,Revenue_Outturn__RO5__data_2014-15_by_LA_-_02-Feb-2016.xlsx,RO5 LA Data 2014-15 (3),"row 40, column 13",Net Current Expenditure (C7 = C3 - C6)
2014/15,E0551,,E07000011,EE,Theatres and public entertainment,35,35000.0,Revenue_Outturn__RO5__data_2014-15_by_LA_-_02-Feb-2016.xlsx,RO5 LA Data 2014-15 (3),"row 40, column 15",Net Current Expenditure (C7 = C3 - C6)
2014/15,E0551,,E07000011,EE,Library service,0,0.0,Revenue_Outturn__RO5__data_2014-15_by_LA_-_02-Feb-2016.xlsx,RO5 LA Data 2014-15 (3),"row 40, column 29",Net Current Expenditure (C7 = C3 - C6)
2014/15,E0601,,E06000006,NW,Archives,0,0.0,Revenue_Outturn__RO5__data_2014-15_by_LA_-_02-Feb-2016.xlsx,RO5 LA Data 2014-15 (3),"row 41, column 7",Net Current Expenditure (C7 = C3 - C6)
2014/15,E0601,,E06000006,NW,Arts development and support,121,121000.0,Revenue_Outturn__RO5__data_2014-15_by_LA_-_02-Feb-2016.xlsx,RO5 LA Data 2014-15 (3),"row 41, column 9",Net Current Expenditure (C7 = C3 - C6)
2014/15,E0601,,E06000006,NW,Heritage,7,7000.0,Revenue_Outturn__RO5__data_2014-15_by_LA_-_02-Feb-2016.xlsx,RO5 LA Data 2014-15 (3),"row 41, column 11",Net Current Expenditure (C7 = C3 - C6)
2014/15,E0601,,E06000006,NW,Museums and galleries,233,233000.0,Revenue_Outturn__RO5__data_2014-15_by_LA_-_02-Feb-2016.xlsx,RO5 LA Data 2014-15 (3),"row 41, column 13",Net Current Expenditure (C7 = C3 - C6)
2014/15,E0601,,E06000006,NW,Theatres and public entertainment,484,484000.0,Revenue_Outturn__RO5__data_2014-15_by_LA_-_02-Feb-2016.xlsx,RO5 LA Data 2014-15 (3),"row 41, column 15",Net Current Expenditure (C7 = C3 - C6)
2014/15,E0601,,E06000006,NW,Library service,2052,2052000.0,Revenue_Outturn__RO5__data_2014-15_by_LA_-_02-Feb-2016.xlsx,RO5 LA Data 2014-15 (3),"row 41, column 29",Net Current Expenditure (C7 = C3 - C6)
2014/15,E0602,,E06000007,NW,Archives,0,0.0,Revenue_Outturn__RO5__data_2014-15_by_LA_-_02-Feb-2016.xlsx,RO5 LA Data 2014-15 (3),"row 42, column 7",Net Current Expenditure (C7 = C3 - C6)
2014/15,E0602,,E06000007,NW,Arts development and support,64,64000.0,Revenue_Outturn__RO5__data_2014-15_by_LA_-_02-Feb-2016.xlsx,RO5 LA Data 2014-15 (3),"row 42, column 9",Net Current Expenditure (C7 = C3 - C6)
2014/15,E0602,,E06000007,NW,Heritage,0,0.0,Revenue_Outturn__RO5__data_2014-15_by_LA_-_02-Feb-2016.xlsx,RO5 LA Data 2014-15 (3),"row 42, column 11",Net Current Expenditure (C7 = C3 - C6)
2014/15,E0602,,E06000007,NW,Museums and galleries,610,610000.0,Revenue_Outturn__RO5__data_2014-15_by_LA_-_02-Feb-2016.xlsx,RO5 LA Data 2014-15 (3),"row 42, column 13",Net Current Expenditure (C7 = C3 - C6)
2014/15,E0602,,E06000007,NW,Theatres and public entertainment,713,713000.0,Revenue_Outturn__RO5__data_2014-15_by_LA_-_02-Feb-2016.xlsx,RO5 LA Data 2014-15 (3),"row 42, column 15",Net Current Expenditure (C7 = C3 - C6)
2014/15,E0602,,E06000007,NW,Library service,1803,1803000.0,Revenue_Outturn__RO5__data_2014-15_by_LA_-_02-Feb-2016.xlsx,RO5 LA Data 2014-15 (3),"row 42, column 29",Net Current Expenditure (C7 = C3 - C6)
2014/15,E0603,,E06000049,NW,Archives,175,175000.0,Revenue_Outturn__RO5__data_2014-15_by_LA_-_02-Feb-2016.xlsx,RO5 LA Data 2014-15 (3),"row 43, column 7",Net Current Expenditure (C7 = C3 - C6)
2014/15,E0603,,E06000049,NW,Arts development and support,490,490000.0,Revenue_Outturn__RO5__data_2014-15_by_LA_-_02-Feb-2016.xlsx,RO5 LA Data 2014-15 (3),"row 43, column 9",Net Current Expenditure (C7 = C3 - C6)
2014/15,E0603,,E06000049,NW,Heritage,556,556000.0,Revenue_Outturn__RO5__data_2014-15_by_LA_-_02-Feb-2016.xlsx,RO5 LA Data 2014-15 (3),"row 43, column 11",Net Current Expenditure (C7 = C3 - C6)
2014/15,E0603,,E06000049,NW,Museums and galleries,-11,-11000.0,Revenue_Outturn__RO5__data_2014-15_by_LA_-_02-Feb-2016.xlsx,RO5 LA Data 2014-15 (3),"row 43, column 13",Net Current Expenditure (C7 = C3 - C6)
2014/15,E0603,,E06000049,NW,Theatres and public entertainment,240,240000.0,Revenue_Outturn__RO5__data_2014-15_by_LA_-_02-Feb-2016.xlsx,RO5 LA Data 2014-15 (3),"row 43, column 15",Net Current Expenditure (C7 = C3 - C6)
2014/15,E0603,,E06000049,NW,Library service,4444,4444000.0,Revenue_Outturn__RO5__data_2014-15_by_LA_-_02-Feb-2016.xlsx,RO5 LA Data 2014-15 (3),"row 43, column 29",Net Current Expenditure (C7 = C3 - C6)
2014/15,E0604,,E06000050,NW,Archives,267,267000.0,Revenue_Outturn__RO5__data_2014-15_by_LA_-_02-Feb-2016.xlsx,RO5 LA Data 2014-15 (3),"row 44, column 7",Net Current Expenditure (C7 = C3 - C6)
2014/15,E0604,,E06000050,NW,Arts development and support,1257,1257000.0,Revenue_Outturn__RO5__data_2014-15_by_LA_-_02-Feb-2016.xlsx,RO5 LA Data 2014-15 (3),"row 44, column 9",Net Current Expenditure (C7 = C3 - C6)
2014/15,E0604,,E06000050,NW,Heritage,626,626000.0,Revenue_Outturn__RO5__data_2014-15_by_LA_-_02-Feb-2016.xlsx,RO5 LA Data 2014-15 (3),"row 44, column 11",Net Current Expenditure (C7 = C3 - C6)
2014/15,E0604,,E06000050,NW,Museums and galleries,1492,1492000.0,Revenue_Outturn__RO5__data_2014-15_by_LA_-_02-Feb-2016.xlsx,RO5 LA Data 2014-15 (3),"row 44, column 13",Net Current Expenditure (C7 = C3 - C6)
2014/15,E0604,,E06000050,NW,Theatres and public entertainment,216,216000.0,Revenue_Outturn__RO5__data_2014-15_by_LA_-_02-Feb-2016.xlsx,RO5 LA Data 2014-15 (3),"row 44, column 15",Net Current Expenditure (C7 = C3 - C6)
2014/15,E0604,,E06000050,NW,Library service,4924,4924000.0,Revenue_Outturn__RO5__data_2014-15_by_LA_-_02-Feb-2016.xlsx,RO5 LA Data 2014-15 (3),"row 44, column 29",Net Current Expenditure (C7 = C3 - C6)
2014/15,E0701,,E06000001,NE,Archives,36,36000.0,Revenue_Outturn__RO5__data_2014-15_by_LA_-_02-Feb-2016.xlsx,RO5 LA Data 2014-15 (3),"row 45, column 7",Net Current Expenditure (C7 = C3 - C6)
2014/15,E0701,,E06000001,NE,Arts development and support,66,66000.0,Revenue_Outturn__RO5__data_2014-15_by_LA_-_02-Feb-2016.xlsx,RO5 LA Data 2014-15 (3),"row 45, column 9",Net Current Expenditure (C7 = C3 - C6)
2014/15,E0701,,E06000001,NE,Heritage,321,321000.0,Revenue_Outturn__RO5__data_2014-15_by_LA_-_02-Feb-2016.xlsx,RO5 LA Data 2014-15 (3),"row 45, column 11",Net Current Expenditure (C7 = C3 - C6)
2014/15,E0701,,E06000001,NE,Museums and galleries,551,551000.0,Revenue_Outturn__RO5__data_2014-15_by_LA_-_02-Feb-2016.xlsx,RO5 LA Data 2014-15 (3),"row 45, column 13",Net Current Expenditure (C7 = C3 - C6)
2014/15,E0701,,E06000001,NE,Theatres and public entertainment,286,286000.0,Revenue_Outturn__RO5__data_2014-15_by_LA_-_02-Feb-2016.xlsx,RO5 LA Data 2014-15 (3),"row 45, column 15",Net Current Expenditure (C7 = C3 - C6)
2014/15,E0701,,E06000001,NE,Library service,1394,1394000.0,Revenue_Outturn__RO5__data_2014-15_by_LA_-_02-Feb-2016.xlsx,RO5 LA Data 2014-15 (3),"row 45, column 29",Net Current Expenditure (C7 = C3 - C6)
2014/15,E0702,,E06000002,NE,Archives,76,76000.0,Revenue_Outturn__RO5__data_2014-15_by_LA_-_02-Feb-2016.xlsx,RO5 LA Data 2014-15 (3),"row 46, column 7",Net Current Expenditure (C7 = C3 - C6)
2014/15,E0702,,E06000002,NE,Arts development and support,108,108000.0,Revenue_Outturn__RO5__data_2014-15_by_LA_-_02-Feb-2016.xlsx,RO5 LA Data 2014-15 (3),"row 46, column 9",Net Current Expenditure (C7 = C3 - C6)
2014/15,E0702,,E06000002,NE,Heritage,0,0.0,Revenue_Outturn__RO5__data_2014-15_by_LA_-_02-Feb-2016.xlsx,RO5 LA Data 2014-15 (3),"row 46, column 11",Net Current Expenditure (C7 = C3 - C6)
2014/15,E0702,,E06000002,NE,Museums and galleries,2234,2234000.0,Revenue_Outturn__RO5__data_2014-15_by_LA_-_02-Feb-2016.xlsx,RO5 LA Data 2014-15 (3),"row 46, column 13",Net Current Expenditure (C7 = C3 - C6)
2014/15,E0702,,E06000002,NE,Theatres and public entertainment,1044,1044000.0,Revenue_Outturn__RO5__data_2014-15_by_LA_-_02-Feb-2016.xlsx,RO5 LA Data 2014-15 (3),"row 46, column 15",Net Current Expenditure (C7 = C3 - C6)
2014/15,E0702,,E06000002,NE,Library service,1530,1530000.0,Revenue_Outturn__RO5__data_2014-15_by_LA_-_02-Feb-2016.xlsx,RO5 LA Data 2014-15 (3),"row 46, column 29",Net Current Expenditure (C7 = C3 - C6)
2014/15,E0703,,E06000003,NE,Archives,52,52000.0,Revenue_Outturn__RO5__data_2014-15_by_LA_-_02-Feb-2016.xlsx,RO5 LA Data 2014-15 (3),"row 47, column 7",Net Current Expenditure (C7 = C3 - C6)
2014/15,E0703,,E06000003,NE,Arts development and support,71,71000.0,Revenue_Outturn__RO5__data_2014-15_by_LA_-_02-Feb-2016.xlsx,RO5 LA Data 2014-15 (3),"row 47, column 9",Net Current Expenditure (C7 = C3 - C6)
2014/15,E0703,,E06000003,NE,Heritage,1,1000.0,Revenue_Outturn__RO5__data_2014-15_by_LA_-_02-Feb-2016.xlsx,RO5 LA Data 2014-15 (3),"row 47, column 11",Net Current Expenditure (C7 = C3 - C6)
2014/15,E0703,,E06000003,NE,Museums and galleries,848,848000.0,Revenue_Outturn__RO5__data_2014-15_by_LA_-_02-Feb-2016.xlsx,RO5 LA Data 2014-15 (3),"row 47, column 13",Net Current Expenditure (C7 = C3 - C6)
2014/15,E0703,,E06000003,NE,Theatres and public entertainment,-75,-75000.0,Revenue_Outturn__RO5__data_2014-15_by_LA_-_02-Feb-2016.xlsx,RO5 LA Data 2014-15 (3),"row 47, column 15",Net Current Expenditure (C7 = C3 - C6)
2014/15,E0703,,E06000003,NE,Library service,3151,3151000.0,Revenue_Outturn__RO5__data_2014-15_by_LA_-_02-Feb-2016.xlsx,RO5 LA Data 2014-15 (3),"row 47, column 29",Net Current Expenditure (C7 = C3 - C6)
2014/15,E0704,,E06000004,NE,Archives,0,0.0,Revenue_Outturn__RO5__data_2014-15_by_LA_-_02-Feb-2016.xlsx,RO5 LA Data 2014-15 (3),"row 48, column 7",Net Current Expenditure (C7 = C3 - C6)
2014/15,E0704,,E06000004,NE,Arts development and support,0,0.0,Revenue_Outturn__RO5__data_2014-15_by_LA_-_02-Feb-2016.xlsx,RO5 LA Data 2014-15 (3),"row 48, column 9",Net Current Expenditure (C7 = C3 - C6)
2014/15,E0704,,E06000004,NE,Heritage,0,0.0,Revenue_Outturn__RO5__data_2014-15_by_LA_-_02-Feb-2016.xlsx,RO5 LA Data 2014-15 (3),"row 48, column 11",Net Current Expenditure (C7 = C3 - C6)
2014/15,E0704,,E06000004,NE,Museums and galleries,905,905000.0,Revenue_Outturn__RO5__data_2014-15_by_LA_-_02-Feb-2016.xlsx,RO5 LA Data 2014-15 (3),"row 48, column 13",Net Current Expenditure (C7 = C3 - C6)
2014/15,E0704,,E06000004,NE,Theatres and public entertainment,1443,1443000.0,Revenue_Outturn__RO5__data_2014-15_by_LA_-_02-Feb-2016.xlsx,RO5 LA Data 2014-15 (3),"row 48, column 15",Net Current Expenditure (C7 = C3 - C6)
2014/15,E0704,,E06000004,NE,Library service,2660,2660000.0,Revenue_Outturn__RO5__data_2014-15_by_LA_-_02-Feb-2016.xlsx,RO5 LA Data 2014-15 (3),"row 48, column 29",Net Current Expenditure (C7 = C3 - C6)
2014/15,E0801,,E06000052,SW,Archives,480,480000.0,Revenue_Outturn__RO5__data_2014-15_by_LA_-_02-Feb-2016.xlsx,RO5 LA Data 2014-15 (3),"row 49, column 7",Net Current Expenditure (C7 = C3 - C6)
2014/15,E0801,,E06000052,SW,Arts development and support,618,618000.0,Revenue_Outturn__RO5__data_2014-15_by_LA_-_02-Feb-2016.xlsx,RO5 LA Data 2014-15 (3),"row 49, column 9",Net Current Expenditure (C7 = C3 - C6)
2014/15,E0801,,E06000052,SW,Heritage,894,894000.0,Revenue_Outturn__RO5__data_2014-15_by_LA_-_02-Feb-2016.xlsx,RO5 LA Data 2014-15 (3),"row 49, column 11",Net Current Expenditure (C7 = C3 - C6)
2014/15,E0801,,E06000052,SW,Museums and galleries,481,481000.0,Revenue_Outturn__RO5__data_2014-15_by_LA_-_02-Feb-2016.xlsx,RO5 LA Data 2014-15 (3),"row 49, column 13",Net Current Expenditure (C7 = C3 - C6)
2014/15,E0801,,E06000052,SW,Theatres and public entertainment,0,0.0,Revenue_Outturn__RO5__data_2014-15_by_LA_-_02-Feb-2016.xlsx,RO5 LA Data 2014-15 (3),"row 49, column 15",Net Current Expenditure (C7 = C3 - C6)
2014/15,E0801,,E06000052,SW,Library service,4276,4276000.0,Revenue_Outturn__RO5__data_2014-15_by_LA_-_02-Feb-2016.xlsx,RO5 LA Data 2014-15 (3),"row 49, column 29",Net Current Expenditure (C7 = C3 - C6)
2014/15,E0920,,E10000006,NW,Archives,1742,1742000.0,Revenue_Outturn__RO5__data_2014-15_by_LA_-_02-Feb-2016.xlsx,RO5 LA Data 2014-15 (3),"row 50, column 7",Net Current Expenditure (C7 = C3 - C6)
2014/15,E0920,,E10000006,NW,Arts development and support,156,156000.0,Revenue_Outturn__RO5__data_2014-15_by_LA_-_02-Feb-2016.xlsx,RO5 LA Data 2014-15 (3),"row 50, column 9",Net Current Expenditure (C7 = C3 - C6)
2014/15,E0920,,E10000006,NW,Heritage,0,0.0,Revenue_Outturn__RO5__data_2014-15_by_LA_-_02-Feb-2016.xlsx,RO5 LA Data 2014-15 (3),"row 50, column 11",Net Current Expenditure (C7 = C3 - C6)
2014/15,E0920,,E10000006,NW,Museums and galleries,0,0.0,Revenue_Outturn__RO5__data_2014-15_by_LA_-_02-Feb-2016.xlsx,RO5 LA Data 2014-15 (3),"row 50, column 13",Net Current Expenditure (C7 = C3 - C6)
2014/15,E0920,,E10000006,NW,Theatres and public entertainment,0,0.0,Revenue_Outturn__RO5__data_2014-15_by_LA_-_02-Feb-2016.xlsx,RO5 LA Data 2014-15 (3),"row 50, column 15",Net Current Expenditure (C7 = C3 - C6)
2014/15,E0920,,E10000006,NW,Library service,6574,6574000.0,Revenue_Outturn__RO5__data_2014-15_by_LA_-_02-Feb-2016.xlsx,RO5 LA Data 2014-15 (3),"row 50, column 29",Net Current Expenditure (C7 = C3 - C6)
2014/15,E0931,,E07000026,NW,Archives,0,0.0,Revenue_Outturn__RO5__data_2014-15_by_LA_-_02-Feb-2016.xlsx,RO5 LA Data 2014-15 (3),"row 51, column 7",Net Current Expenditure (C7 = C3 - C6)
2014/15,E0931,,E07000026,NW,Arts development and support,42,42000.0,Revenue_Outturn__RO5__data_2014-15_by_LA_-_02-Feb-2016.xlsx,RO5 LA Data 2014-15 (3),"row 51, column 9",Net Current Expenditure (C7 = C3 - C6)
2014/15,E0931,,E07000026,NW,Heritage,10,10000.0,Revenue_Outturn__RO5__data_2014-15_by_LA_-_02-Feb-2016.xlsx,RO5 LA Data 2014-15 (3),"row 51, column 11",Net Current Expenditure (C7 = C3 - C6)
2014/15,E0931,,E07000026,NW,Museums and galleries,395,395000.0,Revenue_Outturn__RO5__data_2014-15_by_LA_-_02-Feb-2016.xlsx,RO5 LA Data 2014-15 (3),"row 51, column 13",Net Current Expenditure (C7 = C3 - C6)
2014/15,E0931,,E07000026,NW,Theatres and public entertainment,107,107000.0,Revenue_Outturn__RO5__data_2014-15_by_LA_-_02-Feb-2016.xlsx,RO5 LA Data 2014-15 (3),"row 51, column 15",Net Current Expenditure (C7 = C3 - C6)
2014/15,E0931,,E07000026,NW,Library service,0,0.0,Revenue_Outturn__RO5__data_2014-15_by_LA_-_02-Feb-2016.xlsx,RO5 LA Data 2014-15 (3),"row 51, column 29",Net Current Expenditure (C7 = C3 - C6)
2014/15,E0932,,E07000027,NW,Archives,0,0.0,Revenue_Outturn__RO5__data_2014-15_by_LA_-_02-Feb-2016.xlsx,RO5 LA Data 2014-15 (3),"row 52, column 7",Net Current Expenditure (C7 = C3 - C6)
2014/15,E0932,,E07000027,NW,Arts development and support,0,0.0,Revenue_Outturn__RO5__data_2014-15_by_LA_-_02-Feb-2016.xlsx,RO5 LA Data 2014-15 (3),"row 52, column 9",Net Current Expenditure (C7 = C3 - C6)
2014/15,E0932,,E07000027,NW,Heritage,3,3000.0,Revenue_Outturn__RO5__data_2014-15_by_LA_-_02-Feb-2016.xlsx,RO5 LA Data 2014-15 (3),"row 52, column 11",Net Current Expenditure (C7 = C3 - C6)
2014/15,E0932,,E07000027,NW,Museums and galleries,383,383000.0,Revenue_Outturn__RO5__data_2014-15_by_LA_-_02-Feb-2016.xlsx,RO5 LA Data 2014-15 (3),"row 52, column 13",Net Current Expenditure (C7 = C3 - C6)
2014/15,E0932,,E07000027,NW,Theatres and public entertainment,588,588000.0,Revenue_Outturn__RO5__data_2014-15_by_LA_-_02-Feb-2016.xlsx,RO5 LA Data 2014-15 (3),"row 52, column 15",Net Current Expenditure (C7 = C3 - C6)
2014/15,E0932,,E07000027,NW,Library service,0,0.0,Revenue_Outturn__RO5__data_2014-15_by_LA_-_02-Feb-2016.xlsx,RO5 LA Data 2014-15 (3),"row 52, column 29",Net Current Expenditure (C7 = C3 - C6)
2014/15,E0933,,E07000028,NW,Archives,0,0.0,Revenue_Outturn__RO5__data_2014-15_by_LA_-_02-Feb-2016.xlsx,RO5 LA Data 2014-15 (3),"row 53, column 7",Net Current Expenditure (C7 = C3 - C6)
2014/15,E0933,,E07000028,NW,Arts development and support,0,0.0,Revenue_Outturn__RO5__data_2014-15_by_LA_-_02-Feb-2016.xlsx,RO5 LA Data 2014-15 (3),"row 53, column 9",Net Current Expenditure (C7 = C3 - C6)
2014/15,E0933,,E07000028,NW,Heritage,1,1000.0,Revenue_Outturn__RO5__data_2014-15_by_LA_-_02-Feb-2016.xlsx,RO5 LA Data 2014-15 (3),"row 53, column 11",Net Current Expenditure (C7 = C3 - C6)
2014/15,E0933,,E07000028,NW,Museums and galleries,1506,1506000.0,Revenue_Outturn__RO5__data_2014-15_by_LA_-_02-Feb-2016.xlsx,RO5 LA Data 2014-15 (3),"row 53, column 13",Net Current Expenditure (C7 = C3 - C6)
2014/15,E0933,,E07000028,NW,Theatres and public entertainment,949,949000.0,Revenue_Outturn__RO5__data_2014-15_by_LA_-_02-Feb-2016.xlsx,RO5 LA Data 2014-15 (3),"row 53, column 15",Net Current Expenditure (C7 = C3 - C6)
2014/15,E0933,,E07000028,NW,Library service,0,0.0,Revenue_Outturn__RO5__data_2014-15_by_LA_-_02-Feb-2016.xlsx,RO5 LA Data 2014-15 (3),"row 53, column 29",Net Current Expenditure (C7 = C3 - C6)
2014/15,E0934,,E07000029,NW,Archives,0,0.0,Revenue_Outturn__RO5__data_2014-15_by_LA_-_02-Feb-2016.xlsx,RO5 LA Data 2014-15 (3),"row 54, column 7",Net Current Expenditure (C7 = C3 - C6)
2014/15,E0934,,E07000029,NW,Arts development and support,0,0.0,Revenue_Outturn__RO5__data_2014-15_by_LA_-_02-Feb-2016.xlsx,RO5 LA Data 2014-15 (3),"row 54, column 9",Net Current Expenditure (C7 = C3 - C6)
2014/15,E0934,,E07000029,NW,Heritage,-26,-26000.0,Revenue_Outturn__RO5__data_2014-15_by_LA_-_02-Feb-2016.xlsx,RO5 LA Data 2014-15 (3),"row 54, column 11",Net Current Expenditure (C7 = C3 - C6)
2014/15,E0934,,E07000029,NW,Museums and galleries,147,147000.0,Revenue_Outturn__RO5__data_2014-15_by_LA_-_02-Feb-2016.xlsx,RO5 LA Data 2014-15 (3),"row 54, column 13",Net Current Expenditure (C7 = C3 - C6)
2014/15,E0934,,E07000029,NW,Theatres and public entertainment,0,0.0,Revenue_Outturn__RO5__data_2014-15_by_LA_-_02-Feb-2016.xlsx,RO5 LA Data 2014-15 (3),"row 54, column 15",Net Current Expenditure (C7 = C3 - C6)
2014/15,E0934,,E07000029,NW,Library service,0,0.0,Revenue_Outturn__RO5__data_2014-15_by_LA_-_02-Feb-2016.xlsx,RO5 LA Data 2014-15 (3),"row 54, column 29",Net Current Expenditure (C7 = C3 - C6)
2014/15,E0935,,E07000030,NW,Archives,0,0.0,Revenue_Outturn__RO5__data_2014-15_by_LA_-_02-Feb-2016.xlsx,RO5 LA Data 2014-15 (3),"row 55, column 7",Net Current Expenditure (C7 = C3 - C6)
2014/15,E0935,,E07000030,NW,Arts development and support,91,91000.0,Revenue_Outturn__RO5__data_2014-15_by_LA_-_02-Feb-2016.xlsx,RO5 LA Data 2014-15 (3),"row 55, column 9",Net Current Expenditure (C7 = C3 - C6)
2014/15,E0935,,E07000030,NW,Heritage,0,0.0,Revenue_Outturn__RO5__data_2014-15_by_LA_-_02-Feb-2016.xlsx,RO5 LA Data 2014-15 (3),"row 55, column 11",Net Current Expenditure (C7 = C3 - C6)
2014/15,E0935,,E07000030,NW,Museums and galleries,55,55000.0,Revenue_Outturn__RO5__data_2014-15_by_LA_-_02-Feb-2016.xlsx,RO5 LA Data 2014-15 (3),"row 55, column 13",Net Current Expenditure (C7 = C3 - C6)
2014/15,E0935,,E07000030,NW,Theatres and public entertainment,0,0.0,Revenue_Outturn__RO5__data_2014-15_by_LA_-_02-Feb-2016.xlsx,RO5 LA Data 2014-15 (3),"row 55, column 15",Net Current Expenditure (C7 = C3 - C6)
2014/15,E0935,,E07000030,NW,Library service,0,0.0,Revenue_Outturn__RO5__data_2014-15_by_LA_-_02-Feb-2016.xlsx,RO5 LA Data 2014-15 (3),"row 55, column 29",Net Current Expenditure (C7 = C3 - C6)
2014/15,E0936,,E07000031,NW,Archives,0,0.0,Revenue_Outturn__RO5__data_2014-15_by_LA_-_02-Feb-2016.xlsx,RO5 LA Data 2014-15 (3),"row 56, column 7",Net Current Expenditure (C7 = C3 - C6)
2014/15,E0936,,E07000031,NW,Arts development and support,0,0.0,Revenue_Outturn__RO5__data_2014-15_by_LA_-_02-Feb-2016.xlsx,RO5 LA Data 2014-15 (3),"row 56, column 9",Net Current Expenditure (C7 = C3 - C6)
2014/15,E0936,,E07000031,NW,Heritage,0,0.0,Revenue_Outturn__RO5__data_2014-15_by_LA_-_02-Feb-2016.xlsx,RO5 LA Data 2014-15 (3),"row 56, column 11",Net Current Expenditure (C7 = C3 - C6)
2014/15,E0936,,E07000031,NW,Museums and galleries,144,144000.0,Revenue_Outturn__RO5__data_2014-15_by_LA_-_02-Feb-2016.xlsx,RO5 LA Data 2014-15 (3),"row 56, column 13",Net Current Expenditure (C7 = C3 - C6)
2014/15,E0936,,E07000031,NW,Theatres and public entertainment,65,65000.0,Revenue_Outturn__RO5__data_2014-15_by_LA_-_02-Feb-2016.xlsx,RO5 LA Data 2014-15 (3),"row 56, column 15",Net Current Expenditure (C7 = C3 - C6)
2014/15,E0936,,E07000031,NW,Library service,0,0.0,Revenue_Outturn__RO5__data_2014-15_by_LA_-_02-Feb-2016.xlsx,RO5 LA Data 2014-15 (3),"row 56, column 29",Net Current Expenditure (C7 = C3 - C6)
2014/15,E1001,,E06000015,EM,Archives,0,0.0,Revenue_Outturn__RO5__data_2014-15_by_LA_-_02-Feb-2016.xlsx,RO5 LA Data 2014-15 (3),"row 57, column 7",Net Current Expenditure (C7 = C3 - C6)
2014/15,E1001,,E06000015,EM,Arts development and support,1712,1712000.0,Revenue_Outturn__RO5__data_2014-15_by_LA_-_02-Feb-2016.xlsx,RO5 LA Data 2014-15 (3),"row 57, column 9",Net Current Expenditure (C7 = C3 - C6)
2014/15,E1001,,E06000015,EM,Heritage,0,0.0,Revenue_Outturn__RO5__data_2014-15_by_LA_-_02-Feb-2016.xlsx,RO5 LA Data 2014-15 (3),"row 57, column 11",Net Current Expenditure (C7 = C3 - C6)
2014/15,E1001,,E06000015,EM,Museums and galleries,1319,1319000.0,Revenue_Outturn__RO5__data_2014-15_by_LA_-_02-Feb-2016.xlsx,RO5 LA Data 2014-15 (3),"row 57, column 13",Net Current Expenditure (C7 = C3 - C6)
2014/15,E1001,,E06000015,EM,Theatres and public entertainment,0,0.0,Revenue_Outturn__RO5__data_2014-15_by_LA_-_02-Feb-2016.xlsx,RO5 LA Data 2014-15 (3),"row 57, column 15",Net Current Expenditure (C7 = C3 - C6)
2014/15,E1001,,E06000015,EM,Library service,2915,2915000.0,Revenue_Outturn__RO5__data_2014-15_by_LA_-_02-Feb-2016.xlsx,RO5 LA Data 2014-15 (3),"row 57, column 29",Net Current Expenditure (C7 = C3 - C6)
2014/15,E1021,,E10000007,EM,Archives,670,670000.0,Revenue_Outturn__RO5__data_2014-15_by_LA_-_02-Feb-2016.xlsx,RO5 LA Data 2014-15 (3),"row 58, column 7",Net Current Expenditure (C7 = C3 - C6)
2014/15,E1021,,E10000007,EM,Arts development and support,484,484000.0,Revenue_Outturn__RO5__data_2014-15_by_LA_-_02-Feb-2016.xlsx,RO5 LA Data 2014-15 (3),"row 58, column 9",Net Current Expenditure (C7 = C3 - C6)
2014/15,E1021,,E10000007,EM,Heritage,309,309000.0,Revenue_Outturn__RO5__data_2014-15_by_LA_-_02-Feb-2016.xlsx,RO5 LA Data 2014-15 (3),"row 58, column 11",Net Current Expenditure (C7 = C3 - C6)
2014/15,E1021,,E10000007,EM,Museums and galleries,366,366000.0,Revenue_Outturn__RO5__data_2014-15_by_LA_-_02-Feb-2016.xlsx,RO5 LA Data 2014-15 (3),"row 58, column 13",Net Current Expenditure (C7 = C3 - C6)
2014/15,E1021,,E10000007,EM,Theatres and public entertainment,0,0.0,Revenue_Outturn__RO5__data_2014-15_by_LA_-_02-Feb-2016.xlsx,RO5 LA Data 2014-15 (3),"row 58, column 15",Net Current Expenditure (C7 = C3 - C6)
2014/15,E1021,,E10000007,EM,Library service,11407,11407000.0,Revenue_Outturn__RO5__data_2014-15_by_LA_-_02-Feb-2016.xlsx,RO5 LA Data 2014-15 (3),"row 58, column 29",Net Current Expenditure (C7 = C3 - C6)
2014/15,E1031,,E07000032,EM,Archives,0,0.0,Revenue_Outturn__RO5__data_2014-15_by_LA_-_02-Feb-2016.xlsx,RO5 LA Data 2014-15 (3),"row 59, column 7",Net Current Expenditure (C7 = C3 - C6)
2014/15,E1031,,E07000032,EM,Arts development and support,2,2000.0,Revenue_Outturn__RO5__data_2014-15_by_LA_-_02-Feb-2016.xlsx,RO5 LA Data 2014-15 (3),"row 59, column 9",Net Current Expenditure (C7 = C3 - C6)
2014/15,E1031,,E07000032,EM,Heritage,0,0.0,Revenue_Outturn__RO5__data_2014-15_by_LA_-_02-Feb-2016.xlsx,RO5 LA Data 2014-15 (3),"row 59, column 11",Net Current Expenditure (C7 = C3 - C6)
2014/15,E1031,,E07000032,EM,Museums and galleries,44,44000.0,Revenue_Outturn__RO5__data_2014-15_by_LA_-_02-Feb-2016.xlsx,RO5 LA Data 2014-15 (3),"row 59, column 13",Net Current Expenditure (C7 = C3 - C6)
2014/15,E1031,,E07000032,EM,Theatres and public entertainment,0,0.0,Revenue_Outturn__RO5__data_2014-15_by_LA_-_02-Feb-2016.xlsx,RO5 LA Data 2014-15 (3),"row 59, column 15",Net Current Expenditure (C7 = C3 - C6)
2014/15,E1031,,E07000032,EM,Library service,0,0.0,Revenue_Outturn__RO5__data_2014-15_by_LA_-_02-Feb-2016.xlsx,RO5 LA Data 2014-15 (3),"row 59, column 29",Net Current Expenditure (C7 = C3 - C6)
2014/15,E1032,,E07000033,EM,Archives,0,0.0,Revenue_Outturn__RO5__data_2014-15_by_LA_-_02-Feb-2016.xlsx,RO5 LA Data 2014-15 (3),"row 60, column 7",Net Current Expenditure (C7 = C3 - C6)
2014/15,E1032,,E07000033,EM,Arts development and support,0,0.0,Revenue_Outturn__RO5__data_2014-15_by_LA_-_02-Feb-2016.xlsx,RO5 LA Data 2014-15 (3),"row 60, column 9",Net Current Expenditure (C7 = C3 - C6)
2014/15,E1032,,E07000033,EM,Heritage,51,51000.0,Revenue_Outturn__RO5__data_2014-15_by_LA_-_02-Feb-2016.xlsx,RO5 LA Data 2014-15 (3),"row 60, column 11",Net Current Expenditure (C7 = C3 - C6)
2014/15,E1032,,E07000033,EM,Museums and galleries,0,0.0,Revenue_Outturn__RO5__data_2014-15_by_LA_-_02-Feb-2016.xlsx,RO5 LA Data 2014-15 (3),"row 60, column 13",Net Current Expenditure (C7 = C3 - C6)
2014/15,E1032,,E07000033,EM,Theatres and public entertainment,0,0.0,Revenue_Outturn__RO5__data_2014-15_by_LA_-_02-Feb-2016.xlsx,RO5 LA Data 2014-15 (3),"row 60, column 15",Net Current Expenditure (C7 = C3 - C6)
2014/15,E1032,,E07000033,EM,Library service,0,0.0,Revenue_Outturn__RO5__data_2014-15_by_LA_-_02-Feb-2016.xlsx,RO5 LA Data 2014-15 (3),"row 60, column 29",Net Current Expenditure (C7 = C3 - C6)
2014/15,E1033,,E07000034,EM,Archives,0,0.0,Revenue_Outturn__RO5__data_2014-15_by_LA_-_02-Feb-2016.xlsx,RO5 LA Data 2014-15 (3),"row 61, column 7",Net Current Expenditure (C7 = C3 - C6)
2014/15,E1033,,E07000034,EM,Arts development and support,33,33000.0,Revenue_Outturn__RO5__data_2014-15_by_LA_-_02-Feb-2016.xlsx,RO5 LA Data 2014-15 (3),"row 61, column 9",Net Current Expenditure (C7 = C3 - C6)
2014/15,E1033,,E07000034,EM,Heritage,0,0.0,Revenue_Outturn__RO5__data_2014-15_by_LA_-_02-Feb-2016.xlsx,RO5 LA Data 2014-15 (3),"row 61, column 11",Net Current Expenditure (C7 = C3 - C6)
2014/15,E1033,,E07000034,EM,Museums and galleries,300,300000.0,Revenue_Outturn__RO5__data_2014-15_by_LA_-_02-Feb-2016.xlsx,RO5 LA Data 2014-15 (3),"row 61, column 13",Net Current Expenditure (C7 = C3 - C6)
2014/15,E1033,,E07000034,EM,Theatres and public entertainment,13,13000.0,Revenue_Outturn__RO5__data_2014-15_by_LA_-_02-Feb-2016.xlsx,RO5 LA Data 2014-15 (3),"row 61, column 15",Net Current Expenditure (C7 = C3 - C6)
2014/15,E1033,,E07000034,EM,Library service,0,0.0,Revenue_Outturn__RO5__data_2014-15_by_LA_-_02-Feb-2016.xlsx,RO5 LA Data 2014-15 (3),"row 61, column 29",Net Current Expenditure (C7 = C3 - C6)
2014/15,E1035,,E07000035,EM,Archives,0,0.0,Revenue_Outturn__RO5__data_2014-15_by_LA_-_02-Feb-2016.xlsx,RO5 LA Data 2014-15 (3),"row 62, column 7",Net Current Expenditure (C7 = C3 - C6)
2014/15,E1035,,E07000035,EM,Arts development and support,8,8000.0,Revenue_Outturn__RO5__data_2014-15_by_LA_-_02-Feb-2016.xlsx,RO5 LA Data 2014-15 (3),"row 62, column 9",Net Current Expenditure (C7 = C3 - C6)
2014/15,E1035,,E07000035,EM,Heritage,19,19000.0,Revenue_Outturn__RO5__data_2014-15_by_LA_-_02-Feb-2016.xlsx,RO5 LA Data 2014-15 (3),"row 62, column 11",Net Current Expenditure (C7 = C3 - C6)
2014/15,E1035,,E07000035,EM,Museums and galleries,12,12000.0,Revenue_Outturn__RO5__data_2014-15_by_LA_-_02-Feb-2016.xlsx,RO5 LA Data 2014-15 (3),"row 62, column 13",Net Current Expenditure (C7 = C3 - C6)
2014/15,E1035,,E07000035,EM,Theatres and public entertainment,6,6000.0,Revenue_Outturn__RO5__data_2014-15_by_LA_-_02-Feb-2016.xlsx,RO5 LA Data 2014-15 (3),"row 62, column 15",Net Current Expenditure (C7 = C3 - C6)
2014/15,E1035,,E07000035,EM,Library service,0,0.0,Revenue_Outturn__RO5__data_2014-15_by_LA_-_02-Feb-2016.xlsx,RO5 LA Data 2014-15 (3),"row 62, column 29",Net Current Expenditure (C7 = C3 - C6)
2014/15,E1036,,E07000036,EM,Archives,0,0.0,Revenue_Outturn__RO5__data_2014-15_by_LA_-_02-Feb-2016.xlsx,RO5 LA Data 2014-15 (3),"row 63, column 7",Net Current Expenditure (C7 = C3 - C6)
2014/15,E1036,,E07000036,EM,Arts development and support,60,60000.0,Revenue_Outturn__RO5__data_2014-15_by_LA_-_02-Feb-2016.xlsx,RO5 LA Data 2014-15 (3),"row 63, column 9",Net Current Expenditure (C7 = C3 - C6)
2014/15,E1036,,E07000036,EM,Heritage,0,0.0,Revenue_Outturn__RO5__data_2014-15_by_LA_-_02-Feb-2016.xlsx,RO5 LA Data 2014-15 (3),"row 63, column 11",Net Current Expenditure (C7 = C3 - C6)
2014/15,E1036,,E07000036,EM,Museums and galleries,221,221000.0,Revenue_Outturn__RO5__data_2014-15_by_LA_-_02-Feb-2016.xlsx,RO5 LA Data 2014-15 (3),"row 63, column 13",Net Current Expenditure (C7 = C3 - C6)
2014/15,E1036,,E07000036,EM,Theatres and public entertainment,49,49000.0,Revenue_Outturn__RO5__data_2014-15_by_LA_-_02-Feb-2016.xlsx,RO5 LA Data 2014-15 (3),"row 63, column 15",Net Current Expenditure (C7 = C3 - C6)
2014/15,E1036,,E07000036,EM,Library service,0,0.0,Revenue_Outturn__RO5__data_2014-15_by_LA_-_02-Feb-2016.xlsx,RO5 LA Data 2014-15 (3),"row 63, column 29",Net Current Expenditure (C7 = C3 - C6)
2014/15,E1037,,E07000037,EM,Archives,0,0.0,Revenue_Outturn__RO5__data_2014-15_by_LA_-_02-Feb-2016.xlsx,RO5 LA Data 2014-15 (3),"row 64, column 7",Net Current Expenditure (C7 = C3 - C6)
2014/15,E1037,,E07000037,EM,Arts development and support,0,0.0,Revenue_Outturn__RO5__data_2014-15_by_LA_-_02-Feb-2016.xlsx,RO5 LA Data 2014-15 (3),"row 64, column 9",Net Current Expenditure (C7 = C3 - C6)
2014/15,E1037,,E07000037,EM,Heritage,18,18000.0,Revenue_Outturn__RO5__data_2014-15_by_LA_-_02-Feb-2016.xlsx,RO5 LA Data 2014-15 (3),"row 64, column 11",Net Current Expenditure (C7 = C3 - C6)
2014/15,E1037,,E07000037,EM,Museums and galleries,29,29000.0,Revenue_Outturn__RO5__data_2014-15_by_LA_-_02-Feb-2016.xlsx,RO5 LA Data 2014-15 (3),"row 64, column 13",Net Current Expenditure (C7 = C3 - C6)
2014/15,E1037,,E07000037,EM,Theatres and public entertainment,162,162000.0,Revenue_Outturn__RO5__data_2014-15_by_LA_-_02-Feb-2016.xlsx,RO5 LA Data 2014-15 (3),"row 64, column 15",Net Current Expenditure (C7 = C3 - C6)
2014/15,E1037,,E07000037,EM,Library service,0,0.0,Revenue_Outturn__RO5__data_2014-15_by_LA_-_02-Feb-2016.xlsx,RO5 LA Data 2014-15 (3),"row 64, column 29",Net Current Expenditure (C7 = C3 - C6)
2014/15,E1038,,E07000038,EM,Archives,0,0.0,Revenue_Outturn__RO5__data_2014-15_by_LA_-_02-Feb-2016.xlsx,RO5 LA Data 2014-15 (3),"row 65, column 7",Net Current Expenditure (C7 = C3 - C6)
2014/15,E1038,,E07000038,EM,Arts development and support,6,6000.0,Revenue_Outturn__RO5__data_2014-15_by_LA_-_02-Feb-2016.xlsx,RO5 LA Data 2014-15 (3),"row 65, column 9",Net Current Expenditure (C7 = C3 - C6)
2014/15,E1038,,E07000038,EM,Heritage,0,0.0,Revenue_Outturn__RO5__data_2014-15_by_LA_-_02-Feb-2016.xlsx,RO5 LA Data 2014-15 (3),"row 65, column 11",Net Current Expenditure (C7 = C3 - C6)
2014/15,E1038,,E07000038,EM,Museums and galleries,0,0.0,Revenue_Outturn__RO5__data_2014-15_by_LA_-_02-Feb-2016.xlsx,RO5 LA Data 2014-15 (3),"row 65, column 13",Net Current Expenditure (C7 = C3 - C6)
2014/15,E1038,,E07000038,EM,Theatres and public entertainment,4,4000.0,Revenue_Outturn__RO5__data_2014-15_by_LA_-_02-Feb-2016.xlsx,RO5 LA Data 2014-15 (3),"row 65, column 15",Net Current Expenditure (C7 = C3 - C6)
2014/15,E1038,,E07000038,EM,Library service,0,0.0,Revenue_Outturn__RO5__data_2014-15_by_LA_-_02-Feb-2016.xlsx,RO5 LA Data 2014-15 (3),"row 65, column 29",Net Current Expenditure (C7 = C3 - C6)
2014/15,E1039,,E07000039,EM,Archives,0,0.0,Revenue_Outturn__RO5__data_2014-15_by_LA_-_02-Feb-2016.xlsx,RO5 LA Data 2014-15 (3),"row 66, column 7",Net Current Expenditure (C7 = C3 - C6)
2014/15,E1039,,E07000039,EM,Arts development and support,7,7000.0,Revenue_Outturn__RO5__data_2014-15_by_LA_-_02-Feb-2016.xlsx,RO5 LA Data 2014-15 (3),"row 66, column 9",Net Current Expenditure (C7 = C3 - C6)
2014/15,E1039,,E07000039,EM,Heritage,0,0.0,Revenue_Outturn__RO5__data_2014-15_by_LA_-_02-Feb-2016.xlsx,RO5 LA Data 2014-15 (3),"row 66, column 11",Net Current Expenditure (C7 = C3 - C6)
2014/15,E1039,,E07000039,EM,Museums and galleries,0,0.0,Revenue_Outturn__RO5__data_2014-15_by_LA_-_02-Feb-2016.xlsx,RO5 LA Data 2014-15 (3),"row 66, column 13",Net Current Expenditure (C7 = C3 - C6)
2014/15,E1039,,E07000039,EM,Theatres and public entertainment,130,130000.0,Revenue_Outturn__RO5__data_2014-15_by_LA_-_02-Feb-2016.xlsx,RO5 LA Data 2014-15 (3),"row 66, column 15",Net Current Expenditure (C7 = C3 - C6)
2014/15,E1039,,E07000039,EM,Library service,0,0.0,Revenue_Outturn__RO5__data_2014-15_by_LA_-_02-Feb-2016.xlsx,RO5 LA Data 2014-15 (3),"row 66, column 29",Net Current Expenditure (C7 = C3 - C6)
2014/15,E1101,,E06000026,SW,Archives,226,226000.0,Revenue_Outturn__RO5__data_2014-15_by_LA_-_02-Feb-2016.xlsx,RO5 LA Data 2014-15 (3),"row 67, column 7",Net Current Expenditure (C7 = C3 - C6)
2014/15,E1101,,E06000026,SW,Arts development and support,0,0.0,Revenue_Outturn__RO5__data_2014-15_by_LA_-_02-Feb-2016.xlsx,RO5 LA Data 2014-15 (3),"row 67, column 9",Net Current Expenditure (C7 = C3 - C6)
2014/15,E1101,,E06000026,SW,Heritage,65,65000.0,Revenue_Outturn__RO5__data_2014-15_by_LA_-_02-Feb-2016.xlsx,RO5 LA Data 2014-15 (3),"row 67, column 11",Net Current Expenditure (C7 = C3 - C6)
2014/15,E1101,,E06000026,SW,Museums and galleries,1407,1407000.0,Revenue_Outturn__RO5__data_2014-15_by_LA_-_02-Feb-2016.xlsx,RO5 LA Data 2014-15 (3),"row 67, column 13",Net Current Expenditure (C7 = C3 - C6)
2014/15,E1101,,E06000026,SW,Theatres and public entertainment,0,0.0,Revenue_Outturn__RO5__data_2014-15_by_LA_-_02-Feb-2016.xlsx,RO5 LA Data 2014-15 (3),"row 67, column 15",Net Current Expenditure (C7 = C3 - C6)
2014/15,E1101,,E06000026,SW,Library service,3146,3146000.0,Revenue_Outturn__RO5__data_2014-15_by_LA_-_02-Feb-2016.xlsx,RO5 LA Data 2014-15 (3),"row 67, column 29",Net Current Expenditure (C7 = C3 - C6)
2014/15,E1102,,E06000027,SW,Archives,114,114000.0,Revenue_Outturn__RO5__data_2014-15_by_LA_-_02-Feb-2016.xlsx,RO5 LA Data 2014-15 (3),"row 68, column 7",Net Current Expenditure (C7 = C3 - C6)
2014/15,E1102,,E06000027,SW,Arts development and support,237,237000.0,Revenue_Outturn__RO5__data_2014-15_by_LA_-_02-Feb-2016.xlsx,RO5 LA Data 2014-15 (3),"row 68, column 9",Net Current Expenditure (C7 = C3 - C6)
2014/15,E1102,,E06000027,SW,Heritage,0,0.0,Revenue_Outturn__RO5__data_2014-15_by_LA_-_02-Feb-2016.xlsx,RO5 LA Data 2014-15 (3),"row 68, column 11",Net Current Expenditure (C7 = C3 - C6)
2014/15,E1102,,E06000027,SW,Museums and galleries,620,620000.0,Revenue_Outturn__RO5__data_2014-15_by_LA_-_02-Feb-2016.xlsx,RO5 LA Data 2014-15 (3),"row 68, column 13",Net Current Expenditure (C7 = C3 - C6)
2014/15,E1102,,E06000027,SW,Theatres and public entertainment,138,138000.0,Revenue_Outturn__RO5__data_2014-15_by_LA_-_02-Feb-2016.xlsx,RO5 LA Data 2014-15 (3),"row 68, column 15",Net Current Expenditure (C7 = C3 - C6)
2014/15,E1102,,E06000027,SW,Library service,1846,1846000.0,Revenue_Outturn__RO5__data_2014-15_by_LA_-_02-Feb-2016.xlsx,RO5 LA Data 2014-15 (3),"row 68, column 29",Net Current Expenditure (C7 = C3 - C6)
2014/15,E1121,,E10000008,SW,Archives,927,927000.0,Revenue_Outturn__RO5__data_2014-15_by_LA_-_02-Feb-2016.xlsx,RO5 LA Data 2014-15 (3),"row 69, column 7",Net Current Expenditure (C7 = C3 - C6)
2014/15,E1121,,E10000008,SW,Arts development and support,292,292000.0,Revenue_Outturn__RO5__data_2014-15_by_LA_-_02-Feb-2016.xlsx,RO5 LA Data 2014-15 (3),"row 69, column 9",Net Current Expenditure (C7 = C3 - C6)
2014/15,E1121,,E10000008,SW,Heritage,187,187000.0,Revenue_Outturn__RO5__data_2014-15_by_LA_-_02-Feb-2016.xlsx,RO5 LA Data 2014-15 (3),"row 69, column 11",Net Current Expenditure (C7 = C3 - C6)
2014/15,E1121,,E10000008,SW,Museums and galleries,0,0.0,Revenue_Outturn__RO5__data_2014-15_by_LA_-_02-Feb-2016.xlsx,RO5 LA Data 2014-15 (3),"row 69, column 13",Net Current Expenditure (C7 = C3 - C6)
2014/15,E1121,,E10000008,SW,Theatres and public entertainment,0,0.0,Revenue_Outturn__RO5__data_2014-15_by_LA_-_02-Feb-2016.xlsx,RO5 LA Data 2014-15 (3),"row 69, column 15",Net Current Expenditure (C7 = C3 - C6)
2014/15,E1121,,E10000008,SW,Library service,8392,8392000.0,Revenue_Outturn__RO5__data_2014-15_by_LA_-_02-Feb-2016.xlsx,RO5 LA Data 2014-15 (3),"row 69, column 29",Net Current Expenditure (C7 = C3 - C6)
2014/15,E1131,,E07000040,SW,Archives,0,0.0,Revenue_Outturn__RO5__data_2014-15_by_LA_-_02-Feb-2016.xlsx,RO5 LA Data 2014-15 (3),"row 70, column 7",Net Current Expenditure (C7 = C3 - C6)
2014/15,E1131,,E07000040,SW,Arts development and support,-18,-18000.0,Revenue_Outturn__RO5__data_2014-15_by_LA_-_02-Feb-2016.xlsx,RO5 LA Data 2014-15 (3),"row 70, column 9",Net Current Expenditure (C7 = C3 - C6)
2014/15,E1131,,E07000040,SW,Heritage,0,0.0,Revenue_Outturn__RO5__data_2014-15_by_LA_-_02-Feb-2016.xlsx,RO5 LA Data 2014-15 (3),"row 70, column 11",Net Current Expenditure (C7 = C3 - C6)
2014/15,E1131,,E07000040,SW,Museums and galleries,127,127000.0,Revenue_Outturn__RO5__data_2014-15_by_LA_-_02-Feb-2016.xlsx,RO5 LA Data 2014-15 (3),"row 70, column 13",Net Current Expenditure (C7 = C3 - C6)
2014/15,E1131,,E07000040,SW,Theatres and public entertainment,30,30000.0,Revenue_Outturn__RO5__data_2014-15_by_LA_-_02-Feb-2016.xlsx,RO5 LA Data 2014-15 (3),"row 70, column 15",Net Current Expenditure (C7 = C3 - C6)
2014/15,E1131,,E07000040,SW,Library service,0,0.0,Revenue_Outturn__RO5__data_2014-15_by_LA_-_02-Feb-2016.xlsx,RO5 LA Data 2014-15 (3),"row 70, column 29",Net Current Expenditure (C7 = C3 - C6)
2014/15,E1132,,E07000041,SW,Archives,0,0.0,Revenue_Outturn__RO5__data_2014-15_by_LA_-_02-Feb-2016.xlsx,RO5 LA Data 2014-15 (3),"row 71, column 7",Net Current Expenditure (C7 = C3 - C6)
2014/15,E1132,,E07000041,SW,Arts development and support,0,0.0,Revenue_Outturn__RO5__data_2014-15_by_LA_-_02-Feb-2016.xlsx,RO5 LA Data 2014-15 (3),"row 71, column 9",Net Current Expenditure (C7 = C3 - C6)
2014/15,E1132,,E07000041,SW,Heritage,0,0.0,Revenue_Outturn__RO5__data_2014-15_by_LA_-_02-Feb-2016.xlsx,RO5 LA Data 2014-15 (3),"row 71, column 11",Net Current Expenditure (C7 = C3 - C6)
2014/15,E1132,,E07000041,SW,Museums and galleries,2468,2468000.0,Revenue_Outturn__RO5__data_2014-15_by_LA_-_02-Feb-2016.xlsx,RO5 LA Data 2014-15 (3),"row 71, column 13",Net Current Expenditure (C7 = C3 - C6)
2014/15,E1132,,E07000041,SW,Theatres and public entertainment,470,470000.0,Revenue_Outturn__RO5__data_2014-15_by_LA_-_02-Feb-2016.xlsx,RO5 LA Data 2014-15 (3),"row 71, column 15",Net Current Expenditure (C7 = C3 - C6)
2014/15,E1132,,E07000041,SW,Library service,0,0.0,Revenue_Outturn__RO5__data_2014-15_by_LA_-_02-Feb-2016.xlsx,RO5 LA Data 2014-15 (3),"row 71, column 29",Net Current Expenditure (C7 = C3 - C6)
2014/15,E1133,,E07000042,SW,Archives,0,0.0,Revenue_Outturn__RO5__data_2014-15_by_LA_-_02-Feb-2016.xlsx,RO5 LA Data 2014-15 (3),"row 72, column 7",Net Current Expenditure (C7 = C3 - C6)
2014/15,E1133,,E07000042,SW,Arts development and support,0,0.0,Revenue_Outturn__RO5__data_2014-15_by_LA_-_02-Feb-2016.xlsx,RO5 LA Data 2014-15 (3),"row 72, column 9",Net Current Expenditure (C7 = C3 - C6)
2014/15,E1133,,E07000042,SW,Heritage,0,0.0,Revenue_Outturn__RO5__data_2014-15_by_LA_-_02-Feb-2016.xlsx,RO5 LA Data 2014-15 (3),"row 72, column 11",Net Current Expenditure (C7 = C3 - C6)
2014/15,E1133,,E07000042,SW,Museums and galleries,0,0.0,Revenue_Outturn__RO5__data_2014-15_by_LA_-_02-Feb-2016.xlsx,RO5 LA Data 2014-15 (3),"row 72, column 13",Net Current Expenditure (C7 = C3 - C6)
2014/15,E1133,,E07000042,SW,Theatres and public entertainment,0,0.0,Revenue_Outturn__RO5__data_2014-15_by_LA_-_02-Feb-2016.xlsx,RO5 LA Data 2014-15 (3),"row 72, column 15",Net Current Expenditure (C7 = C3 - C6)
2014/15,E1133,,E07000042,SW,Library service,0,0.0,Revenue_Outturn__RO5__data_2014-15_by_LA_-_02-Feb-2016.xlsx,RO5 LA Data 2014-15 (3),"row 72, column 29",Net Current Expenditure (C7 = C3 - C6)
2014/15,E1134,,E07000043,SW,Archives,0,0.0,Revenue_Outturn__RO5__data_2014-15_by_LA_-_02-Feb-2016.xlsx,RO5 LA Data 2014-15 (3),"row 73, column 7",Net Current Expenditure (C7 = C3 - C6)
2014/15,E1134,,E07000043,SW,Arts development and support,0,0.0,Revenue_Outturn__RO5__data_2014-15_by_LA_-_02-Feb-2016.xlsx,RO5 LA Data 2014-15 (3),"row 73, column 9",Net Current Expenditure (C7 = C3 - C6)
2014/15,E1134,,E07000043,SW,Heritage,0,0.0,Revenue_Outturn__RO5__data_2014-15_by_LA_-_02-Feb-2016.xlsx,RO5 LA Data 2014-15 (3),"row 73, column 11",Net Current Expenditure (C7 = C3 - C6)
2014/15,E1134,,E07000043,SW,Museums and galleries,215,215000.0,Revenue_Outturn__RO5__data_2014-15_by_LA_-_02-Feb-2016.xlsx,RO5 LA Data 2014-15 (3),"row 73, column 13",Net Current Expenditure (C7 = C3 - C6)
2014/15,E1134,,E07000043,SW,Theatres and public entertainment,459,459000.0,Revenue_Outturn__RO5__data_2014-15_by_LA_-_02-Feb-2016.xlsx,RO5 LA Data 2014-15 (3),"row 73, column 15",Net Current Expenditure (C7 = C3 - C6)
2014/15,E1134,,E07000043,SW,Library service,0,0.0,Revenue_Outturn__RO5__data_2014-15_by_LA_-_02-Feb-2016.xlsx,RO5 LA Data 2014-15 (3),"row 73, column 29",Net Current Expenditure (C7 = C3 - C6)
2014/15,E1136,,E07000044,SW,Archives,0,0.0,Revenue_Outturn__RO5__data_2014-15_by_LA_-_02-Feb-2016.xlsx,RO5 LA Data 2014-15 (3),"row 74, column 7",Net Current Expenditure (C7 = C3 - C6)
2014/15,E1136,,E07000044,SW,Arts development and support,0,0.0,Revenue_Outturn__RO5__data_2014-15_by_LA_-_02-Feb-2016.xlsx,RO5 LA Data 2014-15 (3),"row 74, column 9",Net Current Expenditure (C7 = C3 - C6)
2014/15,E1136,,E07000044,SW,Heritage,0,0.0,Revenue_Outturn__RO5__data_2014-15_by_LA_-_02-Feb-2016.xlsx,RO5 LA Data 2014-15 (3),"row 74, column 11",Net Current Expenditure (C7 = C3 - C6)
2014/15,E1136,,E07000044,SW,Museums and galleries,0,0.0,Revenue_Outturn__RO5__data_2014-15_by_LA_-_02-Feb-2016.xlsx,RO5 LA Data 2014-15 (3),"row 74, column 13",Net Current Expenditure (C7 = C3 - C6)
2014/15,E1136,,E07000044,SW,Theatres and public entertainment,0,0.0,Revenue_Outturn__RO5__data_2014-15_by_LA_-_02-Feb-2016.xlsx,RO5 LA Data 2014-15 (3),"row 74, column 15",Net Current Expenditure (C7 = C3 - C6)
2014/15,E1136,,E07000044,SW,Library service,0,0.0,Revenue_Outturn__RO5__data_2014-15_by_LA_-_02-Feb-2016.xlsx,RO5 LA Data 2014-15 (3),"row 74, column 29",Net Current Expenditure (C7 = C3 - C6)
2014/15,E1137,,E07000045,SW,Archives,0,0.0,Revenue_Outturn__RO5__data_2014-15_by_LA_-_02-Feb-2016.xlsx,RO5 LA Data 2014-15 (3),"row 75, column 7",Net Current Expenditure (C7 = C3 - C6)
2014/15,E1137,,E07000045,SW,Arts development and support,0,0.0,Revenue_Outturn__RO5__data_2014-15_by_LA_-_02-Feb-2016.xlsx,RO5 LA Data 2014-15 (3),"row 75, column 9",Net Current Expenditure (C7 = C3 - C6)
2014/15,E1137,,E07000045,SW,Heritage,0,0.0,Revenue_Outturn__RO5__data_2014-15_by_LA_-_02-Feb-2016.xlsx,RO5 LA Data 2014-15 (3),"row 75, column 11",Net Current Expenditure (C7 = C3 - C6)
2014/15,E1137,,E07000045,SW,Museums and galleries,0,0.0,Revenue_Outturn__RO5__data_2014-15_by_LA_-_02-Feb-2016.xlsx,RO5 LA Data 2014-15 (3),"row 75, column 13",Net Current Expenditure (C7 = C3 - C6)
2014/15,E1137,,E07000045,SW,Theatres and public entertainment,23,23000.0,Revenue_Outturn__RO5__data_2014-15_by_LA_-_02-Feb-2016.xlsx,RO5 LA Data 2014-15 (3),"row 75, column 15",Net Current Expenditure (C7 = C3 - C6)
2014/15,E1137,,E07000045,SW,Library service,0,0.0,Revenue_Outturn__RO5__data_2014-15_by_LA_-_02-Feb-2016.xlsx,RO5 LA Data 2014-15 (3),"row 75, column 29",Net Current Expenditure (C7 = C3 - C6)
2014/15,E1139,,E07000046,SW,Archives,0,0.0,Revenue_Outturn__RO5__data_2014-15_by_LA_-_02-Feb-2016.xlsx,RO5 LA Data 2014-15 (3),"row 76, column 7",Net Current Expenditure (C7 = C3 - C6)
2014/15,E1139,,E07000046,SW,Arts development and support,17,17000.0,Revenue_Outturn__RO5__data_2014-15_by_LA_-_02-Feb-2016.xlsx,RO5 LA Data 2014-15 (3),"row 76, column 9",Net Current Expenditure (C7 = C3 - C6)
2014/15,E1139,,E07000046,SW,Heritage,0,0.0,Revenue_Outturn__RO5__data_2014-15_by_LA_-_02-Feb-2016.xlsx,RO5 LA Data 2014-15 (3),"row 76, column 11",Net Current Expenditure (C7 = C3 - C6)
2014/15,E1139,,E07000046,SW,Museums and galleries,239,239000.0,Revenue_Outturn__RO5__data_2014-15_by_LA_-_02-Feb-2016.xlsx,RO5 LA Data 2014-15 (3),"row 76, column 13",Net Current Expenditure (C7 = C3 - C6)
2014/15,E1139,,E07000046,SW,Theatres and public entertainment,0,0.0,Revenue_Outturn__RO5__data_2014-15_by_LA_-_02-Feb-2016.xlsx,RO5 LA Data 2014-15 (3),"row 76, column 15",Net Current Expenditure (C7 = C3 - C6)
2014/15,E1139,,E07000046,SW,Library service,0,0.0,Revenue_Outturn__RO5__data_2014-15_by_LA_-_02-Feb-2016.xlsx,RO5 LA Data 2014-15 (3),"row 76, column 29",Net Current Expenditure (C7 = C3 - C6)
2014/15,E1140,,E07000047,SW,Archives,0,0.0,Revenue_Outturn__RO5__data_2014-15_by_LA_-_02-Feb-2016.xlsx,RO5 LA Data 2014-15 (3),"row 77, column 7",Net Current Expenditure (C7 = C3 - C6)
2014/15,E1140,,E07000047,SW,Arts development and support,11,11000.0,Revenue_Outturn__RO5__data_2014-15_by_LA_-_02-Feb-2016.xlsx,RO5 LA Data 2014-15 (3),"row 77, column 9",Net Current Expenditure (C7 = C3 - C6)
2014/15,E1140,,E07000047,SW,Heritage,0,0.0,Revenue_Outturn__RO5__data_2014-15_by_LA_-_02-Feb-2016.xlsx,RO5 LA Data 2014-15 (3),"row 77, column 11",Net Current Expenditure (C7 = C3 - C6)
2014/15,E1140,,E07000047,SW,Museums and galleries,0,0.0,Revenue_Outturn__RO5__data_2014-15_by_LA_-_02-Feb-2016.xlsx,RO5 LA Data 2014-15 (3),"row 77, column 13",Net Current Expenditure (C7 = C3 - C6)
2014/15,E1140,,E07000047,SW,Theatres and public entertainment,0,0.0,Revenue_Outturn__RO5__data_2014-15_by_LA_-_02-Feb-2016.xlsx,RO5 LA Data 2014-15 (3),"row 77, column 15",Net Current Expenditure (C7 = C3 - C6)
2014/15,E1140,,E07000047,SW,Library service,0,0.0,Revenue_Outturn__RO5__data_2014-15_by_LA_-_02-Feb-2016.xlsx,RO5 LA Data 2014-15 (3),"row 77, column 29",Net Current Expenditure (C7 = C3 - C6)
2014/15,E1201,,E06000029,SW,Archives,112,112000.0,Revenue_Outturn__RO5__data_2014-15_by_LA_-_02-Feb-2016.xlsx,RO5 LA Data 2014-15 (3),"row 78, column 7",Net Current Expenditure (C7 = C3 - C6)
2014/15,E1201,,E06000029,SW,Arts development and support,702,702000.0,Revenue_Outturn__RO5__data_2014-15_by_LA_-_02-Feb-2016.xlsx,RO5 LA Data 2014-15 (3),"row 78, column 9",Net Current Expenditure (C7 = C3 - C6)
2014/15,E1201,,E06000029,SW,Heritage,0,0.0,Revenue_Outturn__RO5__data_2014-15_by_LA_-_02-Feb-2016.xlsx,RO5 LA Data 2014-15 (3),"row 78, column 11",Net Current Expenditure (C7 = C3 - C6)
2014/15,E1201,,E06000029,SW,Museums and galleries,779,779000.0,Revenue_Outturn__RO5__data_2014-15_by_LA_-_02-Feb-2016.xlsx,RO5 LA Data 2014-15 (3),"row 78, column 13",Net Current Expenditure (C7 = C3 - C6)
2014/15,E1201,,E06000029,SW,Theatres and public entertainment,0,0.0,Revenue_Outturn__RO5__data_2014-15_by_LA_-_02-Feb-2016.xlsx,RO5 LA Data 2014-15 (3),"row 78, column 15",Net Current Expenditure (C7 = C3 - C6)
2014/15,E1201,,E06000029,SW,Library service,2639,2639000.0,Revenue_Outturn__RO5__data_2014-15_by_LA_-_02-Feb-2016.xlsx,RO5 LA Data 2014-15 (3),"row 78, column 29",Net Current Expenditure (C7 = C3 - C6)
2014/15,E1202,,E06000028,SW,Archives,257,257000.0,Revenue_Outturn__RO5__data_2014-15_by_LA_-_02-Feb-2016.xlsx,RO5 LA Data 2014-15 (3),"row 79, column 7",Net Current Expenditure (C7 = C3 - C6)
2014/15,E1202,,E06000028,SW,Arts development and support,496,496000.0,Revenue_Outturn__RO5__data_2014-15_by_LA_-_02-Feb-2016.xlsx,RO5 LA Data 2014-15 (3),"row 79, column 9",Net Current Expenditure (C7 = C3 - C6)
2014/15,E1202,,E06000028,SW,Heritage,0,0.0,Revenue_Outturn__RO5__data_2014-15_by_LA_-_02-Feb-2016.xlsx,RO5 LA Data 2014-15 (3),"row 79, column 11",Net Current Expenditure (C7 = C3 - C6)
2014/15,E1202,,E06000028,SW,Museums and galleries,369,369000.0,Revenue_Outturn__RO5__data_2014-15_by_LA_-_02-Feb-2016.xlsx,RO5 LA Data 2014-15 (3),"row 79, column 13",Net Current Expenditure (C7 = C3 - C6)
2014/15,E1202,,E06000028,SW,Theatres and public entertainment,1058,1058000.0,Revenue_Outturn__RO5__data_2014-15_by_LA_-_02-Feb-2016.xlsx,RO5 LA Data 2014-15 (3),"row 79, column 15",Net Current Expenditure (C7 = C3 - C6)
2014/15,E1202,,E06000028,SW,Library service,5297,5297000.0,Revenue_Outturn__RO5__data_2014-15_by_LA_-_02-Feb-2016.xlsx,RO5 LA Data 2014-15 (3),"row 79, column 29",Net Current Expenditure (C7 = C3 - C6)
2014/15,E1221,,E10000009,SW,Archives,319,319000.0,Revenue_Outturn__RO5__data_2014-15_by_LA_-_02-Feb-2016.xlsx,RO5 LA Data 2014-15 (3),"row 80, column 7",Net Current Expenditure (C7 = C3 - C6)
2014/15,E1221,,E10000009,SW,Arts development and support,385,385000.0,Revenue_Outturn__RO5__data_2014-15_by_LA_-_02-Feb-2016.xlsx,RO5 LA Data 2014-15 (3),"row 80, column 9",Net Current Expenditure (C7 = C3 - C6)
2014/15,E1221,,E10000009,SW,Heritage,216,216000.0,Revenue_Outturn__RO5__data_2014-15_by_LA_-_02-Feb-2016.xlsx,RO5 LA Data 2014-15 (3),"row 80, column 11",Net Current Expenditure (C7 = C3 - C6)
2014/15,E1221,,E10000009,SW,Museums and galleries,49,49000.0,Revenue_Outturn__RO5__data_2014-15_by_LA_-_02-Feb-2016.xlsx,RO5 LA Data 2014-15 (3),"row 80, column 13",Net Current Expenditure (C7 = C3 - C6)
2014/15,E1221,,E10000009,SW,Theatres and public entertainment,0,0.0,Revenue_Outturn__RO5__data_2014-15_by_LA_-_02-Feb-2016.xlsx,RO5 LA Data 2014-15 (3),"row 80, column 15",Net Current Expenditure (C7 = C3 - C6)
2014/15,E1221,,E10000009,SW,Library service,6028,6028000.0,Revenue_Outturn__RO5__data_2014-15_by_LA_-_02-Feb-2016.xlsx,RO5 LA Data 2014-15 (3),"row 80, column 29",Net Current Expenditure (C7 = C3 - C6)
2014/15,E1232,,E07000048,SW,Archives,0,0.0,Revenue_Outturn__RO5__data_2014-15_by_LA_-_02-Feb-2016.xlsx,RO5 LA Data 2014-15 (3),"row 81, column 7",Net Current Expenditure (C7 = C3 - C6)
2014/15,E1232,,E07000048,SW,Arts development and support,0,0.0,Revenue_Outturn__RO5__data_2014-15_by_LA_-_02-Feb-2016.xlsx,RO5 LA Data 2014-15 (3),"row 81, column 9",Net Current Expenditure (C7 = C3 - C6)
2014/15,E1232,,E07000048,SW,Heritage,102,102000.0,Revenue_Outturn__RO5__data_2014-15_by_LA_-_02-Feb-2016.xlsx,RO5 LA Data 2014-15 (3),"row 81, column 11",Net Current Expenditure (C7 = C3 - C6)
2014/15,E1232,,E07000048,SW,Museums and galleries,50,50000.0,Revenue_Outturn__RO5__data_2014-15_by_LA_-_02-Feb-2016.xlsx,RO5 LA Data 2014-15 (3),"row 81, column 13",Net Current Expenditure (C7 = C3 - C6)
2014/15,E1232,,E07000048,SW,Theatres and public entertainment,122,122000.0,Revenue_Outturn__RO5__data_2014-15_by_LA_-_02-Feb-2016.xlsx,RO5 LA Data 2014-15 (3),"row 81, column 15",Net Current Expenditure (C7 = C3 - C6)
2014/15,E1232,,E07000048,SW,Library service,0,0.0,Revenue_Outturn__RO5__data_2014-15_by_LA_-_02-Feb-2016.xlsx,RO5 LA Data 2014-15 (3),"row 81, column 29",Net Current Expenditure (C7 = C3 - C6)
2014/15,E1233,,E07000049,SW,Archives,0,0.0,Revenue_Outturn__RO5__data_2014-15_by_LA_-_02-Feb-2016.xlsx,RO5 LA Data 2014-15 (3),"row 82, column 7",Net Current Expenditure (C7 = C3 - C6)
2014/15,E1233,,E07000049,SW,Arts development and support,61,61000.0,Revenue_Outturn__RO5__data_2014-15_by_LA_-_02-Feb-2016.xlsx,RO5 LA Data 2014-15 (3),"row 82, column 9",Net Current Expenditure (C7 = C3 - C6)
2014/15,E1233,,E07000049,SW,Heritage,0,0.0,Revenue_Outturn__RO5__data_2014-15_by_LA_-_02-Feb-2016.xlsx,RO5 LA Data 2014-15 (3),"row 82, column 11",Net Current Expenditure (C7 = C3 - C6)
2014/15,E1233,,E07000049,SW,Museums and galleries,182,182000.0,Revenue_Outturn__RO5__data_2014-15_by_LA_-_02-Feb-2016.xlsx,RO5 LA Data 2014-15 (3),"row 82, column 13",Net Current Expenditure (C7 = C3 - C6)
2014/15,E1233,,E07000049,SW,Theatres and public entertainment,0,0.0,Revenue_Outturn__RO5__data_2014-15_by_LA_-_02-Feb-2016.xlsx,RO5 LA Data 2014-15 (3),"row 82, column 15",Net Current Expenditure (C7 = C3 - C6)
2014/15,E1233,,E07000049,SW,Library service,0,0.0,Revenue_Outturn__RO5__data_2014-15_by_LA_-_02-Feb-2016.xlsx,RO5 LA Data 2014-15 (3),"row 82, column 29",Net Current Expenditure (C7 = C3 - C6)
2014/15,E1234,,E07000050,SW,Archives,0,0.0,Revenue_Outturn__RO5__data_2014-15_by_LA_-_02-Feb-2016.xlsx,RO5 LA Data 2014-15 (3),"row 83, column 7",Net Current Expenditure (C7 = C3 - C6)
2014/15,E1234,,E07000050,SW,Arts development and support,16,16000.0,Revenue_Outturn__RO5__data_2014-15_by_LA_-_02-Feb-2016.xlsx,RO5 LA Data 2014-15 (3),"row 83, column 9",Net Current Expenditure (C7 = C3 - C6)
2014/15,E1234,,E07000050,SW,Heritage,0,0.0,Revenue_Outturn__RO5__data_2014-15_by_LA_-_02-Feb-2016.xlsx,RO5 LA Data 2014-15 (3),"row 83, column 11",Net Current Expenditure (C7 = C3 - C6)
2014/15,E1234,,E07000050,SW,Museums and galleries,0,0.0,Revenue_Outturn__RO5__data_2014-15_by_LA_-_02-Feb-2016.xlsx,RO5 LA Data 2014-15 (3),"row 83, column 13",Net Current Expenditure (C7 = C3 - C6)
2014/15,E1234,,E07000050,SW,Theatres and public entertainment,0,0.0,Revenue_Outturn__RO5__data_2014-15_by_LA_-_02-Feb-2016.xlsx,RO5 LA Data 2014-15 (3),"row 83, column 15",Net Current Expenditure (C7 = C3 - C6)
2014/15,E1234,,E07000050,SW,Library service,0,0.0,Revenue_Outturn__RO5__data_2014-15_by_LA_-_02-Feb-2016.xlsx,RO5 LA Data 2014-15 (3),"row 83, column 29",Net Current Expenditure (C7 = C3 - C6)
2014/15,E1236,,E07000051,SW,Archives,0,0.0,Revenue_Outturn__RO5__data_2014-15_by_LA_-_02-Feb-2016.xlsx,RO5 LA Data 2014-15 (3),"row 84, column 7",Net Current Expenditure (C7 = C3 - C6)
2014/15,E1236,,E07000051,SW,Arts development and support,6,6000.0,Revenue_Outturn__RO5__data_2014-15_by_LA_-_02-Feb-2016.xlsx,RO5 LA Data 2014-15 (3),"row 84, column 9",Net Current Expenditure (C7 = C3 - C6)
2014/15,E1236,,E07000051,SW,Heritage,0,0.0,Revenue_Outturn__RO5__data_2014-15_by_LA_-_02-Feb-2016.xlsx,RO5 LA Data 2014-15 (3),"row 84, column 11",Net Current Expenditure (C7 = C3 - C6)
2014/15,E1236,,E07000051,SW,Museums and galleries,0,0.0,Revenue_Outturn__RO5__data_2014-15_by_LA_-_02-Feb-2016.xlsx,RO5 LA Data 2014-15 (3),"row 84, column 13",Net Current Expenditure (C7 = C3 - C6)
2014/15,E1236,,E07000051,SW,Theatres and public entertainment,0,0.0,Revenue_Outturn__RO5__data_2014-15_by_LA_-_02-Feb-2016.xlsx,RO5 LA Data 2014-15 (3),"row 84, column 15",Net Current Expenditure (C7 = C3 - C6)
2014/15,E1236,,E07000051,SW,Library service,0,0.0,Revenue_Outturn__RO5__data_2014-15_by_LA_-_02-Feb-2016.xlsx,RO5 LA Data 2014-15 (3),"row 84, column 29",Net Current Expenditure (C7 = C3 - C6)
2014/15,E1237,,E07000052,SW,Archives,0,0.0,Revenue_Outturn__RO5__data_2014-15_by_LA_-_02-Feb-2016.xlsx,RO5 LA Data 2014-15 (3),"row 85, column 7",Net Current Expenditure (C7 = C3 - C6)
2014/15,E1237,,E07000052,SW,Arts development and support,271,271000.0,Revenue_Outturn__RO5__data_2014-15_by_LA_-_02-Feb-2016.xlsx,RO5 LA Data 2014-15 (3),"row 85, column 9",Net Current Expenditure (C7 = C3 - C6)
2014/15,E1237,,E07000052,SW,Heritage,0,0.0,Revenue_Outturn__RO5__data_2014-15_by_LA_-_02-Feb-2016.xlsx,RO5 LA Data 2014-15 (3),"row 85, column 11",Net Current Expenditure (C7 = C3 - C6)
2014/15,E1237,,E07000052,SW,Museums and galleries,0,0.0,Revenue_Outturn__RO5__data_2014-15_by_LA_-_02-Feb-2016.xlsx,RO5 LA Data 2014-15 (3),"row 85, column 13",Net Current Expenditure (C7 = C3 - C6)
2014/15,E1237,,E07000052,SW,Theatres and public entertainment,0,0.0,Revenue_Outturn__RO5__data_2014-15_by_LA_-_02-Feb-2016.xlsx,RO5 LA Data 2014-15 (3),"row 85, column 15",Net Current Expenditure (C7 = C3 - C6)
2014/15,E1237,,E07000052,SW,Library service,0,0.0,Revenue_Outturn__RO5__data_2014-15_by_LA_-_02-Feb-2016.xlsx,RO5 LA Data 2014-15 (3),"row 85, column 29",Net Current Expenditure (C7 = C3 - C6)
2014/15,E1238,,E07000053,SW,Archives,0,0.0,Revenue_Outturn__RO5__data_2014-15_by_LA_-_02-Feb-2016.xlsx,RO5 LA Data 2014-15 (3),"row 86, column 7",Net Current Expenditure (C7 = C3 - C6)
2014/15,E1238,,E07000053,SW,Arts development and support,2,2000.0,Revenue_Outturn__RO5__data_2014-15_by_LA_-_02-Feb-2016.xlsx,RO5 LA Data 2014-15 (3),"row 86, column 9",Net Current Expenditure (C7 = C3 - C6)
2014/15,E1238,,E07000053,SW,Heritage,16,16000.0,Revenue_Outturn__RO5__data_2014-15_by_LA_-_02-Feb-2016.xlsx,RO5 LA Data 2014-15 (3),"row 86, column 11",Net Current Expenditure (C7 = C3 - C6)
2014/15,E1238,,E07000053,SW,Museums and galleries,15,15000.0,Revenue_Outturn__RO5__data_2014-15_by_LA_-_02-Feb-2016.xlsx,RO5 LA Data 2014-15 (3),"row 86, column 13",Net Current Expenditure (C7 = C3 - C6)
2014/15,E1238,,E07000053,SW,Theatres and public entertainment,9,9000.0,Revenue_Outturn__RO5__data_2014-15_by_LA_-_02-Feb-2016.xlsx,RO5 LA Data 2014-15 (3),"row 86, column 15",Net Current Expenditure (C7 = C3 - C6)
2014/15,E1238,,E07000053,SW,Library service,0,0.0,Revenue_Outturn__RO5__data_2014-15_by_LA_-_02-Feb-2016.xlsx,RO5 LA Data 2014-15 (3),"row 86, column 29",Net Current Expenditure (C7 = C3 - C6)
2014/15,E1301,,E06000005,NE,Archives,66,66000.0,Revenue_Outturn__RO5__data_2014-15_by_LA_-_02-Feb-2016.xlsx,RO5 LA Data 2014-15 (3),"row 87, column 7",Net Current Expenditure (C7 = C3 - C6)
2014/15,E1301,,E06000005,NE,Arts development and support,166,166000.0,Revenue_Outturn__RO5__data_2014-15_by_LA_-_02-Feb-2016.xlsx,RO5 LA Data 2014-15 (3),"row 87, column 9",Net Current Expenditure (C7 = C3 - C6)
2014/15,E1301,,E06000005,NE,Heritage,0,0.0,Revenue_Outturn__RO5__data_2014-15_by_LA_-_02-Feb-2016.xlsx,RO5 LA Data 2014-15 (3),"row 87, column 11",Net Current Expenditure (C7 = C3 - C6)
2014/15,E1301,,E06000005,NE,Museums and galleries,279,279000.0,Revenue_Outturn__RO5__data_2014-15_by_LA_-_02-Feb-2016.xlsx,RO5 LA Data 2014-15 (3),"row 87, column 13",Net Current Expenditure (C7 = C3 - C6)
2014/15,E1301,,E06000005,NE,Theatres and public entertainment,255,255000.0,Revenue_Outturn__RO5__data_2014-15_by_LA_-_02-Feb-2016.xlsx,RO5 LA Data 2014-15 (3),"row 87, column 15",Net Current Expenditure (C7 = C3 - C6)
2014/15,E1301,,E06000005,NE,Library service,1009,1009000.0,Revenue_Outturn__RO5__data_2014-15_by_LA_-_02-Feb-2016.xlsx,RO5 LA Data 2014-15 (3),"row 87, column 29",Net Current Expenditure (C7 = C3 - C6)
2014/15,E1302,,E06000047,NE,Archives,327,327000.0,Revenue_Outturn__RO5__data_2014-15_by_LA_-_02-Feb-2016.xlsx,RO5 LA Data 2014-15 (3),"row 88, column 7",Net Current Expenditure (C7 = C3 - C6)
2014/15,E1302,,E06000047,NE,Arts development and support,816,816000.0,Revenue_Outturn__RO5__data_2014-15_by_LA_-_02-Feb-2016.xlsx,RO5 LA Data 2014-15 (3),"row 88, column 9",Net Current Expenditure (C7 = C3 - C6)
2014/15,E1302,,E06000047,NE,Heritage,83,83000.0,Revenue_Outturn__RO5__data_2014-15_by_LA_-_02-Feb-2016.xlsx,RO5 LA Data 2014-15 (3),"row 88, column 11",Net Current Expenditure (C7 = C3 - C6)
2014/15,E1302,,E06000047,NE,Museums and galleries,1820,1820000.0,Revenue_Outturn__RO5__data_2014-15_by_LA_-_02-Feb-2016.xlsx,RO5 LA Data 2014-15 (3),"row 88, column 13",Net Current Expenditure (C7 = C3 - C6)
2014/15,E1302,,E06000047,NE,Theatres and public entertainment,808,808000.0,Revenue_Outturn__RO5__data_2014-15_by_LA_-_02-Feb-2016.xlsx,RO5 LA Data 2014-15 (3),"row 88, column 15",Net Current Expenditure (C7 = C3 - C6)
2014/15,E1302,,E06000047,NE,Library service,5314,5314000.0,Revenue_Outturn__RO5__data_2014-15_by_LA_-_02-Feb-2016.xlsx,RO5 LA Data 2014-15 (3),"row 88, column 29",Net Current Expenditure (C7 = C3 - C6)
2014/15,E1401,,E06000043,SE,Archives,0,0.0,Revenue_Outturn__RO5__data_2014-15_by_LA_-_02-Feb-2016.xlsx,RO5 LA Data 2014-15 (3),"row 89, column 7",Net Current Expenditure (C7 = C3 - C6)
2014/15,E1401,,E06000043,SE,Arts development and support,146,146000.0,Revenue_Outturn__RO5__data_2014-15_by_LA_-_02-Feb-2016.xlsx,RO5 LA Data 2014-15 (3),"row 89, column 9",Net Current Expenditure (C7 = C3 - C6)
2014/15,E1401,,E06000043,SE,Heritage,785,785000.0,Revenue_Outturn__RO5__data_2014-15_by_LA_-_02-Feb-2016.xlsx,RO5 LA Data 2014-15 (3),"row 89, column 11",Net Current Expenditure (C7 = C3 - C6)
2014/15,E1401,,E06000043,SE,Museums and galleries,2179,2179000.0,Revenue_Outturn__RO5__data_2014-15_by_LA_-_02-Feb-2016.xlsx,RO5 LA Data 2014-15 (3),"row 89, column 13",Net Current Expenditure (C7 = C3 - C6)
2014/15,E1401,,E06000043,SE,Theatres and public entertainment,2070,2070000.0,Revenue_Outturn__RO5__data_2014-15_by_LA_-_02-Feb-2016.xlsx,RO5 LA Data 2014-15 (3),"row 89, column 15",Net Current Expenditure (C7 = C3 - C6)
2014/15,E1401,,E06000043,SE,Library service,4722,4722000.0,Revenue_Outturn__RO5__data_2014-15_by_LA_-_02-Feb-2016.xlsx,RO5 LA Data 2014-15 (3),"row 89, column 29",Net Current Expenditure (C7 = C3 - C6)
2014/15,E1421,,E10000011,SE,Archives,997,997000.0,Revenue_Outturn__RO5__data_2014-15_by_LA_-_02-Feb-2016.xlsx,RO5 LA Data 2014-15 (3),"row 90, column 7",Net Current Expenditure (C7 = C3 - C6)
2014/15,E1421,,E10000011,SE,Arts development and support,61,61000.0,Revenue_Outturn__RO5__data_2014-15_by_LA_-_02-Feb-2016.xlsx,RO5 LA Data 2014-15 (3),"row 90, column 9",Net Current Expenditure (C7 = C3 - C6)
2014/15,E1421,,E10000011,SE,Heritage,1,1000.0,Revenue_Outturn__RO5__data_2014-15_by_LA_-_02-Feb-2016.xlsx,RO5 LA Data 2014-15 (3),"row 90, column 11",Net Current Expenditure (C7 = C3 - C6)
2014/15,E1421,,E10000011,SE,Museums and galleries,0,0.0,Revenue_Outturn__RO5__data_2014-15_by_LA_-_02-Feb-2016.xlsx,RO5 LA Data 2014-15 (3),"row 90, column 13",Net Current Expenditure (C7 = C3 - C6)
2014/15,E1421,,E10000011,SE,Theatres and public entertainment,0,0.0,Revenue_Outturn__RO5__data_2014-15_by_LA_-_02-Feb-2016.xlsx,RO5 LA Data 2014-15 (3),"row 90, column 15",Net Current Expenditure (C7 = C3 - C6)
2014/15,E1421,,E10000011,SE,Library service,6393,6393000.0,Revenue_Outturn__RO5__data_2014-15_by_LA_-_02-Feb-2016.xlsx,RO5 LA Data 2014-15 (3),"row 90, column 29",Net Current Expenditure (C7 = C3 - C6)
2014/15,E1432,,E07000061,SE,Archives,0,0.0,Revenue_Outturn__RO5__data_2014-15_by_LA_-_02-Feb-2016.xlsx,RO5 LA Data 2014-15 (3),"row 91, column 7",Net Current Expenditure (C7 = C3 - C6)
2014/15,E1432,,E07000061,SE,Arts development and support,-40,-40000.0,Revenue_Outturn__RO5__data_2014-15_by_LA_-_02-Feb-2016.xlsx,RO5 LA Data 2014-15 (3),"row 91, column 9",Net Current Expenditure (C7 = C3 - C6)
2014/15,E1432,,E07000061,SE,Heritage,108,108000.0,Revenue_Outturn__RO5__data_2014-15_by_LA_-_02-Feb-2016.xlsx,RO5 LA Data 2014-15 (3),"row 91, column 11",Net Current Expenditure (C7 = C3 - C6)
2014/15,E1432,,E07000061,SE,Museums and galleries,1047,1047000.0,Revenue_Outturn__RO5__data_2014-15_by_LA_-_02-Feb-2016.xlsx,RO5 LA Data 2014-15 (3),"row 91, column 13",Net Current Expenditure (C7 = C3 - C6)
2014/15,E1432,,E07000061,SE,Theatres and public entertainment,1227,1227000.0,Revenue_Outturn__RO5__data_2014-15_by_LA_-_02-Feb-2016.xlsx,RO5 LA Data 2014-15 (3),"row 91, column 15",Net Current Expenditure (C7 = C3 - C6)
2014/15,E1432,,E07000061,SE,Library service,0,0.0,Revenue_Outturn__RO5__data_2014-15_by_LA_-_02-Feb-2016.xlsx,RO5 LA Data 2014-15 (3),"row 91, column 29",Net Current Expenditure (C7 = C3 - C6)
2014/15,E1433,,E07000062,SE,Archives,0,0.0,Revenue_Outturn__RO5__data_2014-15_by_LA_-_02-Feb-2016.xlsx,RO5 LA Data 2014-15 (3),"row 92, column 7",Net Current Expenditure (C7 = C3 - C6)
2014/15,E1433,,E07000062,SE,Arts development and support,1,1000.0,Revenue_Outturn__RO5__data_2014-15_by_LA_-_02-Feb-2016.xlsx,RO5 LA Data 2014-15 (3),"row 92, column 9",Net Current Expenditure (C7 = C3 - C6)
2014/15,E1433,,E07000062,SE,Heritage,-22,-22000.0,Revenue_Outturn__RO5__data_2014-15_by_LA_-_02-Feb-2016.xlsx,RO5 LA Data 2014-15 (3),"row 92, column 11",Net Current Expenditure (C7 = C3 - C6)
2014/15,E1433,,E07000062,SE,Museums and galleries,480,480000.0,Revenue_Outturn__RO5__data_2014-15_by_LA_-_02-Feb-2016.xlsx,RO5 LA Data 2014-15 (3),"row 92, column 13",Net Current Expenditure (C7 = C3 - C6)
2014/15,E1433,,E07000062,SE,Theatres and public entertainment,787,787000.0,Revenue_Outturn__RO5__data_2014-15_by_LA_-_02-Feb-2016.xlsx,RO5 LA Data 2014-15 (3),"row 92, column 15",Net Current Expenditure (C7 = C3 - C6)
2014/15,E1433,,E07000062,SE,Library service,0,0.0,Revenue_Outturn__RO5__data_2014-15_by_LA_-_02-Feb-2016.xlsx,RO5 LA Data 2014-15 (3),"row 92, column 29",Net Current Expenditure (C7 = C3 - C6)
2014/15,E1435,,E07000063,SE,Archives,0,0.0,Revenue_Outturn__RO5__data_2014-15_by_LA_-_02-Feb-2016.xlsx,RO5 LA Data 2014-15 (3),"row 93, column 7",Net Current Expenditure (C7 = C3 - C6)
2014/15,E1435,,E07000063,SE,Arts development and support,20,20000.0,Revenue_Outturn__RO5__data_2014-15_by_LA_-_02-Feb-2016.xlsx,RO5 LA Data 2014-15 (3),"row 93, column 9",Net Current Expenditure (C7 = C3 - C6)
2014/15,E1435,,E07000063,SE,Heritage,15,15000.0,Revenue_Outturn__RO5__data_2014-15_by_LA_-_02-Feb-2016.xlsx,RO5 LA Data 2014-15 (3),"row 93, column 11",Net Current Expenditure (C7 = C3 - C6)
2014/15,E1435,,E07000063,SE,Museums and galleries,205,205000.0,Revenue_Outturn__RO5__data_2014-15_by_LA_-_02-Feb-2016.xlsx,RO5 LA Data 2014-15 (3),"row 93, column 13",Net Current Expenditure (C7 = C3 - C6)
2014/15,E1435,,E07000063,SE,Theatres and public entertainment,0,0.0,Revenue_Outturn__RO5__data_2014-15_by_LA_-_02-Feb-2016.xlsx,RO5 LA Data 2014-15 (3),"row 93, column 15",Net Current Expenditure (C7 = C3 - C6)
2014/15,E1435,,E07000063,SE,Library service,0,0.0,Revenue_Outturn__RO5__data_2014-15_by_LA_-_02-Feb-2016.xlsx,RO5 LA Data 2014-15 (3),"row 93, column 29",Net Current Expenditure (C7 = C3 - C6)
2014/15,E1436,,E07000064,SE,Archives,0,0.0,Revenue_Outturn__RO5__data_2014-15_by_LA_-_02-Feb-2016.xlsx,RO5 LA Data 2014-15 (3),"row 94, column 7",Net Current Expenditure (C7 = C3 - C6)
2014/15,E1436,,E07000064,SE,Arts development and support,63,63000.0,Revenue_Outturn__RO5__data_2014-15_by_LA_-_02-Feb-2016.xlsx,RO5 LA Data 2014-15 (3),"row 94, column 9",Net Current Expenditure (C7 = C3 - C6)
2014/15,E1436,,E07000064,SE,Heritage,13,13000.0,Revenue_Outturn__RO5__data_2014-15_by_LA_-_02-Feb-2016.xlsx,RO5 LA Data 2014-15 (3),"row 94, column 11",Net Current Expenditure (C7 = C3 - C6)
2014/15,E1436,,E07000064,SE,Museums and galleries,71,71000.0,Revenue_Outturn__RO5__data_2014-15_by_LA_-_02-Feb-2016.xlsx,RO5 LA Data 2014-15 (3),"row 94, column 13",Net Current Expenditure (C7 = C3 - C6)
2014/15,E1436,,E07000064,SE,Theatres and public entertainment,523,523000.0,Revenue_Outturn__RO5__data_2014-15_by_LA_-_02-Feb-2016.xlsx,RO5 LA Data 2014-15 (3),"row 94, column 15",Net Current Expenditure (C7 = C3 - C6)
2014/15,E1436,,E07000064,SE,Library service,0,0.0,Revenue_Outturn__RO5__data_2014-15_by_LA_-_02-Feb-2016.xlsx,RO5 LA Data 2014-15 (3),"row 94, column 29",Net Current Expenditure (C7 = C3 - C6)
2014/15,E1437,,E07000065,SE,Archives,0,0.0,Revenue_Outturn__RO5__data_2014-15_by_LA_-_02-Feb-2016.xlsx,RO5 LA Data 2014-15 (3),"row 95, column 7",Net Current Expenditure (C7 = C3 - C6)
2014/15,E1437,,E07000065,SE,Arts development and support,49,49000.0,Revenue_Outturn__RO5__data_2014-15_by_LA_-_02-Feb-2016.xlsx,RO5 LA Data 2014-15 (3),"row 95, column 9",Net Current Expenditure (C7 = C3 - C6)
2014/15,E1437,,E07000065,SE,Heritage,0,0.0,Revenue_Outturn__RO5__data_2014-15_by_LA_-_02-Feb-2016.xlsx,RO5 LA Data 2014-15 (3),"row 95, column 11",Net Current Expenditure (C7 = C3 - C6)
2014/15,E1437,,E07000065,SE,Museums and galleries,0,0.0,Revenue_Outturn__RO5__data_2014-15_by_LA_-_02-Feb-2016.xlsx,RO5 LA Data 2014-15 (3),"row 95, column 13",Net Current Expenditure (C7 = C3 - C6)
2014/15,E1437,,E07000065,SE,Theatres and public entertainment,0,0.0,Revenue_Outturn__RO5__data_2014-15_by_LA_-_02-Feb-2016.xlsx,RO5 LA Data 2014-15 (3),"row 95, column 15",Net Current Expenditure (C7 = C3 - C6)
2014/15,E1437,,E07000065,SE,Library service,0,0.0,Revenue_Outturn__RO5__data_2014-15_by_LA_-_02-Feb-2016.xlsx,RO5 LA Data 2014-15 (3),"row 95, column 29",Net Current Expenditure (C7 = C3 - C6)
2014/15,E1501,,E06000033,EE,Archives,0,0.0,Revenue_Outturn__RO5__data_2014-15_by_LA_-_02-Feb-2016.xlsx,RO5 LA Data 2014-15 (3),"row 96, column 7",Net Current Expenditure (C7 = C3 - C6)
2014/15,E1501,,E06000033,EE,Arts development and support,178,178000.0,Revenue_Outturn__RO5__data_2014-15_by_LA_-_02-Feb-2016.xlsx,RO5 LA Data 2014-15 (3),"row 96, column 9",Net Current Expenditure (C7 = C3 - C6)
2014/15,E1501,,E06000033,EE,Heritage,0,0.0,Revenue_Outturn__RO5__data_2014-15_by_LA_-_02-Feb-2016.xlsx,RO5 LA Data 2014-15 (3),"row 96, column 11",Net Current Expenditure (C7 = C3 - C6)
2014/15,E1501,,E06000033,EE,Museums and galleries,1184,1184000.0,Revenue_Outturn__RO5__data_2014-15_by_LA_-_02-Feb-2016.xlsx,RO5 LA Data 2014-15 (3),"row 96, column 13",Net Current Expenditure (C7 = C3 - C6)
2014/15,E1501,,E06000033,EE,Theatres and public entertainment,164,164000.0,Revenue_Outturn__RO5__data_2014-15_by_LA_-_02-Feb-2016.xlsx,RO5 LA Data 2014-15 (3),"row 96, column 15",Net Current Expenditure (C7 = C3 - C6)
2014/15,E1501,,E06000033,EE,Library service,3256,3256000.0,Revenue_Outturn__RO5__data_2014-15_by_LA_-_02-Feb-2016.xlsx,RO5 LA Data 2014-15 (3),"row 96, column 29",Net Current Expenditure (C7 = C3 - C6)
2014/15,E1502,,E06000034,EE,Archives,34,34000.0,Revenue_Outturn__RO5__data_2014-15_by_LA_-_02-Feb-2016.xlsx,RO5 LA Data 2014-15 (3),"row 97, column 7",Net Current Expenditure (C7 = C3 - C6)
2014/15,E1502,,E06000034,EE,Arts development and support,14,14000.0,Revenue_Outturn__RO5__data_2014-15_by_LA_-_02-Feb-2016.xlsx,RO5 LA Data 2014-15 (3),"row 97, column 9",Net Current Expenditure (C7 = C3 - C6)
2014/15,E1502,,E06000034,EE,Heritage,1,1000.0,Revenue_Outturn__RO5__data_2014-15_by_LA_-_02-Feb-2016.xlsx,RO5 LA Data 2014-15 (3),"row 97, column 11",Net Current Expenditure (C7 = C3 - C6)
2014/15,E1502,,E06000034,EE,Museums and galleries,200,200000.0,Revenue_Outturn__RO5__data_2014-15_by_LA_-_02-Feb-2016.xlsx,RO5 LA Data 2014-15 (3),"row 97, column 13",Net Current Expenditure (C7 = C3 - C6)
2014/15,E1502,,E06000034,EE,Theatres and public entertainment,213,213000.0,Revenue_Outturn__RO5__data_2014-15_by_LA_-_02-Feb-2016.xlsx,RO5 LA Data 2014-15 (3),"row 97, column 15",Net Current Expenditure (C7 = C3 - C6)
2014/15,E1502,,E06000034,EE,Library service,1966,1966000.0,Revenue_Outturn__RO5__data_2014-15_by_LA_-_02-Feb-2016.xlsx,RO5 LA Data 2014-15 (3),"row 97, column 29",Net Current Expenditure (C7 = C3 - C6)
2014/15,E1521,,E10000012,EE,Archives,1124,1124000.0,Revenue_Outturn__RO5__data_2014-15_by_LA_-_02-Feb-2016.xlsx,RO5 LA Data 2014-15 (3),"row 98, column 7",Net Current Expenditure (C7 = C3 - C6)
2014/15,E1521,,E10000012,EE,Arts development and support,1040,1040000.0,Revenue_Outturn__RO5__data_2014-15_by_LA_-_02-Feb-2016.xlsx,RO5 LA Data 2014-15 (3),"row 98, column 9",Net Current Expenditure (C7 = C3 - C6)
2014/15,E1521,,E10000012,EE,Heritage,0,0.0,Revenue_Outturn__RO5__data_2014-15_by_LA_-_02-Feb-2016.xlsx,RO5 LA Data 2014-15 (3),"row 98, column 11",Net Current Expenditure (C7 = C3 - C6)
2014/15,E1521,,E10000012,EE,Museums and galleries,104,104000.0,Revenue_Outturn__RO5__data_2014-15_by_LA_-_02-Feb-2016.xlsx,RO5 LA Data 2014-15 (3),"row 98, column 13",Net Current Expenditure (C7 = C3 - C6)
2014/15,E1521,,E10000012,EE,Theatres and public entertainment,0,0.0,Revenue_Outturn__RO5__data_2014-15_by_LA_-_02-Feb-2016.xlsx,RO5 LA Data 2014-15 (3),"row 98, column 15",Net Current Expenditure (C7 = C3 - C6)
2014/15,E1521,,E10000012,EE,Library service,20896,20896000.0,Revenue_Outturn__RO5__data_2014-15_by_LA_-_02-Feb-2016.xlsx,RO5 LA Data 2014-15 (3),"row 98, column 29",Net Current Expenditure (C7 = C3 - C6)
2014/15,E1531,,E07000066,EE,Archives,0,0.0,Revenue_Outturn__RO5__data_2014-15_by_LA_-_02-Feb-2016.xlsx,RO5 LA Data 2014-15 (3),"row 99, column 7",Net Current Expenditure (C7 = C3 - C6)
2014/15,E1531,,E07000066,EE,Arts development and support,0,0.0,Revenue_Outturn__RO5__data_2014-15_by_LA_-_02-Feb-2016.xlsx,RO5 LA Data 2014-15 (3),"row 99, column 9",Net Current Expenditure (C7 = C3 - C6)
2014/15,E1531,,E07000066,EE,Heritage,0,0.0,Revenue_Outturn__RO5__data_2014-15_by_LA_-_02-Feb-2016.xlsx,RO5 LA Data 2014-15 (3),"row 99, column 11",Net Current Expenditure (C7 = C3 - C6)
2014/15,E1531,,E07000066,EE,Museums and galleries,0,0.0,Revenue_Outturn__RO5__data_2014-15_by_LA_-_02-Feb-2016.xlsx,RO5 LA Data 2014-15 (3),"row 99, column 13",Net Current Expenditure (C7 = C3 - C6)
2014/15,E1531,,E07000066,EE,Theatres and public entertainment,692,692000.0,Revenue_Outturn__RO5__data_2014-15_by_LA_-_02-Feb-2016.xlsx,RO5 LA Data 2014-15 (3),"row 99, column 15",Net Current Expenditure (C7 = C3 - C6)
2014/15,E1531,,E07000066,EE,Library service,0,0.0,Revenue_Outturn__RO5__data_2014-15_by_LA_-_02-Feb-2016.xlsx,RO5 LA Data 2014-15 (3),"row 99, column 29",Net Current Expenditure (C7 = C3 - C6)
2014/15,E1532,,E07000067,EE,Archives,0,0.0,Revenue_Outturn__RO5__data_2014-15_by_LA_-_02-Feb-2016.xlsx,RO5 LA Data 2014-15 (3),"row 100, column 7",Net Current Expenditure (C7 = C3 - C6)
2014/15,E1532,,E07000067,EE,Arts development and support,111,111000.0,Revenue_Outturn__RO5__data_2014-15_by_LA_-_02-Feb-2016.xlsx,RO5 LA Data 2014-15 (3),"row 100, column 9",Net Current Expenditure (C7 = C3 - C6)
2014/15,E1532,,E07000067,EE,Heritage,26,26000.0,Revenue_Outturn__RO5__data_2014-15_by_LA_-_02-Feb-2016.xlsx,RO5 LA Data 2014-15 (3),"row 100, column 11",Net Current Expenditure (C7 = C3 - C6)
2014/15,E1532,,E07000067,EE,Museums and galleries,282,282000.0,Revenue_Outturn__RO5__data_2014-15_by_LA_-_02-Feb-2016.xlsx,RO5 LA Data 2014-15 (3),"row 100, column 13",Net Current Expenditure (C7 = C3 - C6)
2014/15,E1532,,E07000067,EE,Theatres and public entertainment,0,0.0,Revenue_Outturn__RO5__data_2014-15_by_LA_-_02-Feb-2016.xlsx,RO5 LA Data 2014-15 (3),"row 100, column 15",Net Current Expenditure (C7 = C3 - C6)
2014/15,E1532,,E07000067,EE,Library service,0,0.0,Revenue_Outturn__RO5__data_2014-15_by_LA_-_02-Feb-2016.xlsx,RO5 LA Data 2014-15 (3),"row 100, column 29",Net Current Expenditure (C7 = C3 - C6)
2014/15,E1533,,E07000068,EE,Archives,0,0.0,Revenue_Outturn__RO5__data_2014-15_by_LA_-_02-Feb-2016.xlsx,RO5 LA Data 2014-15 (3),"row 101, column 7",Net Current Expenditure (C7 = C3 - C6)
2014/15,E1533,,E07000068,EE,Arts development and support,0,0.0,Revenue_Outturn__RO5__data_2014-15_by_LA_-_02-Feb-2016.xlsx,RO5 LA Data 2014-15 (3),"row 101, column 9",Net Current Expenditure (C7 = C3 - C6)
2014/15,E1533,,E07000068,EE,Heritage,0,0.0,Revenue_Outturn__RO5__data_2014-15_by_LA_-_02-Feb-2016.xlsx,RO5 LA Data 2014-15 (3),"row 101, column 11",Net Current Expenditure (C7 = C3 - C6)
2014/15,E1533,,E07000068,EE,Museums and galleries,0,0.0,Revenue_Outturn__RO5__data_2014-15_by_LA_-_02-Feb-2016.xlsx,RO5 LA Data 2014-15 (3),"row 101, column 13",Net Current Expenditure (C7 = C3 - C6)
2014/15,E1533,,E07000068,EE,Theatres and public entertainment,125,125000.0,Revenue_Outturn__RO5__data_2014-15_by_LA_-_02-Feb-2016.xlsx,RO5 LA Data 2014-15 (3),"row 101, column 15",Net Current Expenditure (C7 = C3 - C6)
2014/15,E1533,,E07000068,EE,Library service,0,0.0,Revenue_Outturn__RO5__data_2014-15_by_LA_-_02-Feb-2016.xlsx,RO5 LA Data 2014-15 (3),"row 101, column 29",Net Current Expenditure (C7 = C3 - C6)
2014/15,E1534,,E07000069,EE,Archives,0,0.0,Revenue_Outturn__RO5__data_2014-15_by_LA_-_02-Feb-2016.xlsx,RO5 LA Data 2014-15 (3),"row 102, column 7",Net Current Expenditure (C7 = C3 - C6)
2014/15,E1534,,E07000069,EE,Arts development and support,3,3000.0,Revenue_Outturn__RO5__data_2014-15_by_LA_-_02-Feb-2016.xlsx,RO5 LA Data 2014-15 (3),"row 102, column 9",Net Current Expenditure (C7 = C3 - C6)
2014/15,E1534,,E07000069,EE,Heritage,0,0.0,Revenue_Outturn__RO5__data_2014-15_by_LA_-_02-Feb-2016.xlsx,RO5 LA Data 2014-15 (3),"row 102, column 11",Net Current Expenditure (C7 = C3 - C6)
2014/15,E1534,,E07000069,EE,Museums and galleries,0,0.0,Revenue_Outturn__RO5__data_2014-15_by_LA_-_02-Feb-2016.xlsx,RO5 LA Data 2014-15 (3),"row 102, column 13",Net Current Expenditure (C7 = C3 - C6)
2014/15,E1534,,E07000069,EE,Theatres and public entertainment,0,0.0,Revenue_Outturn__RO5__data_2014-15_by_LA_-_02-Feb-2016.xlsx,RO5 LA Data 2014-15 (3),"row 102, column 15",Net Current Expenditure (C7 = C3 - C6)
2014/15,E1534,,E07000069,EE,Library service,0,0.0,Revenue_Outturn__RO5__data_2014-15_by_LA_-_02-Feb-2016.xlsx,RO5 LA Data 2014-15 (3),"row 102, column 29",Net Current Expenditure (C7 = C3 - C6)
2014/15,E1535,,E07000070,EE,Archives,0,0.0,Revenue_Outturn__RO5__data_2014-15_by_LA_-_02-Feb-2016.xlsx,RO5 LA Data 2014-15 (3),"row 103, column 7",Net Current Expenditure (C7 = C3 - C6)
2014/15,E1535,,E07000070,EE,Arts development and support,0,0.0,Revenue_Outturn__RO5__data_2014-15_by_LA_-_02-Feb-2016.xlsx,RO5 LA Data 2014-15 (3),"row 103, column 9",Net Current Expenditure (C7 = C3 - C6)
2014/15,E1535,,E07000070,EE,Heritage,184,184000.0,Revenue_Outturn__RO5__data_2014-15_by_LA_-_02-Feb-2016.xlsx,RO5 LA Data 2014-15 (3),"row 103, column 11",Net Current Expenditure (C7 = C3 - C6)
2014/15,E1535,,E07000070,EE,Museums and galleries,824,824000.0,Revenue_Outturn__RO5__data_2014-15_by_LA_-_02-Feb-2016.xlsx,RO5 LA Data 2014-15 (3),"row 103, column 13",Net Current Expenditure (C7 = C3 - C6)
2014/15,E1535,,E07000070,EE,Theatres and public entertainment,910,910000.0,Revenue_Outturn__RO5__data_2014-15_by_LA_-_02-Feb-2016.xlsx,RO5 LA Data 2014-15 (3),"row 103, column 15",Net Current Expenditure (C7 = C3 - C6)
2014/15,E1535,,E07000070,EE,Library service,0,0.0,Revenue_Outturn__RO5__data_2014-15_by_LA_-_02-Feb-2016.xlsx,RO5 LA Data 2014-15 (3),"row 103, column 29",Net Current Expenditure (C7 = C3 - C6)
2014/15,E1536,,E07000071,EE,Archives,0,0.0,Revenue_Outturn__RO5__data_2014-15_by_LA_-_02-Feb-2016.xlsx,RO5 LA Data 2014-15 (3),"row 104, column 7",Net Current Expenditure (C7 = C3 - C6)
2014/15,E1536,,E07000071,EE,Arts development and support,0,0.0,Revenue_Outturn__RO5__data_2014-15_by_LA_-_02-Feb-2016.xlsx,RO5 LA Data 2014-15 (3),"row 104, column 9",Net Current Expenditure (C7 = C3 - C6)
2014/15,E1536,,E07000071,EE,Heritage,162,162000.0,Revenue_Outturn__RO5__data_2014-15_by_LA_-_02-Feb-2016.xlsx,RO5 LA Data 2014-15 (3),"row 104, column 11",Net Current Expenditure (C7 = C3 - C6)
2014/15,E1536,,E07000071,EE,Museums and galleries,909,909000.0,Revenue_Outturn__RO5__data_2014-15_by_LA_-_02-Feb-2016.xlsx,RO5 LA Data 2014-15 (3),"row 104, column 13",Net Current Expenditure (C7 = C3 - C6)
2014/15,E1536,,E07000071,EE,Theatres and public entertainment,322,322000.0,Revenue_Outturn__RO5__data_2014-15_by_LA_-_02-Feb-2016.xlsx,RO5 LA Data 2014-15 (3),"row 104, column 15",Net Current Expenditure (C7 = C3 - C6)
2014/15,E1536,,E07000071,EE,Library service,0,0.0,Revenue_Outturn__RO5__data_2014-15_by_LA_-_02-Feb-2016.xlsx,RO5 LA Data 2014-15 (3),"row 104, column 29",Net Current Expenditure (C7 = C3 - C6)
2014/15,E1537,,E07000072,EE,Archives,0,0.0,Revenue_Outturn__RO5__data_2014-15_by_LA_-_02-Feb-2016.xlsx,RO5 LA Data 2014-15 (3),"row 105, column 7",Net Current Expenditure (C7 = C3 - C6)
2014/15,E1537,,E07000072,EE,Arts development and support,319,319000.0,Revenue_Outturn__RO5__data_2014-15_by_LA_-_02-Feb-2016.xlsx,RO5 LA Data 2014-15 (3),"row 105, column 9",Net Current Expenditure (C7 = C3 - C6)
2014/15,E1537,,E07000072,EE,Heritage,0,0.0,Revenue_Outturn__RO5__data_2014-15_by_LA_-_02-Feb-2016.xlsx,RO5 LA Data 2014-15 (3),"row 105, column 11",Net Current Expenditure (C7 = C3 - C6)
2014/15,E1537,,E07000072,EE,Museums and galleries,428,428000.0,Revenue_Outturn__RO5__data_2014-15_by_LA_-_02-Feb-2016.xlsx,RO5 LA Data 2014-15 (3),"row 105, column 13",Net Current Expenditure (C7 = C3 - C6)
2014/15,E1537,,E07000072,EE,Theatres and public entertainment,0,0.0,Revenue_Outturn__RO5__data_2014-15_by_LA_-_02-Feb-2016.xlsx,RO5 LA Data 2014-15 (3),"row 105, column 15",Net Current Expenditure (C7 = C3 - C6)
2014/15,E1537,,E07000072,EE,Library service,0,0.0,Revenue_Outturn__RO5__data_2014-15_by_LA_-_02-Feb-2016.xlsx,RO5 LA Data 2014-15 (3),"row 105, column 29",Net Current Expenditure (C7 = C3 - C6)
2014/15,E1538,,E07000073,EE,Archives,0,0.0,Revenue_Outturn__RO5__data_2014-15_by_LA_-_02-Feb-2016.xlsx,RO5 LA Data 2014-15 (3),"row 106, column 7",Net Current Expenditure (C7 = C3 - C6)
2014/15,E1538,,E07000073,EE,Arts development and support,3,3000.0,Revenue_Outturn__RO5__data_2014-15_by_LA_-_02-Feb-2016.xlsx,RO5 LA Data 2014-15 (3),"row 106, column 9",Net Current Expenditure (C7 = C3 - C6)
2014/15,E1538,,E07000073,EE,Heritage,0,0.0,Revenue_Outturn__RO5__data_2014-15_by_LA_-_02-Feb-2016.xlsx,RO5 LA Data 2014-15 (3),"row 106, column 11",Net Current Expenditure (C7 = C3 - C6)
2014/15,E1538,,E07000073,EE,Museums and galleries,61,61000.0,Revenue_Outturn__RO5__data_2014-15_by_LA_-_02-Feb-2016.xlsx,RO5 LA Data 2014-15 (3),"row 106, column 13",Net Current Expenditure (C7 = C3 - C6)
2014/15,E1538,,E07000073,EE,Theatres and public entertainment,509,509000.0,Revenue_Outturn__RO5__data_2014-15_by_LA_-_02-Feb-2016.xlsx,RO5 LA Data 2014-15 (3),"row 106, column 15",Net Current Expenditure (C7 = C3 - C6)
2014/15,E1538,,E07000073,EE,Library service,0,0.0,Revenue_Outturn__RO5__data_2014-15_by_LA_-_02-Feb-2016.xlsx,RO5 LA Data 2014-15 (3),"row 106, column 29",Net Current Expenditure (C7 = C3 - C6)
2014/15,E1539,,E07000074,EE,Archives,0,0.0,Revenue_Outturn__RO5__data_2014-15_by_LA_-_02-Feb-2016.xlsx,RO5 LA Data 2014-15 (3),"row 107, column 7",Net Current Expenditure (C7 = C3 - C6)
2014/15,E1539,,E07000074,EE,Arts development and support,88,88000.0,Revenue_Outturn__RO5__data_2014-15_by_LA_-_02-Feb-2016.xlsx,RO5 LA Data 2014-15 (3),"row 107, column 9",Net Current Expenditure (C7 = C3 - C6)
2014/15,E1539,,E07000074,EE,Heritage,0,0.0,Revenue_Outturn__RO5__data_2014-15_by_LA_-_02-Feb-2016.xlsx,RO5 LA Data 2014-15 (3),"row 107, column 11",Net Current Expenditure (C7 = C3 - C6)
2014/15,E1539,,E07000074,EE,Museums and galleries,5,5000.0,Revenue_Outturn__RO5__data_2014-15_by_LA_-_02-Feb-2016.xlsx,RO5 LA Data 2014-15 (3),"row 107, column 13",Net Current Expenditure (C7 = C3 - C6)
2014/15,E1539,,E07000074,EE,Theatres and public entertainment,0,0.0,Revenue_Outturn__RO5__data_2014-15_by_LA_-_02-Feb-2016.xlsx,RO5 LA Data 2014-15 (3),"row 107, column 15",Net Current Expenditure (C7 = C3 - C6)
2014/15,E1539,,E07000074,EE,Library service,0,0.0,Revenue_Outturn__RO5__data_2014-15_by_LA_-_02-Feb-2016.xlsx,RO5 LA Data 2014-15 (3),"row 107, column 29",Net Current Expenditure (C7 = C3 - C6)
2014/15,E1540,,E07000075,EE,Archives,0,0.0,Revenue_Outturn__RO5__data_2014-15_by_LA_-_02-Feb-2016.xlsx,RO5 LA Data 2014-15 (3),"row 108, column 7",Net Current Expenditure (C7 = C3 - C6)
2014/15,E1540,,E07000075,EE,Arts development and support,138,138000.0,Revenue_Outturn__RO5__data_2014-15_by_LA_-_02-Feb-2016.xlsx,RO5 LA Data 2014-15 (3),"row 108, column 9",Net Current Expenditure (C7 = C3 - C6)
2014/15,E1540,,E07000075,EE,Heritage,0,0.0,Revenue_Outturn__RO5__data_2014-15_by_LA_-_02-Feb-2016.xlsx,RO5 LA Data 2014-15 (3),"row 108, column 11",Net Current Expenditure (C7 = C3 - C6)
2014/15,E1540,,E07000075,EE,Museums and galleries,0,0.0,Revenue_Outturn__RO5__data_2014-15_by_LA_-_02-Feb-2016.xlsx,RO5 LA Data 2014-15 (3),"row 108, column 13",Net Current Expenditure (C7 = C3 - C6)
2014/15,E1540,,E07000075,EE,Theatres and public entertainment,0,0.0,Revenue_Outturn__RO5__data_2014-15_by_LA_-_02-Feb-2016.xlsx,RO5 LA Data 2014-15 (3),"row 108, column 15",Net Current Expenditure (C7 = C3 - C6)
2014/15,E1540,,E07000075,EE,Library service,0,0.0,Revenue_Outturn__RO5__data_2014-15_by_LA_-_02-Feb-2016.xlsx,RO5 LA Data 2014-15 (3),"row 108, column 29",Net Current Expenditure (C7 = C3 - C6)
2014/15,E1542,,E07000076,EE,Archives,0,0.0,Revenue_Outturn__RO5__data_2014-15_by_LA_-_02-Feb-2016.xlsx,RO5 LA Data 2014-15 (3),"row 109, column 7",Net Current Expenditure (C7 = C3 - C6)
2014/15,E1542,,E07000076,EE,Arts development and support,0,0.0,Revenue_Outturn__RO5__data_2014-15_by_LA_-_02-Feb-2016.xlsx,RO5 LA Data 2014-15 (3),"row 109, column 9",Net Current Expenditure (C7 = C3 - C6)
2014/15,E1542,,E07000076,EE,Heritage,0,0.0,Revenue_Outturn__RO5__data_2014-15_by_LA_-_02-Feb-2016.xlsx,RO5 LA Data 2014-15 (3),"row 109, column 11",Net Current Expenditure (C7 = C3 - C6)
2014/15,E1542,,E07000076,EE,Museums and galleries,0,0.0,Revenue_Outturn__RO5__data_2014-15_by_LA_-_02-Feb-2016.xlsx,RO5 LA Data 2014-15 (3),"row 109, column 13",Net Current Expenditure (C7 = C3 - C6)
2014/15,E1542,,E07000076,EE,Theatres and public entertainment,118,118000.0,Revenue_Outturn__RO5__data_2014-15_by_LA_-_02-Feb-2016.xlsx,RO5 LA Data 2014-15 (3),"row 109, column 15",Net Current Expenditure (C7 = C3 - C6)
2014/15,E1542,,E07000076,EE,Library service,0,0.0,Revenue_Outturn__RO5__data_2014-15_by_LA_-_02-Feb-2016.xlsx,RO5 LA Data 2014-15 (3),"row 109, column 29",Net Current Expenditure (C7 = C3 - C6)
2014/15,E1544,,E07000077,EE,Archives,0,0.0,Revenue_Outturn__RO5__data_2014-15_by_LA_-_02-Feb-2016.xlsx,RO5 LA Data 2014-15 (3),"row 110, column 7",Net Current Expenditure (C7 = C3 - C6)
2014/15,E1544,,E07000077,EE,Arts development and support,3,3000.0,Revenue_Outturn__RO5__data_2014-15_by_LA_-_02-Feb-2016.xlsx,RO5 LA Data 2014-15 (3),"row 110, column 9",Net Current Expenditure (C7 = C3 - C6)
2014/15,E1544,,E07000077,EE,Heritage,0,0.0,Revenue_Outturn__RO5__data_2014-15_by_LA_-_02-Feb-2016.xlsx,RO5 LA Data 2014-15 (3),"row 110, column 11",Net Current Expenditure (C7 = C3 - C6)
2014/15,E1544,,E07000077,EE,Museums and galleries,256,256000.0,Revenue_Outturn__RO5__data_2014-15_by_LA_-_02-Feb-2016.xlsx,RO5 LA Data 2014-15 (3),"row 110, column 13",Net Current Expenditure (C7 = C3 - C6)
2014/15,E1544,,E07000077,EE,Theatres and public entertainment,0,0.0,Revenue_Outturn__RO5__data_2014-15_by_LA_-_02-Feb-2016.xlsx,RO5 LA Data 2014-15 (3),"row 110, column 15",Net Current Expenditure (C7 = C3 - C6)
2014/15,E1544,,E07000077,EE,Library service,0,0.0,Revenue_Outturn__RO5__data_2014-15_by_LA_-_02-Feb-2016.xlsx,RO5 LA Data 2014-15 (3),"row 110, column 29",Net Current Expenditure (C7 = C3 - C6)
2014/15,E1620,,E10000013,SW,Archives,1248,1248000.0,Revenue_Outturn__RO5__data_2014-15_by_LA_-_02-Feb-2016.xlsx,RO5 LA Data 2014-15 (3),"row 111, column 7",Net Current Expenditure (C7 = C3 - C6)
2014/15,E1620,,E10000013,SW,Arts development and support,0,0.0,Revenue_Outturn__RO5__data_2014-15_by_LA_-_02-Feb-2016.xlsx,RO5 LA Data 2014-15 (3),"row 111, column 9",Net Current Expenditure (C7 = C3 - C6)
2014/15,E1620,,E10000013,SW,Heritage,0,0.0,Revenue_Outturn__RO5__data_2014-15_by_LA_-_02-Feb-2016.xlsx,RO5 LA Data 2014-15 (3),"row 111, column 11",Net Current Expenditure (C7 = C3 - C6)
2014/15,E1620,,E10000013,SW,Museums and galleries,0,0.0,Revenue_Outturn__RO5__data_2014-15_by_LA_-_02-Feb-2016.xlsx,RO5 LA Data 2014-15 (3),"row 111, column 13",Net Current Expenditure (C7 = C3 - C6)
2014/15,E1620,,E10000013,SW,Theatres and public entertainment,0,0.0,Revenue_Outturn__RO5__data_2014-15_by_LA_-_02-Feb-2016.xlsx,RO5 LA Data 2014-15 (3),"row 111, column 15",Net Current Expenditure (C7 = C3 - C6)
2014/15,E1620,,E10000013,SW,Library service,5202,5202000.0,Revenue_Outturn__RO5__data_2014-15_by_LA_-_02-Feb-2016.xlsx,RO5 LA Data 2014-15 (3),"row 111, column 29",Net Current Expenditure (C7 = C3 - C6)
2014/15,E1631,,E07000078,SW,Archives,0,0.0,Revenue_Outturn__RO5__data_2014-15_by_LA_-_02-Feb-2016.xlsx,RO5 LA Data 2014-15 (3),"row 112, column 7",Net Current Expenditure (C7 = C3 - C6)
2014/15,E1631,,E07000078,SW,Arts development and support,229,229000.0,Revenue_Outturn__RO5__data_2014-15_by_LA_-_02-Feb-2016.xlsx,RO5 LA Data 2014-15 (3),"row 112, column 9",Net Current Expenditure (C7 = C3 - C6)
2014/15,E1631,,E07000078,SW,Heritage,54,54000.0,Revenue_Outturn__RO5__data_2014-15_by_LA_-_02-Feb-2016.xlsx,RO5 LA Data 2014-15 (3),"row 112, column 11",Net Current Expenditure (C7 = C3 - C6)
2014/15,E1631,,E07000078,SW,Museums and galleries,699,699000.0,Revenue_Outturn__RO5__data_2014-15_by_LA_-_02-Feb-2016.xlsx,RO5 LA Data 2014-15 (3),"row 112, column 13",Net Current Expenditure (C7 = C3 - C6)
2014/15,E1631,,E07000078,SW,Theatres and public entertainment,188,188000.0,Revenue_Outturn__RO5__data_2014-15_by_LA_-_02-Feb-2016.xlsx,RO5 LA Data 2014-15 (3),"row 112, column 15",Net Current Expenditure (C7 = C3 - C6)
2014/15,E1631,,E07000078,SW,Library service,0,0.0,Revenue_Outturn__RO5__data_2014-15_by_LA_-_02-Feb-2016.xlsx,RO5 LA Data 2014-15 (3),"row 112, column 29",Net Current Expenditure (C7 = C3 - C6)
2014/15,E1632,,E07000079,SW,Archives,0,0.0,Revenue_Outturn__RO5__data_2014-15_by_LA_-_02-Feb-2016.xlsx,RO5 LA Data 2014-15 (3),"row 113, column 7",Net Current Expenditure (C7 = C3 - C6)
2014/15,E1632,,E07000079,SW,Arts development and support,2,2000.0,Revenue_Outturn__RO5__data_2014-15_by_LA_-_02-Feb-2016.xlsx,RO5 LA Data 2014-15 (3),"row 113, column 9",Net Current Expenditure (C7 = C3 - C6)
2014/15,E1632,,E07000079,SW,Heritage,0,0.0,Revenue_Outturn__RO5__data_2014-15_by_LA_-_02-Feb-2016.xlsx,RO5 LA Data 2014-15 (3),"row 113, column 11",Net Current Expenditure (C7 = C3 - C6)
2014/15,E1632,,E07000079,SW,Museums and galleries,12,12000.0,Revenue_Outturn__RO5__data_2014-15_by_LA_-_02-Feb-2016.xlsx,RO5 LA Data 2014-15 (3),"row 113, column 13",Net Current Expenditure (C7 = C3 - C6)
2014/15,E1632,,E07000079,SW,Theatres and public entertainment,0,0.0,Revenue_Outturn__RO5__data_2014-15_by_LA_-_02-Feb-2016.xlsx,RO5 LA Data 2014-15 (3),"row 113, column 15",Net Current Expenditure (C7 = C3 - C6)
2014/15,E1632,,E07000079,SW,Library service,0,0.0,Revenue_Outturn__RO5__data_2014-15_by_LA_-_02-Feb-2016.xlsx,RO5 LA Data 2014-15 (3),"row 113, column 29",Net Current Expenditure (C7 = C3 - C6)
2014/15,E1633,,E07000080,SW,Archives,0,0.0,Revenue_Outturn__RO5__data_2014-15_by_LA_-_02-Feb-2016.xlsx,RO5 LA Data 2014-15 (3),"row 114, column 7",Net Current Expenditure (C7 = C3 - C6)
2014/15,E1633,,E07000080,SW,Arts development and support,0,0.0,Revenue_Outturn__RO5__data_2014-15_by_LA_-_02-Feb-2016.xlsx,RO5 LA Data 2014-15 (3),"row 114, column 9",Net Current Expenditure (C7 = C3 - C6)
2014/15,E1633,,E07000080,SW,Heritage,0,0.0,Revenue_Outturn__RO5__data_2014-15_by_LA_-_02-Feb-2016.xlsx,RO5 LA Data 2014-15 (3),"row 114, column 11",Net Current Expenditure (C7 = C3 - C6)
2014/15,E1633,,E07000080,SW,Museums and galleries,0,0.0,Revenue_Outturn__RO5__data_2014-15_by_LA_-_02-Feb-2016.xlsx,RO5 LA Data 2014-15 (3),"row 114, column 13",Net Current Expenditure (C7 = C3 - C6)
2014/15,E1633,,E07000080,SW,Theatres and public entertainment,0,0.0,Revenue_Outturn__RO5__data_2014-15_by_LA_-_02-Feb-2016.xlsx,RO5 LA Data 2014-15 (3),"row 114, column 15",Net Current Expenditure (C7 = C3 - C6)
2014/15,E1633,,E07000080,SW,Library service,0,0.0,Revenue_Outturn__RO5__data_2014-15_by_LA_-_02-Feb-2016.xlsx,RO5 LA Data 2014-15 (3),"row 114, column 29",Net Current Expenditure (C7 = C3 - C6)
2014/15,E1634,,E07000081,SW,Archives,0,0.0,Revenue_Outturn__RO5__data_2014-15_by_LA_-_02-Feb-2016.xlsx,RO5 LA Data 2014-15 (3),"row 115, column 7",Net Current Expenditure (C7 = C3 - C6)
2014/15,E1634,,E07000081,SW,Arts development and support,991,991000.0,Revenue_Outturn__RO5__data_2014-15_by_LA_-_02-Feb-2016.xlsx,RO5 LA Data 2014-15 (3),"row 115, column 9",Net Current Expenditure (C7 = C3 - C6)
2014/15,E1634,,E07000081,SW,Heritage,-22,-22000.0,Revenue_Outturn__RO5__data_2014-15_by_LA_-_02-Feb-2016.xlsx,RO5 LA Data 2014-15 (3),"row 115, column 11",Net Current Expenditure (C7 = C3 - C6)
2014/15,E1634,,E07000081,SW,Museums and galleries,707,707000.0,Revenue_Outturn__RO5__data_2014-15_by_LA_-_02-Feb-2016.xlsx,RO5 LA Data 2014-15 (3),"row 115, column 13",Net Current Expenditure (C7 = C3 - C6)
2014/15,E1634,,E07000081,SW,Theatres and public entertainment,63,63000.0,Revenue_Outturn__RO5__data_2014-15_by_LA_-_02-Feb-2016.xlsx,RO5 LA Data 2014-15 (3),"row 115, column 15",Net Current Expenditure (C7 = C3 - C6)
2014/15,E1634,,E07000081,SW,Library service,0,0.0,Revenue_Outturn__RO5__data_2014-15_by_LA_-_02-Feb-2016.xlsx,RO5 LA Data 2014-15 (3),"row 115, column 29",Net Current Expenditure (C7 = C3 - C6)
2014/15,E1635,,E07000082,SW,Archives,0,0.0,Revenue_Outturn__RO5__data_2014-15_by_LA_-_02-Feb-2016.xlsx,RO5 LA Data 2014-15 (3),"row 116, column 7",Net Current Expenditure (C7 = C3 - C6)
2014/15,E1635,,E07000082,SW,Arts development and support,4,4000.0,Revenue_Outturn__RO5__data_2014-15_by_LA_-_02-Feb-2016.xlsx,RO5 LA Data 2014-15 (3),"row 116, column 9",Net Current Expenditure (C7 = C3 - C6)
2014/15,E1635,,E07000082,SW,Heritage,0,0.0,Revenue_Outturn__RO5__data_2014-15_by_LA_-_02-Feb-2016.xlsx,RO5 LA Data 2014-15 (3),"row 116, column 11",Net Current Expenditure (C7 = C3 - C6)
2014/15,E1635,,E07000082,SW,Museums and galleries,433,433000.0,Revenue_Outturn__RO5__data_2014-15_by_LA_-_02-Feb-2016.xlsx,RO5 LA Data 2014-15 (3),"row 116, column 13",Net Current Expenditure (C7 = C3 - C6)
2014/15,E1635,,E07000082,SW,Theatres and public entertainment,276,276000.0,Revenue_Outturn__RO5__data_2014-15_by_LA_-_02-Feb-2016.xlsx,RO5 LA Data 2014-15 (3),"row 116, column 15",Net Current Expenditure (C7 = C3 - C6)
2014/15,E1635,,E07000082,SW,Library service,0,0.0,Revenue_Outturn__RO5__data_2014-15_by_LA_-_02-Feb-2016.xlsx,RO5 LA Data 2014-15 (3),"row 116, column 29",Net Current Expenditure (C7 = C3 - C6)
2014/15,E1636,,E07000083,SW,Archives,0,0.0,Revenue_Outturn__RO5__data_2014-15_by_LA_-_02-Feb-2016.xlsx,RO5 LA Data 2014-15 (3),"row 117, column 7",Net Current Expenditure (C7 = C3 - C6)
2014/15,E1636,,E07000083,SW,Arts development and support,3,3000.0,Revenue_Outturn__RO5__data_2014-15_by_LA_-_02-Feb-2016.xlsx,RO5 LA Data 2014-15 (3),"row 117, column 9",Net Current Expenditure (C7 = C3 - C6)
2014/15,E1636,,E07000083,SW,Heritage,11,11000.0,Revenue_Outturn__RO5__data_2014-15_by_LA_-_02-Feb-2016.xlsx,RO5 LA Data 2014-15 (3),"row 117, column 11",Net Current Expenditure (C7 = C3 - C6)
2014/15,E1636,,E07000083,SW,Museums and galleries,1,1000.0,Revenue_Outturn__RO5__data_2014-15_by_LA_-_02-Feb-2016.xlsx,RO5 LA Data 2014-15 (3),"row 117, column 13",Net Current Expenditure (C7 = C3 - C6)
2014/15,E1636,,E07000083,SW,Theatres and public entertainment,30,30000.0,Revenue_Outturn__RO5__data_2014-15_by_LA_-_02-Feb-2016.xlsx,RO5 LA Data 2014-15 (3),"row 117, column 15",Net Current Expenditure (C7 = C3 - C6)
2014/15,E1636,,E07000083,SW,Library service,0,0.0,Revenue_Outturn__RO5__data_2014-15_by_LA_-_02-Feb-2016.xlsx,RO5 LA Data 2014-15 (3),"row 117, column 29",Net Current Expenditure (C7 = C3 - C6)
2014/15,E1701,,E06000044,SE,Archives,307,307000.0,Revenue_Outturn__RO5__data_2014-15_by_LA_-_02-Feb-2016.xlsx,RO5 LA Data 2014-15 (3),"row 118, column 7",Net Current Expenditure (C7 = C3 - C6)
2014/15,E1701,,E06000044,SE,Arts development and support,1614,1614000.0,Revenue_Outturn__RO5__data_2014-15_by_LA_-_02-Feb-2016.xlsx,RO5 LA Data 2014-15 (3),"row 118, column 9",Net Current Expenditure (C7 = C3 - C6)
2014/15,E1701,,E06000044,SE,Heritage,284,284000.0,Revenue_Outturn__RO5__data_2014-15_by_LA_-_02-Feb-2016.xlsx,RO5 LA Data 2014-15 (3),"row 118, column 11",Net Current Expenditure (C7 = C3 - C6)
2014/15,E1701,,E06000044,SE,Museums and galleries,1037,1037000.0,Revenue_Outturn__RO5__data_2014-15_by_LA_-_02-Feb-2016.xlsx,RO5 LA Data 2014-15 (3),"row 118, column 13",Net Current Expenditure (C7 = C3 - C6)
2014/15,E1701,,E06000044,SE,Theatres and public entertainment,231,231000.0,Revenue_Outturn__RO5__data_2014-15_by_LA_-_02-Feb-2016.xlsx,RO5 LA Data 2014-15 (3),"row 118, column 15",Net Current Expenditure (C7 = C3 - C6)
2014/15,E1701,,E06000044,SE,Library service,2544,2544000.0,Revenue_Outturn__RO5__data_2014-15_by_LA_-_02-Feb-2016.xlsx,RO5 LA Data 2014-15 (3),"row 118, column 29",Net Current Expenditure (C7 = C3 - C6)
2014/15,E1702,,E06000045,SE,Archives,118,118000.0,Revenue_Outturn__RO5__data_2014-15_by_LA_-_02-Feb-2016.xlsx,RO5 LA Data 2014-15 (3),"row 119, column 7",Net Current Expenditure (C7 = C3 - C6)
2014/15,E1702,,E06000045,SE,Arts development and support,1070,1070000.0,Revenue_Outturn__RO5__data_2014-15_by_LA_-_02-Feb-2016.xlsx,RO5 LA Data 2014-15 (3),"row 119, column 9",Net Current Expenditure (C7 = C3 - C6)
2014/15,E1702,,E06000045,SE,Heritage,291,291000.0,Revenue_Outturn__RO5__data_2014-15_by_LA_-_02-Feb-2016.xlsx,RO5 LA Data 2014-15 (3),"row 119, column 11",Net Current Expenditure (C7 = C3 - C6)
2014/15,E1702,,E06000045,SE,Museums and galleries,1775,1775000.0,Revenue_Outturn__RO5__data_2014-15_by_LA_-_02-Feb-2016.xlsx,RO5 LA Data 2014-15 (3),"row 119, column 13",Net Current Expenditure (C7 = C3 - C6)
2014/15,E1702,,E06000045,SE,Theatres and public entertainment,687,687000.0,Revenue_Outturn__RO5__data_2014-15_by_LA_-_02-Feb-2016.xlsx,RO5 LA Data 2014-15 (3),"row 119, column 15",Net Current Expenditure (C7 = C3 - C6)
2014/15,E1702,,E06000045,SE,Library service,4358,4358000.0,Revenue_Outturn__RO5__data_2014-15_by_LA_-_02-Feb-2016.xlsx,RO5 LA Data 2014-15 (3),"row 119, column 29",Net Current Expenditure (C7 = C3 - C6)
2014/15,E1721,,E10000014,SE,Archives,1365,1365000.0,Revenue_Outturn__RO5__data_2014-15_by_LA_-_02-Feb-2016.xlsx,RO5 LA Data 2014-15 (3),"row 120, column 7",Net Current Expenditure (C7 = C3 - C6)
2014/15,E1721,,E10000014,SE,Arts development and support,428,428000.0,Revenue_Outturn__RO5__data_2014-15_by_LA_-_02-Feb-2016.xlsx,RO5 LA Data 2014-15 (3),"row 120, column 9",Net Current Expenditure (C7 = C3 - C6)
2014/15,E1721,,E10000014,SE,Heritage,4,4000.0,Revenue_Outturn__RO5__data_2014-15_by_LA_-_02-Feb-2016.xlsx,RO5 LA Data 2014-15 (3),"row 120, column 11",Net Current Expenditure (C7 = C3 - C6)
2014/15,E1721,,E10000014,SE,Museums and galleries,3022,3022000.0,Revenue_Outturn__RO5__data_2014-15_by_LA_-_02-Feb-2016.xlsx,RO5 LA Data 2014-15 (3),"row 120, column 13",Net Current Expenditure (C7 = C3 - C6)
2014/15,E1721,,E10000014,SE,Theatres and public entertainment,146,146000.0,Revenue_Outturn__RO5__data_2014-15_by_LA_-_02-Feb-2016.xlsx,RO5 LA Data 2014-15 (3),"row 120, column 15",Net Current Expenditure (C7 = C3 - C6)
2014/15,E1721,,E10000014,SE,Library service,15579,15579000.0,Revenue_Outturn__RO5__data_2014-15_by_LA_-_02-Feb-2016.xlsx,RO5 LA Data 2014-15 (3),"row 120, column 29",Net Current Expenditure (C7 = C3 - C6)
2014/15,E1731,,E07000084,SE,Archives,0,0.0,Revenue_Outturn__RO5__data_2014-15_by_LA_-_02-Feb-2016.xlsx,RO5 LA Data 2014-15 (3),"row 121, column 7",Net Current Expenditure (C7 = C3 - C6)
2014/15,E1731,,E07000084,SE,Arts development and support,83,83000.0,Revenue_Outturn__RO5__data_2014-15_by_LA_-_02-Feb-2016.xlsx,RO5 LA Data 2014-15 (3),"row 121, column 9",Net Current Expenditure (C7 = C3 - C6)
2014/15,E1731,,E07000084,SE,Heritage,0,0.0,Revenue_Outturn__RO5__data_2014-15_by_LA_-_02-Feb-2016.xlsx,RO5 LA Data 2014-15 (3),"row 121, column 11",Net Current Expenditure (C7 = C3 - C6)
2014/15,E1731,,E07000084,SE,Museums and galleries,281,281000.0,Revenue_Outturn__RO5__data_2014-15_by_LA_-_02-Feb-2016.xlsx,RO5 LA Data 2014-15 (3),"row 121, column 13",Net Current Expenditure (C7 = C3 - C6)
2014/15,E1731,,E07000084,SE,Theatres and public entertainment,1728,1728000.0,Revenue_Outturn__RO5__data_2014-15_by_LA_-_02-Feb-2016.xlsx,RO5 LA Data 2014-15 (3),"row 121, column 15",Net Current Expenditure (C7 = C3 - C6)
2014/15,E1731,,E07000084,SE,Library service,0,0.0,Revenue_Outturn__RO5__data_2014-15_by_LA_-_02-Feb-2016.xlsx,RO5 LA Data 2014-15 (3),"row 121, column 29",Net Current Expenditure (C7 = C3 - C6)
2014/15,E1732,,E07000085,SE,Archives,0,0.0,Revenue_Outturn__RO5__data_2014-15_by_LA_-_02-Feb-2016.xlsx,RO5 LA Data 2014-15 (3),"row 122, column 7",Net Current Expenditure (C7 = C3 - C6)
2014/15,E1732,,E07000085,SE,Arts development and support,0,0.0,Revenue_Outturn__RO5__data_2014-15_by_LA_-_02-Feb-2016.xlsx,RO5 LA Data 2014-15 (3),"row 122, column 9",Net Current Expenditure (C7 = C3 - C6)
2014/15,E1732,,E07000085,SE,Heritage,76,76000.0,Revenue_Outturn__RO5__data_2014-15_by_LA_-_02-Feb-2016.xlsx,RO5 LA Data 2014-15 (3),"row 122, column 11",Net Current Expenditure (C7 = C3 - C6)
2014/15,E1732,,E07000085,SE,Museums and galleries,0,0.0,Revenue_Outturn__RO5__data_2014-15_by_LA_-_02-Feb-2016.xlsx,RO5 LA Data 2014-15 (3),"row 122, column 13",Net Current Expenditure (C7 = C3 - C6)
2014/15,E1732,,E07000085,SE,Theatres and public entertainment,67,67000.0,Revenue_Outturn__RO5__data_2014-15_by_LA_-_02-Feb-2016.xlsx,RO5 LA Data 2014-15 (3),"row 122, column 15",Net Current Expenditure (C7 = C3 - C6)
2014/15,E1732,,E07000085,SE,Library service,0,0.0,Revenue_Outturn__RO5__data_2014-15_by_LA_-_02-Feb-2016.xlsx,RO5 LA Data 2014-15 (3),"row 122, column 29",Net Current Expenditure (C7 = C3 - C6)
2014/15,E1733,,E07000086,SE,Archives,0,0.0,Revenue_Outturn__RO5__data_2014-15_by_LA_-_02-Feb-2016.xlsx,RO5 LA Data 2014-15 (3),"row 123, column 7",Net Current Expenditure (C7 = C3 - C6)
2014/15,E1733,,E07000086,SE,Arts development and support,553,553000.0,Revenue_Outturn__RO5__data_2014-15_by_LA_-_02-Feb-2016.xlsx,RO5 LA Data 2014-15 (3),"row 123, column 9",Net Current Expenditure (C7 = C3 - C6)
2014/15,E1733,,E07000086,SE,Heritage,0,0.0,Revenue_Outturn__RO5__data_2014-15_by_LA_-_02-Feb-2016.xlsx,RO5 LA Data 2014-15 (3),"row 123, column 11",Net Current Expenditure (C7 = C3 - C6)
2014/15,E1733,,E07000086,SE,Museums and galleries,0,0.0,Revenue_Outturn__RO5__data_2014-15_by_LA_-_02-Feb-2016.xlsx,RO5 LA Data 2014-15 (3),"row 123, column 13",Net Current Expenditure (C7 = C3 - C6)
2014/15,E1733,,E07000086,SE,Theatres and public entertainment,0,0.0,Revenue_Outturn__RO5__data_2014-15_by_LA_-_02-Feb-2016.xlsx,RO5 LA Data 2014-15 (3),"row 123, column 15",Net Current Expenditure (C7 = C3 - C6)
2014/15,E1733,,E07000086,SE,Library service,0,0.0,Revenue_Outturn__RO5__data_2014-15_by_LA_-_02-Feb-2016.xlsx,RO5 LA Data 2014-15 (3),"row 123, column 29",Net Current Expenditure (C7 = C3 - C6)
2014/15,E1734,,E07000087,SE,Archives,0,0.0,Revenue_Outturn__RO5__data_2014-15_by_LA_-_02-Feb-2016.xlsx,RO5 LA Data 2014-15 (3),"row 124, column 7",Net Current Expenditure (C7 = C3 - C6)
2014/15,E1734,,E07000087,SE,Arts development and support,0,0.0,Revenue_Outturn__RO5__data_2014-15_by_LA_-_02-Feb-2016.xlsx,RO5 LA Data 2014-15 (3),"row 124, column 9",Net Current Expenditure (C7 = C3 - C6)
2014/15,E1734,,E07000087,SE,Heritage,26,26000.0,Revenue_Outturn__RO5__data_2014-15_by_LA_-_02-Feb-2016.xlsx,RO5 LA Data 2014-15 (3),"row 124, column 11",Net Current Expenditure (C7 = C3 - C6)
2014/15,E1734,,E07000087,SE,Museums and galleries,70,70000.0,Revenue_Outturn__RO5__data_2014-15_by_LA_-_02-Feb-2016.xlsx,RO5 LA Data 2014-15 (3),"row 124, column 13",Net Current Expenditure (C7 = C3 - C6)
2014/15,E1734,,E07000087,SE,Theatres and public entertainment,279,279000.0,Revenue_Outturn__RO5__data_2014-15_by_LA_-_02-Feb-2016.xlsx,RO5 LA Data 2014-15 (3),"row 124, column 15",Net Current Expenditure (C7 = C3 - C6)
2014/15,E1734,,E07000087,SE,Library service,0,0.0,Revenue_Outturn__RO5__data_2014-15_by_LA_-_02-Feb-2016.xlsx,RO5 LA Data 2014-15 (3),"row 124, column 29",Net Current Expenditure (C7 = C3 - C6)
2014/15,E1735,,E07000088,SE,Archives,0,0.0,Revenue_Outturn__RO5__data_2014-15_by_LA_-_02-Feb-2016.xlsx,RO5 LA Data 2014-15 (3),"row 125, column 7",Net Current Expenditure (C7 = C3 - C6)
2014/15,E1735,,E07000088,SE,Arts development and support,33,33000.0,Revenue_Outturn__RO5__data_2014-15_by_LA_-_02-Feb-2016.xlsx,RO5 LA Data 2014-15 (3),"row 125, column 9",Net Current Expenditure (C7 = C3 - C6)
2014/15,E1735,,E07000088,SE,Heritage,0,0.0,Revenue_Outturn__RO5__data_2014-15_by_LA_-_02-Feb-2016.xlsx,RO5 LA Data 2014-15 (3),"row 125, column 11",Net Current Expenditure (C7 = C3 - C6)
2014/15,E1735,,E07000088,SE,Museums and galleries,67,67000.0,Revenue_Outturn__RO5__data_2014-15_by_LA_-_02-Feb-2016.xlsx,RO5 LA Data 2014-15 (3),"row 125, column 13",Net Current Expenditure (C7 = C3 - C6)
2014/15,E1735,,E07000088,SE,Theatres and public entertainment,0,0.0,Revenue_Outturn__RO5__data_2014-15_by_LA_-_02-Feb-2016.xlsx,RO5 LA Data 2014-15 (3),"row 125, column 15",Net Current Expenditure (C7 = C3 - C6)
2014/15,E1735,,E07000088,SE,Library service,0,0.0,Revenue_Outturn__RO5__data_2014-15_by_LA_-_02-Feb-2016.xlsx,RO5 LA Data 2014-15 (3),"row 125, column 29",Net Current Expenditure (C7 = C3 - C6)
2014/15,E1736,,E07000089,SE,Archives,0,0.0,Revenue_Outturn__RO5__data_2014-15_by_LA_-_02-Feb-2016.xlsx,RO5 LA Data 2014-15 (3),"row 126, column 7",Net Current Expenditure (C7 = C3 - C6)
2014/15,E1736,,E07000089,SE,Arts development and support,0,0.0,Revenue_Outturn__RO5__data_2014-15_by_LA_-_02-Feb-2016.xlsx,RO5 LA Data 2014-15 (3),"row 126, column 9",Net Current Expenditure (C7 = C3 - C6)
2014/15,E1736,,E07000089,SE,Heritage,0,0.0,Revenue_Outturn__RO5__data_2014-15_by_LA_-_02-Feb-2016.xlsx,RO5 LA Data 2014-15 (3),"row 126, column 11",Net Current Expenditure (C7 = C3 - C6)
2014/15,E1736,,E07000089,SE,Museums and galleries,0,0.0,Revenue_Outturn__RO5__data_2014-15_by_LA_-_02-Feb-2016.xlsx,RO5 LA Data 2014-15 (3),"row 126, column 13",Net Current Expenditure (C7 = C3 - C6)
2014/15,E1736,,E07000089,SE,Theatres and public entertainment,0,0.0,Revenue_Outturn__RO5__data_2014-15_by_LA_-_02-Feb-2016.xlsx,RO5 LA Data 2014-15 (3),"row 126, column 15",Net Current Expenditure (C7 = C3 - C6)
2014/15,E1736,,E07000089,SE,Library service,0,0.0,Revenue_Outturn__RO5__data_2014-15_by_LA_-_02-Feb-2016.xlsx,RO5 LA Data 2014-15 (3),"row 126, column 29",Net Current Expenditure (C7 = C3 - C6)
2014/15,E1737,,E07000090,SE,Archives,0,0.0,Revenue_Outturn__RO5__data_2014-15_by_LA_-_02-Feb-2016.xlsx,RO5 LA Data 2014-15 (3),"row 127, column 7",Net Current Expenditure (C7 = C3 - C6)
2014/15,E1737,,E07000090,SE,Arts development and support,39,39000.0,Revenue_Outturn__RO5__data_2014-15_by_LA_-_02-Feb-2016.xlsx,RO5 LA Data 2014-15 (3),"row 127, column 9",Net Current Expenditure (C7 = C3 - C6)
2014/15,E1737,,E07000090,SE,Heritage,0,0.0,Revenue_Outturn__RO5__data_2014-15_by_LA_-_02-Feb-2016.xlsx,RO5 LA Data 2014-15 (3),"row 127, column 11",Net Current Expenditure (C7 = C3 - C6)
2014/15,E1737,,E07000090,SE,Museums and galleries,24,24000.0,Revenue_Outturn__RO5__data_2014-15_by_LA_-_02-Feb-2016.xlsx,RO5 LA Data 2014-15 (3),"row 127, column 13",Net Current Expenditure (C7 = C3 - C6)
2014/15,E1737,,E07000090,SE,Theatres and public entertainment,0,0.0,Revenue_Outturn__RO5__data_2014-15_by_LA_-_02-Feb-2016.xlsx,RO5 LA Data 2014-15 (3),"row 127, column 15",Net Current Expenditure (C7 = C3 - C6)
2014/15,E1737,,E07000090,SE,Library service,0,0.0,Revenue_Outturn__RO5__data_2014-15_by_LA_-_02-Feb-2016.xlsx,RO5 LA Data 2014-15 (3),"row 127, column 29",Net Current Expenditure (C7 = C3 - C6)
2014/15,E1738,,E07000091,SE,Archives,0,0.0,Revenue_Outturn__RO5__data_2014-15_by_LA_-_02-Feb-2016.xlsx,RO5 LA Data 2014-15 (3),"row 128, column 7",Net Current Expenditure (C7 = C3 - C6)
2014/15,E1738,,E07000091,SE,Arts development and support,155,155000.0,Revenue_Outturn__RO5__data_2014-15_by_LA_-_02-Feb-2016.xlsx,RO5 LA Data 2014-15 (3),"row 128, column 9",Net Current Expenditure (C7 = C3 - C6)
2014/15,E1738,,E07000091,SE,Heritage,0,0.0,Revenue_Outturn__RO5__data_2014-15_by_LA_-_02-Feb-2016.xlsx,RO5 LA Data 2014-15 (3),"row 128, column 11",Net Current Expenditure (C7 = C3 - C6)
2014/15,E1738,,E07000091,SE,Museums and galleries,0,0.0,Revenue_Outturn__RO5__data_2014-15_by_LA_-_02-Feb-2016.xlsx,RO5 LA Data 2014-15 (3),"row 128, column 13",Net Current Expenditure (C7 = C3 - C6)
2014/15,E1738,,E07000091,SE,Theatres and public entertainment,0,0.0,Revenue_Outturn__RO5__data_2014-15_by_LA_-_02-Feb-2016.xlsx,RO5 LA Data 2014-15 (3),"row 128, column 15",Net Current Expenditure (C7 = C3 - C6)
2014/15,E1738,,E07000091,SE,Library service,0,0.0,Revenue_Outturn__RO5__data_2014-15_by_LA_-_02-Feb-2016.xlsx,RO5 LA Data 2014-15 (3),"row 128, column 29",Net Current Expenditure (C7 = C3 - C6)
2014/15,E1740,,E07000092,SE,Archives,0,0.0,Revenue_Outturn__RO5__data_2014-15_by_LA_-_02-Feb-2016.xlsx,RO5 LA Data 2014-15 (3),"row 129, column 7",Net Current Expenditure (C7 = C3 - C6)
2014/15,E1740,,E07000092,SE,Arts development and support,18,18000.0,Revenue_Outturn__RO5__data_2014-15_by_LA_-_02-Feb-2016.xlsx,RO5 LA Data 2014-15 (3),"row 129, column 9",Net Current Expenditure (C7 = C3 - C6)
2014/15,E1740,,E07000092,SE,Heritage,0,0.0,Revenue_Outturn__RO5__data_2014-15_by_LA_-_02-Feb-2016.xlsx,RO5 LA Data 2014-15 (3),"row 129, column 11",Net Current Expenditure (C7 = C3 - C6)
2014/15,E1740,,E07000092,SE,Museums and galleries,44,44000.0,Revenue_Outturn__RO5__data_2014-15_by_LA_-_02-Feb-2016.xlsx,RO5 LA Data 2014-15 (3),"row 129, column 13",Net Current Expenditure (C7 = C3 - C6)
2014/15,E1740,,E07000092,SE,Theatres and public entertainment,355,355000.0,Revenue_Outturn__RO5__data_2014-15_by_LA_-_02-Feb-2016.xlsx,RO5 LA Data 2014-15 (3),"row 129, column 15",Net Current Expenditure (C7 = C3 - C6)
2014/15,E1740,,E07000092,SE,Library service,0,0.0,Revenue_Outturn__RO5__data_2014-15_by_LA_-_02-Feb-2016.xlsx,RO5 LA Data 2014-15 (3),"row 129, column 29",Net Current Expenditure (C7 = C3 - C6)
2014/15,E1742,,E07000093,SE,Archives,0,0.0,Revenue_Outturn__RO5__data_2014-15_by_LA_-_02-Feb-2016.xlsx,RO5 LA Data 2014-15 (3),"row 130, column 7",Net Current Expenditure (C7 = C3 - C6)
2014/15,E1742,,E07000093,SE,Arts development and support,23,23000.0,Revenue_Outturn__RO5__data_2014-15_by_LA_-_02-Feb-2016.xlsx,RO5 LA Data 2014-15 (3),"row 130, column 9",Net Current Expenditure (C7 = C3 - C6)
2014/15,E1742,,E07000093,SE,Heritage,51,51000.0,Revenue_Outturn__RO5__data_2014-15_by_LA_-_02-Feb-2016.xlsx,RO5 LA Data 2014-15 (3),"row 130, column 11",Net Current Expenditure (C7 = C3 - C6)
2014/15,E1742,,E07000093,SE,Museums and galleries,85,85000.0,Revenue_Outturn__RO5__data_2014-15_by_LA_-_02-Feb-2016.xlsx,RO5 LA Data 2014-15 (3),"row 130, column 13",Net Current Expenditure (C7 = C3 - C6)
2014/15,E1742,,E07000093,SE,Theatres and public entertainment,269,269000.0,Revenue_Outturn__RO5__data_2014-15_by_LA_-_02-Feb-2016.xlsx,RO5 LA Data 2014-15 (3),"row 130, column 15",Net Current Expenditure (C7 = C3 - C6)
2014/15,E1742,,E07000093,SE,Library service,0,0.0,Revenue_Outturn__RO5__data_2014-15_by_LA_-_02-Feb-2016.xlsx,RO5 LA Data 2014-15 (3),"row 130, column 29",Net Current Expenditure (C7 = C3 - C6)
2014/15,E1743,,E07000094,SE,Archives,8,8000.0,Revenue_Outturn__RO5__data_2014-15_by_LA_-_02-Feb-2016.xlsx,RO5 LA Data 2014-15 (3),"row 131, column 7",Net Current Expenditure (C7 = C3 - C6)
2014/15,E1743,,E07000094,SE,Arts development and support,195,195000.0,Revenue_Outturn__RO5__data_2014-15_by_LA_-_02-Feb-2016.xlsx,RO5 LA Data 2014-15 (3),"row 131, column 9",Net Current Expenditure (C7 = C3 - C6)
2014/15,E1743,,E07000094,SE,Heritage,16,16000.0,Revenue_Outturn__RO5__data_2014-15_by_LA_-_02-Feb-2016.xlsx,RO5 LA Data 2014-15 (3),"row 131, column 11",Net Current Expenditure (C7 = C3 - C6)
2014/15,E1743,,E07000094,SE,Museums and galleries,515,515000.0,Revenue_Outturn__RO5__data_2014-15_by_LA_-_02-Feb-2016.xlsx,RO5 LA Data 2014-15 (3),"row 131, column 13",Net Current Expenditure (C7 = C3 - C6)
2014/15,E1743,,E07000094,SE,Theatres and public entertainment,155,155000.0,Revenue_Outturn__RO5__data_2014-15_by_LA_-_02-Feb-2016.xlsx,RO5 LA Data 2014-15 (3),"row 131, column 15",Net Current Expenditure (C7 = C3 - C6)
2014/15,E1743,,E07000094,SE,Library service,0,0.0,Revenue_Outturn__RO5__data_2014-15_by_LA_-_02-Feb-2016.xlsx,RO5 LA Data 2014-15 (3),"row 131, column 29",Net Current Expenditure (C7 = C3 - C6)
2014/15,E1801,,E06000019,WM,Archives,606,606000.0,Revenue_Outturn__RO5__data_2014-15_by_LA_-_02-Feb-2016.xlsx,RO5 LA Data 2014-15 (3),"row 132, column 7",Net Current Expenditure (C7 = C3 - C6)
2014/15,E1801,,E06000019,WM,Arts development and support,211,211000.0,Revenue_Outturn__RO5__data_2014-15_by_LA_-_02-Feb-2016.xlsx,RO5 LA Data 2014-15 (3),"row 132, column 9",Net Current Expenditure (C7 = C3 - C6)
2014/15,E1801,,E06000019,WM,Heritage,69,69000.0,Revenue_Outturn__RO5__data_2014-15_by_LA_-_02-Feb-2016.xlsx,RO5 LA Data 2014-15 (3),"row 132, column 11",Net Current Expenditure (C7 = C3 - C6)
2014/15,E1801,,E06000019,WM,Museums and galleries,439,439000.0,Revenue_Outturn__RO5__data_2014-15_by_LA_-_02-Feb-2016.xlsx,RO5 LA Data 2014-15 (3),"row 132, column 13",Net Current Expenditure (C7 = C3 - C6)
2014/15,E1801,,E06000019,WM,Theatres and public entertainment,219,219000.0,Revenue_Outturn__RO5__data_2014-15_by_LA_-_02-Feb-2016.xlsx,RO5 LA Data 2014-15 (3),"row 132, column 15",Net Current Expenditure (C7 = C3 - C6)
2014/15,E1801,,E06000019,WM,Library service,1730,1730000.0,Revenue_Outturn__RO5__data_2014-15_by_LA_-_02-Feb-2016.xlsx,RO5 LA Data 2014-15 (3),"row 132, column 29",Net Current Expenditure (C7 = C3 - C6)
2014/15,E1821,,E10000034,WM,Archives,597,597000.0,Revenue_Outturn__RO5__data_2014-15_by_LA_-_02-Feb-2016.xlsx,RO5 LA Data 2014-15 (3),"row 133, column 7",Net Current Expenditure (C7 = C3 - C6)
2014/15,E1821,,E10000034,WM,Arts development and support,139,139000.0,Revenue_Outturn__RO5__data_2014-15_by_LA_-_02-Feb-2016.xlsx,RO5 LA Data 2014-15 (3),"row 133, column 9",Net Current Expenditure (C7 = C3 - C6)
2014/15,E1821,,E10000034,WM,Heritage,0,0.0,Revenue_Outturn__RO5__data_2014-15_by_LA_-_02-Feb-2016.xlsx,RO5 LA Data 2014-15 (3),"row 133, column 11",Net Current Expenditure (C7 = C3 - C6)
2014/15,E1821,,E10000034,WM,Museums and galleries,681,681000.0,Revenue_Outturn__RO5__data_2014-15_by_LA_-_02-Feb-2016.xlsx,RO5 LA Data 2014-15 (3),"row 133, column 13",Net Current Expenditure (C7 = C3 - C6)
2014/15,E1821,,E10000034,WM,Theatres and public entertainment,0,0.0,Revenue_Outturn__RO5__data_2014-15_by_LA_-_02-Feb-2016.xlsx,RO5 LA Data 2014-15 (3),"row 133, column 15",Net Current Expenditure (C7 = C3 - C6)
2014/15,E1821,,E10000034,WM,Library service,10514,10514000.0,Revenue_Outturn__RO5__data_2014-15_by_LA_-_02-Feb-2016.xlsx,RO5 LA Data 2014-15 (3),"row 133, column 29",Net Current Expenditure (C7 = C3 - C6)
2014/15,E1831,,E07000234,WM,Archives,0,0.0,Revenue_Outturn__RO5__data_2014-15_by_LA_-_02-Feb-2016.xlsx,RO5 LA Data 2014-15 (3),"row 134, column 7",Net Current Expenditure (C7 = C3 - C6)
2014/15,E1831,,E07000234,WM,Arts development and support,78,78000.0,Revenue_Outturn__RO5__data_2014-15_by_LA_-_02-Feb-2016.xlsx,RO5 LA Data 2014-15 (3),"row 134, column 9",Net Current Expenditure (C7 = C3 - C6)
2014/15,E1831,,E07000234,WM,Heritage,0,0.0,Revenue_Outturn__RO5__data_2014-15_by_LA_-_02-Feb-2016.xlsx,RO5 LA Data 2014-15 (3),"row 134, column 11",Net Current Expenditure (C7 = C3 - C6)
2014/15,E1831,,E07000234,WM,Museums and galleries,13,13000.0,Revenue_Outturn__RO5__data_2014-15_by_LA_-_02-Feb-2016.xlsx,RO5 LA Data 2014-15 (3),"row 134, column 13",Net Current Expenditure (C7 = C3 - C6)
2014/15,E1831,,E07000234,WM,Theatres and public entertainment,238,238000.0,Revenue_Outturn__RO5__data_2014-15_by_LA_-_02-Feb-2016.xlsx,RO5 LA Data 2014-15 (3),"row 134, column 15",Net Current Expenditure (C7 = C3 - C6)
2014/15,E1831,,E07000234,WM,Library service,0,0.0,Revenue_Outturn__RO5__data_2014-15_by_LA_-_02-Feb-2016.xlsx,RO5 LA Data 2014-15 (3),"row 134, column 29",Net Current Expenditure (C7 = C3 - C6)
2014/15,E1835,,E07000236,WM,Archives,0,0.0,Revenue_Outturn__RO5__data_2014-15_by_LA_-_02-Feb-2016.xlsx,RO5 LA Data 2014-15 (3),"row 135, column 7",Net Current Expenditure (C7 = C3 - C6)
2014/15,E1835,,E07000236,WM,Arts development and support,7,7000.0,Revenue_Outturn__RO5__data_2014-15_by_LA_-_02-Feb-2016.xlsx,RO5 LA Data 2014-15 (3),"row 135, column 9",Net Current Expenditure (C7 = C3 - C6)
2014/15,E1835,,E07000236,WM,Heritage,0,0.0,Revenue_Outturn__RO5__data_2014-15_by_LA_-_02-Feb-2016.xlsx,RO5 LA Data 2014-15 (3),"row 135, column 11",Net Current Expenditure (C7 = C3 - C6)
2014/15,E1835,,E07000236,WM,Museums and galleries,353,353000.0,Revenue_Outturn__RO5__data_2014-15_by_LA_-_02-Feb-2016.xlsx,RO5 LA Data 2014-15 (3),"row 135, column 13",Net Current Expenditure (C7 = C3 - C6)
2014/15,E1835,,E07000236,WM,Theatres and public entertainment,164,164000.0,Revenue_Outturn__RO5__data_2014-15_by_LA_-_02-Feb-2016.xlsx,RO5 LA Data 2014-15 (3),"row 135, column 15",Net Current Expenditure (C7 = C3 - C6)
2014/15,E1835,,E07000236,WM,Library service,0,0.0,Revenue_Outturn__RO5__data_2014-15_by_LA_-_02-Feb-2016.xlsx,RO5 LA Data 2014-15 (3),"row 135, column 29",Net Current Expenditure (C7 = C3 - C6)
2014/15,E1837,,E07000237,WM,Archives,0,0.0,Revenue_Outturn__RO5__data_2014-15_by_LA_-_02-Feb-2016.xlsx,RO5 LA Data 2014-15 (3),"row 136, column 7",Net Current Expenditure (C7 = C3 - C6)
2014/15,E1837,,E07000237,WM,Arts development and support,0,0.0,Revenue_Outturn__RO5__data_2014-15_by_LA_-_02-Feb-2016.xlsx,RO5 LA Data 2014-15 (3),"row 136, column 9",Net Current Expenditure (C7 = C3 - C6)
2014/15,E1837,,E07000237,WM,Heritage,0,0.0,Revenue_Outturn__RO5__data_2014-15_by_LA_-_02-Feb-2016.xlsx,RO5 LA Data 2014-15 (3),"row 136, column 11",Net Current Expenditure (C7 = C3 - C6)
2014/15,E1837,,E07000237,WM,Museums and galleries,912,912000.0,Revenue_Outturn__RO5__data_2014-15_by_LA_-_02-Feb-2016.xlsx,RO5 LA Data 2014-15 (3),"row 136, column 13",Net Current Expenditure (C7 = C3 - C6)
2014/15,E1837,,E07000237,WM,Theatres and public entertainment,0,0.0,Revenue_Outturn__RO5__data_2014-15_by_LA_-_02-Feb-2016.xlsx,RO5 LA Data 2014-15 (3),"row 136, column 15",Net Current Expenditure (C7 = C3 - C6)
2014/15,E1837,,E07000237,WM,Library service,0,0.0,Revenue_Outturn__RO5__data_2014-15_by_LA_-_02-Feb-2016.xlsx,RO5 LA Data 2014-15 (3),"row 136, column 29",Net Current Expenditure (C7 = C3 - C6)
2014/15,E1838,,E07000238,WM,Archives,0,0.0,Revenue_Outturn__RO5__data_2014-15_by_LA_-_02-Feb-2016.xlsx,RO5 LA Data 2014-15 (3),"row 137, column 7",Net Current Expenditure (C7 = C3 - C6)
2014/15,E1838,,E07000238,WM,Arts development and support,63,63000.0,Revenue_Outturn__RO5__data_2014-15_by_LA_-_02-Feb-2016.xlsx,RO5 LA Data 2014-15 (3),"row 137, column 9",Net Current Expenditure (C7 = C3 - C6)
2014/15,E1838,,E07000238,WM,Heritage,0,0.0,Revenue_Outturn__RO5__data_2014-15_by_LA_-_02-Feb-2016.xlsx,RO5 LA Data 2014-15 (3),"row 137, column 11",Net Current Expenditure (C7 = C3 - C6)
2014/15,E1838,,E07000238,WM,Museums and galleries,0,0.0,Revenue_Outturn__RO5__data_2014-15_by_LA_-_02-Feb-2016.xlsx,RO5 LA Data 2014-15 (3),"row 137, column 13",Net Current Expenditure (C7 = C3 - C6)
2014/15,E1838,,E07000238,WM,Theatres and public entertainment,0,0.0,Revenue_Outturn__RO5__data_2014-15_by_LA_-_02-Feb-2016.xlsx,RO5 LA Data 2014-15 (3),"row 137, column 15",Net Current Expenditure (C7 = C3 - C6)
2014/15,E1838,,E07000238,WM,Library service,0,0.0,Revenue_Outturn__RO5__data_2014-15_by_LA_-_02-Feb-2016.xlsx,RO5 LA Data 2014-15 (3),"row 137, column 29",Net Current Expenditure (C7 = C3 - C6)
2014/15,E1839,,E07000239,WM,Archives,0,0.0,Revenue_Outturn__RO5__data_2014-15_by_LA_-_02-Feb-2016.xlsx,RO5 LA Data 2014-15 (3),"row 138, column 7",Net Current Expenditure (C7 = C3 - C6)
2014/15,E1839,,E07000239,WM,Arts development and support,68,68000.0,Revenue_Outturn__RO5__data_2014-15_by_LA_-_02-Feb-2016.xlsx,RO5 LA Data 2014-15 (3),"row 138, column 9",Net Current Expenditure (C7 = C3 - C6)
2014/15,E1839,,E07000239,WM,Heritage,151,151000.0,Revenue_Outturn__RO5__data_2014-15_by_LA_-_02-Feb-2016.xlsx,RO5 LA Data 2014-15 (3),"row 138, column 11",Net Current Expenditure (C7 = C3 - C6)
2014/15,E1839,,E07000239,WM,Museums and galleries,260,260000.0,Revenue_Outturn__RO5__data_2014-15_by_LA_-_02-Feb-2016.xlsx,RO5 LA Data 2014-15 (3),"row 138, column 13",Net Current Expenditure (C7 = C3 - C6)
2014/15,E1839,,E07000239,WM,Theatres and public entertainment,0,0.0,Revenue_Outturn__RO5__data_2014-15_by_LA_-_02-Feb-2016.xlsx,RO5 LA Data 2014-15 (3),"row 138, column 15",Net Current Expenditure (C7 = C3 - C6)
2014/15,E1839,,E07000239,WM,Library service,0,0.0,Revenue_Outturn__RO5__data_2014-15_by_LA_-_02-Feb-2016.xlsx,RO5 LA Data 2014-15 (3),"row 138, column 29",Net Current Expenditure (C7 = C3 - C6)
2014/15,E1851,,E07000235,WM,Archives,0,0.0,Revenue_Outturn__RO5__data_2014-15_by_LA_-_02-Feb-2016.xlsx,RO5 LA Data 2014-15 (3),"row 139, column 7",Net Current Expenditure (C7 = C3 - C6)
2014/15,E1851,,E07000235,WM,Arts development and support,0,0.0,Revenue_Outturn__RO5__data_2014-15_by_LA_-_02-Feb-2016.xlsx,RO5 LA Data 2014-15 (3),"row 139, column 9",Net Current Expenditure (C7 = C3 - C6)
2014/15,E1851,,E07000235,WM,Heritage,0,0.0,Revenue_Outturn__RO5__data_2014-15_by_LA_-_02-Feb-2016.xlsx,RO5 LA Data 2014-15 (3),"row 139, column 11",Net Current Expenditure (C7 = C3 - C6)
2014/15,E1851,,E07000235,WM,Museums and galleries,0,0.0,Revenue_Outturn__RO5__data_2014-15_by_LA_-_02-Feb-2016.xlsx,RO5 LA Data 2014-15 (3),"row 139, column 13",Net Current Expenditure (C7 = C3 - C6)
2014/15,E1851,,E07000235,WM,Theatres and public entertainment,73,73000.0,Revenue_Outturn__RO5__data_2014-15_by_LA_-_02-Feb-2016.xlsx,RO5 LA Data 2014-15 (3),"row 139, column 15",Net Current Expenditure (C7 = C3 - C6)
2014/15,E1851,,E07000235,WM,Library service,0,0.0,Revenue_Outturn__RO5__data_2014-15_by_LA_-_02-Feb-2016.xlsx,RO5 LA Data 2014-15 (3),"row 139, column 29",Net Current Expenditure (C7 = C3 - C6)
2014/15,E1920,,E10000015,EE,Archives,834,834000.0,Revenue_Outturn__RO5__data_2014-15_by_LA_-_02-Feb-2016.xlsx,RO5 LA Data 2014-15 (3),"row 140, column 7",Net Current Expenditure (C7 = C3 - C6)
2014/15,E1920,,E10000015,EE,Arts development and support,0,0.0,Revenue_Outturn__RO5__data_2014-15_by_LA_-_02-Feb-2016.xlsx,RO5 LA Data 2014-15 (3),"row 140, column 9",Net Current Expenditure (C7 = C3 - C6)
2014/15,E1920,,E10000015,EE,Heritage,477,477000.0,Revenue_Outturn__RO5__data_2014-15_by_LA_-_02-Feb-2016.xlsx,RO5 LA Data 2014-15 (3),"row 140, column 11",Net Current Expenditure (C7 = C3 - C6)
2014/15,E1920,,E10000015,EE,Museums and galleries,58,58000.0,Revenue_Outturn__RO5__data_2014-15_by_LA_-_02-Feb-2016.xlsx,RO5 LA Data 2014-15 (3),"row 140, column 13",Net Current Expenditure (C7 = C3 - C6)
2014/15,E1920,,E10000015,EE,Theatres and public entertainment,0,0.0,Revenue_Outturn__RO5__data_2014-15_by_LA_-_02-Feb-2016.xlsx,RO5 LA Data 2014-15 (3),"row 140, column 15",Net Current Expenditure (C7 = C3 - C6)
2014/15,E1920,,E10000015,EE,Library service,16495,16495000.0,Revenue_Outturn__RO5__data_2014-15_by_LA_-_02-Feb-2016.xlsx,RO5 LA Data 2014-15 (3),"row 140, column 29",Net Current Expenditure (C7 = C3 - C6)
2014/15,E1931,,E07000095,EE,Archives,0,0.0,Revenue_Outturn__RO5__data_2014-15_by_LA_-_02-Feb-2016.xlsx,RO5 LA Data 2014-15 (3),"row 141, column 7",Net Current Expenditure (C7 = C3 - C6)
2014/15,E1931,,E07000095,EE,Arts development and support,0,0.0,Revenue_Outturn__RO5__data_2014-15_by_LA_-_02-Feb-2016.xlsx,RO5 LA Data 2014-15 (3),"row 141, column 9",Net Current Expenditure (C7 = C3 - C6)
2014/15,E1931,,E07000095,EE,Heritage,0,0.0,Revenue_Outturn__RO5__data_2014-15_by_LA_-_02-Feb-2016.xlsx,RO5 LA Data 2014-15 (3),"row 141, column 11",Net Current Expenditure (C7 = C3 - C6)
2014/15,E1931,,E07000095,EE,Museums and galleries,112,112000.0,Revenue_Outturn__RO5__data_2014-15_by_LA_-_02-Feb-2016.xlsx,RO5 LA Data 2014-15 (3),"row 141, column 13",Net Current Expenditure (C7 = C3 - C6)
2014/15,E1931,,E07000095,EE,Theatres and public entertainment,91,91000.0,Revenue_Outturn__RO5__data_2014-15_by_LA_-_02-Feb-2016.xlsx,RO5 LA Data 2014-15 (3),"row 141, column 15",Net Current Expenditure (C7 = C3 - C6)
2014/15,E1931,,E07000095,EE,Library service,0,0.0,Revenue_Outturn__RO5__data_2014-15_by_LA_-_02-Feb-2016.xlsx,RO5 LA Data 2014-15 (3),"row 141, column 29",Net Current Expenditure (C7 = C3 - C6)
2014/15,E1932,,E07000096,EE,Archives,0,0.0,Revenue_Outturn__RO5__data_2014-15_by_LA_-_02-Feb-2016.xlsx,RO5 LA Data 2014-15 (3),"row 142, column 7",Net Current Expenditure (C7 = C3 - C6)
2014/15,E1932,,E07000096,EE,Arts development and support,218,218000.0,Revenue_Outturn__RO5__data_2014-15_by_LA_-_02-Feb-2016.xlsx,RO5 LA Data 2014-15 (3),"row 142, column 9",Net Current Expenditure (C7 = C3 - C6)
2014/15,E1932,,E07000096,EE,Heritage,58,58000.0,Revenue_Outturn__RO5__data_2014-15_by_LA_-_02-Feb-2016.xlsx,RO5 LA Data 2014-15 (3),"row 142, column 11",Net Current Expenditure (C7 = C3 - C6)
2014/15,E1932,,E07000096,EE,Museums and galleries,0,0.0,Revenue_Outturn__RO5__data_2014-15_by_LA_-_02-Feb-2016.xlsx,RO5 LA Data 2014-15 (3),"row 142, column 13",Net Current Expenditure (C7 = C3 - C6)
2014/15,E1932,,E07000096,EE,Theatres and public entertainment,223,223000.0,Revenue_Outturn__RO5__data_2014-15_by_LA_-_02-Feb-2016.xlsx,RO5 LA Data 2014-15 (3),"row 142, column 15",Net Current Expenditure (C7 = C3 - C6)
2014/15,E1932,,E07000096,EE,Library service,0,0.0,Revenue_Outturn__RO5__data_2014-15_by_LA_-_02-Feb-2016.xlsx,RO5 LA Data 2014-15 (3),"row 142, column 29",Net Current Expenditure (C7 = C3 - C6)
2014/15,E1933,,E07000242,EE,Archives,0,0.0,Revenue_Outturn__RO5__data_2014-15_by_LA_-_02-Feb-2016.xlsx,RO5 LA Data 2014-15 (3),"row 143, column 7",Net Current Expenditure (C7 = C3 - C6)
2014/15,E1933,,E07000242,EE,Arts development and support,40,40000.0,Revenue_Outturn__RO5__data_2014-15_by_LA_-_02-Feb-2016.xlsx,RO5 LA Data 2014-15 (3),"row 143, column 9",Net Current Expenditure (C7 = C3 - C6)
2014/15,E1933,,E07000242,EE,Heritage,0,0.0,Revenue_Outturn__RO5__data_2014-15_by_LA_-_02-Feb-2016.xlsx,RO5 LA Data 2014-15 (3),"row 143, column 11",Net Current Expenditure (C7 = C3 - C6)
2014/15,E1933,,E07000242,EE,Museums and galleries,5,5000.0,Revenue_Outturn__RO5__data_2014-15_by_LA_-_02-Feb-2016.xlsx,RO5 LA Data 2014-15 (3),"row 143, column 13",Net Current Expenditure (C7 = C3 - C6)
2014/15,E1933,,E07000242,EE,Theatres and public entertainment,321,321000.0,Revenue_Outturn__RO5__data_2014-15_by_LA_-_02-Feb-2016.xlsx,RO5 LA Data 2014-15 (3),"row 143, column 15",Net Current Expenditure (C7 = C3 - C6)
2014/15,E1933,,E07000242,EE,Library service,0,0.0,Revenue_Outturn__RO5__data_2014-15_by_LA_-_02-Feb-2016.xlsx,RO5 LA Data 2014-15 (3),"row 143, column 29",Net Current Expenditure (C7 = C3 - C6)
2014/15,E1934,,E07000098,EE,Archives,0,0.0,Revenue_Outturn__RO5__data_2014-15_by_LA_-_02-Feb-2016.xlsx,RO5 LA Data 2014-15 (3),"row 144, column 7",Net Current Expenditure (C7 = C3 - C6)
2014/15,E1934,,E07000098,EE,Arts development and support,25,25000.0,Revenue_Outturn__RO5__data_2014-15_by_LA_-_02-Feb-2016.xlsx,RO5 LA Data 2014-15 (3),"row 144, column 9",Net Current Expenditure (C7 = C3 - C6)
2014/15,E1934,,E07000098,EE,Heritage,0,0.0,Revenue_Outturn__RO5__data_2014-15_by_LA_-_02-Feb-2016.xlsx,RO5 LA Data 2014-15 (3),"row 144, column 11",Net Current Expenditure (C7 = C3 - C6)
2014/15,E1934,,E07000098,EE,Museums and galleries,80,80000.0,Revenue_Outturn__RO5__data_2014-15_by_LA_-_02-Feb-2016.xlsx,RO5 LA Data 2014-15 (3),"row 144, column 13",Net Current Expenditure (C7 = C3 - C6)
2014/15,E1934,,E07000098,EE,Theatres and public entertainment,0,0.0,Revenue_Outturn__RO5__data_2014-15_by_LA_-_02-Feb-2016.xlsx,RO5 LA Data 2014-15 (3),"row 144, column 15",Net Current Expenditure (C7 = C3 - C6)
2014/15,E1934,,E07000098,EE,Library service,0,0.0,Revenue_Outturn__RO5__data_2014-15_by_LA_-_02-Feb-2016.xlsx,RO5 LA Data 2014-15 (3),"row 144, column 29",Net Current Expenditure (C7 = C3 - C6)
2014/15,E1935,,E07000099,EE,Archives,0,0.0,Revenue_Outturn__RO5__data_2014-15_by_LA_-_02-Feb-2016.xlsx,RO5 LA Data 2014-15 (3),"row 145, column 7",Net Current Expenditure (C7 = C3 - C6)
2014/15,E1935,,E07000099,EE,Arts development and support,5,5000.0,Revenue_Outturn__RO5__data_2014-15_by_LA_-_02-Feb-2016.xlsx,RO5 LA Data 2014-15 (3),"row 145, column 9",Net Current Expenditure (C7 = C3 - C6)
2014/15,E1935,,E07000099,EE,Heritage,0,0.0,Revenue_Outturn__RO5__data_2014-15_by_LA_-_02-Feb-2016.xlsx,RO5 LA Data 2014-15 (3),"row 145, column 11",Net Current Expenditure (C7 = C3 - C6)
2014/15,E1935,,E07000099,EE,Museums and galleries,431,431000.0,Revenue_Outturn__RO5__data_2014-15_by_LA_-_02-Feb-2016.xlsx,RO5 LA Data 2014-15 (3),"row 145, column 13",Net Current Expenditure (C7 = C3 - C6)
2014/15,E1935,,E07000099,EE,Theatres and public entertainment,19,19000.0,Revenue_Outturn__RO5__data_2014-15_by_LA_-_02-Feb-2016.xlsx,RO5 LA Data 2014-15 (3),"row 145, column 15",Net Current Expenditure (C7 = C3 - C6)
2014/15,E1935,,E07000099,EE,Library service,0,0.0,Revenue_Outturn__RO5__data_2014-15_by_LA_-_02-Feb-2016.xlsx,RO5 LA Data 2014-15 (3),"row 145, column 29",Net Current Expenditure (C7 = C3 - C6)
2014/15,E1936,,E07000240,EE,Archives,0,0.0,Revenue_Outturn__RO5__data_2014-15_by_LA_-_02-Feb-2016.xlsx,RO5 LA Data 2014-15 (3),"row 146, column 7",Net Current Expenditure (C7 = C3 - C6)
2014/15,E1936,,E07000240,EE,Arts development and support,58,58000.0,Revenue_Outturn__RO5__data_2014-15_by_LA_-_02-Feb-2016.xlsx,RO5 LA Data 2014-15 (3),"row 146, column 9",Net Current Expenditure (C7 = C3 - C6)
2014/15,E1936,,E07000240,EE,Heritage,407,407000.0,Revenue_Outturn__RO5__data_2014-15_by_LA_-_02-Feb-2016.xlsx,RO5 LA Data 2014-15 (3),"row 146, column 11",Net Current Expenditure (C7 = C3 - C6)
2014/15,E1936,,E07000240,EE,Museums and galleries,259,259000.0,Revenue_Outturn__RO5__data_2014-15_by_LA_-_02-Feb-2016.xlsx,RO5 LA Data 2014-15 (3),"row 146, column 13",Net Current Expenditure (C7 = C3 - C6)
2014/15,E1936,,E07000240,EE,Theatres and public entertainment,22,22000.0,Revenue_Outturn__RO5__data_2014-15_by_LA_-_02-Feb-2016.xlsx,RO5 LA Data 2014-15 (3),"row 146, column 15",Net Current Expenditure (C7 = C3 - C6)
2014/15,E1936,,E07000240,EE,Library service,0,0.0,Revenue_Outturn__RO5__data_2014-15_by_LA_-_02-Feb-2016.xlsx,RO5 LA Data 2014-15 (3),"row 146, column 29",Net Current Expenditure (C7 = C3 - C6)
2014/15,E1937,,E07000243,EE,Archives,0,0.0,Revenue_Outturn__RO5__data_2014-15_by_LA_-_02-Feb-2016.xlsx,RO5 LA Data 2014-15 (3),"row 147, column 7",Net Current Expenditure (C7 = C3 - C6)
2014/15,E1937,,E07000243,EE,Arts development and support,12,12000.0,Revenue_Outturn__RO5__data_2014-15_by_LA_-_02-Feb-2016.xlsx,RO5 LA Data 2014-15 (3),"row 147, column 9",Net Current Expenditure (C7 = C3 - C6)
2014/15,E1937,,E07000243,EE,Heritage,0,0.0,Revenue_Outturn__RO5__data_2014-15_by_LA_-_02-Feb-2016.xlsx,RO5 LA Data 2014-15 (3),"row 147, column 11",Net Current Expenditure (C7 = C3 - C6)
2014/15,E1937,,E07000243,EE,Museums and galleries,265,265000.0,Revenue_Outturn__RO5__data_2014-15_by_LA_-_02-Feb-2016.xlsx,RO5 LA Data 2014-15 (3),"row 147, column 13",Net Current Expenditure (C7 = C3 - C6)
2014/15,E1937,,E07000243,EE,Theatres and public entertainment,0,0.0,Revenue_Outturn__RO5__data_2014-15_by_LA_-_02-Feb-2016.xlsx,RO5 LA Data 2014-15 (3),"row 147, column 15",Net Current Expenditure (C7 = C3 - C6)
2014/15,E1937,,E07000243,EE,Library service,0,0.0,Revenue_Outturn__RO5__data_2014-15_by_LA_-_02-Feb-2016.xlsx,RO5 LA Data 2014-15 (3),"row 147, column 29",Net Current Expenditure (C7 = C3 - C6)
2014/15,E1938,,E07000102,EE,Archives,0,0.0,Revenue_Outturn__RO5__data_2014-15_by_LA_-_02-Feb-2016.xlsx,RO5 LA Data 2014-15 (3),"row 148, column 7",Net Current Expenditure (C7 = C3 - C6)
2014/15,E1938,,E07000102,EE,Arts development and support,76,76000.0,Revenue_Outturn__RO5__data_2014-15_by_LA_-_02-Feb-2016.xlsx,RO5 LA Data 2014-15 (3),"row 148, column 9",Net Current Expenditure (C7 = C3 - C6)
2014/15,E1938,,E07000102,EE,Heritage,0,0.0,Revenue_Outturn__RO5__data_2014-15_by_LA_-_02-Feb-2016.xlsx,RO5 LA Data 2014-15 (3),"row 148, column 11",Net Current Expenditure (C7 = C3 - C6)
2014/15,E1938,,E07000102,EE,Museums and galleries,6,6000.0,Revenue_Outturn__RO5__data_2014-15_by_LA_-_02-Feb-2016.xlsx,RO5 LA Data 2014-15 (3),"row 148, column 13",Net Current Expenditure (C7 = C3 - C6)
2014/15,E1938,,E07000102,EE,Theatres and public entertainment,86,86000.0,Revenue_Outturn__RO5__data_2014-15_by_LA_-_02-Feb-2016.xlsx,RO5 LA Data 2014-15 (3),"row 148, column 15",Net Current Expenditure (C7 = C3 - C6)
2014/15,E1938,,E07000102,EE,Library service,0,0.0,Revenue_Outturn__RO5__data_2014-15_by_LA_-_02-Feb-2016.xlsx,RO5 LA Data 2014-15 (3),"row 148, column 29",Net Current Expenditure (C7 = C3 - C6)
2014/15,E1939,,E07000103,EE,Archives,0,0.0,Revenue_Outturn__RO5__data_2014-15_by_LA_-_02-Feb-2016.xlsx,RO5 LA Data 2014-15 (3),"row 149, column 7",Net Current Expenditure (C7 = C3 - C6)
2014/15,E1939,,E07000103,EE,Arts development and support,308,308000.0,Revenue_Outturn__RO5__data_2014-15_by_LA_-_02-Feb-2016.xlsx,RO5 LA Data 2014-15 (3),"row 149, column 9",Net Current Expenditure (C7 = C3 - C6)
2014/15,E1939,,E07000103,EE,Heritage,0,0.0,Revenue_Outturn__RO5__data_2014-15_by_LA_-_02-Feb-2016.xlsx,RO5 LA Data 2014-15 (3),"row 149, column 11",Net Current Expenditure (C7 = C3 - C6)
2014/15,E1939,,E07000103,EE,Museums and galleries,252,252000.0,Revenue_Outturn__RO5__data_2014-15_by_LA_-_02-Feb-2016.xlsx,RO5 LA Data 2014-15 (3),"row 149, column 13",Net Current Expenditure (C7 = C3 - C6)
2014/15,E1939,,E07000103,EE,Theatres and public entertainment,454,454000.0,Revenue_Outturn__RO5__data_2014-15_by_LA_-_02-Feb-2016.xlsx,RO5 LA Data 2014-15 (3),"row 149, column 15",Net Current Expenditure (C7 = C3 - C6)
2014/15,E1939,,E07000103,EE,Library service,0,0.0,Revenue_Outturn__RO5__data_2014-15_by_LA_-_02-Feb-2016.xlsx,RO5 LA Data 2014-15 (3),"row 149, column 29",Net Current Expenditure (C7 = C3 - C6)
2014/15,E1940,,E07000241,EE,Archives,0,0.0,Revenue_Outturn__RO5__data_2014-15_by_LA_-_02-Feb-2016.xlsx,RO5 LA Data 2014-15 (3),"row 150, column 7",Net Current Expenditure (C7 = C3 - C6)
2014/15,E1940,,E07000241,EE,Arts development and support,3,3000.0,Revenue_Outturn__RO5__data_2014-15_by_LA_-_02-Feb-2016.xlsx,RO5 LA Data 2014-15 (3),"row 150, column 9",Net Current Expenditure (C7 = C3 - C6)
2014/15,E1940,,E07000241,EE,Heritage,19,19000.0,Revenue_Outturn__RO5__data_2014-15_by_LA_-_02-Feb-2016.xlsx,RO5 LA Data 2014-15 (3),"row 150, column 11",Net Current Expenditure (C7 = C3 - C6)
2014/15,E1940,,E07000241,EE,Museums and galleries,309,309000.0,Revenue_Outturn__RO5__data_2014-15_by_LA_-_02-Feb-2016.xlsx,RO5 LA Data 2014-15 (3),"row 150, column 13",Net Current Expenditure (C7 = C3 - C6)
2014/15,E1940,,E07000241,EE,Theatres and public entertainment,1246,1246000.0,Revenue_Outturn__RO5__data_2014-15_by_LA_-_02-Feb-2016.xlsx,RO5 LA Data 2014-15 (3),"row 150, column 15",Net Current Expenditure (C7 = C3 - C6)
2014/15,E1940,,E07000241,EE,Library service,0,0.0,Revenue_Outturn__RO5__data_2014-15_by_LA_-_02-Feb-2016.xlsx,RO5 LA Data 2014-15 (3),"row 150, column 29",Net Current Expenditure (C7 = C3 - C6)
2014/15,E2001,,E06000011,YH,Archives,535,535000.0,Revenue_Outturn__RO5__data_2014-15_by_LA_-_02-Feb-2016.xlsx,RO5 LA Data 2014-15 (3),"row 151, column 7",Net Current Expenditure (C7 = C3 - C6)
2014/15,E2001,,E06000011,YH,Arts development and support,225,225000.0,Revenue_Outturn__RO5__data_2014-15_by_LA_-_02-Feb-2016.xlsx,RO5 LA Data 2014-15 (3),"row 151, column 9",Net Current Expenditure (C7 = C3 - C6)
2014/15,E2001,,E06000011,YH,Heritage,380,380000.0,Revenue_Outturn__RO5__data_2014-15_by_LA_-_02-Feb-2016.xlsx,RO5 LA Data 2014-15 (3),"row 151, column 11",Net Current Expenditure (C7 = C3 - C6)
2014/15,E2001,,E06000011,YH,Museums and galleries,929,929000.0,Revenue_Outturn__RO5__data_2014-15_by_LA_-_02-Feb-2016.xlsx,RO5 LA Data 2014-15 (3),"row 151, column 13",Net Current Expenditure (C7 = C3 - C6)
2014/15,E2001,,E06000011,YH,Theatres and public entertainment,825,825000.0,Revenue_Outturn__RO5__data_2014-15_by_LA_-_02-Feb-2016.xlsx,RO5 LA Data 2014-15 (3),"row 151, column 15",Net Current Expenditure (C7 = C3 - C6)
2014/15,E2001,,E06000011,YH,Library service,4465,4465000.0,Revenue_Outturn__RO5__data_2014-15_by_LA_-_02-Feb-2016.xlsx,RO5 LA Data 2014-15 (3),"row 151, column 29",Net Current Expenditure (C7 = C3 - C6)
2014/15,E2002,,E06000010,YH,Archives,370,370000.0,Revenue_Outturn__RO5__data_2014-15_by_LA_-_02-Feb-2016.xlsx,RO5 LA Data 2014-15 (3),"row 152, column 7",Net Current Expenditure (C7 = C3 - C6)
2014/15,E2002,,E06000010,YH,Arts development and support,760,760000.0,Revenue_Outturn__RO5__data_2014-15_by_LA_-_02-Feb-2016.xlsx,RO5 LA Data 2014-15 (3),"row 152, column 9",Net Current Expenditure (C7 = C3 - C6)
2014/15,E2002,,E06000010,YH,Heritage,1203,1203000.0,Revenue_Outturn__RO5__data_2014-15_by_LA_-_02-Feb-2016.xlsx,RO5 LA Data 2014-15 (3),"row 152, column 11",Net Current Expenditure (C7 = C3 - C6)
2014/15,E2002,,E06000010,YH,Museums and galleries,2544,2544000.0,Revenue_Outturn__RO5__data_2014-15_by_LA_-_02-Feb-2016.xlsx,RO5 LA Data 2014-15 (3),"row 152, column 13",Net Current Expenditure (C7 = C3 - C6)
2014/15,E2002,,E06000010,YH,Theatres and public entertainment,1639,1639000.0,Revenue_Outturn__RO5__data_2014-15_by_LA_-_02-Feb-2016.xlsx,RO5 LA Data 2014-15 (3),"row 152, column 15",Net Current Expenditure (C7 = C3 - C6)
2014/15,E2002,,E06000010,YH,Library service,4818,4818000.0,Revenue_Outturn__RO5__data_2014-15_by_LA_-_02-Feb-2016.xlsx,RO5 LA Data 2014-15 (3),"row 152, column 29",Net Current Expenditure (C7 = C3 - C6)
2014/15,E2003,,E06000012,YH,Archives,32,32000.0,Revenue_Outturn__RO5__data_2014-15_by_LA_-_02-Feb-2016.xlsx,RO5 LA Data 2014-15 (3),"row 153, column 7",Net Current Expenditure (C7 = C3 - C6)
2014/15,E2003,,E06000012,YH,Arts development and support,0,0.0,Revenue_Outturn__RO5__data_2014-15_by_LA_-_02-Feb-2016.xlsx,RO5 LA Data 2014-15 (3),"row 153, column 9",Net Current Expenditure (C7 = C3 - C6)
2014/15,E2003,,E06000012,YH,Heritage,-1,-1000.0,Revenue_Outturn__RO5__data_2014-15_by_LA_-_02-Feb-2016.xlsx,RO5 LA Data 2014-15 (3),"row 153, column 11",Net Current Expenditure (C7 = C3 - C6)
2014/15,E2003,,E06000012,YH,Museums and galleries,1122,1122000.0,Revenue_Outturn__RO5__data_2014-15_by_LA_-_02-Feb-2016.xlsx,RO5 LA Data 2014-15 (3),"row 153, column 13",Net Current Expenditure (C7 = C3 - C6)
2014/15,E2003,,E06000012,YH,Theatres and public entertainment,6,6000.0,Revenue_Outturn__RO5__data_2014-15_by_LA_-_02-Feb-2016.xlsx,RO5 LA Data 2014-15 (3),"row 153, column 15",Net Current Expenditure (C7 = C3 - C6)
2014/15,E2003,,E06000012,YH,Library service,1401,1401000.0,Revenue_Outturn__RO5__data_2014-15_by_LA_-_02-Feb-2016.xlsx,RO5 LA Data 2014-15 (3),"row 153, column 29",Net Current Expenditure (C7 = C3 - C6)
2014/15,E2004,,E06000013,YH,Archives,42,42000.0,Revenue_Outturn__RO5__data_2014-15_by_LA_-_02-Feb-2016.xlsx,RO5 LA Data 2014-15 (3),"row 154, column 7",Net Current Expenditure (C7 = C3 - C6)
2014/15,E2004,,E06000013,YH,Arts development and support,89,89000.0,Revenue_Outturn__RO5__data_2014-15_by_LA_-_02-Feb-2016.xlsx,RO5 LA Data 2014-15 (3),"row 154, column 9",Net Current Expenditure (C7 = C3 - C6)
2014/15,E2004,,E06000013,YH,Heritage,438,438000.0,Revenue_Outturn__RO5__data_2014-15_by_LA_-_02-Feb-2016.xlsx,RO5 LA Data 2014-15 (3),"row 154, column 11",Net Current Expenditure (C7 = C3 - C6)
2014/15,E2004,,E06000013,YH,Museums and galleries,408,408000.0,Revenue_Outturn__RO5__data_2014-15_by_LA_-_02-Feb-2016.xlsx,RO5 LA Data 2014-15 (3),"row 154, column 13",Net Current Expenditure (C7 = C3 - C6)
2014/15,E2004,,E06000013,YH,Theatres and public entertainment,1360,1360000.0,Revenue_Outturn__RO5__data_2014-15_by_LA_-_02-Feb-2016.xlsx,RO5 LA Data 2014-15 (3),"row 154, column 15",Net Current Expenditure (C7 = C3 - C6)
2014/15,E2004,,E06000013,YH,Library service,1941,1941000.0,Revenue_Outturn__RO5__data_2014-15_by_LA_-_02-Feb-2016.xlsx,RO5 LA Data 2014-15 (3),"row 154, column 29",Net Current Expenditure (C7 = C3 - C6)
2014/15,E2101,,E06000046,SE,Archives,184,184000.0,Revenue_Outturn__RO5__data_2014-15_by_LA_-_02-Feb-2016.xlsx,RO5 LA Data 2014-15 (3),"row 155, column 7",Net Current Expenditure (C7 = C3 - C6)
2014/15,E2101,,E06000046,SE,Arts development and support,92,92000.0,Revenue_Outturn__RO5__data_2014-15_by_LA_-_02-Feb-2016.xlsx,RO5 LA Data 2014-15 (3),"row 155, column 9",Net Current Expenditure (C7 = C3 - C6)
2014/15,E2101,,E06000046,SE,Heritage,204,204000.0,Revenue_Outturn__RO5__data_2014-15_by_LA_-_02-Feb-2016.xlsx,RO5 LA Data 2014-15 (3),"row 155, column 11",Net Current Expenditure (C7 = C3 - C6)
2014/15,E2101,,E06000046,SE,Museums and galleries,242,242000.0,Revenue_Outturn__RO5__data_2014-15_by_LA_-_02-Feb-2016.xlsx,RO5 LA Data 2014-15 (3),"row 155, column 13",Net Current Expenditure (C7 = C3 - C6)
2014/15,E2101,,E06000046,SE,Theatres and public entertainment,156,156000.0,Revenue_Outturn__RO5__data_2014-15_by_LA_-_02-Feb-2016.xlsx,RO5 LA Data 2014-15 (3),"row 155, column 15",Net Current Expenditure (C7 = C3 - C6)
2014/15,E2101,,E06000046,SE,Library service,1349,1349000.0,Revenue_Outturn__RO5__data_2014-15_by_LA_-_02-Feb-2016.xlsx,RO5 LA Data 2014-15 (3),"row 155, column 29",Net Current Expenditure (C7 = C3 - C6)
2014/15,E2201,,E06000035,SE,Archives,266,266000.0,Revenue_Outturn__RO5__data_2014-15_by_LA_-_02-Feb-2016.xlsx,RO5 LA Data 2014-15 (3),"row 156, column 7",Net Current Expenditure (C7 = C3 - C6)
2014/15,E2201,,E06000035,SE,Arts development and support,398,398000.0,Revenue_Outturn__RO5__data_2014-15_by_LA_-_02-Feb-2016.xlsx,RO5 LA Data 2014-15 (3),"row 156, column 9",Net Current Expenditure (C7 = C3 - C6)
2014/15,E2201,,E06000035,SE,Heritage,199,199000.0,Revenue_Outturn__RO5__data_2014-15_by_LA_-_02-Feb-2016.xlsx,RO5 LA Data 2014-15 (3),"row 156, column 11",Net Current Expenditure (C7 = C3 - C6)
2014/15,E2201,,E06000035,SE,Museums and galleries,574,574000.0,Revenue_Outturn__RO5__data_2014-15_by_LA_-_02-Feb-2016.xlsx,RO5 LA Data 2014-15 (3),"row 156, column 13",Net Current Expenditure (C7 = C3 - C6)
2014/15,E2201,,E06000035,SE,Theatres and public entertainment,1685,1685000.0,Revenue_Outturn__RO5__data_2014-15_by_LA_-_02-Feb-2016.xlsx,RO5 LA Data 2014-15 (3),"row 156, column 15",Net Current Expenditure (C7 = C3 - C6)
2014/15,E2201,,E06000035,SE,Library service,3632,3632000.0,Revenue_Outturn__RO5__data_2014-15_by_LA_-_02-Feb-2016.xlsx,RO5 LA Data 2014-15 (3),"row 156, column 29",Net Current Expenditure (C7 = C3 - C6)
2014/15,E2221,,E10000016,SE,Archives,828,828000.0,Revenue_Outturn__RO5__data_2014-15_by_LA_-_02-Feb-2016.xlsx,RO5 LA Data 2014-15 (3),"row 157, column 7",Net Current Expenditure (C7 = C3 - C6)
2014/15,E2221,,E10000016,SE,Arts development and support,2661,2661000.0,Revenue_Outturn__RO5__data_2014-15_by_LA_-_02-Feb-2016.xlsx,RO5 LA Data 2014-15 (3),"row 157, column 9",Net Current Expenditure (C7 = C3 - C6)
2014/15,E2221,,E10000016,SE,Heritage,262,262000.0,Revenue_Outturn__RO5__data_2014-15_by_LA_-_02-Feb-2016.xlsx,RO5 LA Data 2014-15 (3),"row 157, column 11",Net Current Expenditure (C7 = C3 - C6)
2014/15,E2221,,E10000016,SE,Museums and galleries,36,36000.0,Revenue_Outturn__RO5__data_2014-15_by_LA_-_02-Feb-2016.xlsx,RO5 LA Data 2014-15 (3),"row 157, column 13",Net Current Expenditure (C7 = C3 - C6)
2014/15,E2221,,E10000016,SE,Theatres and public entertainment,0,0.0,Revenue_Outturn__RO5__data_2014-15_by_LA_-_02-Feb-2016.xlsx,RO5 LA Data 2014-15 (3),"row 157, column 15",Net Current Expenditure (C7 = C3 - C6)
2014/15,E2221,,E10000016,SE,Library service,20970,20970000.0,Revenue_Outturn__RO5__data_2014-15_by_LA_-_02-Feb-2016.xlsx,RO5 LA Data 2014-15 (3),"row 157, column 29",Net Current Expenditure (C7 = C3 - C6)
2014/15,E2231,,E07000105,SE,Archives,0,0.0,Revenue_Outturn__RO5__data_2014-15_by_LA_-_02-Feb-2016.xlsx,RO5 LA Data 2014-15 (3),"row 158, column 7",Net Current Expenditure (C7 = C3 - C6)
2014/15,E2231,,E07000105,SE,Arts development and support,108,108000.0,Revenue_Outturn__RO5__data_2014-15_by_LA_-_02-Feb-2016.xlsx,RO5 LA Data 2014-15 (3),"row 158, column 9",Net Current Expenditure (C7 = C3 - C6)
2014/15,E2231,,E07000105,SE,Heritage,31,31000.0,Revenue_Outturn__RO5__data_2014-15_by_LA_-_02-Feb-2016.xlsx,RO5 LA Data 2014-15 (3),"row 158, column 11",Net Current Expenditure (C7 = C3 - C6)
2014/15,E2231,,E07000105,SE,Museums and galleries,3,3000.0,Revenue_Outturn__RO5__data_2014-15_by_LA_-_02-Feb-2016.xlsx,RO5 LA Data 2014-15 (3),"row 158, column 13",Net Current Expenditure (C7 = C3 - C6)
2014/15,E2231,,E07000105,SE,Theatres and public entertainment,0,0.0,Revenue_Outturn__RO5__data_2014-15_by_LA_-_02-Feb-2016.xlsx,RO5 LA Data 2014-15 (3),"row 158, column 15",Net Current Expenditure (C7 = C3 - C6)
2014/15,E2231,,E07000105,SE,Library service,0,0.0,Revenue_Outturn__RO5__data_2014-15_by_LA_-_02-Feb-2016.xlsx,RO5 LA Data 2014-15 (3),"row 158, column 29",Net Current Expenditure (C7 = C3 - C6)
2014/15,E2232,,E07000106,SE,Archives,58,58000.0,Revenue_Outturn__RO5__data_2014-15_by_LA_-_02-Feb-2016.xlsx,RO5 LA Data 2014-15 (3),"row 159, column 7",Net Current Expenditure (C7 = C3 - C6)
2014/15,E2232,,E07000106,SE,Arts development and support,103,103000.0,Revenue_Outturn__RO5__data_2014-15_by_LA_-_02-Feb-2016.xlsx,RO5 LA Data 2014-15 (3),"row 159, column 9",Net Current Expenditure (C7 = C3 - C6)
2014/15,E2232,,E07000106,SE,Heritage,85,85000.0,Revenue_Outturn__RO5__data_2014-15_by_LA_-_02-Feb-2016.xlsx,RO5 LA Data 2014-15 (3),"row 159, column 11",Net Current Expenditure (C7 = C3 - C6)
2014/15,E2232,,E07000106,SE,Museums and galleries,1512,1512000.0,Revenue_Outturn__RO5__data_2014-15_by_LA_-_02-Feb-2016.xlsx,RO5 LA Data 2014-15 (3),"row 159, column 13",Net Current Expenditure (C7 = C3 - C6)
2014/15,E2232,,E07000106,SE,Theatres and public entertainment,663,663000.0,Revenue_Outturn__RO5__data_2014-15_by_LA_-_02-Feb-2016.xlsx,RO5 LA Data 2014-15 (3),"row 159, column 15",Net Current Expenditure (C7 = C3 - C6)
2014/15,E2232,,E07000106,SE,Library service,0,0.0,Revenue_Outturn__RO5__data_2014-15_by_LA_-_02-Feb-2016.xlsx,RO5 LA Data 2014-15 (3),"row 159, column 29",Net Current Expenditure (C7 = C3 - C6)
2014/15,E2233,,E07000107,SE,Archives,0,0.0,Revenue_Outturn__RO5__data_2014-15_by_LA_-_02-Feb-2016.xlsx,RO5 LA Data 2014-15 (3),"row 160, column 7",Net Current Expenditure (C7 = C3 - C6)
2014/15,E2233,,E07000107,SE,Arts development and support,133,133000.0,Revenue_Outturn__RO5__data_2014-15_by_LA_-_02-Feb-2016.xlsx,RO5 LA Data 2014-15 (3),"row 160, column 9",Net Current Expenditure (C7 = C3 - C6)
2014/15,E2233,,E07000107,SE,Heritage,0,0.0,Revenue_Outturn__RO5__data_2014-15_by_LA_-_02-Feb-2016.xlsx,RO5 LA Data 2014-15 (3),"row 160, column 11",Net Current Expenditure (C7 = C3 - C6)
2014/15,E2233,,E07000107,SE,Museums and galleries,60,60000.0,Revenue_Outturn__RO5__data_2014-15_by_LA_-_02-Feb-2016.xlsx,RO5 LA Data 2014-15 (3),"row 160, column 13",Net Current Expenditure (C7 = C3 - C6)
2014/15,E2233,,E07000107,SE,Theatres and public entertainment,456,456000.0,Revenue_Outturn__RO5__data_2014-15_by_LA_-_02-Feb-2016.xlsx,RO5 LA Data 2014-15 (3),"row 160, column 15",Net Current Expenditure (C7 = C3 - C6)
2014/15,E2233,,E07000107,SE,Library service,0,0.0,Revenue_Outturn__RO5__data_2014-15_by_LA_-_02-Feb-2016.xlsx,RO5 LA Data 2014-15 (3),"row 160, column 29",Net Current Expenditure (C7 = C3 - C6)
2014/15,E2234,,E07000108,SE,Archives,0,0.0,Revenue_Outturn__RO5__data_2014-15_by_LA_-_02-Feb-2016.xlsx,RO5 LA Data 2014-15 (3),"row 161, column 7",Net Current Expenditure (C7 = C3 - C6)
2014/15,E2234,,E07000108,SE,Arts development and support,0,0.0,Revenue_Outturn__RO5__data_2014-15_by_LA_-_02-Feb-2016.xlsx,RO5 LA Data 2014-15 (3),"row 161, column 9",Net Current Expenditure (C7 = C3 - C6)
2014/15,E2234,,E07000108,SE,Heritage,0,0.0,Revenue_Outturn__RO5__data_2014-15_by_LA_-_02-Feb-2016.xlsx,RO5 LA Data 2014-15 (3),"row 161, column 11",Net Current Expenditure (C7 = C3 - C6)
2014/15,E2234,,E07000108,SE,Museums and galleries,540,540000.0,Revenue_Outturn__RO5__data_2014-15_by_LA_-_02-Feb-2016.xlsx,RO5 LA Data 2014-15 (3),"row 161, column 13",Net Current Expenditure (C7 = C3 - C6)
2014/15,E2234,,E07000108,SE,Theatres and public entertainment,0,0.0,Revenue_Outturn__RO5__data_2014-15_by_LA_-_02-Feb-2016.xlsx,RO5 LA Data 2014-15 (3),"row 161, column 15",Net Current Expenditure (C7 = C3 - C6)
2014/15,E2234,,E07000108,SE,Library service,0,0.0,Revenue_Outturn__RO5__data_2014-15_by_LA_-_02-Feb-2016.xlsx,RO5 LA Data 2014-15 (3),"row 161, column 29",Net Current Expenditure (C7 = C3 - C6)
2014/15,E2236,,E07000109,SE,Archives,0,0.0,Revenue_Outturn__RO5__data_2014-15_by_LA_-_02-Feb-2016.xlsx,RO5 LA Data 2014-15 (3),"row 162, column 7",Net Current Expenditure (C7 = C3 - C6)
2014/15,E2236,,E07000109,SE,Arts development and support,96,96000.0,Revenue_Outturn__RO5__data_2014-15_by_LA_-_02-Feb-2016.xlsx,RO5 LA Data 2014-15 (3),"row 162, column 9",Net Current Expenditure (C7 = C3 - C6)
2014/15,E2236,,E07000109,SE,Heritage,10,10000.0,Revenue_Outturn__RO5__data_2014-15_by_LA_-_02-Feb-2016.xlsx,RO5 LA Data 2014-15 (3),"row 162, column 11",Net Current Expenditure (C7 = C3 - C6)
2014/15,E2236,,E07000109,SE,Museums and galleries,0,0.0,Revenue_Outturn__RO5__data_2014-15_by_LA_-_02-Feb-2016.xlsx,RO5 LA Data 2014-15 (3),"row 162, column 13",Net Current Expenditure (C7 = C3 - C6)
2014/15,E2236,,E07000109,SE,Theatres and public entertainment,601,601000.0,Revenue_Outturn__RO5__data_2014-15_by_LA_-_02-Feb-2016.xlsx,RO5 LA Data 2014-15 (3),"row 162, column 15",Net Current Expenditure (C7 = C3 - C6)
2014/15,E2236,,E07000109,SE,Library service,0,0.0,Revenue_Outturn__RO5__data_2014-15_by_LA_-_02-Feb-2016.xlsx,RO5 LA Data 2014-15 (3),"row 162, column 29",Net Current Expenditure (C7 = C3 - C6)
2014/15,E2237,,E07000110,SE,Archives,0,0.0,Revenue_Outturn__RO5__data_2014-15_by_LA_-_02-Feb-2016.xlsx,RO5 LA Data 2014-15 (3),"row 163, column 7",Net Current Expenditure (C7 = C3 - C6)
2014/15,E2237,,E07000110,SE,Arts development and support,29,29000.0,Revenue_Outturn__RO5__data_2014-15_by_LA_-_02-Feb-2016.xlsx,RO5 LA Data 2014-15 (3),"row 163, column 9",Net Current Expenditure (C7 = C3 - C6)
2014/15,E2237,,E07000110,SE,Heritage,-73,-73000.0,Revenue_Outturn__RO5__data_2014-15_by_LA_-_02-Feb-2016.xlsx,RO5 LA Data 2014-15 (3),"row 163, column 11",Net Current Expenditure (C7 = C3 - C6)
2014/15,E2237,,E07000110,SE,Museums and galleries,1165,1165000.0,Revenue_Outturn__RO5__data_2014-15_by_LA_-_02-Feb-2016.xlsx,RO5 LA Data 2014-15 (3),"row 163, column 13",Net Current Expenditure (C7 = C3 - C6)
2014/15,E2237,,E07000110,SE,Theatres and public entertainment,472,472000.0,Revenue_Outturn__RO5__data_2014-15_by_LA_-_02-Feb-2016.xlsx,RO5 LA Data 2014-15 (3),"row 163, column 15",Net Current Expenditure (C7 = C3 - C6)
2014/15,E2237,,E07000110,SE,Library service,0,0.0,Revenue_Outturn__RO5__data_2014-15_by_LA_-_02-Feb-2016.xlsx,RO5 LA Data 2014-15 (3),"row 163, column 29",Net Current Expenditure (C7 = C3 - C6)
2014/15,E2239,,E07000111,SE,Archives,0,0.0,Revenue_Outturn__RO5__data_2014-15_by_LA_-_02-Feb-2016.xlsx,RO5 LA Data 2014-15 (3),"row 164, column 7",Net Current Expenditure (C7 = C3 - C6)
2014/15,E2239,,E07000111,SE,Arts development and support,0,0.0,Revenue_Outturn__RO5__data_2014-15_by_LA_-_02-Feb-2016.xlsx,RO5 LA Data 2014-15 (3),"row 164, column 9",Net Current Expenditure (C7 = C3 - C6)
2014/15,E2239,,E07000111,SE,Heritage,0,0.0,Revenue_Outturn__RO5__data_2014-15_by_LA_-_02-Feb-2016.xlsx,RO5 LA Data 2014-15 (3),"row 164, column 11",Net Current Expenditure (C7 = C3 - C6)
2014/15,E2239,,E07000111,SE,Museums and galleries,7,7000.0,Revenue_Outturn__RO5__data_2014-15_by_LA_-_02-Feb-2016.xlsx,RO5 LA Data 2014-15 (3),"row 164, column 13",Net Current Expenditure (C7 = C3 - C6)
2014/15,E2239,,E07000111,SE,Theatres and public entertainment,0,0.0,Revenue_Outturn__RO5__data_2014-15_by_LA_-_02-Feb-2016.xlsx,RO5 LA Data 2014-15 (3),"row 164, column 15",Net Current Expenditure (C7 = C3 - C6)
2014/15,E2239,,E07000111,SE,Library service,0,0.0,Revenue_Outturn__RO5__data_2014-15_by_LA_-_02-Feb-2016.xlsx,RO5 LA Data 2014-15 (3),"row 164, column 29",Net Current Expenditure (C7 = C3 - C6)
2014/15,E2240,,E07000112,SE,Archives,0,0.0,Revenue_Outturn__RO5__data_2014-15_by_LA_-_02-Feb-2016.xlsx,RO5 LA Data 2014-15 (3),"row 165, column 7",Net Current Expenditure (C7 = C3 - C6)
2014/15,E2240,,E07000112,SE,Arts development and support,133,133000.0,Revenue_Outturn__RO5__data_2014-15_by_LA_-_02-Feb-2016.xlsx,RO5 LA Data 2014-15 (3),"row 165, column 9",Net Current Expenditure (C7 = C3 - C6)
2014/15,E2240,,E07000112,SE,Heritage,82,82000.0,Revenue_Outturn__RO5__data_2014-15_by_LA_-_02-Feb-2016.xlsx,RO5 LA Data 2014-15 (3),"row 165, column 11",Net Current Expenditure (C7 = C3 - C6)
2014/15,E2240,,E07000112,SE,Museums and galleries,0,0.0,Revenue_Outturn__RO5__data_2014-15_by_LA_-_02-Feb-2016.xlsx,RO5 LA Data 2014-15 (3),"row 165, column 13",Net Current Expenditure (C7 = C3 - C6)
2014/15,E2240,,E07000112,SE,Theatres and public entertainment,682,682000.0,Revenue_Outturn__RO5__data_2014-15_by_LA_-_02-Feb-2016.xlsx,RO5 LA Data 2014-15 (3),"row 165, column 15",Net Current Expenditure (C7 = C3 - C6)
2014/15,E2240,,E07000112,SE,Library service,0,0.0,Revenue_Outturn__RO5__data_2014-15_by_LA_-_02-Feb-2016.xlsx,RO5 LA Data 2014-15 (3),"row 165, column 29",Net Current Expenditure (C7 = C3 - C6)
2014/15,E2241,,E07000113,SE,Archives,0,0.0,Revenue_Outturn__RO5__data_2014-15_by_LA_-_02-Feb-2016.xlsx,RO5 LA Data 2014-15 (3),"row 166, column 7",Net Current Expenditure (C7 = C3 - C6)
2014/15,E2241,,E07000113,SE,Arts development and support,33,33000.0,Revenue_Outturn__RO5__data_2014-15_by_LA_-_02-Feb-2016.xlsx,RO5 LA Data 2014-15 (3),"row 166, column 9",Net Current Expenditure (C7 = C3 - C6)
2014/15,E2241,,E07000113,SE,Heritage,10,10000.0,Revenue_Outturn__RO5__data_2014-15_by_LA_-_02-Feb-2016.xlsx,RO5 LA Data 2014-15 (3),"row 166, column 11",Net Current Expenditure (C7 = C3 - C6)
2014/15,E2241,,E07000113,SE,Museums and galleries,33,33000.0,Revenue_Outturn__RO5__data_2014-15_by_LA_-_02-Feb-2016.xlsx,RO5 LA Data 2014-15 (3),"row 166, column 13",Net Current Expenditure (C7 = C3 - C6)
2014/15,E2241,,E07000113,SE,Theatres and public entertainment,0,0.0,Revenue_Outturn__RO5__data_2014-15_by_LA_-_02-Feb-2016.xlsx,RO5 LA Data 2014-15 (3),"row 166, column 15",Net Current Expenditure (C7 = C3 - C6)
2014/15,E2241,,E07000113,SE,Library service,0,0.0,Revenue_Outturn__RO5__data_2014-15_by_LA_-_02-Feb-2016.xlsx,RO5 LA Data 2014-15 (3),"row 166, column 29",Net Current Expenditure (C7 = C3 - C6)
2014/15,E2242,,E07000114,SE,Archives,0,0.0,Revenue_Outturn__RO5__data_2014-15_by_LA_-_02-Feb-2016.xlsx,RO5 LA Data 2014-15 (3),"row 167, column 7",Net Current Expenditure (C7 = C3 - C6)
2014/15,E2242,,E07000114,SE,Arts development and support,0,0.0,Revenue_Outturn__RO5__data_2014-15_by_LA_-_02-Feb-2016.xlsx,RO5 LA Data 2014-15 (3),"row 167, column 9",Net Current Expenditure (C7 = C3 - C6)
2014/15,E2242,,E07000114,SE,Heritage,58,58000.0,Revenue_Outturn__RO5__data_2014-15_by_LA_-_02-Feb-2016.xlsx,RO5 LA Data 2014-15 (3),"row 167, column 11",Net Current Expenditure (C7 = C3 - C6)
2014/15,E2242,,E07000114,SE,Museums and galleries,56,56000.0,Revenue_Outturn__RO5__data_2014-15_by_LA_-_02-Feb-2016.xlsx,RO5 LA Data 2014-15 (3),"row 167, column 13",Net Current Expenditure (C7 = C3 - C6)
2014/15,E2242,,E07000114,SE,Theatres and public entertainment,553,553000.0,Revenue_Outturn__RO5__data_2014-15_by_LA_-_02-Feb-2016.xlsx,RO5 LA Data 2014-15 (3),"row 167, column 15",Net Current Expenditure (C7 = C3 - C6)
2014/15,E2242,,E07000114,SE,Library service,0,0.0,Revenue_Outturn__RO5__data_2014-15_by_LA_-_02-Feb-2016.xlsx,RO5 LA Data 2014-15 (3),"row 167, column 29",Net Current Expenditure (C7 = C3 - C6)
2014/15,E2243,,E07000115,SE,Archives,0,0.0,Revenue_Outturn__RO5__data_2014-15_by_LA_-_02-Feb-2016.xlsx,RO5 LA Data 2014-15 (3),"row 168, column 7",Net Current Expenditure (C7 = C3 - C6)
2014/15,E2243,,E07000115,SE,Arts development and support,78,78000.0,Revenue_Outturn__RO5__data_2014-15_by_LA_-_02-Feb-2016.xlsx,RO5 LA Data 2014-15 (3),"row 168, column 9",Net Current Expenditure (C7 = C3 - C6)
2014/15,E2243,,E07000115,SE,Heritage,1,1000.0,Revenue_Outturn__RO5__data_2014-15_by_LA_-_02-Feb-2016.xlsx,RO5 LA Data 2014-15 (3),"row 168, column 11",Net Current Expenditure (C7 = C3 - C6)
2014/15,E2243,,E07000115,SE,Museums and galleries,0,0.0,Revenue_Outturn__RO5__data_2014-15_by_LA_-_02-Feb-2016.xlsx,RO5 LA Data 2014-15 (3),"row 168, column 13",Net Current Expenditure (C7 = C3 - C6)
2014/15,E2243,,E07000115,SE,Theatres and public entertainment,0,0.0,Revenue_Outturn__RO5__data_2014-15_by_LA_-_02-Feb-2016.xlsx,RO5 LA Data 2014-15 (3),"row 168, column 15",Net Current Expenditure (C7 = C3 - C6)
2014/15,E2243,,E07000115,SE,Library service,0,0.0,Revenue_Outturn__RO5__data_2014-15_by_LA_-_02-Feb-2016.xlsx,RO5 LA Data 2014-15 (3),"row 168, column 29",Net Current Expenditure (C7 = C3 - C6)
2014/15,E2244,,E07000116,SE,Archives,0,0.0,Revenue_Outturn__RO5__data_2014-15_by_LA_-_02-Feb-2016.xlsx,RO5 LA Data 2014-15 (3),"row 169, column 7",Net Current Expenditure (C7 = C3 - C6)
2014/15,E2244,,E07000116,SE,Arts development and support,0,0.0,Revenue_Outturn__RO5__data_2014-15_by_LA_-_02-Feb-2016.xlsx,RO5 LA Data 2014-15 (3),"row 169, column 9",Net Current Expenditure (C7 = C3 - C6)
2014/15,E2244,,E07000116,SE,Heritage,14,14000.0,Revenue_Outturn__RO5__data_2014-15_by_LA_-_02-Feb-2016.xlsx,RO5 LA Data 2014-15 (3),"row 169, column 11",Net Current Expenditure (C7 = C3 - C6)
2014/15,E2244,,E07000116,SE,Museums and galleries,732,732000.0,Revenue_Outturn__RO5__data_2014-15_by_LA_-_02-Feb-2016.xlsx,RO5 LA Data 2014-15 (3),"row 169, column 13",Net Current Expenditure (C7 = C3 - C6)
2014/15,E2244,,E07000116,SE,Theatres and public entertainment,347,347000.0,Revenue_Outturn__RO5__data_2014-15_by_LA_-_02-Feb-2016.xlsx,RO5 LA Data 2014-15 (3),"row 169, column 15",Net Current Expenditure (C7 = C3 - C6)
2014/15,E2244,,E07000116,SE,Library service,0,0.0,Revenue_Outturn__RO5__data_2014-15_by_LA_-_02-Feb-2016.xlsx,RO5 LA Data 2014-15 (3),"row 169, column 29",Net Current Expenditure (C7 = C3 - C6)
2014/15,E2301,,E06000008,NW,Archives,40,40000.0,Revenue_Outturn__RO5__data_2014-15_by_LA_-_02-Feb-2016.xlsx,RO5 LA Data 2014-15 (3),"row 170, column 7",Net Current Expenditure (C7 = C3 - C6)
2014/15,E2301,,E06000008,NW,Arts development and support,144,144000.0,Revenue_Outturn__RO5__data_2014-15_by_LA_-_02-Feb-2016.xlsx,RO5 LA Data 2014-15 (3),"row 170, column 9",Net Current Expenditure (C7 = C3 - C6)
2014/15,E2301,,E06000008,NW,Heritage,9,9000.0,Revenue_Outturn__RO5__data_2014-15_by_LA_-_02-Feb-2016.xlsx,RO5 LA Data 2014-15 (3),"row 170, column 11",Net Current Expenditure (C7 = C3 - C6)
2014/15,E2301,,E06000008,NW,Museums and galleries,413,413000.0,Revenue_Outturn__RO5__data_2014-15_by_LA_-_02-Feb-2016.xlsx,RO5 LA Data 2014-15 (3),"row 170, column 13",Net Current Expenditure (C7 = C3 - C6)
2014/15,E2301,,E06000008,NW,Theatres and public entertainment,1278,1278000.0,Revenue_Outturn__RO5__data_2014-15_by_LA_-_02-Feb-2016.xlsx,RO5 LA Data 2014-15 (3),"row 170, column 15",Net Current Expenditure (C7 = C3 - C6)
2014/15,E2301,,E06000008,NW,Library service,2518,2518000.0,Revenue_Outturn__RO5__data_2014-15_by_LA_-_02-Feb-2016.xlsx,RO5 LA Data 2014-15 (3),"row 170, column 29",Net Current Expenditure (C7 = C3 - C6)
2014/15,E2302,,E06000009,NW,Archives,39,39000.0,Revenue_Outturn__RO5__data_2014-15_by_LA_-_02-Feb-2016.xlsx,RO5 LA Data 2014-15 (3),"row 171, column 7",Net Current Expenditure (C7 = C3 - C6)
2014/15,E2302,,E06000009,NW,Arts development and support,279,279000.0,Revenue_Outturn__RO5__data_2014-15_by_LA_-_02-Feb-2016.xlsx,RO5 LA Data 2014-15 (3),"row 171, column 9",Net Current Expenditure (C7 = C3 - C6)
2014/15,E2302,,E06000009,NW,Heritage,2883,2883000.0,Revenue_Outturn__RO5__data_2014-15_by_LA_-_02-Feb-2016.xlsx,RO5 LA Data 2014-15 (3),"row 171, column 11",Net Current Expenditure (C7 = C3 - C6)
2014/15,E2302,,E06000009,NW,Museums and galleries,393,393000.0,Revenue_Outturn__RO5__data_2014-15_by_LA_-_02-Feb-2016.xlsx,RO5 LA Data 2014-15 (3),"row 171, column 13",Net Current Expenditure (C7 = C3 - C6)
2014/15,E2302,,E06000009,NW,Theatres and public entertainment,-865,-865000.0,Revenue_Outturn__RO5__data_2014-15_by_LA_-_02-Feb-2016.xlsx,RO5 LA Data 2014-15 (3),"row 171, column 15",Net Current Expenditure (C7 = C3 - C6)
2014/15,E2302,,E06000009,NW,Library service,1934,1934000.0,Revenue_Outturn__RO5__data_2014-15_by_LA_-_02-Feb-2016.xlsx,RO5 LA Data 2014-15 (3),"row 171, column 29",Net Current Expenditure (C7 = C3 - C6)
2014/15,E2321,,E10000017,NW,Archives,789,789000.0,Revenue_Outturn__RO5__data_2014-15_by_LA_-_02-Feb-2016.xlsx,RO5 LA Data 2014-15 (3),"row 172, column 7",Net Current Expenditure (C7 = C3 - C6)
2014/15,E2321,,E10000017,NW,Arts development and support,1765,1765000.0,Revenue_Outturn__RO5__data_2014-15_by_LA_-_02-Feb-2016.xlsx,RO5 LA Data 2014-15 (3),"row 172, column 9",Net Current Expenditure (C7 = C3 - C6)
2014/15,E2321,,E10000017,NW,Heritage,310,310000.0,Revenue_Outturn__RO5__data_2014-15_by_LA_-_02-Feb-2016.xlsx,RO5 LA Data 2014-15 (3),"row 172, column 11",Net Current Expenditure (C7 = C3 - C6)
2014/15,E2321,,E10000017,NW,Museums and galleries,2155,2155000.0,Revenue_Outturn__RO5__data_2014-15_by_LA_-_02-Feb-2016.xlsx,RO5 LA Data 2014-15 (3),"row 172, column 13",Net Current Expenditure (C7 = C3 - C6)
2014/15,E2321,,E10000017,NW,Theatres and public entertainment,0,0.0,Revenue_Outturn__RO5__data_2014-15_by_LA_-_02-Feb-2016.xlsx,RO5 LA Data 2014-15 (3),"row 172, column 15",Net Current Expenditure (C7 = C3 - C6)
2014/15,E2321,,E10000017,NW,Library service,16045,16045000.0,Revenue_Outturn__RO5__data_2014-15_by_LA_-_02-Feb-2016.xlsx,RO5 LA Data 2014-15 (3),"row 172, column 29",Net Current Expenditure (C7 = C3 - C6)
2014/15,E2333,,E07000117,NW,Archives,0,0.0,Revenue_Outturn__RO5__data_2014-15_by_LA_-_02-Feb-2016.xlsx,RO5 LA Data 2014-15 (3),"row 173, column 7",Net Current Expenditure (C7 = C3 - C6)
2014/15,E2333,,E07000117,NW,Arts development and support,2,2000.0,Revenue_Outturn__RO5__data_2014-15_by_LA_-_02-Feb-2016.xlsx,RO5 LA Data 2014-15 (3),"row 173, column 9",Net Current Expenditure (C7 = C3 - C6)
2014/15,E2333,,E07000117,NW,Heritage,0,0.0,Revenue_Outturn__RO5__data_2014-15_by_LA_-_02-Feb-2016.xlsx,RO5 LA Data 2014-15 (3),"row 173, column 11",Net Current Expenditure (C7 = C3 - C6)
2014/15,E2333,,E07000117,NW,Museums and galleries,482,482000.0,Revenue_Outturn__RO5__data_2014-15_by_LA_-_02-Feb-2016.xlsx,RO5 LA Data 2014-15 (3),"row 173, column 13",Net Current Expenditure (C7 = C3 - C6)
2014/15,E2333,,E07000117,NW,Theatres and public entertainment,91,91000.0,Revenue_Outturn__RO5__data_2014-15_by_LA_-_02-Feb-2016.xlsx,RO5 LA Data 2014-15 (3),"row 173, column 15",Net Current Expenditure (C7 = C3 - C6)
2014/15,E2333,,E07000117,NW,Library service,0,0.0,Revenue_Outturn__RO5__data_2014-15_by_LA_-_02-Feb-2016.xlsx,RO5 LA Data 2014-15 (3),"row 173, column 29",Net Current Expenditure (C7 = C3 - C6)
2014/15,E2334,,E07000118,NW,Archives,0,0.0,Revenue_Outturn__RO5__data_2014-15_by_LA_-_02-Feb-2016.xlsx,RO5 LA Data 2014-15 (3),"row 174, column 7",Net Current Expenditure (C7 = C3 - C6)
2014/15,E2334,,E07000118,NW,Arts development and support,15,15000.0,Revenue_Outturn__RO5__data_2014-15_by_LA_-_02-Feb-2016.xlsx,RO5 LA Data 2014-15 (3),"row 174, column 9",Net Current Expenditure (C7 = C3 - C6)
2014/15,E2334,,E07000118,NW,Heritage,0,0.0,Revenue_Outturn__RO5__data_2014-15_by_LA_-_02-Feb-2016.xlsx,RO5 LA Data 2014-15 (3),"row 174, column 11",Net Current Expenditure (C7 = C3 - C6)
2014/15,E2334,,E07000118,NW,Museums and galleries,366,366000.0,Revenue_Outturn__RO5__data_2014-15_by_LA_-_02-Feb-2016.xlsx,RO5 LA Data 2014-15 (3),"row 174, column 13",Net Current Expenditure (C7 = C3 - C6)
2014/15,E2334,,E07000118,NW,Theatres and public entertainment,0,0.0,Revenue_Outturn__RO5__data_2014-15_by_LA_-_02-Feb-2016.xlsx,RO5 LA Data 2014-15 (3),"row 174, column 15",Net Current Expenditure (C7 = C3 - C6)
2014/15,E2334,,E07000118,NW,Library service,0,0.0,Revenue_Outturn__RO5__data_2014-15_by_LA_-_02-Feb-2016.xlsx,RO5 LA Data 2014-15 (3),"row 174, column 29",Net Current Expenditure (C7 = C3 - C6)
2014/15,E2335,,E07000119,NW,Archives,0,0.0,Revenue_Outturn__RO5__data_2014-15_by_LA_-_02-Feb-2016.xlsx,RO5 LA Data 2014-15 (3),"row 175, column 7",Net Current Expenditure (C7 = C3 - C6)
2014/15,E2335,,E07000119,NW,Arts development and support,44,44000.0,Revenue_Outturn__RO5__data_2014-15_by_LA_-_02-Feb-2016.xlsx,RO5 LA Data 2014-15 (3),"row 175, column 9",Net Current Expenditure (C7 = C3 - C6)
2014/15,E2335,,E07000119,NW,Heritage,191,191000.0,Revenue_Outturn__RO5__data_2014-15_by_LA_-_02-Feb-2016.xlsx,RO5 LA Data 2014-15 (3),"row 175, column 11",Net Current Expenditure (C7 = C3 - C6)
2014/15,E2335,,E07000119,NW,Museums and galleries,0,0.0,Revenue_Outturn__RO5__data_2014-15_by_LA_-_02-Feb-2016.xlsx,RO5 LA Data 2014-15 (3),"row 175, column 13",Net Current Expenditure (C7 = C3 - C6)
2014/15,E2335,,E07000119,NW,Theatres and public entertainment,20,20000.0,Revenue_Outturn__RO5__data_2014-15_by_LA_-_02-Feb-2016.xlsx,RO5 LA Data 2014-15 (3),"row 175, column 15",Net Current Expenditure (C7 = C3 - C6)
2014/15,E2335,,E07000119,NW,Library service,0,0.0,Revenue_Outturn__RO5__data_2014-15_by_LA_-_02-Feb-2016.xlsx,RO5 LA Data 2014-15 (3),"row 175, column 29",Net Current Expenditure (C7 = C3 - C6)
2014/15,E2336,,E07000120,NW,Archives,0,0.0,Revenue_Outturn__RO5__data_2014-15_by_LA_-_02-Feb-2016.xlsx,RO5 LA Data 2014-15 (3),"row 176, column 7",Net Current Expenditure (C7 = C3 - C6)
2014/15,E2336,,E07000120,NW,Arts development and support,0,0.0,Revenue_Outturn__RO5__data_2014-15_by_LA_-_02-Feb-2016.xlsx,RO5 LA Data 2014-15 (3),"row 176, column 9",Net Current Expenditure (C7 = C3 - C6)
2014/15,E2336,,E07000120,NW,Heritage,0,0.0,Revenue_Outturn__RO5__data_2014-15_by_LA_-_02-Feb-2016.xlsx,RO5 LA Data 2014-15 (3),"row 176, column 11",Net Current Expenditure (C7 = C3 - C6)
2014/15,E2336,,E07000120,NW,Museums and galleries,192,192000.0,Revenue_Outturn__RO5__data_2014-15_by_LA_-_02-Feb-2016.xlsx,RO5 LA Data 2014-15 (3),"row 176, column 13",Net Current Expenditure (C7 = C3 - C6)
2014/15,E2336,,E07000120,NW,Theatres and public entertainment,242,242000.0,Revenue_Outturn__RO5__data_2014-15_by_LA_-_02-Feb-2016.xlsx,RO5 LA Data 2014-15 (3),"row 176, column 15",Net Current Expenditure (C7 = C3 - C6)
2014/15,E2336,,E07000120,NW,Library service,0,0.0,Revenue_Outturn__RO5__data_2014-15_by_LA_-_02-Feb-2016.xlsx,RO5 LA Data 2014-15 (3),"row 176, column 29",Net Current Expenditure (C7 = C3 - C6)
2014/15,E2337,,E07000121,NW,Archives,0,0.0,Revenue_Outturn__RO5__data_2014-15_by_LA_-_02-Feb-2016.xlsx,RO5 LA Data 2014-15 (3),"row 177, column 7",Net Current Expenditure (C7 = C3 - C6)
2014/15,E2337,,E07000121,NW,Arts development and support,0,0.0,Revenue_Outturn__RO5__data_2014-15_by_LA_-_02-Feb-2016.xlsx,RO5 LA Data 2014-15 (3),"row 177, column 9",Net Current Expenditure (C7 = C3 - C6)
2014/15,E2337,,E07000121,NW,Heritage,41,41000.0,Revenue_Outturn__RO5__data_2014-15_by_LA_-_02-Feb-2016.xlsx,RO5 LA Data 2014-15 (3),"row 177, column 11",Net Current Expenditure (C7 = C3 - C6)
2014/15,E2337,,E07000121,NW,Museums and galleries,519,519000.0,Revenue_Outturn__RO5__data_2014-15_by_LA_-_02-Feb-2016.xlsx,RO5 LA Data 2014-15 (3),"row 177, column 13",Net Current Expenditure (C7 = C3 - C6)
2014/15,E2337,,E07000121,NW,Theatres and public entertainment,373,373000.0,Revenue_Outturn__RO5__data_2014-15_by_LA_-_02-Feb-2016.xlsx,RO5 LA Data 2014-15 (3),"row 177, column 15",Net Current Expenditure (C7 = C3 - C6)
2014/15,E2337,,E07000121,NW,Library service,0,0.0,Revenue_Outturn__RO5__data_2014-15_by_LA_-_02-Feb-2016.xlsx,RO5 LA Data 2014-15 (3),"row 177, column 29",Net Current Expenditure (C7 = C3 - C6)
2014/15,E2338,,E07000122,NW,Archives,0,0.0,Revenue_Outturn__RO5__data_2014-15_by_LA_-_02-Feb-2016.xlsx,RO5 LA Data 2014-15 (3),"row 178, column 7",Net Current Expenditure (C7 = C3 - C6)
2014/15,E2338,,E07000122,NW,Arts development and support,1,1000.0,Revenue_Outturn__RO5__data_2014-15_by_LA_-_02-Feb-2016.xlsx,RO5 LA Data 2014-15 (3),"row 178, column 9",Net Current Expenditure (C7 = C3 - C6)
2014/15,E2338,,E07000122,NW,Heritage,0,0.0,Revenue_Outturn__RO5__data_2014-15_by_LA_-_02-Feb-2016.xlsx,RO5 LA Data 2014-15 (3),"row 178, column 11",Net Current Expenditure (C7 = C3 - C6)
2014/15,E2338,,E07000122,NW,Museums and galleries,0,0.0,Revenue_Outturn__RO5__data_2014-15_by_LA_-_02-Feb-2016.xlsx,RO5 LA Data 2014-15 (3),"row 178, column 13",Net Current Expenditure (C7 = C3 - C6)
2014/15,E2338,,E07000122,NW,Theatres and public entertainment,145,145000.0,Revenue_Outturn__RO5__data_2014-15_by_LA_-_02-Feb-2016.xlsx,RO5 LA Data 2014-15 (3),"row 178, column 15",Net Current Expenditure (C7 = C3 - C6)
2014/15,E2338,,E07000122,NW,Library service,0,0.0,Revenue_Outturn__RO5__data_2014-15_by_LA_-_02-Feb-2016.xlsx,RO5 LA Data 2014-15 (3),"row 178, column 29",Net Current Expenditure (C7 = C3 - C6)
2014/15,E2339,,E07000123,NW,Archives,0,0.0,Revenue_Outturn__RO5__data_2014-15_by_LA_-_02-Feb-2016.xlsx,RO5 LA Data 2014-15 (3),"row 179, column 7",Net Current Expenditure (C7 = C3 - C6)
2014/15,E2339,,E07000123,NW,Arts development and support,0,0.0,Revenue_Outturn__RO5__data_2014-15_by_LA_-_02-Feb-2016.xlsx,RO5 LA Data 2014-15 (3),"row 179, column 9",Net Current Expenditure (C7 = C3 - C6)
2014/15,E2339,,E07000123,NW,Heritage,31,31000.0,Revenue_Outturn__RO5__data_2014-15_by_LA_-_02-Feb-2016.xlsx,RO5 LA Data 2014-15 (3),"row 179, column 11",Net Current Expenditure (C7 = C3 - C6)
2014/15,E2339,,E07000123,NW,Museums and galleries,976,976000.0,Revenue_Outturn__RO5__data_2014-15_by_LA_-_02-Feb-2016.xlsx,RO5 LA Data 2014-15 (3),"row 179, column 13",Net Current Expenditure (C7 = C3 - C6)
2014/15,E2339,,E07000123,NW,Theatres and public entertainment,765,765000.0,Revenue_Outturn__RO5__data_2014-15_by_LA_-_02-Feb-2016.xlsx,RO5 LA Data 2014-15 (3),"row 179, column 15",Net Current Expenditure (C7 = C3 - C6)
2014/15,E2339,,E07000123,NW,Library service,0,0.0,Revenue_Outturn__RO5__data_2014-15_by_LA_-_02-Feb-2016.xlsx,RO5 LA Data 2014-15 (3),"row 179, column 29",Net Current Expenditure (C7 = C3 - C6)
2014/15,E2340,,E07000124,NW,Archives,0,0.0,Revenue_Outturn__RO5__data_2014-15_by_LA_-_02-Feb-2016.xlsx,RO5 LA Data 2014-15 (3),"row 180, column 7",Net Current Expenditure (C7 = C3 - C6)
2014/15,E2340,,E07000124,NW,Arts development and support,36,36000.0,Revenue_Outturn__RO5__data_2014-15_by_LA_-_02-Feb-2016.xlsx,RO5 LA Data 2014-15 (3),"row 180, column 9",Net Current Expenditure (C7 = C3 - C6)
2014/15,E2340,,E07000124,NW,Heritage,0,0.0,Revenue_Outturn__RO5__data_2014-15_by_LA_-_02-Feb-2016.xlsx,RO5 LA Data 2014-15 (3),"row 180, column 11",Net Current Expenditure (C7 = C3 - C6)
2014/15,E2340,,E07000124,NW,Museums and galleries,286,286000.0,Revenue_Outturn__RO5__data_2014-15_by_LA_-_02-Feb-2016.xlsx,RO5 LA Data 2014-15 (3),"row 180, column 13",Net Current Expenditure (C7 = C3 - C6)
2014/15,E2340,,E07000124,NW,Theatres and public entertainment,0,0.0,Revenue_Outturn__RO5__data_2014-15_by_LA_-_02-Feb-2016.xlsx,RO5 LA Data 2014-15 (3),"row 180, column 15",Net Current Expenditure (C7 = C3 - C6)
2014/15,E2340,,E07000124,NW,Library service,0,0.0,Revenue_Outturn__RO5__data_2014-15_by_LA_-_02-Feb-2016.xlsx,RO5 LA Data 2014-15 (3),"row 180, column 29",Net Current Expenditure (C7 = C3 - C6)
2014/15,E2341,,E07000125,NW,Archives,0,0.0,Revenue_Outturn__RO5__data_2014-15_by_LA_-_02-Feb-2016.xlsx,RO5 LA Data 2014-15 (3),"row 181, column 7",Net Current Expenditure (C7 = C3 - C6)
2014/15,E2341,,E07000125,NW,Arts development and support,0,0.0,Revenue_Outturn__RO5__data_2014-15_by_LA_-_02-Feb-2016.xlsx,RO5 LA Data 2014-15 (3),"row 181, column 9",Net Current Expenditure (C7 = C3 - C6)
2014/15,E2341,,E07000125,NW,Heritage,0,0.0,Revenue_Outturn__RO5__data_2014-15_by_LA_-_02-Feb-2016.xlsx,RO5 LA Data 2014-15 (3),"row 181, column 11",Net Current Expenditure (C7 = C3 - C6)
2014/15,E2341,,E07000125,NW,Museums and galleries,98,98000.0,Revenue_Outturn__RO5__data_2014-15_by_LA_-_02-Feb-2016.xlsx,RO5 LA Data 2014-15 (3),"row 181, column 13",Net Current Expenditure (C7 = C3 - C6)
2014/15,E2341,,E07000125,NW,Theatres and public entertainment,0,0.0,Revenue_Outturn__RO5__data_2014-15_by_LA_-_02-Feb-2016.xlsx,RO5 LA Data 2014-15 (3),"row 181, column 15",Net Current Expenditure (C7 = C3 - C6)
2014/15,E2341,,E07000125,NW,Library service,0,0.0,Revenue_Outturn__RO5__data_2014-15_by_LA_-_02-Feb-2016.xlsx,RO5 LA Data 2014-15 (3),"row 181, column 29",Net Current Expenditure (C7 = C3 - C6)
2014/15,E2342,,E07000126,NW,Archives,0,0.0,Revenue_Outturn__RO5__data_2014-15_by_LA_-_02-Feb-2016.xlsx,RO5 LA Data 2014-15 (3),"row 182, column 7",Net Current Expenditure (C7 = C3 - C6)
2014/15,E2342,,E07000126,NW,Arts development and support,26,26000.0,Revenue_Outturn__RO5__data_2014-15_by_LA_-_02-Feb-2016.xlsx,RO5 LA Data 2014-15 (3),"row 182, column 9",Net Current Expenditure (C7 = C3 - C6)
2014/15,E2342,,E07000126,NW,Heritage,0,0.0,Revenue_Outturn__RO5__data_2014-15_by_LA_-_02-Feb-2016.xlsx,RO5 LA Data 2014-15 (3),"row 182, column 11",Net Current Expenditure (C7 = C3 - C6)
2014/15,E2342,,E07000126,NW,Museums and galleries,74,74000.0,Revenue_Outturn__RO5__data_2014-15_by_LA_-_02-Feb-2016.xlsx,RO5 LA Data 2014-15 (3),"row 182, column 13",Net Current Expenditure (C7 = C3 - C6)
2014/15,E2342,,E07000126,NW,Theatres and public entertainment,107,107000.0,Revenue_Outturn__RO5__data_2014-15_by_LA_-_02-Feb-2016.xlsx,RO5 LA Data 2014-15 (3),"row 182, column 15",Net Current Expenditure (C7 = C3 - C6)
2014/15,E2342,,E07000126,NW,Library service,0,0.0,Revenue_Outturn__RO5__data_2014-15_by_LA_-_02-Feb-2016.xlsx,RO5 LA Data 2014-15 (3),"row 182, column 29",Net Current Expenditure (C7 = C3 - C6)
2014/15,E2343,,E07000127,NW,Archives,0,0.0,Revenue_Outturn__RO5__data_2014-15_by_LA_-_02-Feb-2016.xlsx,RO5 LA Data 2014-15 (3),"row 183, column 7",Net Current Expenditure (C7 = C3 - C6)
2014/15,E2343,,E07000127,NW,Arts development and support,129,129000.0,Revenue_Outturn__RO5__data_2014-15_by_LA_-_02-Feb-2016.xlsx,RO5 LA Data 2014-15 (3),"row 183, column 9",Net Current Expenditure (C7 = C3 - C6)
2014/15,E2343,,E07000127,NW,Heritage,5,5000.0,Revenue_Outturn__RO5__data_2014-15_by_LA_-_02-Feb-2016.xlsx,RO5 LA Data 2014-15 (3),"row 183, column 11",Net Current Expenditure (C7 = C3 - C6)
2014/15,E2343,,E07000127,NW,Museums and galleries,164,164000.0,Revenue_Outturn__RO5__data_2014-15_by_LA_-_02-Feb-2016.xlsx,RO5 LA Data 2014-15 (3),"row 183, column 13",Net Current Expenditure (C7 = C3 - C6)
2014/15,E2343,,E07000127,NW,Theatres and public entertainment,18,18000.0,Revenue_Outturn__RO5__data_2014-15_by_LA_-_02-Feb-2016.xlsx,RO5 LA Data 2014-15 (3),"row 183, column 15",Net Current Expenditure (C7 = C3 - C6)
2014/15,E2343,,E07000127,NW,Library service,0,0.0,Revenue_Outturn__RO5__data_2014-15_by_LA_-_02-Feb-2016.xlsx,RO5 LA Data 2014-15 (3),"row 183, column 29",Net Current Expenditure (C7 = C3 - C6)
2014/15,E2344,,E07000128,NW,Archives,0,0.0,Revenue_Outturn__RO5__data_2014-15_by_LA_-_02-Feb-2016.xlsx,RO5 LA Data 2014-15 (3),"row 184, column 7",Net Current Expenditure (C7 = C3 - C6)
2014/15,E2344,,E07000128,NW,Arts development and support,71,71000.0,Revenue_Outturn__RO5__data_2014-15_by_LA_-_02-Feb-2016.xlsx,RO5 LA Data 2014-15 (3),"row 184, column 9",Net Current Expenditure (C7 = C3 - C6)
2014/15,E2344,,E07000128,NW,Heritage,261,261000.0,Revenue_Outturn__RO5__data_2014-15_by_LA_-_02-Feb-2016.xlsx,RO5 LA Data 2014-15 (3),"row 184, column 11",Net Current Expenditure (C7 = C3 - C6)
2014/15,E2344,,E07000128,NW,Museums and galleries,0,0.0,Revenue_Outturn__RO5__data_2014-15_by_LA_-_02-Feb-2016.xlsx,RO5 LA Data 2014-15 (3),"row 184, column 13",Net Current Expenditure (C7 = C3 - C6)
2014/15,E2344,,E07000128,NW,Theatres and public entertainment,328,328000.0,Revenue_Outturn__RO5__data_2014-15_by_LA_-_02-Feb-2016.xlsx,RO5 LA Data 2014-15 (3),"row 184, column 15",Net Current Expenditure (C7 = C3 - C6)
2014/15,E2344,,E07000128,NW,Library service,0,0.0,Revenue_Outturn__RO5__data_2014-15_by_LA_-_02-Feb-2016.xlsx,RO5 LA Data 2014-15 (3),"row 184, column 29",Net Current Expenditure (C7 = C3 - C6)
2014/15,E2401,,E06000016,EM,Archives,185,185000.0,Revenue_Outturn__RO5__data_2014-15_by_LA_-_02-Feb-2016.xlsx,RO5 LA Data 2014-15 (3),"row 185, column 7",Net Current Expenditure (C7 = C3 - C6)
2014/15,E2401,,E06000016,EM,Arts development and support,416,416000.0,Revenue_Outturn__RO5__data_2014-15_by_LA_-_02-Feb-2016.xlsx,RO5 LA Data 2014-15 (3),"row 185, column 9",Net Current Expenditure (C7 = C3 - C6)
2014/15,E2401,,E06000016,EM,Heritage,435,435000.0,Revenue_Outturn__RO5__data_2014-15_by_LA_-_02-Feb-2016.xlsx,RO5 LA Data 2014-15 (3),"row 185, column 11",Net Current Expenditure (C7 = C3 - C6)
2014/15,E2401,,E06000016,EM,Museums and galleries,2981,2981000.0,Revenue_Outturn__RO5__data_2014-15_by_LA_-_02-Feb-2016.xlsx,RO5 LA Data 2014-15 (3),"row 185, column 13",Net Current Expenditure (C7 = C3 - C6)
2014/15,E2401,,E06000016,EM,Theatres and public entertainment,2851,2851000.0,Revenue_Outturn__RO5__data_2014-15_by_LA_-_02-Feb-2016.xlsx,RO5 LA Data 2014-15 (3),"row 185, column 15",Net Current Expenditure (C7 = C3 - C6)
2014/15,E2401,,E06000016,EM,Library service,3908,3908000.0,Revenue_Outturn__RO5__data_2014-15_by_LA_-_02-Feb-2016.xlsx,RO5 LA Data 2014-15 (3),"row 185, column 29",Net Current Expenditure (C7 = C3 - C6)
2014/15,E2402,,E06000017,EM,Archives,0,0.0,Revenue_Outturn__RO5__data_2014-15_by_LA_-_02-Feb-2016.xlsx,RO5 LA Data 2014-15 (3),"row 186, column 7",Net Current Expenditure (C7 = C3 - C6)
2014/15,E2402,,E06000017,EM,Arts development and support,11,11000.0,Revenue_Outturn__RO5__data_2014-15_by_LA_-_02-Feb-2016.xlsx,RO5 LA Data 2014-15 (3),"row 186, column 9",Net Current Expenditure (C7 = C3 - C6)
2014/15,E2402,,E06000017,EM,Heritage,0,0.0,Revenue_Outturn__RO5__data_2014-15_by_LA_-_02-Feb-2016.xlsx,RO5 LA Data 2014-15 (3),"row 186, column 11",Net Current Expenditure (C7 = C3 - C6)
2014/15,E2402,,E06000017,EM,Museums and galleries,352,352000.0,Revenue_Outturn__RO5__data_2014-15_by_LA_-_02-Feb-2016.xlsx,RO5 LA Data 2014-15 (3),"row 186, column 13",Net Current Expenditure (C7 = C3 - C6)
2014/15,E2402,,E06000017,EM,Theatres and public entertainment,0,0.0,Revenue_Outturn__RO5__data_2014-15_by_LA_-_02-Feb-2016.xlsx,RO5 LA Data 2014-15 (3),"row 186, column 15",Net Current Expenditure (C7 = C3 - C6)
2014/15,E2402,,E06000017,EM,Library service,522,522000.0,Revenue_Outturn__RO5__data_2014-15_by_LA_-_02-Feb-2016.xlsx,RO5 LA Data 2014-15 (3),"row 186, column 29",Net Current Expenditure (C7 = C3 - C6)
2014/15,E2421,,E10000018,EM,Archives,317,317000.0,Revenue_Outturn__RO5__data_2014-15_by_LA_-_02-Feb-2016.xlsx,RO5 LA Data 2014-15 (3),"row 187, column 7",Net Current Expenditure (C7 = C3 - C6)
2014/15,E2421,,E10000018,EM,Arts development and support,0,0.0,Revenue_Outturn__RO5__data_2014-15_by_LA_-_02-Feb-2016.xlsx,RO5 LA Data 2014-15 (3),"row 187, column 9",Net Current Expenditure (C7 = C3 - C6)
2014/15,E2421,,E10000018,EM,Heritage,1888,1888000.0,Revenue_Outturn__RO5__data_2014-15_by_LA_-_02-Feb-2016.xlsx,RO5 LA Data 2014-15 (3),"row 187, column 11",Net Current Expenditure (C7 = C3 - C6)
2014/15,E2421,,E10000018,EM,Museums and galleries,1818,1818000.0,Revenue_Outturn__RO5__data_2014-15_by_LA_-_02-Feb-2016.xlsx,RO5 LA Data 2014-15 (3),"row 187, column 13",Net Current Expenditure (C7 = C3 - C6)
2014/15,E2421,,E10000018,EM,Theatres and public entertainment,0,0.0,Revenue_Outturn__RO5__data_2014-15_by_LA_-_02-Feb-2016.xlsx,RO5 LA Data 2014-15 (3),"row 187, column 15",Net Current Expenditure (C7 = C3 - C6)
2014/15,E2421,,E10000018,EM,Library service,6826,6826000.0,Revenue_Outturn__RO5__data_2014-15_by_LA_-_02-Feb-2016.xlsx,RO5 LA Data 2014-15 (3),"row 187, column 29",Net Current Expenditure (C7 = C3 - C6)
2014/15,E2431,,E07000129,EM,Archives,0,0.0,Revenue_Outturn__RO5__data_2014-15_by_LA_-_02-Feb-2016.xlsx,RO5 LA Data 2014-15 (3),"row 188, column 7",Net Current Expenditure (C7 = C3 - C6)
2014/15,E2431,,E07000129,EM,Arts development and support,15,15000.0,Revenue_Outturn__RO5__data_2014-15_by_LA_-_02-Feb-2016.xlsx,RO5 LA Data 2014-15 (3),"row 188, column 9",Net Current Expenditure (C7 = C3 - C6)
2014/15,E2431,,E07000129,EM,Heritage,0,0.0,Revenue_Outturn__RO5__data_2014-15_by_LA_-_02-Feb-2016.xlsx,RO5 LA Data 2014-15 (3),"row 188, column 11",Net Current Expenditure (C7 = C3 - C6)
2014/15,E2431,,E07000129,EM,Museums and galleries,0,0.0,Revenue_Outturn__RO5__data_2014-15_by_LA_-_02-Feb-2016.xlsx,RO5 LA Data 2014-15 (3),"row 188, column 13",Net Current Expenditure (C7 = C3 - C6)
2014/15,E2431,,E07000129,EM,Theatres and public entertainment,0,0.0,Revenue_Outturn__RO5__data_2014-15_by_LA_-_02-Feb-2016.xlsx,RO5 LA Data 2014-15 (3),"row 188, column 15",Net Current Expenditure (C7 = C3 - C6)
2014/15,E2431,,E07000129,EM,Library service,0,0.0,Revenue_Outturn__RO5__data_2014-15_by_LA_-_02-Feb-2016.xlsx,RO5 LA Data 2014-15 (3),"row 188, column 29",Net Current Expenditure (C7 = C3 - C6)
2014/15,E2432,,E07000130,EM,Archives,0,0.0,Revenue_Outturn__RO5__data_2014-15_by_LA_-_02-Feb-2016.xlsx,RO5 LA Data 2014-15 (3),"row 189, column 7",Net Current Expenditure (C7 = C3 - C6)
2014/15,E2432,,E07000130,EM,Arts development and support,129,129000.0,Revenue_Outturn__RO5__data_2014-15_by_LA_-_02-Feb-2016.xlsx,RO5 LA Data 2014-15 (3),"row 189, column 9",Net Current Expenditure (C7 = C3 - C6)
2014/15,E2432,,E07000130,EM,Heritage,20,20000.0,Revenue_Outturn__RO5__data_2014-15_by_LA_-_02-Feb-2016.xlsx,RO5 LA Data 2014-15 (3),"row 189, column 11",Net Current Expenditure (C7 = C3 - C6)
2014/15,E2432,,E07000130,EM,Museums and galleries,165,165000.0,Revenue_Outturn__RO5__data_2014-15_by_LA_-_02-Feb-2016.xlsx,RO5 LA Data 2014-15 (3),"row 189, column 13",Net Current Expenditure (C7 = C3 - C6)
2014/15,E2432,,E07000130,EM,Theatres and public entertainment,401,401000.0,Revenue_Outturn__RO5__data_2014-15_by_LA_-_02-Feb-2016.xlsx,RO5 LA Data 2014-15 (3),"row 189, column 15",Net Current Expenditure (C7 = C3 - C6)
2014/15,E2432,,E07000130,EM,Library service,0,0.0,Revenue_Outturn__RO5__data_2014-15_by_LA_-_02-Feb-2016.xlsx,RO5 LA Data 2014-15 (3),"row 189, column 29",Net Current Expenditure (C7 = C3 - C6)
2014/15,E2433,,E07000131,EM,Archives,0,0.0,Revenue_Outturn__RO5__data_2014-15_by_LA_-_02-Feb-2016.xlsx,RO5 LA Data 2014-15 (3),"row 190, column 7",Net Current Expenditure (C7 = C3 - C6)
2014/15,E2433,,E07000131,EM,Arts development and support,0,0.0,Revenue_Outturn__RO5__data_2014-15_by_LA_-_02-Feb-2016.xlsx,RO5 LA Data 2014-15 (3),"row 190, column 9",Net Current Expenditure (C7 = C3 - C6)
2014/15,E2433,,E07000131,EM,Heritage,0,0.0,Revenue_Outturn__RO5__data_2014-15_by_LA_-_02-Feb-2016.xlsx,RO5 LA Data 2014-15 (3),"row 190, column 11",Net Current Expenditure (C7 = C3 - C6)
2014/15,E2433,,E07000131,EM,Museums and galleries,63,63000.0,Revenue_Outturn__RO5__data_2014-15_by_LA_-_02-Feb-2016.xlsx,RO5 LA Data 2014-15 (3),"row 190, column 13",Net Current Expenditure (C7 = C3 - C6)
2014/15,E2433,,E07000131,EM,Theatres and public entertainment,0,0.0,Revenue_Outturn__RO5__data_2014-15_by_LA_-_02-Feb-2016.xlsx,RO5 LA Data 2014-15 (3),"row 190, column 15",Net Current Expenditure (C7 = C3 - C6)
2014/15,E2433,,E07000131,EM,Library service,0,0.0,Revenue_Outturn__RO5__data_2014-15_by_LA_-_02-Feb-2016.xlsx,RO5 LA Data 2014-15 (3),"row 190, column 29",Net Current Expenditure (C7 = C3 - C6)
2014/15,E2434,,E07000132,EM,Archives,0,0.0,Revenue_Outturn__RO5__data_2014-15_by_LA_-_02-Feb-2016.xlsx,RO5 LA Data 2014-15 (3),"row 191, column 7",Net Current Expenditure (C7 = C3 - C6)
2014/15,E2434,,E07000132,EM,Arts development and support,79,79000.0,Revenue_Outturn__RO5__data_2014-15_by_LA_-_02-Feb-2016.xlsx,RO5 LA Data 2014-15 (3),"row 191, column 9",Net Current Expenditure (C7 = C3 - C6)
2014/15,E2434,,E07000132,EM,Heritage,0,0.0,Revenue_Outturn__RO5__data_2014-15_by_LA_-_02-Feb-2016.xlsx,RO5 LA Data 2014-15 (3),"row 191, column 11",Net Current Expenditure (C7 = C3 - C6)
2014/15,E2434,,E07000132,EM,Museums and galleries,0,0.0,Revenue_Outturn__RO5__data_2014-15_by_LA_-_02-Feb-2016.xlsx,RO5 LA Data 2014-15 (3),"row 191, column 13",Net Current Expenditure (C7 = C3 - C6)
2014/15,E2434,,E07000132,EM,Theatres and public entertainment,99,99000.0,Revenue_Outturn__RO5__data_2014-15_by_LA_-_02-Feb-2016.xlsx,RO5 LA Data 2014-15 (3),"row 191, column 15",Net Current Expenditure (C7 = C3 - C6)
2014/15,E2434,,E07000132,EM,Library service,0,0.0,Revenue_Outturn__RO5__data_2014-15_by_LA_-_02-Feb-2016.xlsx,RO5 LA Data 2014-15 (3),"row 191, column 29",Net Current Expenditure (C7 = C3 - C6)
2014/15,E2436,,E07000133,EM,Archives,0,0.0,Revenue_Outturn__RO5__data_2014-15_by_LA_-_02-Feb-2016.xlsx,RO5 LA Data 2014-15 (3),"row 192, column 7",Net Current Expenditure (C7 = C3 - C6)
2014/15,E2436,,E07000133,EM,Arts development and support,-12,-12000.0,Revenue_Outturn__RO5__data_2014-15_by_LA_-_02-Feb-2016.xlsx,RO5 LA Data 2014-15 (3),"row 192, column 9",Net Current Expenditure (C7 = C3 - C6)
2014/15,E2436,,E07000133,EM,Heritage,0,0.0,Revenue_Outturn__RO5__data_2014-15_by_LA_-_02-Feb-2016.xlsx,RO5 LA Data 2014-15 (3),"row 192, column 11",Net Current Expenditure (C7 = C3 - C6)
2014/15,E2436,,E07000133,EM,Museums and galleries,0,0.0,Revenue_Outturn__RO5__data_2014-15_by_LA_-_02-Feb-2016.xlsx,RO5 LA Data 2014-15 (3),"row 192, column 13",Net Current Expenditure (C7 = C3 - C6)
2014/15,E2436,,E07000133,EM,Theatres and public entertainment,0,0.0,Revenue_Outturn__RO5__data_2014-15_by_LA_-_02-Feb-2016.xlsx,RO5 LA Data 2014-15 (3),"row 192, column 15",Net Current Expenditure (C7 = C3 - C6)
2014/15,E2436,,E07000133,EM,Library service,0,0.0,Revenue_Outturn__RO5__data_2014-15_by_LA_-_02-Feb-2016.xlsx,RO5 LA Data 2014-15 (3),"row 192, column 29",Net Current Expenditure (C7 = C3 - C6)
2014/15,E2437,,E07000134,EM,Archives,0,0.0,Revenue_Outturn__RO5__data_2014-15_by_LA_-_02-Feb-2016.xlsx,RO5 LA Data 2014-15 (3),"row 193, column 7",Net Current Expenditure (C7 = C3 - C6)
2014/15,E2437,,E07000134,EM,Arts development and support,91,91000.0,Revenue_Outturn__RO5__data_2014-15_by_LA_-_02-Feb-2016.xlsx,RO5 LA Data 2014-15 (3),"row 193, column 9",Net Current Expenditure (C7 = C3 - C6)
2014/15,E2437,,E07000134,EM,Heritage,41,41000.0,Revenue_Outturn__RO5__data_2014-15_by_LA_-_02-Feb-2016.xlsx,RO5 LA Data 2014-15 (3),"row 193, column 11",Net Current Expenditure (C7 = C3 - C6)
2014/15,E2437,,E07000134,EM,Museums and galleries,0,0.0,Revenue_Outturn__RO5__data_2014-15_by_LA_-_02-Feb-2016.xlsx,RO5 LA Data 2014-15 (3),"row 193, column 13",Net Current Expenditure (C7 = C3 - C6)
2014/15,E2437,,E07000134,EM,Theatres and public entertainment,0,0.0,Revenue_Outturn__RO5__data_2014-15_by_LA_-_02-Feb-2016.xlsx,RO5 LA Data 2014-15 (3),"row 193, column 15",Net Current Expenditure (C7 = C3 - C6)
2014/15,E2437,,E07000134,EM,Library service,0,0.0,Revenue_Outturn__RO5__data_2014-15_by_LA_-_02-Feb-2016.xlsx,RO5 LA Data 2014-15 (3),"row 193, column 29",Net Current Expenditure (C7 = C3 - C6)
2014/15,E2438,,E07000135,EM,Archives,0,0.0,Revenue_Outturn__RO5__data_2014-15_by_LA_-_02-Feb-2016.xlsx,RO5 LA Data 2014-15 (3),"row 194, column 7",Net Current Expenditure (C7 = C3 - C6)
2014/15,E2438,,E07000135,EM,Arts development and support,0,0.0,Revenue_Outturn__RO5__data_2014-15_by_LA_-_02-Feb-2016.xlsx,RO5 LA Data 2014-15 (3),"row 194, column 9",Net Current Expenditure (C7 = C3 - C6)
2014/15,E2438,,E07000135,EM,Heritage,0,0.0,Revenue_Outturn__RO5__data_2014-15_by_LA_-_02-Feb-2016.xlsx,RO5 LA Data 2014-15 (3),"row 194, column 11",Net Current Expenditure (C7 = C3 - C6)
2014/15,E2438,,E07000135,EM,Museums and galleries,0,0.0,Revenue_Outturn__RO5__data_2014-15_by_LA_-_02-Feb-2016.xlsx,RO5 LA Data 2014-15 (3),"row 194, column 13",Net Current Expenditure (C7 = C3 - C6)
2014/15,E2438,,E07000135,EM,Theatres and public entertainment,0,0.0,Revenue_Outturn__RO5__data_2014-15_by_LA_-_02-Feb-2016.xlsx,RO5 LA Data 2014-15 (3),"row 194, column 15",Net Current Expenditure (C7 = C3 - C6)
2014/15,E2438,,E07000135,EM,Library service,0,0.0,Revenue_Outturn__RO5__data_2014-15_by_LA_-_02-Feb-2016.xlsx,RO5 LA Data 2014-15 (3),"row 194, column 29",Net Current Expenditure (C7 = C3 - C6)
2014/15,E2520,,E10000019,EM,Archives,765,765000.0,Revenue_Outturn__RO5__data_2014-15_by_LA_-_02-Feb-2016.xlsx,RO5 LA Data 2014-15 (3),"row 195, column 7",Net Current Expenditure (C7 = C3 - C6)
2014/15,E2520,,E10000019,EM,Arts development and support,65,65000.0,Revenue_Outturn__RO5__data_2014-15_by_LA_-_02-Feb-2016.xlsx,RO5 LA Data 2014-15 (3),"row 195, column 9",Net Current Expenditure (C7 = C3 - C6)
2014/15,E2520,,E10000019,EM,Heritage,1483,1483000.0,Revenue_Outturn__RO5__data_2014-15_by_LA_-_02-Feb-2016.xlsx,RO5 LA Data 2014-15 (3),"row 195, column 11",Net Current Expenditure (C7 = C3 - C6)
2014/15,E2520,,E10000019,EM,Museums and galleries,2068,2068000.0,Revenue_Outturn__RO5__data_2014-15_by_LA_-_02-Feb-2016.xlsx,RO5 LA Data 2014-15 (3),"row 195, column 13",Net Current Expenditure (C7 = C3 - C6)
2014/15,E2520,,E10000019,EM,Theatres and public entertainment,0,0.0,Revenue_Outturn__RO5__data_2014-15_by_LA_-_02-Feb-2016.xlsx,RO5 LA Data 2014-15 (3),"row 195, column 15",Net Current Expenditure (C7 = C3 - C6)
2014/15,E2520,,E10000019,EM,Library service,9455,9455000.0,Revenue_Outturn__RO5__data_2014-15_by_LA_-_02-Feb-2016.xlsx,RO5 LA Data 2014-15 (3),"row 195, column 29",Net Current Expenditure (C7 = C3 - C6)
2014/15,E2531,,E07000136,EM,Archives,0,0.0,Revenue_Outturn__RO5__data_2014-15_by_LA_-_02-Feb-2016.xlsx,RO5 LA Data 2014-15 (3),"row 196, column 7",Net Current Expenditure (C7 = C3 - C6)
2014/15,E2531,,E07000136,EM,Arts development and support,0,0.0,Revenue_Outturn__RO5__data_2014-15_by_LA_-_02-Feb-2016.xlsx,RO5 LA Data 2014-15 (3),"row 196, column 9",Net Current Expenditure (C7 = C3 - C6)
2014/15,E2531,,E07000136,EM,Heritage,0,0.0,Revenue_Outturn__RO5__data_2014-15_by_LA_-_02-Feb-2016.xlsx,RO5 LA Data 2014-15 (3),"row 196, column 11",Net Current Expenditure (C7 = C3 - C6)
2014/15,E2531,,E07000136,EM,Museums and galleries,156,156000.0,Revenue_Outturn__RO5__data_2014-15_by_LA_-_02-Feb-2016.xlsx,RO5 LA Data 2014-15 (3),"row 196, column 13",Net Current Expenditure (C7 = C3 - C6)
2014/15,E2531,,E07000136,EM,Theatres and public entertainment,-35,-35000.0,Revenue_Outturn__RO5__data_2014-15_by_LA_-_02-Feb-2016.xlsx,RO5 LA Data 2014-15 (3),"row 196, column 15",Net Current Expenditure (C7 = C3 - C6)
2014/15,E2531,,E07000136,EM,Library service,0,0.0,Revenue_Outturn__RO5__data_2014-15_by_LA_-_02-Feb-2016.xlsx,RO5 LA Data 2014-15 (3),"row 196, column 29",Net Current Expenditure (C7 = C3 - C6)
2014/15,E2532,,E07000137,EM,Archives,0,0.0,Revenue_Outturn__RO5__data_2014-15_by_LA_-_02-Feb-2016.xlsx,RO5 LA Data 2014-15 (3),"row 197, column 7",Net Current Expenditure (C7 = C3 - C6)
2014/15,E2532,,E07000137,EM,Arts development and support,507,507000.0,Revenue_Outturn__RO5__data_2014-15_by_LA_-_02-Feb-2016.xlsx,RO5 LA Data 2014-15 (3),"row 197, column 9",Net Current Expenditure (C7 = C3 - C6)
2014/15,E2532,,E07000137,EM,Heritage,18,18000.0,Revenue_Outturn__RO5__data_2014-15_by_LA_-_02-Feb-2016.xlsx,RO5 LA Data 2014-15 (3),"row 197, column 11",Net Current Expenditure (C7 = C3 - C6)
2014/15,E2532,,E07000137,EM,Museums and galleries,0,0.0,Revenue_Outturn__RO5__data_2014-15_by_LA_-_02-Feb-2016.xlsx,RO5 LA Data 2014-15 (3),"row 197, column 13",Net Current Expenditure (C7 = C3 - C6)
2014/15,E2532,,E07000137,EM,Theatres and public entertainment,324,324000.0,Revenue_Outturn__RO5__data_2014-15_by_LA_-_02-Feb-2016.xlsx,RO5 LA Data 2014-15 (3),"row 197, column 15",Net Current Expenditure (C7 = C3 - C6)
2014/15,E2532,,E07000137,EM,Library service,0,0.0,Revenue_Outturn__RO5__data_2014-15_by_LA_-_02-Feb-2016.xlsx,RO5 LA Data 2014-15 (3),"row 197, column 29",Net Current Expenditure (C7 = C3 - C6)
2014/15,E2533,,E07000138,EM,Archives,0,0.0,Revenue_Outturn__RO5__data_2014-15_by_LA_-_02-Feb-2016.xlsx,RO5 LA Data 2014-15 (3),"row 198, column 7",Net Current Expenditure (C7 = C3 - C6)
2014/15,E2533,,E07000138,EM,Arts development and support,4,4000.0,Revenue_Outturn__RO5__data_2014-15_by_LA_-_02-Feb-2016.xlsx,RO5 LA Data 2014-15 (3),"row 198, column 9",Net Current Expenditure (C7 = C3 - C6)
2014/15,E2533,,E07000138,EM,Heritage,194,194000.0,Revenue_Outturn__RO5__data_2014-15_by_LA_-_02-Feb-2016.xlsx,RO5 LA Data 2014-15 (3),"row 198, column 11",Net Current Expenditure (C7 = C3 - C6)
2014/15,E2533,,E07000138,EM,Museums and galleries,0,0.0,Revenue_Outturn__RO5__data_2014-15_by_LA_-_02-Feb-2016.xlsx,RO5 LA Data 2014-15 (3),"row 198, column 13",Net Current Expenditure (C7 = C3 - C6)
2014/15,E2533,,E07000138,EM,Theatres and public entertainment,575,575000.0,Revenue_Outturn__RO5__data_2014-15_by_LA_-_02-Feb-2016.xlsx,RO5 LA Data 2014-15 (3),"row 198, column 15",Net Current Expenditure (C7 = C3 - C6)
2014/15,E2533,,E07000138,EM,Library service,0,0.0,Revenue_Outturn__RO5__data_2014-15_by_LA_-_02-Feb-2016.xlsx,RO5 LA Data 2014-15 (3),"row 198, column 29",Net Current Expenditure (C7 = C3 - C6)
2014/15,E2534,,E07000139,EM,Archives,0,0.0,Revenue_Outturn__RO5__data_2014-15_by_LA_-_02-Feb-2016.xlsx,RO5 LA Data 2014-15 (3),"row 199, column 7",Net Current Expenditure (C7 = C3 - C6)
2014/15,E2534,,E07000139,EM,Arts development and support,268,268000.0,Revenue_Outturn__RO5__data_2014-15_by_LA_-_02-Feb-2016.xlsx,RO5 LA Data 2014-15 (3),"row 199, column 9",Net Current Expenditure (C7 = C3 - C6)
2014/15,E2534,,E07000139,EM,Heritage,45,45000.0,Revenue_Outturn__RO5__data_2014-15_by_LA_-_02-Feb-2016.xlsx,RO5 LA Data 2014-15 (3),"row 199, column 11",Net Current Expenditure (C7 = C3 - C6)
2014/15,E2534,,E07000139,EM,Museums and galleries,29,29000.0,Revenue_Outturn__RO5__data_2014-15_by_LA_-_02-Feb-2016.xlsx,RO5 LA Data 2014-15 (3),"row 199, column 13",Net Current Expenditure (C7 = C3 - C6)
2014/15,E2534,,E07000139,EM,Theatres and public entertainment,0,0.0,Revenue_Outturn__RO5__data_2014-15_by_LA_-_02-Feb-2016.xlsx,RO5 LA Data 2014-15 (3),"row 199, column 15",Net Current Expenditure (C7 = C3 - C6)
2014/15,E2534,,E07000139,EM,Library service,0,0.0,Revenue_Outturn__RO5__data_2014-15_by_LA_-_02-Feb-2016.xlsx,RO5 LA Data 2014-15 (3),"row 199, column 29",Net Current Expenditure (C7 = C3 - C6)
2014/15,E2535,,E07000140,EM,Archives,0,0.0,Revenue_Outturn__RO5__data_2014-15_by_LA_-_02-Feb-2016.xlsx,RO5 LA Data 2014-15 (3),"row 200, column 7",Net Current Expenditure (C7 = C3 - C6)
2014/15,E2535,,E07000140,EM,Arts development and support,95,95000.0,Revenue_Outturn__RO5__data_2014-15_by_LA_-_02-Feb-2016.xlsx,RO5 LA Data 2014-15 (3),"row 200, column 9",Net Current Expenditure (C7 = C3 - C6)
2014/15,E2535,,E07000140,EM,Heritage,0,0.0,Revenue_Outturn__RO5__data_2014-15_by_LA_-_02-Feb-2016.xlsx,RO5 LA Data 2014-15 (3),"row 200, column 11",Net Current Expenditure (C7 = C3 - C6)
2014/15,E2535,,E07000140,EM,Museums and galleries,172,172000.0,Revenue_Outturn__RO5__data_2014-15_by_LA_-_02-Feb-2016.xlsx,RO5 LA Data 2014-15 (3),"row 200, column 13",Net Current Expenditure (C7 = C3 - C6)
2014/15,E2535,,E07000140,EM,Theatres and public entertainment,453,453000.0,Revenue_Outturn__RO5__data_2014-15_by_LA_-_02-Feb-2016.xlsx,RO5 LA Data 2014-15 (3),"row 200, column 15",Net Current Expenditure (C7 = C3 - C6)
2014/15,E2535,,E07000140,EM,Library service,0,0.0,Revenue_Outturn__RO5__data_2014-15_by_LA_-_02-Feb-2016.xlsx,RO5 LA Data 2014-15 (3),"row 200, column 29",Net Current Expenditure (C7 = C3 - C6)
2014/15,E2536,,E07000141,EM,Archives,0,0.0,Revenue_Outturn__RO5__data_2014-15_by_LA_-_02-Feb-2016.xlsx,RO5 LA Data 2014-15 (3),"row 201, column 7",Net Current Expenditure (C7 = C3 - C6)
2014/15,E2536,,E07000141,EM,Arts development and support,39,39000.0,Revenue_Outturn__RO5__data_2014-15_by_LA_-_02-Feb-2016.xlsx,RO5 LA Data 2014-15 (3),"row 201, column 9",Net Current Expenditure (C7 = C3 - C6)
2014/15,E2536,,E07000141,EM,Heritage,0,0.0,Revenue_Outturn__RO5__data_2014-15_by_LA_-_02-Feb-2016.xlsx,RO5 LA Data 2014-15 (3),"row 201, column 11",Net Current Expenditure (C7 = C3 - C6)
2014/15,E2536,,E07000141,EM,Museums and galleries,39,39000.0,Revenue_Outturn__RO5__data_2014-15_by_LA_-_02-Feb-2016.xlsx,RO5 LA Data 2014-15 (3),"row 201, column 13",Net Current Expenditure (C7 = C3 - C6)
2014/15,E2536,,E07000141,EM,Theatres and public entertainment,933,933000.0,Revenue_Outturn__RO5__data_2014-15_by_LA_-_02-Feb-2016.xlsx,RO5 LA Data 2014-15 (3),"row 201, column 15",Net Current Expenditure (C7 = C3 - C6)
2014/15,E2536,,E07000141,EM,Library service,0,0.0,Revenue_Outturn__RO5__data_2014-15_by_LA_-_02-Feb-2016.xlsx,RO5 LA Data 2014-15 (3),"row 201, column 29",Net Current Expenditure (C7 = C3 - C6)
2014/15,E2537,,E07000142,EM,Archives,0,0.0,Revenue_Outturn__RO5__data_2014-15_by_LA_-_02-Feb-2016.xlsx,RO5 LA Data 2014-15 (3),"row 202, column 7",Net Current Expenditure (C7 = C3 - C6)
2014/15,E2537,,E07000142,EM,Arts development and support,7,7000.0,Revenue_Outturn__RO5__data_2014-15_by_LA_-_02-Feb-2016.xlsx,RO5 LA Data 2014-15 (3),"row 202, column 9",Net Current Expenditure (C7 = C3 - C6)
2014/15,E2537,,E07000142,EM,Heritage,0,0.0,Revenue_Outturn__RO5__data_2014-15_by_LA_-_02-Feb-2016.xlsx,RO5 LA Data 2014-15 (3),"row 202, column 11",Net Current Expenditure (C7 = C3 - C6)
2014/15,E2537,,E07000142,EM,Museums and galleries,0,0.0,Revenue_Outturn__RO5__data_2014-15_by_LA_-_02-Feb-2016.xlsx,RO5 LA Data 2014-15 (3),"row 202, column 13",Net Current Expenditure (C7 = C3 - C6)
2014/15,E2537,,E07000142,EM,Theatres and public entertainment,178,178000.0,Revenue_Outturn__RO5__data_2014-15_by_LA_-_02-Feb-2016.xlsx,RO5 LA Data 2014-15 (3),"row 202, column 15",Net Current Expenditure (C7 = C3 - C6)
2014/15,E2537,,E07000142,EM,Library service,0,0.0,Revenue_Outturn__RO5__data_2014-15_by_LA_-_02-Feb-2016.xlsx,RO5 LA Data 2014-15 (3),"row 202, column 29",Net Current Expenditure (C7 = C3 - C6)
2014/15,E2620,,E10000020,EE,Archives,1311,1311000.0,Revenue_Outturn__RO5__data_2014-15_by_LA_-_02-Feb-2016.xlsx,RO5 LA Data 2014-15 (3),"row 203, column 7",Net Current Expenditure (C7 = C3 - C6)
2014/15,E2620,,E10000020,EE,Arts development and support,503,503000.0,Revenue_Outturn__RO5__data_2014-15_by_LA_-_02-Feb-2016.xlsx,RO5 LA Data 2014-15 (3),"row 203, column 9",Net Current Expenditure (C7 = C3 - C6)
2014/15,E2620,,E10000020,EE,Heritage,475,475000.0,Revenue_Outturn__RO5__data_2014-15_by_LA_-_02-Feb-2016.xlsx,RO5 LA Data 2014-15 (3),"row 203, column 11",Net Current Expenditure (C7 = C3 - C6)
2014/15,E2620,,E10000020,EE,Museums and galleries,3173,3173000.0,Revenue_Outturn__RO5__data_2014-15_by_LA_-_02-Feb-2016.xlsx,RO5 LA Data 2014-15 (3),"row 203, column 13",Net Current Expenditure (C7 = C3 - C6)
2014/15,E2620,,E10000020,EE,Theatres and public entertainment,0,0.0,Revenue_Outturn__RO5__data_2014-15_by_LA_-_02-Feb-2016.xlsx,RO5 LA Data 2014-15 (3),"row 203, column 15",Net Current Expenditure (C7 = C3 - C6)
2014/15,E2620,,E10000020,EE,Library service,10562,10562000.0,Revenue_Outturn__RO5__data_2014-15_by_LA_-_02-Feb-2016.xlsx,RO5 LA Data 2014-15 (3),"row 203, column 29",Net Current Expenditure (C7 = C3 - C6)
2014/15,E2631,,E07000143,EE,Archives,0,0.0,Revenue_Outturn__RO5__data_2014-15_by_LA_-_02-Feb-2016.xlsx,RO5 LA Data 2014-15 (3),"row 204, column 7",Net Current Expenditure (C7 = C3 - C6)
2014/15,E2631,,E07000143,EE,Arts development and support,70,70000.0,Revenue_Outturn__RO5__data_2014-15_by_LA_-_02-Feb-2016.xlsx,RO5 LA Data 2014-15 (3),"row 204, column 9",Net Current Expenditure (C7 = C3 - C6)
2014/15,E2631,,E07000143,EE,Heritage,0,0.0,Revenue_Outturn__RO5__data_2014-15_by_LA_-_02-Feb-2016.xlsx,RO5 LA Data 2014-15 (3),"row 204, column 11",Net Current Expenditure (C7 = C3 - C6)
2014/15,E2631,,E07000143,EE,Museums and galleries,0,0.0,Revenue_Outturn__RO5__data_2014-15_by_LA_-_02-Feb-2016.xlsx,RO5 LA Data 2014-15 (3),"row 204, column 13",Net Current Expenditure (C7 = C3 - C6)
2014/15,E2631,,E07000143,EE,Theatres and public entertainment,0,0.0,Revenue_Outturn__RO5__data_2014-15_by_LA_-_02-Feb-2016.xlsx,RO5 LA Data 2014-15 (3),"row 204, column 15",Net Current Expenditure (C7 = C3 - C6)
2014/15,E2631,,E07000143,EE,Library service,0,0.0,Revenue_Outturn__RO5__data_2014-15_by_LA_-_02-Feb-2016.xlsx,RO5 LA Data 2014-15 (3),"row 204, column 29",Net Current Expenditure (C7 = C3 - C6)
2014/15,E2632,,E07000144,EE,Archives,0,0.0,Revenue_Outturn__RO5__data_2014-15_by_LA_-_02-Feb-2016.xlsx,RO5 LA Data 2014-15 (3),"row 205, column 7",Net Current Expenditure (C7 = C3 - C6)
2014/15,E2632,,E07000144,EE,Arts development and support,74,74000.0,Revenue_Outturn__RO5__data_2014-15_by_LA_-_02-Feb-2016.xlsx,RO5 LA Data 2014-15 (3),"row 205, column 9",Net Current Expenditure (C7 = C3 - C6)
2014/15,E2632,,E07000144,EE,Heritage,1,1000.0,Revenue_Outturn__RO5__data_2014-15_by_LA_-_02-Feb-2016.xlsx,RO5 LA Data 2014-15 (3),"row 205, column 11",Net Current Expenditure (C7 = C3 - C6)
2014/15,E2632,,E07000144,EE,Museums and galleries,0,0.0,Revenue_Outturn__RO5__data_2014-15_by_LA_-_02-Feb-2016.xlsx,RO5 LA Data 2014-15 (3),"row 205, column 13",Net Current Expenditure (C7 = C3 - C6)
2014/15,E2632,,E07000144,EE,Theatres and public entertainment,1,1000.0,Revenue_Outturn__RO5__data_2014-15_by_LA_-_02-Feb-2016.xlsx,RO5 LA Data 2014-15 (3),"row 205, column 15",Net Current Expenditure (C7 = C3 - C6)
2014/15,E2632,,E07000144,EE,Library service,0,0.0,Revenue_Outturn__RO5__data_2014-15_by_LA_-_02-Feb-2016.xlsx,RO5 LA Data 2014-15 (3),"row 205, column 29",Net Current Expenditure (C7 = C3 - C6)
2014/15,E2633,,E07000145,EE,Archives,0,0.0,Revenue_Outturn__RO5__data_2014-15_by_LA_-_02-Feb-2016.xlsx,RO5 LA Data 2014-15 (3),"row 206, column 7",Net Current Expenditure (C7 = C3 - C6)
2014/15,E2633,,E07000145,EE,Arts development and support,344,344000.0,Revenue_Outturn__RO5__data_2014-15_by_LA_-_02-Feb-2016.xlsx,RO5 LA Data 2014-15 (3),"row 206, column 9",Net Current Expenditure (C7 = C3 - C6)
2014/15,E2633,,E07000145,EE,Heritage,0,0.0,Revenue_Outturn__RO5__data_2014-15_by_LA_-_02-Feb-2016.xlsx,RO5 LA Data 2014-15 (3),"row 206, column 11",Net Current Expenditure (C7 = C3 - C6)
2014/15,E2633,,E07000145,EE,Museums and galleries,0,0.0,Revenue_Outturn__RO5__data_2014-15_by_LA_-_02-Feb-2016.xlsx,RO5 LA Data 2014-15 (3),"row 206, column 13",Net Current Expenditure (C7 = C3 - C6)
2014/15,E2633,,E07000145,EE,Theatres and public entertainment,0,0.0,Revenue_Outturn__RO5__data_2014-15_by_LA_-_02-Feb-2016.xlsx,RO5 LA Data 2014-15 (3),"row 206, column 15",Net Current Expenditure (C7 = C3 - C6)
2014/15,E2633,,E07000145,EE,Library service,0,0.0,Revenue_Outturn__RO5__data_2014-15_by_LA_-_02-Feb-2016.xlsx,RO5 LA Data 2014-15 (3),"row 206, column 29",Net Current Expenditure (C7 = C3 - C6)
2014/15,E2634,,E07000146,EE,Archives,0,0.0,Revenue_Outturn__RO5__data_2014-15_by_LA_-_02-Feb-2016.xlsx,RO5 LA Data 2014-15 (3),"row 207, column 7",Net Current Expenditure (C7 = C3 - C6)
2014/15,E2634,,E07000146,EE,Arts development and support,7,7000.0,Revenue_Outturn__RO5__data_2014-15_by_LA_-_02-Feb-2016.xlsx,RO5 LA Data 2014-15 (3),"row 207, column 9",Net Current Expenditure (C7 = C3 - C6)
2014/15,E2634,,E07000146,EE,Heritage,243,243000.0,Revenue_Outturn__RO5__data_2014-15_by_LA_-_02-Feb-2016.xlsx,RO5 LA Data 2014-15 (3),"row 207, column 11",Net Current Expenditure (C7 = C3 - C6)
2014/15,E2634,,E07000146,EE,Museums and galleries,77,77000.0,Revenue_Outturn__RO5__data_2014-15_by_LA_-_02-Feb-2016.xlsx,RO5 LA Data 2014-15 (3),"row 207, column 13",Net Current Expenditure (C7 = C3 - C6)
2014/15,E2634,,E07000146,EE,Theatres and public entertainment,487,487000.0,Revenue_Outturn__RO5__data_2014-15_by_LA_-_02-Feb-2016.xlsx,RO5 LA Data 2014-15 (3),"row 207, column 15",Net Current Expenditure (C7 = C3 - C6)
2014/15,E2634,,E07000146,EE,Library service,0,0.0,Revenue_Outturn__RO5__data_2014-15_by_LA_-_02-Feb-2016.xlsx,RO5 LA Data 2014-15 (3),"row 207, column 29",Net Current Expenditure (C7 = C3 - C6)
2014/15,E2635,,E07000147,EE,Archives,0,0.0,Revenue_Outturn__RO5__data_2014-15_by_LA_-_02-Feb-2016.xlsx,RO5 LA Data 2014-15 (3),"row 208, column 7",Net Current Expenditure (C7 = C3 - C6)
2014/15,E2635,,E07000147,EE,Arts development and support,0,0.0,Revenue_Outturn__RO5__data_2014-15_by_LA_-_02-Feb-2016.xlsx,RO5 LA Data 2014-15 (3),"row 208, column 9",Net Current Expenditure (C7 = C3 - C6)
2014/15,E2635,,E07000147,EE,Heritage,80,80000.0,Revenue_Outturn__RO5__data_2014-15_by_LA_-_02-Feb-2016.xlsx,RO5 LA Data 2014-15 (3),"row 208, column 11",Net Current Expenditure (C7 = C3 - C6)
2014/15,E2635,,E07000147,EE,Museums and galleries,20,20000.0,Revenue_Outturn__RO5__data_2014-15_by_LA_-_02-Feb-2016.xlsx,RO5 LA Data 2014-15 (3),"row 208, column 13",Net Current Expenditure (C7 = C3 - C6)
2014/15,E2635,,E07000147,EE,Theatres and public entertainment,178,178000.0,Revenue_Outturn__RO5__data_2014-15_by_LA_-_02-Feb-2016.xlsx,RO5 LA Data 2014-15 (3),"row 208, column 15",Net Current Expenditure (C7 = C3 - C6)
2014/15,E2635,,E07000147,EE,Library service,0,0.0,Revenue_Outturn__RO5__data_2014-15_by_LA_-_02-Feb-2016.xlsx,RO5 LA Data 2014-15 (3),"row 208, column 29",Net Current Expenditure (C7 = C3 - C6)
2014/15,E2636,,E07000148,EE,Archives,0,0.0,Revenue_Outturn__RO5__data_2014-15_by_LA_-_02-Feb-2016.xlsx,RO5 LA Data 2014-15 (3),"row 209, column 7",Net Current Expenditure (C7 = C3 - C6)
2014/15,E2636,,E07000148,EE,Arts development and support,0,0.0,Revenue_Outturn__RO5__data_2014-15_by_LA_-_02-Feb-2016.xlsx,RO5 LA Data 2014-15 (3),"row 209, column 9",Net Current Expenditure (C7 = C3 - C6)
2014/15,E2636,,E07000148,EE,Heritage,497,497000.0,Revenue_Outturn__RO5__data_2014-15_by_LA_-_02-Feb-2016.xlsx,RO5 LA Data 2014-15 (3),"row 209, column 11",Net Current Expenditure (C7 = C3 - C6)
2014/15,E2636,,E07000148,EE,Museums and galleries,0,0.0,Revenue_Outturn__RO5__data_2014-15_by_LA_-_02-Feb-2016.xlsx,RO5 LA Data 2014-15 (3),"row 209, column 13",Net Current Expenditure (C7 = C3 - C6)
2014/15,E2636,,E07000148,EE,Theatres and public entertainment,476,476000.0,Revenue_Outturn__RO5__data_2014-15_by_LA_-_02-Feb-2016.xlsx,RO5 LA Data 2014-15 (3),"row 209, column 15",Net Current Expenditure (C7 = C3 - C6)
2014/15,E2636,,E07000148,EE,Library service,0,0.0,Revenue_Outturn__RO5__data_2014-15_by_LA_-_02-Feb-2016.xlsx,RO5 LA Data 2014-15 (3),"row 209, column 29",Net Current Expenditure (C7 = C3 - C6)
2014/15,E2637,,E07000149,EE,Archives,0,0.0,Revenue_Outturn__RO5__data_2014-15_by_LA_-_02-Feb-2016.xlsx,RO5 LA Data 2014-15 (3),"row 210, column 7",Net Current Expenditure (C7 = C3 - C6)
2014/15,E2637,,E07000149,EE,Arts development and support,0,0.0,Revenue_Outturn__RO5__data_2014-15_by_LA_-_02-Feb-2016.xlsx,RO5 LA Data 2014-15 (3),"row 210, column 9",Net Current Expenditure (C7 = C3 - C6)
2014/15,E2637,,E07000149,EE,Heritage,92,92000.0,Revenue_Outturn__RO5__data_2014-15_by_LA_-_02-Feb-2016.xlsx,RO5 LA Data 2014-15 (3),"row 210, column 11",Net Current Expenditure (C7 = C3 - C6)
2014/15,E2637,,E07000149,EE,Museums and galleries,0,0.0,Revenue_Outturn__RO5__data_2014-15_by_LA_-_02-Feb-2016.xlsx,RO5 LA Data 2014-15 (3),"row 210, column 13",Net Current Expenditure (C7 = C3 - C6)
2014/15,E2637,,E07000149,EE,Theatres and public entertainment,0,0.0,Revenue_Outturn__RO5__data_2014-15_by_LA_-_02-Feb-2016.xlsx,RO5 LA Data 2014-15 (3),"row 210, column 15",Net Current Expenditure (C7 = C3 - C6)
2014/15,E2637,,E07000149,EE,Library service,0,0.0,Revenue_Outturn__RO5__data_2014-15_by_LA_-_02-Feb-2016.xlsx,RO5 LA Data 2014-15 (3),"row 210, column 29",Net Current Expenditure (C7 = C3 - C6)
2014/15,E2701,,E06000014,YH,Archives,0,0.0,Revenue_Outturn__RO5__data_2014-15_by_LA_-_02-Feb-2016.xlsx,RO5 LA Data 2014-15 (3),"row 211, column 7",Net Current Expenditure (C7 = C3 - C6)
2014/15,E2701,,E06000014,YH,Arts development and support,541,541000.0,Revenue_Outturn__RO5__data_2014-15_by_LA_-_02-Feb-2016.xlsx,RO5 LA Data 2014-15 (3),"row 211, column 9",Net Current Expenditure (C7 = C3 - C6)
2014/15,E2701,,E06000014,YH,Heritage,83,83000.0,Revenue_Outturn__RO5__data_2014-15_by_LA_-_02-Feb-2016.xlsx,RO5 LA Data 2014-15 (3),"row 211, column 11",Net Current Expenditure (C7 = C3 - C6)
2014/15,E2701,,E06000014,YH,Museums and galleries,1015,1015000.0,Revenue_Outturn__RO5__data_2014-15_by_LA_-_02-Feb-2016.xlsx,RO5 LA Data 2014-15 (3),"row 211, column 13",Net Current Expenditure (C7 = C3 - C6)
2014/15,E2701,,E06000014,YH,Theatres and public entertainment,925,925000.0,Revenue_Outturn__RO5__data_2014-15_by_LA_-_02-Feb-2016.xlsx,RO5 LA Data 2014-15 (3),"row 211, column 15",Net Current Expenditure (C7 = C3 - C6)
2014/15,E2701,,E06000014,YH,Library service,2609,2609000.0,Revenue_Outturn__RO5__data_2014-15_by_LA_-_02-Feb-2016.xlsx,RO5 LA Data 2014-15 (3),"row 211, column 29",Net Current Expenditure (C7 = C3 - C6)
2014/15,E2721,,E10000023,YH,Archives,599,599000.0,Revenue_Outturn__RO5__data_2014-15_by_LA_-_02-Feb-2016.xlsx,RO5 LA Data 2014-15 (3),"row 212, column 7",Net Current Expenditure (C7 = C3 - C6)
2014/15,E2721,,E10000023,YH,Arts development and support,0,0.0,Revenue_Outturn__RO5__data_2014-15_by_LA_-_02-Feb-2016.xlsx,RO5 LA Data 2014-15 (3),"row 212, column 9",Net Current Expenditure (C7 = C3 - C6)
2014/15,E2721,,E10000023,YH,Heritage,0,0.0,Revenue_Outturn__RO5__data_2014-15_by_LA_-_02-Feb-2016.xlsx,RO5 LA Data 2014-15 (3),"row 212, column 11",Net Current Expenditure (C7 = C3 - C6)
2014/15,E2721,,E10000023,YH,Museums and galleries,0,0.0,Revenue_Outturn__RO5__data_2014-15_by_LA_-_02-Feb-2016.xlsx,RO5 LA Data 2014-15 (3),"row 212, column 13",Net Current Expenditure (C7 = C3 - C6)
2014/15,E2721,,E10000023,YH,Theatres and public entertainment,31,31000.0,Revenue_Outturn__RO5__data_2014-15_by_LA_-_02-Feb-2016.xlsx,RO5 LA Data 2014-15 (3),"row 212, column 15",Net Current Expenditure (C7 = C3 - C6)
2014/15,E2721,,E10000023,YH,Library service,7667,7667000.0,Revenue_Outturn__RO5__data_2014-15_by_LA_-_02-Feb-2016.xlsx,RO5 LA Data 2014-15 (3),"row 212, column 29",Net Current Expenditure (C7 = C3 - C6)
2014/15,E2731,,E07000163,YH,Archives,0,0.0,Revenue_Outturn__RO5__data_2014-15_by_LA_-_02-Feb-2016.xlsx,RO5 LA Data 2014-15 (3),"row 213, column 7",Net Current Expenditure (C7 = C3 - C6)
2014/15,E2731,,E07000163,YH,Arts development and support,42,42000.0,Revenue_Outturn__RO5__data_2014-15_by_LA_-_02-Feb-2016.xlsx,RO5 LA Data 2014-15 (3),"row 213, column 9",Net Current Expenditure (C7 = C3 - C6)
2014/15,E2731,,E07000163,YH,Heritage,0,0.0,Revenue_Outturn__RO5__data_2014-15_by_LA_-_02-Feb-2016.xlsx,RO5 LA Data 2014-15 (3),"row 213, column 11",Net Current Expenditure (C7 = C3 - C6)
2014/15,E2731,,E07000163,YH,Museums and galleries,241,241000.0,Revenue_Outturn__RO5__data_2014-15_by_LA_-_02-Feb-2016.xlsx,RO5 LA Data 2014-15 (3),"row 213, column 13",Net Current Expenditure (C7 = C3 - C6)
2014/15,E2731,,E07000163,YH,Theatres and public entertainment,0,0.0,Revenue_Outturn__RO5__data_2014-15_by_LA_-_02-Feb-2016.xlsx,RO5 LA Data 2014-15 (3),"row 213, column 15",Net Current Expenditure (C7 = C3 - C6)
2014/15,E2731,,E07000163,YH,Library service,0,0.0,Revenue_Outturn__RO5__data_2014-15_by_LA_-_02-Feb-2016.xlsx,RO5 LA Data 2014-15 (3),"row 213, column 29",Net Current Expenditure (C7 = C3 - C6)
2014/15,E2732,,E07000164,YH,Archives,0,0.0,Revenue_Outturn__RO5__data_2014-15_by_LA_-_02-Feb-2016.xlsx,RO5 LA Data 2014-15 (3),"row 214, column 7",Net Current Expenditure (C7 = C3 - C6)
2014/15,E2732,,E07000164,YH,Arts development and support,29,29000.0,Revenue_Outturn__RO5__data_2014-15_by_LA_-_02-Feb-2016.xlsx,RO5 LA Data 2014-15 (3),"row 214, column 9",Net Current Expenditure (C7 = C3 - C6)
2014/15,E2732,,E07000164,YH,Heritage,0,0.0,Revenue_Outturn__RO5__data_2014-15_by_LA_-_02-Feb-2016.xlsx,RO5 LA Data 2014-15 (3),"row 214, column 11",Net Current Expenditure (C7 = C3 - C6)
2014/15,E2732,,E07000164,YH,Museums and galleries,0,0.0,Revenue_Outturn__RO5__data_2014-15_by_LA_-_02-Feb-2016.xlsx,RO5 LA Data 2014-15 (3),"row 214, column 13",Net Current Expenditure (C7 = C3 - C6)
2014/15,E2732,,E07000164,YH,Theatres and public entertainment,0,0.0,Revenue_Outturn__RO5__data_2014-15_by_LA_-_02-Feb-2016.xlsx,RO5 LA Data 2014-15 (3),"row 214, column 15",Net Current Expenditure (C7 = C3 - C6)
2014/15,E2732,,E07000164,YH,Library service,0,0.0,Revenue_Outturn__RO5__data_2014-15_by_LA_-_02-Feb-2016.xlsx,RO5 LA Data 2014-15 (3),"row 214, column 29",Net Current Expenditure (C7 = C3 - C6)
2014/15,E2734,,E07000166,YH,Archives,0,0.0,Revenue_Outturn__RO5__data_2014-15_by_LA_-_02-Feb-2016.xlsx,RO5 LA Data 2014-15 (3),"row 215, column 7",Net Current Expenditure (C7 = C3 - C6)
2014/15,E2734,,E07000166,YH,Arts development and support,0,0.0,Revenue_Outturn__RO5__data_2014-15_by_LA_-_02-Feb-2016.xlsx,RO5 LA Data 2014-15 (3),"row 215, column 9",Net Current Expenditure (C7 = C3 - C6)
2014/15,E2734,,E07000166,YH,Heritage,0,0.0,Revenue_Outturn__RO5__data_2014-15_by_LA_-_02-Feb-2016.xlsx,RO5 LA Data 2014-15 (3),"row 215, column 11",Net Current Expenditure (C7 = C3 - C6)
2014/15,E2734,,E07000166,YH,Museums and galleries,0,0.0,Revenue_Outturn__RO5__data_2014-15_by_LA_-_02-Feb-2016.xlsx,RO5 LA Data 2014-15 (3),"row 215, column 13",Net Current Expenditure (C7 = C3 - C6)
2014/15,E2734,,E07000166,YH,Theatres and public entertainment,0,0.0,Revenue_Outturn__RO5__data_2014-15_by_LA_-_02-Feb-2016.xlsx,RO5 LA Data 2014-15 (3),"row 215, column 15",Net Current Expenditure (C7 = C3 - C6)
2014/15,E2734,,E07000166,YH,Library service,0,0.0,Revenue_Outturn__RO5__data_2014-15_by_LA_-_02-Feb-2016.xlsx,RO5 LA Data 2014-15 (3),"row 215, column 29",Net Current Expenditure (C7 = C3 - C6)
2014/15,E2736,,E07000168,YH,Archives,0,0.0,Revenue_Outturn__RO5__data_2014-15_by_LA_-_02-Feb-2016.xlsx,RO5 LA Data 2014-15 (3),"row 216, column 7",Net Current Expenditure (C7 = C3 - C6)
2014/15,E2736,,E07000168,YH,Arts development and support,0,0.0,Revenue_Outturn__RO5__data_2014-15_by_LA_-_02-Feb-2016.xlsx,RO5 LA Data 2014-15 (3),"row 216, column 9",Net Current Expenditure (C7 = C3 - C6)
2014/15,E2736,,E07000168,YH,Heritage,0,0.0,Revenue_Outturn__RO5__data_2014-15_by_LA_-_02-Feb-2016.xlsx,RO5 LA Data 2014-15 (3),"row 216, column 11",Net Current Expenditure (C7 = C3 - C6)
2014/15,E2736,,E07000168,YH,Museums and galleries,634,634000.0,Revenue_Outturn__RO5__data_2014-15_by_LA_-_02-Feb-2016.xlsx,RO5 LA Data 2014-15 (3),"row 216, column 13",Net Current Expenditure (C7 = C3 - C6)
2014/15,E2736,,E07000168,YH,Theatres and public entertainment,1131,1131000.0,Revenue_Outturn__RO5__data_2014-15_by_LA_-_02-Feb-2016.xlsx,RO5 LA Data 2014-15 (3),"row 216, column 15",Net Current Expenditure (C7 = C3 - C6)
2014/15,E2736,,E07000168,YH,Library service,0,0.0,Revenue_Outturn__RO5__data_2014-15_by_LA_-_02-Feb-2016.xlsx,RO5 LA Data 2014-15 (3),"row 216, column 29",Net Current Expenditure (C7 = C3 - C6)
2014/15,E2753,,E07000165,YH,Archives,0,0.0,Revenue_Outturn__RO5__data_2014-15_by_LA_-_02-Feb-2016.xlsx,RO5 LA Data 2014-15 (3),"row 217, column 7",Net Current Expenditure (C7 = C3 - C6)
2014/15,E2753,,E07000165,YH,Arts development and support,36,36000.0,Revenue_Outturn__RO5__data_2014-15_by_LA_-_02-Feb-2016.xlsx,RO5 LA Data 2014-15 (3),"row 217, column 9",Net Current Expenditure (C7 = C3 - C6)
2014/15,E2753,,E07000165,YH,Heritage,198,198000.0,Revenue_Outturn__RO5__data_2014-15_by_LA_-_02-Feb-2016.xlsx,RO5 LA Data 2014-15 (3),"row 217, column 11",Net Current Expenditure (C7 = C3 - C6)
2014/15,E2753,,E07000165,YH,Museums and galleries,432,432000.0,Revenue_Outturn__RO5__data_2014-15_by_LA_-_02-Feb-2016.xlsx,RO5 LA Data 2014-15 (3),"row 217, column 13",Net Current Expenditure (C7 = C3 - C6)
2014/15,E2753,,E07000165,YH,Theatres and public entertainment,43,43000.0,Revenue_Outturn__RO5__data_2014-15_by_LA_-_02-Feb-2016.xlsx,RO5 LA Data 2014-15 (3),"row 217, column 15",Net Current Expenditure (C7 = C3 - C6)
2014/15,E2753,,E07000165,YH,Library service,0,0.0,Revenue_Outturn__RO5__data_2014-15_by_LA_-_02-Feb-2016.xlsx,RO5 LA Data 2014-15 (3),"row 217, column 29",Net Current Expenditure (C7 = C3 - C6)
2014/15,E2755,,E07000167,YH,Archives,0,0.0,Revenue_Outturn__RO5__data_2014-15_by_LA_-_02-Feb-2016.xlsx,RO5 LA Data 2014-15 (3),"row 218, column 7",Net Current Expenditure (C7 = C3 - C6)
2014/15,E2755,,E07000167,YH,Arts development and support,71,71000.0,Revenue_Outturn__RO5__data_2014-15_by_LA_-_02-Feb-2016.xlsx,RO5 LA Data 2014-15 (3),"row 218, column 9",Net Current Expenditure (C7 = C3 - C6)
2014/15,E2755,,E07000167,YH,Heritage,0,0.0,Revenue_Outturn__RO5__data_2014-15_by_LA_-_02-Feb-2016.xlsx,RO5 LA Data 2014-15 (3),"row 218, column 11",Net Current Expenditure (C7 = C3 - C6)
2014/15,E2755,,E07000167,YH,Museums and galleries,36,36000.0,Revenue_Outturn__RO5__data_2014-15_by_LA_-_02-Feb-2016.xlsx,RO5 LA Data 2014-15 (3),"row 218, column 13",Net Current Expenditure (C7 = C3 - C6)
2014/15,E2755,,E07000167,YH,Theatres and public entertainment,0,0.0,Revenue_Outturn__RO5__data_2014-15_by_LA_-_02-Feb-2016.xlsx,RO5 LA Data 2014-15 (3),"row 218, column 15",Net Current Expenditure (C7 = C3 - C6)
2014/15,E2755,,E07000167,YH,Library service,0,0.0,Revenue_Outturn__RO5__data_2014-15_by_LA_-_02-Feb-2016.xlsx,RO5 LA Data 2014-15 (3),"row 218, column 29",Net Current Expenditure (C7 = C3 - C6)
2014/15,E2757,,E07000169,YH,Archives,0,0.0,Revenue_Outturn__RO5__data_2014-15_by_LA_-_02-Feb-2016.xlsx,RO5 LA Data 2014-15 (3),"row 219, column 7",Net Current Expenditure (C7 = C3 - C6)
2014/15,E2757,,E07000169,YH,Arts development and support,0,0.0,Revenue_Outturn__RO5__data_2014-15_by_LA_-_02-Feb-2016.xlsx,RO5 LA Data 2014-15 (3),"row 219, column 9",Net Current Expenditure (C7 = C3 - C6)
2014/15,E2757,,E07000169,YH,Heritage,0,0.0,Revenue_Outturn__RO5__data_2014-15_by_LA_-_02-Feb-2016.xlsx,RO5 LA Data 2014-15 (3),"row 219, column 11",Net Current Expenditure (C7 = C3 - C6)
2014/15,E2757,,E07000169,YH,Museums and galleries,0,0.0,Revenue_Outturn__RO5__data_2014-15_by_LA_-_02-Feb-2016.xlsx,RO5 LA Data 2014-15 (3),"row 219, column 13",Net Current Expenditure (C7 = C3 - C6)
2014/15,E2757,,E07000169,YH,Theatres and public entertainment,0,0.0,Revenue_Outturn__RO5__data_2014-15_by_LA_-_02-Feb-2016.xlsx,RO5 LA Data 2014-15 (3),"row 219, column 15",Net Current Expenditure (C7 = C3 - C6)
2014/15,E2757,,E07000169,YH,Library service,0,0.0,Revenue_Outturn__RO5__data_2014-15_by_LA_-_02-Feb-2016.xlsx,RO5 LA Data 2014-15 (3),"row 219, column 29",Net Current Expenditure (C7 = C3 - C6)
2014/15,E2820,,E10000021,EM,Archives,568,568000.0,Revenue_Outturn__RO5__data_2014-15_by_LA_-_02-Feb-2016.xlsx,RO5 LA Data 2014-15 (3),"row 220, column 7",Net Current Expenditure (C7 = C3 - C6)
2014/15,E2820,,E10000021,EM,Arts development and support,255,255000.0,Revenue_Outturn__RO5__data_2014-15_by_LA_-_02-Feb-2016.xlsx,RO5 LA Data 2014-15 (3),"row 220, column 9",Net Current Expenditure (C7 = C3 - C6)
2014/15,E2820,,E10000021,EM,Heritage,338,338000.0,Revenue_Outturn__RO5__data_2014-15_by_LA_-_02-Feb-2016.xlsx,RO5 LA Data 2014-15 (3),"row 220, column 11",Net Current Expenditure (C7 = C3 - C6)
2014/15,E2820,,E10000021,EM,Museums and galleries,0,0.0,Revenue_Outturn__RO5__data_2014-15_by_LA_-_02-Feb-2016.xlsx,RO5 LA Data 2014-15 (3),"row 220, column 13",Net Current Expenditure (C7 = C3 - C6)
2014/15,E2820,,E10000021,EM,Theatres and public entertainment,0,0.0,Revenue_Outturn__RO5__data_2014-15_by_LA_-_02-Feb-2016.xlsx,RO5 LA Data 2014-15 (3),"row 220, column 15",Net Current Expenditure (C7 = C3 - C6)
2014/15,E2820,,E10000021,EM,Library service,7088,7088000.0,Revenue_Outturn__RO5__data_2014-15_by_LA_-_02-Feb-2016.xlsx,RO5 LA Data 2014-15 (3),"row 220, column 29",Net Current Expenditure (C7 = C3 - C6)
2014/15,E2831,,E07000150,EM,Archives,0,0.0,Revenue_Outturn__RO5__data_2014-15_by_LA_-_02-Feb-2016.xlsx,RO5 LA Data 2014-15 (3),"row 221, column 7",Net Current Expenditure (C7 = C3 - C6)
2014/15,E2831,,E07000150,EM,Arts development and support,8,8000.0,Revenue_Outturn__RO5__data_2014-15_by_LA_-_02-Feb-2016.xlsx,RO5 LA Data 2014-15 (3),"row 221, column 9",Net Current Expenditure (C7 = C3 - C6)
2014/15,E2831,,E07000150,EM,Heritage,523,523000.0,Revenue_Outturn__RO5__data_2014-15_by_LA_-_02-Feb-2016.xlsx,RO5 LA Data 2014-15 (3),"row 221, column 11",Net Current Expenditure (C7 = C3 - C6)
2014/15,E2831,,E07000150,EM,Museums and galleries,308,308000.0,Revenue_Outturn__RO5__data_2014-15_by_LA_-_02-Feb-2016.xlsx,RO5 LA Data 2014-15 (3),"row 221, column 13",Net Current Expenditure (C7 = C3 - C6)
2014/15,E2831,,E07000150,EM,Theatres and public entertainment,0,0.0,Revenue_Outturn__RO5__data_2014-15_by_LA_-_02-Feb-2016.xlsx,RO5 LA Data 2014-15 (3),"row 221, column 15",Net Current Expenditure (C7 = C3 - C6)
2014/15,E2831,,E07000150,EM,Library service,0,0.0,Revenue_Outturn__RO5__data_2014-15_by_LA_-_02-Feb-2016.xlsx,RO5 LA Data 2014-15 (3),"row 221, column 29",Net Current Expenditure (C7 = C3 - C6)
2014/15,E2832,,E07000151,EM,Archives,0,0.0,Revenue_Outturn__RO5__data_2014-15_by_LA_-_02-Feb-2016.xlsx,RO5 LA Data 2014-15 (3),"row 222, column 7",Net Current Expenditure (C7 = C3 - C6)
2014/15,E2832,,E07000151,EM,Arts development and support,0,0.0,Revenue_Outturn__RO5__data_2014-15_by_LA_-_02-Feb-2016.xlsx,RO5 LA Data 2014-15 (3),"row 222, column 9",Net Current Expenditure (C7 = C3 - C6)
2014/15,E2832,,E07000151,EM,Heritage,0,0.0,Revenue_Outturn__RO5__data_2014-15_by_LA_-_02-Feb-2016.xlsx,RO5 LA Data 2014-15 (3),"row 222, column 11",Net Current Expenditure (C7 = C3 - C6)
2014/15,E2832,,E07000151,EM,Museums and galleries,3,3000.0,Revenue_Outturn__RO5__data_2014-15_by_LA_-_02-Feb-2016.xlsx,RO5 LA Data 2014-15 (3),"row 222, column 13",Net Current Expenditure (C7 = C3 - C6)
2014/15,E2832,,E07000151,EM,Theatres and public entertainment,0,0.0,Revenue_Outturn__RO5__data_2014-15_by_LA_-_02-Feb-2016.xlsx,RO5 LA Data 2014-15 (3),"row 222, column 15",Net Current Expenditure (C7 = C3 - C6)
2014/15,E2832,,E07000151,EM,Library service,0,0.0,Revenue_Outturn__RO5__data_2014-15_by_LA_-_02-Feb-2016.xlsx,RO5 LA Data 2014-15 (3),"row 222, column 29",Net Current Expenditure (C7 = C3 - C6)
2014/15,E2833,,E07000152,EM,Archives,0,0.0,Revenue_Outturn__RO5__data_2014-15_by_LA_-_02-Feb-2016.xlsx,RO5 LA Data 2014-15 (3),"row 223, column 7",Net Current Expenditure (C7 = C3 - C6)
2014/15,E2833,,E07000152,EM,Arts development and support,0,0.0,Revenue_Outturn__RO5__data_2014-15_by_LA_-_02-Feb-2016.xlsx,RO5 LA Data 2014-15 (3),"row 223, column 9",Net Current Expenditure (C7 = C3 - C6)
2014/15,E2833,,E07000152,EM,Heritage,3,3000.0,Revenue_Outturn__RO5__data_2014-15_by_LA_-_02-Feb-2016.xlsx,RO5 LA Data 2014-15 (3),"row 223, column 11",Net Current Expenditure (C7 = C3 - C6)
2014/15,E2833,,E07000152,EM,Museums and galleries,0,0.0,Revenue_Outturn__RO5__data_2014-15_by_LA_-_02-Feb-2016.xlsx,RO5 LA Data 2014-15 (3),"row 223, column 13",Net Current Expenditure (C7 = C3 - C6)
2014/15,E2833,,E07000152,EM,Theatres and public entertainment,0,0.0,Revenue_Outturn__RO5__data_2014-15_by_LA_-_02-Feb-2016.xlsx,RO5 LA Data 2014-15 (3),"row 223, column 15",Net Current Expenditure (C7 = C3 - C6)
2014/15,E2833,,E07000152,EM,Library service,0,0.0,Revenue_Outturn__RO5__data_2014-15_by_LA_-_02-Feb-2016.xlsx,RO5 LA Data 2014-15 (3),"row 223, column 29",Net Current Expenditure (C7 = C3 - C6)
2014/15,E2834,,E07000153,EM,Archives,0,0.0,Revenue_Outturn__RO5__data_2014-15_by_LA_-_02-Feb-2016.xlsx,RO5 LA Data 2014-15 (3),"row 224, column 7",Net Current Expenditure (C7 = C3 - C6)
2014/15,E2834,,E07000153,EM,Arts development and support,0,0.0,Revenue_Outturn__RO5__data_2014-15_by_LA_-_02-Feb-2016.xlsx,RO5 LA Data 2014-15 (3),"row 224, column 9",Net Current Expenditure (C7 = C3 - C6)
2014/15,E2834,,E07000153,EM,Heritage,0,0.0,Revenue_Outturn__RO5__data_2014-15_by_LA_-_02-Feb-2016.xlsx,RO5 LA Data 2014-15 (3),"row 224, column 11",Net Current Expenditure (C7 = C3 - C6)
2014/15,E2834,,E07000153,EM,Museums and galleries,336,336000.0,Revenue_Outturn__RO5__data_2014-15_by_LA_-_02-Feb-2016.xlsx,RO5 LA Data 2014-15 (3),"row 224, column 13",Net Current Expenditure (C7 = C3 - C6)
2014/15,E2834,,E07000153,EM,Theatres and public entertainment,0,0.0,Revenue_Outturn__RO5__data_2014-15_by_LA_-_02-Feb-2016.xlsx,RO5 LA Data 2014-15 (3),"row 224, column 15",Net Current Expenditure (C7 = C3 - C6)
2014/15,E2834,,E07000153,EM,Library service,0,0.0,Revenue_Outturn__RO5__data_2014-15_by_LA_-_02-Feb-2016.xlsx,RO5 LA Data 2014-15 (3),"row 224, column 29",Net Current Expenditure (C7 = C3 - C6)
2014/15,E2835,,E07000154,EM,Archives,0,0.0,Revenue_Outturn__RO5__data_2014-15_by_LA_-_02-Feb-2016.xlsx,RO5 LA Data 2014-15 (3),"row 225, column 7",Net Current Expenditure (C7 = C3 - C6)
2014/15,E2835,,E07000154,EM,Arts development and support,21,21000.0,Revenue_Outturn__RO5__data_2014-15_by_LA_-_02-Feb-2016.xlsx,RO5 LA Data 2014-15 (3),"row 225, column 9",Net Current Expenditure (C7 = C3 - C6)
2014/15,E2835,,E07000154,EM,Heritage,19,19000.0,Revenue_Outturn__RO5__data_2014-15_by_LA_-_02-Feb-2016.xlsx,RO5 LA Data 2014-15 (3),"row 225, column 11",Net Current Expenditure (C7 = C3 - C6)
2014/15,E2835,,E07000154,EM,Museums and galleries,930,930000.0,Revenue_Outturn__RO5__data_2014-15_by_LA_-_02-Feb-2016.xlsx,RO5 LA Data 2014-15 (3),"row 225, column 13",Net Current Expenditure (C7 = C3 - C6)
2014/15,E2835,,E07000154,EM,Theatres and public entertainment,772,772000.0,Revenue_Outturn__RO5__data_2014-15_by_LA_-_02-Feb-2016.xlsx,RO5 LA Data 2014-15 (3),"row 225, column 15",Net Current Expenditure (C7 = C3 - C6)
2014/15,E2835,,E07000154,EM,Library service,0,0.0,Revenue_Outturn__RO5__data_2014-15_by_LA_-_02-Feb-2016.xlsx,RO5 LA Data 2014-15 (3),"row 225, column 29",Net Current Expenditure (C7 = C3 - C6)
2014/15,E2836,,E07000155,EM,Archives,0,0.0,Revenue_Outturn__RO5__data_2014-15_by_LA_-_02-Feb-2016.xlsx,RO5 LA Data 2014-15 (3),"row 226, column 7",Net Current Expenditure (C7 = C3 - C6)
2014/15,E2836,,E07000155,EM,Arts development and support,65,65000.0,Revenue_Outturn__RO5__data_2014-15_by_LA_-_02-Feb-2016.xlsx,RO5 LA Data 2014-15 (3),"row 226, column 9",Net Current Expenditure (C7 = C3 - C6)
2014/15,E2836,,E07000155,EM,Heritage,0,0.0,Revenue_Outturn__RO5__data_2014-15_by_LA_-_02-Feb-2016.xlsx,RO5 LA Data 2014-15 (3),"row 226, column 11",Net Current Expenditure (C7 = C3 - C6)
2014/15,E2836,,E07000155,EM,Museums and galleries,0,0.0,Revenue_Outturn__RO5__data_2014-15_by_LA_-_02-Feb-2016.xlsx,RO5 LA Data 2014-15 (3),"row 226, column 13",Net Current Expenditure (C7 = C3 - C6)
2014/15,E2836,,E07000155,EM,Theatres and public entertainment,0,0.0,Revenue_Outturn__RO5__data_2014-15_by_LA_-_02-Feb-2016.xlsx,RO5 LA Data 2014-15 (3),"row 226, column 15",Net Current Expenditure (C7 = C3 - C6)
2014/15,E2836,,E07000155,EM,Library service,0,0.0,Revenue_Outturn__RO5__data_2014-15_by_LA_-_02-Feb-2016.xlsx,RO5 LA Data 2014-15 (3),"row 226, column 29",Net Current Expenditure (C7 = C3 - C6)
2014/15,E2837,,E07000156,EM,Archives,0,0.0,Revenue_Outturn__RO5__data_2014-15_by_LA_-_02-Feb-2016.xlsx,RO5 LA Data 2014-15 (3),"row 227, column 7",Net Current Expenditure (C7 = C3 - C6)
2014/15,E2837,,E07000156,EM,Arts development and support,0,0.0,Revenue_Outturn__RO5__data_2014-15_by_LA_-_02-Feb-2016.xlsx,RO5 LA Data 2014-15 (3),"row 227, column 9",Net Current Expenditure (C7 = C3 - C6)
2014/15,E2837,,E07000156,EM,Heritage,0,0.0,Revenue_Outturn__RO5__data_2014-15_by_LA_-_02-Feb-2016.xlsx,RO5 LA Data 2014-15 (3),"row 227, column 11",Net Current Expenditure (C7 = C3 - C6)
2014/15,E2837,,E07000156,EM,Museums and galleries,10,10000.0,Revenue_Outturn__RO5__data_2014-15_by_LA_-_02-Feb-2016.xlsx,RO5 LA Data 2014-15 (3),"row 227, column 13",Net Current Expenditure (C7 = C3 - C6)
2014/15,E2837,,E07000156,EM,Theatres and public entertainment,424,424000.0,Revenue_Outturn__RO5__data_2014-15_by_LA_-_02-Feb-2016.xlsx,RO5 LA Data 2014-15 (3),"row 227, column 15",Net Current Expenditure (C7 = C3 - C6)
2014/15,E2837,,E07000156,EM,Library service,0,0.0,Revenue_Outturn__RO5__data_2014-15_by_LA_-_02-Feb-2016.xlsx,RO5 LA Data 2014-15 (3),"row 227, column 29",Net Current Expenditure (C7 = C3 - C6)
2014/15,E2901,,E06000057,NE,Archives,22,22000.0,Revenue_Outturn__RO5__data_2014-15_by_LA_-_02-Feb-2016.xlsx,RO5 LA Data 2014-15 (3),"row 228, column 7",Net Current Expenditure (C7 = C3 - C6)
2014/15,E2901,,E06000057,NE,Arts development and support,581,581000.0,Revenue_Outturn__RO5__data_2014-15_by_LA_-_02-Feb-2016.xlsx,RO5 LA Data 2014-15 (3),"row 228, column 9",Net Current Expenditure (C7 = C3 - C6)
2014/15,E2901,,E06000057,NE,Heritage,1,1000.0,Revenue_Outturn__RO5__data_2014-15_by_LA_-_02-Feb-2016.xlsx,RO5 LA Data 2014-15 (3),"row 228, column 11",Net Current Expenditure (C7 = C3 - C6)
2014/15,E2901,,E06000057,NE,Museums and galleries,1178,1178000.0,Revenue_Outturn__RO5__data_2014-15_by_LA_-_02-Feb-2016.xlsx,RO5 LA Data 2014-15 (3),"row 228, column 13",Net Current Expenditure (C7 = C3 - C6)
2014/15,E2901,,E06000057,NE,Theatres and public entertainment,182,182000.0,Revenue_Outturn__RO5__data_2014-15_by_LA_-_02-Feb-2016.xlsx,RO5 LA Data 2014-15 (3),"row 228, column 15",Net Current Expenditure (C7 = C3 - C6)
2014/15,E2901,,E06000057,NE,Library service,3442,3442000.0,Revenue_Outturn__RO5__data_2014-15_by_LA_-_02-Feb-2016.xlsx,RO5 LA Data 2014-15 (3),"row 228, column 29",Net Current Expenditure (C7 = C3 - C6)
2014/15,E3001,,E06000018,EM,Archives,0,0.0,Revenue_Outturn__RO5__data_2014-15_by_LA_-_02-Feb-2016.xlsx,RO5 LA Data 2014-15 (3),"row 229, column 7",Net Current Expenditure (C7 = C3 - C6)
2014/15,E3001,,E06000018,EM,Arts development and support,112,112000.0,Revenue_Outturn__RO5__data_2014-15_by_LA_-_02-Feb-2016.xlsx,RO5 LA Data 2014-15 (3),"row 229, column 9",Net Current Expenditure (C7 = C3 - C6)
2014/15,E3001,,E06000018,EM,Heritage,0,0.0,Revenue_Outturn__RO5__data_2014-15_by_LA_-_02-Feb-2016.xlsx,RO5 LA Data 2014-15 (3),"row 229, column 11",Net Current Expenditure (C7 = C3 - C6)
2014/15,E3001,,E06000018,EM,Museums and galleries,3494,3494000.0,Revenue_Outturn__RO5__data_2014-15_by_LA_-_02-Feb-2016.xlsx,RO5 LA Data 2014-15 (3),"row 229, column 13",Net Current Expenditure (C7 = C3 - C6)
2014/15,E3001,,E06000018,EM,Theatres and public entertainment,801,801000.0,Revenue_Outturn__RO5__data_2014-15_by_LA_-_02-Feb-2016.xlsx,RO5 LA Data 2014-15 (3),"row 229, column 15",Net Current Expenditure (C7 = C3 - C6)
2014/15,E3001,,E06000018,EM,Library service,4772,4772000.0,Revenue_Outturn__RO5__data_2014-15_by_LA_-_02-Feb-2016.xlsx,RO5 LA Data 2014-15 (3),"row 229, column 29",Net Current Expenditure (C7 = C3 - C6)
2014/15,E3021,,E10000024,EM,Archives,1257,1257000.0,Revenue_Outturn__RO5__data_2014-15_by_LA_-_02-Feb-2016.xlsx,RO5 LA Data 2014-15 (3),"row 230, column 7",Net Current Expenditure (C7 = C3 - C6)
2014/15,E3021,,E10000024,EM,Arts development and support,818,818000.0,Revenue_Outturn__RO5__data_2014-15_by_LA_-_02-Feb-2016.xlsx,RO5 LA Data 2014-15 (3),"row 230, column 9",Net Current Expenditure (C7 = C3 - C6)
2014/15,E3021,,E10000024,EM,Heritage,0,0.0,Revenue_Outturn__RO5__data_2014-15_by_LA_-_02-Feb-2016.xlsx,RO5 LA Data 2014-15 (3),"row 230, column 11",Net Current Expenditure (C7 = C3 - C6)
2014/15,E3021,,E10000024,EM,Museums and galleries,0,0.0,Revenue_Outturn__RO5__data_2014-15_by_LA_-_02-Feb-2016.xlsx,RO5 LA Data 2014-15 (3),"row 230, column 13",Net Current Expenditure (C7 = C3 - C6)
2014/15,E3021,,E10000024,EM,Theatres and public entertainment,0,0.0,Revenue_Outturn__RO5__data_2014-15_by_LA_-_02-Feb-2016.xlsx,RO5 LA Data 2014-15 (3),"row 230, column 15",Net Current Expenditure (C7 = C3 - C6)
2014/15,E3021,,E10000024,EM,Library service,10922,10922000.0,Revenue_Outturn__RO5__data_2014-15_by_LA_-_02-Feb-2016.xlsx,RO5 LA Data 2014-15 (3),"row 230, column 29",Net Current Expenditure (C7 = C3 - C6)
2014/15,E3031,,E07000170,EM,Archives,0,0.0,Revenue_Outturn__RO5__data_2014-15_by_LA_-_02-Feb-2016.xlsx,RO5 LA Data 2014-15 (3),"row 231, column 7",Net Current Expenditure (C7 = C3 - C6)
2014/15,E3031,,E07000170,EM,Arts development and support,0,0.0,Revenue_Outturn__RO5__data_2014-15_by_LA_-_02-Feb-2016.xlsx,RO5 LA Data 2014-15 (3),"row 231, column 9",Net Current Expenditure (C7 = C3 - C6)
2014/15,E3031,,E07000170,EM,Heritage,7,7000.0,Revenue_Outturn__RO5__data_2014-15_by_LA_-_02-Feb-2016.xlsx,RO5 LA Data 2014-15 (3),"row 231, column 11",Net Current Expenditure (C7 = C3 - C6)
2014/15,E3031,,E07000170,EM,Museums and galleries,0,0.0,Revenue_Outturn__RO5__data_2014-15_by_LA_-_02-Feb-2016.xlsx,RO5 LA Data 2014-15 (3),"row 231, column 13",Net Current Expenditure (C7 = C3 - C6)
2014/15,E3031,,E07000170,EM,Theatres and public entertainment,0,0.0,Revenue_Outturn__RO5__data_2014-15_by_LA_-_02-Feb-2016.xlsx,RO5 LA Data 2014-15 (3),"row 231, column 15",Net Current Expenditure (C7 = C3 - C6)
2014/15,E3031,,E07000170,EM,Library service,0,0.0,Revenue_Outturn__RO5__data_2014-15_by_LA_-_02-Feb-2016.xlsx,RO5 LA Data 2014-15 (3),"row 231, column 29",Net Current Expenditure (C7 = C3 - C6)
2014/15,E3032,,E07000171,EM,Archives,0,0.0,Revenue_Outturn__RO5__data_2014-15_by_LA_-_02-Feb-2016.xlsx,RO5 LA Data 2014-15 (3),"row 232, column 7",Net Current Expenditure (C7 = C3 - C6)
2014/15,E3032,,E07000171,EM,Arts development and support,23,23000.0,Revenue_Outturn__RO5__data_2014-15_by_LA_-_02-Feb-2016.xlsx,RO5 LA Data 2014-15 (3),"row 232, column 9",Net Current Expenditure (C7 = C3 - C6)
2014/15,E3032,,E07000171,EM,Heritage,0,0.0,Revenue_Outturn__RO5__data_2014-15_by_LA_-_02-Feb-2016.xlsx,RO5 LA Data 2014-15 (3),"row 232, column 11",Net Current Expenditure (C7 = C3 - C6)
2014/15,E3032,,E07000171,EM,Museums and galleries,170,170000.0,Revenue_Outturn__RO5__data_2014-15_by_LA_-_02-Feb-2016.xlsx,RO5 LA Data 2014-15 (3),"row 232, column 13",Net Current Expenditure (C7 = C3 - C6)
2014/15,E3032,,E07000171,EM,Theatres and public entertainment,-2,-2000.0,Revenue_Outturn__RO5__data_2014-15_by_LA_-_02-Feb-2016.xlsx,RO5 LA Data 2014-15 (3),"row 232, column 15",Net Current Expenditure (C7 = C3 - C6)
2014/15,E3032,,E07000171,EM,Library service,0,0.0,Revenue_Outturn__RO5__data_2014-15_by_LA_-_02-Feb-2016.xlsx,RO5 LA Data 2014-15 (3),"row 232, column 29",Net Current Expenditure (C7 = C3 - C6)
2014/15,E3033,,E07000172,EM,Archives,0,0.0,Revenue_Outturn__RO5__data_2014-15_by_LA_-_02-Feb-2016.xlsx,RO5 LA Data 2014-15 (3),"row 233, column 7",Net Current Expenditure (C7 = C3 - C6)
2014/15,E3033,,E07000172,EM,Arts development and support,230,230000.0,Revenue_Outturn__RO5__data_2014-15_by_LA_-_02-Feb-2016.xlsx,RO5 LA Data 2014-15 (3),"row 233, column 9",Net Current Expenditure (C7 = C3 - C6)
2014/15,E3033,,E07000172,EM,Heritage,0,0.0,Revenue_Outturn__RO5__data_2014-15_by_LA_-_02-Feb-2016.xlsx,RO5 LA Data 2014-15 (3),"row 233, column 11",Net Current Expenditure (C7 = C3 - C6)
2014/15,E3033,,E07000172,EM,Museums and galleries,234,234000.0,Revenue_Outturn__RO5__data_2014-15_by_LA_-_02-Feb-2016.xlsx,RO5 LA Data 2014-15 (3),"row 233, column 13",Net Current Expenditure (C7 = C3 - C6)
2014/15,E3033,,E07000172,EM,Theatres and public entertainment,0,0.0,Revenue_Outturn__RO5__data_2014-15_by_LA_-_02-Feb-2016.xlsx,RO5 LA Data 2014-15 (3),"row 233, column 15",Net Current Expenditure (C7 = C3 - C6)
2014/15,E3033,,E07000172,EM,Library service,0,0.0,Revenue_Outturn__RO5__data_2014-15_by_LA_-_02-Feb-2016.xlsx,RO5 LA Data 2014-15 (3),"row 233, column 29",Net Current Expenditure (C7 = C3 - C6)
2014/15,E3034,,E07000173,EM,Archives,0,0.0,Revenue_Outturn__RO5__data_2014-15_by_LA_-_02-Feb-2016.xlsx,RO5 LA Data 2014-15 (3),"row 234, column 7",Net Current Expenditure (C7 = C3 - C6)
2014/15,E3034,,E07000173,EM,Arts development and support,265,265000.0,Revenue_Outturn__RO5__data_2014-15_by_LA_-_02-Feb-2016.xlsx,RO5 LA Data 2014-15 (3),"row 234, column 9",Net Current Expenditure (C7 = C3 - C6)
2014/15,E3034,,E07000173,EM,Heritage,0,0.0,Revenue_Outturn__RO5__data_2014-15_by_LA_-_02-Feb-2016.xlsx,RO5 LA Data 2014-15 (3),"row 234, column 11",Net Current Expenditure (C7 = C3 - C6)
2014/15,E3034,,E07000173,EM,Museums and galleries,0,0.0,Revenue_Outturn__RO5__data_2014-15_by_LA_-_02-Feb-2016.xlsx,RO5 LA Data 2014-15 (3),"row 234, column 13",Net Current Expenditure (C7 = C3 - C6)
2014/15,E3034,,E07000173,EM,Theatres and public entertainment,62,62000.0,Revenue_Outturn__RO5__data_2014-15_by_LA_-_02-Feb-2016.xlsx,RO5 LA Data 2014-15 (3),"row 234, column 15",Net Current Expenditure (C7 = C3 - C6)
2014/15,E3034,,E07000173,EM,Library service,0,0.0,Revenue_Outturn__RO5__data_2014-15_by_LA_-_02-Feb-2016.xlsx,RO5 LA Data 2014-15 (3),"row 234, column 29",Net Current Expenditure (C7 = C3 - C6)
2014/15,E3035,,E07000174,EM,Archives,0,0.0,Revenue_Outturn__RO5__data_2014-15_by_LA_-_02-Feb-2016.xlsx,RO5 LA Data 2014-15 (3),"row 235, column 7",Net Current Expenditure (C7 = C3 - C6)
2014/15,E3035,,E07000174,EM,Arts development and support,0,0.0,Revenue_Outturn__RO5__data_2014-15_by_LA_-_02-Feb-2016.xlsx,RO5 LA Data 2014-15 (3),"row 235, column 9",Net Current Expenditure (C7 = C3 - C6)
2014/15,E3035,,E07000174,EM,Heritage,0,0.0,Revenue_Outturn__RO5__data_2014-15_by_LA_-_02-Feb-2016.xlsx,RO5 LA Data 2014-15 (3),"row 235, column 11",Net Current Expenditure (C7 = C3 - C6)
2014/15,E3035,,E07000174,EM,Museums and galleries,369,369000.0,Revenue_Outturn__RO5__data_2014-15_by_LA_-_02-Feb-2016.xlsx,RO5 LA Data 2014-15 (3),"row 235, column 13",Net Current Expenditure (C7 = C3 - C6)
2014/15,E3035,,E07000174,EM,Theatres and public entertainment,468,468000.0,Revenue_Outturn__RO5__data_2014-15_by_LA_-_02-Feb-2016.xlsx,RO5 LA Data 2014-15 (3),"row 235, column 15",Net Current Expenditure (C7 = C3 - C6)
2014/15,E3035,,E07000174,EM,Library service,0,0.0,Revenue_Outturn__RO5__data_2014-15_by_LA_-_02-Feb-2016.xlsx,RO5 LA Data 2014-15 (3),"row 235, column 29",Net Current Expenditure (C7 = C3 - C6)
2014/15,E3036,,E07000175,EM,Archives,0,0.0,Revenue_Outturn__RO5__data_2014-15_by_LA_-_02-Feb-2016.xlsx,RO5 LA Data 2014-15 (3),"row 236, column 7",Net Current Expenditure (C7 = C3 - C6)
2014/15,E3036,,E07000175,EM,Arts development and support,73,73000.0,Revenue_Outturn__RO5__data_2014-15_by_LA_-_02-Feb-2016.xlsx,RO5 LA Data 2014-15 (3),"row 236, column 9",Net Current Expenditure (C7 = C3 - C6)
2014/15,E3036,,E07000175,EM,Heritage,79,79000.0,Revenue_Outturn__RO5__data_2014-15_by_LA_-_02-Feb-2016.xlsx,RO5 LA Data 2014-15 (3),"row 236, column 11",Net Current Expenditure (C7 = C3 - C6)
2014/15,E3036,,E07000175,EM,Museums and galleries,427,427000.0,Revenue_Outturn__RO5__data_2014-15_by_LA_-_02-Feb-2016.xlsx,RO5 LA Data 2014-15 (3),"row 236, column 13",Net Current Expenditure (C7 = C3 - C6)
2014/15,E3036,,E07000175,EM,Theatres and public entertainment,151,151000.0,Revenue_Outturn__RO5__data_2014-15_by_LA_-_02-Feb-2016.xlsx,RO5 LA Data 2014-15 (3),"row 236, column 15",Net Current Expenditure (C7 = C3 - C6)
2014/15,E3036,,E07000175,EM,Library service,0,0.0,Revenue_Outturn__RO5__data_2014-15_by_LA_-_02-Feb-2016.xlsx,RO5 LA Data 2014-15 (3),"row 236, column 29",Net Current Expenditure (C7 = C3 - C6)
2014/15,E3038,,E07000176,EM,Archives,0,0.0,Revenue_Outturn__RO5__data_2014-15_by_LA_-_02-Feb-2016.xlsx,RO5 LA Data 2014-15 (3),"row 237, column 7",Net Current Expenditure (C7 = C3 - C6)
2014/15,E3038,,E07000176,EM,Arts development and support,108,108000.0,Revenue_Outturn__RO5__data_2014-15_by_LA_-_02-Feb-2016.xlsx,RO5 LA Data 2014-15 (3),"row 237, column 9",Net Current Expenditure (C7 = C3 - C6)
2014/15,E3038,,E07000176,EM,Heritage,0,0.0,Revenue_Outturn__RO5__data_2014-15_by_LA_-_02-Feb-2016.xlsx,RO5 LA Data 2014-15 (3),"row 237, column 11",Net Current Expenditure (C7 = C3 - C6)
2014/15,E3038,,E07000176,EM,Museums and galleries,0,0.0,Revenue_Outturn__RO5__data_2014-15_by_LA_-_02-Feb-2016.xlsx,RO5 LA Data 2014-15 (3),"row 237, column 13",Net Current Expenditure (C7 = C3 - C6)
2014/15,E3038,,E07000176,EM,Theatres and public entertainment,0,0.0,Revenue_Outturn__RO5__data_2014-15_by_LA_-_02-Feb-2016.xlsx,RO5 LA Data 2014-15 (3),"row 237, column 15",Net Current Expenditure (C7 = C3 - C6)
2014/15,E3038,,E07000176,EM,Library service,0,0.0,Revenue_Outturn__RO5__data_2014-15_by_LA_-_02-Feb-2016.xlsx,RO5 LA Data 2014-15 (3),"row 237, column 29",Net Current Expenditure (C7 = C3 - C6)
2014/15,E3120,,E10000025,SE,Archives,899,899000.0,Revenue_Outturn__RO5__data_2014-15_by_LA_-_02-Feb-2016.xlsx,RO5 LA Data 2014-15 (3),"row 238, column 7",Net Current Expenditure (C7 = C3 - C6)
2014/15,E3120,,E10000025,SE,Arts development and support,330,330000.0,Revenue_Outturn__RO5__data_2014-15_by_LA_-_02-Feb-2016.xlsx,RO5 LA Data 2014-15 (3),"row 238, column 9",Net Current Expenditure (C7 = C3 - C6)
2014/15,E3120,,E10000025,SE,Heritage,0,0.0,Revenue_Outturn__RO5__data_2014-15_by_LA_-_02-Feb-2016.xlsx,RO5 LA Data 2014-15 (3),"row 238, column 11",Net Current Expenditure (C7 = C3 - C6)
2014/15,E3120,,E10000025,SE,Museums and galleries,1344,1344000.0,Revenue_Outturn__RO5__data_2014-15_by_LA_-_02-Feb-2016.xlsx,RO5 LA Data 2014-15 (3),"row 238, column 13",Net Current Expenditure (C7 = C3 - C6)
2014/15,E3120,,E10000025,SE,Theatres and public entertainment,0,0.0,Revenue_Outturn__RO5__data_2014-15_by_LA_-_02-Feb-2016.xlsx,RO5 LA Data 2014-15 (3),"row 238, column 15",Net Current Expenditure (C7 = C3 - C6)
2014/15,E3120,,E10000025,SE,Library service,10907,10907000.0,Revenue_Outturn__RO5__data_2014-15_by_LA_-_02-Feb-2016.xlsx,RO5 LA Data 2014-15 (3),"row 238, column 29",Net Current Expenditure (C7 = C3 - C6)
2014/15,E3131,,E07000177,SE,Archives,0,0.0,Revenue_Outturn__RO5__data_2014-15_by_LA_-_02-Feb-2016.xlsx,RO5 LA Data 2014-15 (3),"row 239, column 7",Net Current Expenditure (C7 = C3 - C6)
2014/15,E3131,,E07000177,SE,Arts development and support,40,40000.0,Revenue_Outturn__RO5__data_2014-15_by_LA_-_02-Feb-2016.xlsx,RO5 LA Data 2014-15 (3),"row 239, column 9",Net Current Expenditure (C7 = C3 - C6)
2014/15,E3131,,E07000177,SE,Heritage,9,9000.0,Revenue_Outturn__RO5__data_2014-15_by_LA_-_02-Feb-2016.xlsx,RO5 LA Data 2014-15 (3),"row 239, column 11",Net Current Expenditure (C7 = C3 - C6)
2014/15,E3131,,E07000177,SE,Museums and galleries,427,427000.0,Revenue_Outturn__RO5__data_2014-15_by_LA_-_02-Feb-2016.xlsx,RO5 LA Data 2014-15 (3),"row 239, column 13",Net Current Expenditure (C7 = C3 - C6)
2014/15,E3131,,E07000177,SE,Theatres and public entertainment,156,156000.0,Revenue_Outturn__RO5__data_2014-15_by_LA_-_02-Feb-2016.xlsx,RO5 LA Data 2014-15 (3),"row 239, column 15",Net Current Expenditure (C7 = C3 - C6)
2014/15,E3131,,E07000177,SE,Library service,-3,-3000.0,Revenue_Outturn__RO5__data_2014-15_by_LA_-_02-Feb-2016.xlsx,RO5 LA Data 2014-15 (3),"row 239, column 29",Net Current Expenditure (C7 = C3 - C6)
2014/15,E3132,,E07000178,SE,Archives,0,0.0,Revenue_Outturn__RO5__data_2014-15_by_LA_-_02-Feb-2016.xlsx,RO5 LA Data 2014-15 (3),"row 240, column 7",Net Current Expenditure (C7 = C3 - C6)
2014/15,E3132,,E07000178,SE,Arts development and support,142,142000.0,Revenue_Outturn__RO5__data_2014-15_by_LA_-_02-Feb-2016.xlsx,RO5 LA Data 2014-15 (3),"row 240, column 9",Net Current Expenditure (C7 = C3 - C6)
2014/15,E3132,,E07000178,SE,Heritage,0,0.0,Revenue_Outturn__RO5__data_2014-15_by_LA_-_02-Feb-2016.xlsx,RO5 LA Data 2014-15 (3),"row 240, column 11",Net Current Expenditure (C7 = C3 - C6)
2014/15,E3132,,E07000178,SE,Museums and galleries,128,128000.0,Revenue_Outturn__RO5__data_2014-15_by_LA_-_02-Feb-2016.xlsx,RO5 LA Data 2014-15 (3),"row 240, column 13",Net Current Expenditure (C7 = C3 - C6)
2014/15,E3132,,E07000178,SE,Theatres and public entertainment,0,0.0,Revenue_Outturn__RO5__data_2014-15_by_LA_-_02-Feb-2016.xlsx,RO5 LA Data 2014-15 (3),"row 240, column 15",Net Current Expenditure (C7 = C3 - C6)
2014/15,E3132,,E07000178,SE,Library service,0,0.0,Revenue_Outturn__RO5__data_2014-15_by_LA_-_02-Feb-2016.xlsx,RO5 LA Data 2014-15 (3),"row 240, column 29",Net Current Expenditure (C7 = C3 - C6)
2014/15,E3133,,E07000179,SE,Archives,0,0.0,Revenue_Outturn__RO5__data_2014-15_by_LA_-_02-Feb-2016.xlsx,RO5 LA Data 2014-15 (3),"row 241, column 7",Net Current Expenditure (C7 = C3 - C6)
2014/15,E3133,,E07000179,SE,Arts development and support,39,39000.0,Revenue_Outturn__RO5__data_2014-15_by_LA_-_02-Feb-2016.xlsx,RO5 LA Data 2014-15 (3),"row 241, column 9",Net Current Expenditure (C7 = C3 - C6)
2014/15,E3133,,E07000179,SE,Heritage,0,0.0,Revenue_Outturn__RO5__data_2014-15_by_LA_-_02-Feb-2016.xlsx,RO5 LA Data 2014-15 (3),"row 241, column 11",Net Current Expenditure (C7 = C3 - C6)
2014/15,E3133,,E07000179,SE,Museums and galleries,0,0.0,Revenue_Outturn__RO5__data_2014-15_by_LA_-_02-Feb-2016.xlsx,RO5 LA Data 2014-15 (3),"row 241, column 13",Net Current Expenditure (C7 = C3 - C6)
2014/15,E3133,,E07000179,SE,Theatres and public entertainment,580,580000.0,Revenue_Outturn__RO5__data_2014-15_by_LA_-_02-Feb-2016.xlsx,RO5 LA Data 2014-15 (3),"row 241, column 15",Net Current Expenditure (C7 = C3 - C6)
2014/15,E3133,,E07000179,SE,Library service,0,0.0,Revenue_Outturn__RO5__data_2014-15_by_LA_-_02-Feb-2016.xlsx,RO5 LA Data 2014-15 (3),"row 241, column 29",Net Current Expenditure (C7 = C3 - C6)
2014/15,E3134,,E07000180,SE,Archives,0,0.0,Revenue_Outturn__RO5__data_2014-15_by_LA_-_02-Feb-2016.xlsx,RO5 LA Data 2014-15 (3),"row 242, column 7",Net Current Expenditure (C7 = C3 - C6)
2014/15,E3134,,E07000180,SE,Arts development and support,51,51000.0,Revenue_Outturn__RO5__data_2014-15_by_LA_-_02-Feb-2016.xlsx,RO5 LA Data 2014-15 (3),"row 242, column 9",Net Current Expenditure (C7 = C3 - C6)
2014/15,E3134,,E07000180,SE,Heritage,0,0.0,Revenue_Outturn__RO5__data_2014-15_by_LA_-_02-Feb-2016.xlsx,RO5 LA Data 2014-15 (3),"row 242, column 11",Net Current Expenditure (C7 = C3 - C6)
2014/15,E3134,,E07000180,SE,Museums and galleries,0,0.0,Revenue_Outturn__RO5__data_2014-15_by_LA_-_02-Feb-2016.xlsx,RO5 LA Data 2014-15 (3),"row 242, column 13",Net Current Expenditure (C7 = C3 - C6)
2014/15,E3134,,E07000180,SE,Theatres and public entertainment,0,0.0,Revenue_Outturn__RO5__data_2014-15_by_LA_-_02-Feb-2016.xlsx,RO5 LA Data 2014-15 (3),"row 242, column 15",Net Current Expenditure (C7 = C3 - C6)
2014/15,E3134,,E07000180,SE,Library service,0,0.0,Revenue_Outturn__RO5__data_2014-15_by_LA_-_02-Feb-2016.xlsx,RO5 LA Data 2014-15 (3),"row 242, column 29",Net Current Expenditure (C7 = C3 - C6)
2014/15,E3135,,E07000181,SE,Archives,0,0.0,Revenue_Outturn__RO5__data_2014-15_by_LA_-_02-Feb-2016.xlsx,RO5 LA Data 2014-15 (3),"row 243, column 7",Net Current Expenditure (C7 = C3 - C6)
2014/15,E3135,,E07000181,SE,Arts development and support,169,169000.0,Revenue_Outturn__RO5__data_2014-15_by_LA_-_02-Feb-2016.xlsx,RO5 LA Data 2014-15 (3),"row 243, column 9",Net Current Expenditure (C7 = C3 - C6)
2014/15,E3135,,E07000181,SE,Heritage,0,0.0,Revenue_Outturn__RO5__data_2014-15_by_LA_-_02-Feb-2016.xlsx,RO5 LA Data 2014-15 (3),"row 243, column 11",Net Current Expenditure (C7 = C3 - C6)
2014/15,E3135,,E07000181,SE,Museums and galleries,8,8000.0,Revenue_Outturn__RO5__data_2014-15_by_LA_-_02-Feb-2016.xlsx,RO5 LA Data 2014-15 (3),"row 243, column 13",Net Current Expenditure (C7 = C3 - C6)
2014/15,E3135,,E07000181,SE,Theatres and public entertainment,0,0.0,Revenue_Outturn__RO5__data_2014-15_by_LA_-_02-Feb-2016.xlsx,RO5 LA Data 2014-15 (3),"row 243, column 15",Net Current Expenditure (C7 = C3 - C6)
2014/15,E3135,,E07000181,SE,Library service,0,0.0,Revenue_Outturn__RO5__data_2014-15_by_LA_-_02-Feb-2016.xlsx,RO5 LA Data 2014-15 (3),"row 243, column 29",Net Current Expenditure (C7 = C3 - C6)
2014/15,E3201,,E06000020,WM,Archives,0,0.0,Revenue_Outturn__RO5__data_2014-15_by_LA_-_02-Feb-2016.xlsx,RO5 LA Data 2014-15 (3),"row 244, column 7",Net Current Expenditure (C7 = C3 - C6)
2014/15,E3201,,E06000020,WM,Arts development and support,0,0.0,Revenue_Outturn__RO5__data_2014-15_by_LA_-_02-Feb-2016.xlsx,RO5 LA Data 2014-15 (3),"row 244, column 9",Net Current Expenditure (C7 = C3 - C6)
2014/15,E3201,,E06000020,WM,Heritage,37,37000.0,Revenue_Outturn__RO5__data_2014-15_by_LA_-_02-Feb-2016.xlsx,RO5 LA Data 2014-15 (3),"row 244, column 11",Net Current Expenditure (C7 = C3 - C6)
2014/15,E3201,,E06000020,WM,Museums and galleries,0,0.0,Revenue_Outturn__RO5__data_2014-15_by_LA_-_02-Feb-2016.xlsx,RO5 LA Data 2014-15 (3),"row 244, column 13",Net Current Expenditure (C7 = C3 - C6)
2014/15,E3201,,E06000020,WM,Theatres and public entertainment,1038,1038000.0,Revenue_Outturn__RO5__data_2014-15_by_LA_-_02-Feb-2016.xlsx,RO5 LA Data 2014-15 (3),"row 244, column 15",Net Current Expenditure (C7 = C3 - C6)
2014/15,E3201,,E06000020,WM,Library service,1775,1775000.0,Revenue_Outturn__RO5__data_2014-15_by_LA_-_02-Feb-2016.xlsx,RO5 LA Data 2014-15 (3),"row 244, column 29",Net Current Expenditure (C7 = C3 - C6)
2014/15,E3202,,E06000051,WM,Archives,345,345000.0,Revenue_Outturn__RO5__data_2014-15_by_LA_-_02-Feb-2016.xlsx,RO5 LA Data 2014-15 (3),"row 245, column 7",Net Current Expenditure (C7 = C3 - C6)
2014/15,E3202,,E06000051,WM,Arts development and support,271,271000.0,Revenue_Outturn__RO5__data_2014-15_by_LA_-_02-Feb-2016.xlsx,RO5 LA Data 2014-15 (3),"row 245, column 9",Net Current Expenditure (C7 = C3 - C6)
2014/15,E3202,,E06000051,WM,Heritage,47,47000.0,Revenue_Outturn__RO5__data_2014-15_by_LA_-_02-Feb-2016.xlsx,RO5 LA Data 2014-15 (3),"row 245, column 11",Net Current Expenditure (C7 = C3 - C6)
2014/15,E3202,,E06000051,WM,Museums and galleries,1037,1037000.0,Revenue_Outturn__RO5__data_2014-15_by_LA_-_02-Feb-2016.xlsx,RO5 LA Data 2014-15 (3),"row 245, column 13",Net Current Expenditure (C7 = C3 - C6)
2014/15,E3202,,E06000051,WM,Theatres and public entertainment,163,163000.0,Revenue_Outturn__RO5__data_2014-15_by_LA_-_02-Feb-2016.xlsx,RO5 LA Data 2014-15 (3),"row 245, column 15",Net Current Expenditure (C7 = C3 - C6)
2014/15,E3202,,E06000051,WM,Library service,3725,3725000.0,Revenue_Outturn__RO5__data_2014-15_by_LA_-_02-Feb-2016.xlsx,RO5 LA Data 2014-15 (3),"row 245, column 29",Net Current Expenditure (C7 = C3 - C6)
2014/15,E3320,,E10000027,SW,Archives,688,688000.0,Revenue_Outturn__RO5__data_2014-15_by_LA_-_02-Feb-2016.xlsx,RO5 LA Data 2014-15 (3),"row 246, column 7",Net Current Expenditure (C7 = C3 - C6)
2014/15,E3320,,E10000027,SW,Arts development and support,0,0.0,Revenue_Outturn__RO5__data_2014-15_by_LA_-_02-Feb-2016.xlsx,RO5 LA Data 2014-15 (3),"row 246, column 9",Net Current Expenditure (C7 = C3 - C6)
2014/15,E3320,,E10000027,SW,Heritage,547,547000.0,Revenue_Outturn__RO5__data_2014-15_by_LA_-_02-Feb-2016.xlsx,RO5 LA Data 2014-15 (3),"row 246, column 11",Net Current Expenditure (C7 = C3 - C6)
2014/15,E3320,,E10000027,SW,Museums and galleries,1051,1051000.0,Revenue_Outturn__RO5__data_2014-15_by_LA_-_02-Feb-2016.xlsx,RO5 LA Data 2014-15 (3),"row 246, column 13",Net Current Expenditure (C7 = C3 - C6)
2014/15,E3320,,E10000027,SW,Theatres and public entertainment,0,0.0,Revenue_Outturn__RO5__data_2014-15_by_LA_-_02-Feb-2016.xlsx,RO5 LA Data 2014-15 (3),"row 246, column 15",Net Current Expenditure (C7 = C3 - C6)
2014/15,E3320,,E10000027,SW,Library service,6870,6870000.0,Revenue_Outturn__RO5__data_2014-15_by_LA_-_02-Feb-2016.xlsx,RO5 LA Data 2014-15 (3),"row 246, column 29",Net Current Expenditure (C7 = C3 - C6)
2014/15,E3331,,E07000187,SW,Archives,0,0.0,Revenue_Outturn__RO5__data_2014-15_by_LA_-_02-Feb-2016.xlsx,RO5 LA Data 2014-15 (3),"row 247, column 7",Net Current Expenditure (C7 = C3 - C6)
2014/15,E3331,,E07000187,SW,Arts development and support,0,0.0,Revenue_Outturn__RO5__data_2014-15_by_LA_-_02-Feb-2016.xlsx,RO5 LA Data 2014-15 (3),"row 247, column 9",Net Current Expenditure (C7 = C3 - C6)
2014/15,E3331,,E07000187,SW,Heritage,301,301000.0,Revenue_Outturn__RO5__data_2014-15_by_LA_-_02-Feb-2016.xlsx,RO5 LA Data 2014-15 (3),"row 247, column 11",Net Current Expenditure (C7 = C3 - C6)
2014/15,E3331,,E07000187,SW,Museums and galleries,0,0.0,Revenue_Outturn__RO5__data_2014-15_by_LA_-_02-Feb-2016.xlsx,RO5 LA Data 2014-15 (3),"row 247, column 13",Net Current Expenditure (C7 = C3 - C6)
2014/15,E3331,,E07000187,SW,Theatres and public entertainment,0,0.0,Revenue_Outturn__RO5__data_2014-15_by_LA_-_02-Feb-2016.xlsx,RO5 LA Data 2014-15 (3),"row 247, column 15",Net Current Expenditure (C7 = C3 - C6)
2014/15,E3331,,E07000187,SW,Library service,0,0.0,Revenue_Outturn__RO5__data_2014-15_by_LA_-_02-Feb-2016.xlsx,RO5 LA Data 2014-15 (3),"row 247, column 29",Net Current Expenditure (C7 = C3 - C6)
2014/15,E3332,,E07000188,SW,Archives,0,0.0,Revenue_Outturn__RO5__data_2014-15_by_LA_-_02-Feb-2016.xlsx,RO5 LA Data 2014-15 (3),"row 248, column 7",Net Current Expenditure (C7 = C3 - C6)
2014/15,E3332,,E07000188,SW,Arts development and support,0,0.0,Revenue_Outturn__RO5__data_2014-15_by_LA_-_02-Feb-2016.xlsx,RO5 LA Data 2014-15 (3),"row 248, column 9",Net Current Expenditure (C7 = C3 - C6)
2014/15,E3332,,E07000188,SW,Heritage,4,4000.0,Revenue_Outturn__RO5__data_2014-15_by_LA_-_02-Feb-2016.xlsx,RO5 LA Data 2014-15 (3),"row 248, column 11",Net Current Expenditure (C7 = C3 - C6)
2014/15,E3332,,E07000188,SW,Museums and galleries,7,7000.0,Revenue_Outturn__RO5__data_2014-15_by_LA_-_02-Feb-2016.xlsx,RO5 LA Data 2014-15 (3),"row 248, column 13",Net Current Expenditure (C7 = C3 - C6)
2014/15,E3332,,E07000188,SW,Theatres and public entertainment,9,9000.0,Revenue_Outturn__RO5__data_2014-15_by_LA_-_02-Feb-2016.xlsx,RO5 LA Data 2014-15 (3),"row 248, column 15",Net Current Expenditure (C7 = C3 - C6)
2014/15,E3332,,E07000188,SW,Library service,0,0.0,Revenue_Outturn__RO5__data_2014-15_by_LA_-_02-Feb-2016.xlsx,RO5 LA Data 2014-15 (3),"row 248, column 29",Net Current Expenditure (C7 = C3 - C6)
2014/15,E3333,,E07000190,SW,Archives,0,0.0,Revenue_Outturn__RO5__data_2014-15_by_LA_-_02-Feb-2016.xlsx,RO5 LA Data 2014-15 (3),"row 249, column 7",Net Current Expenditure (C7 = C3 - C6)
2014/15,E3333,,E07000190,SW,Arts development and support,14,14000.0,Revenue_Outturn__RO5__data_2014-15_by_LA_-_02-Feb-2016.xlsx,RO5 LA Data 2014-15 (3),"row 249, column 9",Net Current Expenditure (C7 = C3 - C6)
2014/15,E3333,,E07000190,SW,Heritage,0,0.0,Revenue_Outturn__RO5__data_2014-15_by_LA_-_02-Feb-2016.xlsx,RO5 LA Data 2014-15 (3),"row 249, column 11",Net Current Expenditure (C7 = C3 - C6)
2014/15,E3333,,E07000190,SW,Museums and galleries,0,0.0,Revenue_Outturn__RO5__data_2014-15_by_LA_-_02-Feb-2016.xlsx,RO5 LA Data 2014-15 (3),"row 249, column 13",Net Current Expenditure (C7 = C3 - C6)
2014/15,E3333,,E07000190,SW,Theatres and public entertainment,155,155000.0,Revenue_Outturn__RO5__data_2014-15_by_LA_-_02-Feb-2016.xlsx,RO5 LA Data 2014-15 (3),"row 249, column 15",Net Current Expenditure (C7 = C3 - C6)
2014/15,E3333,,E07000190,SW,Library service,0,0.0,Revenue_Outturn__RO5__data_2014-15_by_LA_-_02-Feb-2016.xlsx,RO5 LA Data 2014-15 (3),"row 249, column 29",Net Current Expenditure (C7 = C3 - C6)
2014/15,E3334,,E07000189,SW,Archives,0,0.0,Revenue_Outturn__RO5__data_2014-15_by_LA_-_02-Feb-2016.xlsx,RO5 LA Data 2014-15 (3),"row 250, column 7",Net Current Expenditure (C7 = C3 - C6)
2014/15,E3334,,E07000189,SW,Arts development and support,107,107000.0,Revenue_Outturn__RO5__data_2014-15_by_LA_-_02-Feb-2016.xlsx,RO5 LA Data 2014-15 (3),"row 250, column 9",Net Current Expenditure (C7 = C3 - C6)
2014/15,E3334,,E07000189,SW,Heritage,0,0.0,Revenue_Outturn__RO5__data_2014-15_by_LA_-_02-Feb-2016.xlsx,RO5 LA Data 2014-15 (3),"row 250, column 11",Net Current Expenditure (C7 = C3 - C6)
2014/15,E3334,,E07000189,SW,Museums and galleries,115,115000.0,Revenue_Outturn__RO5__data_2014-15_by_LA_-_02-Feb-2016.xlsx,RO5 LA Data 2014-15 (3),"row 250, column 13",Net Current Expenditure (C7 = C3 - C6)
2014/15,E3334,,E07000189,SW,Theatres and public entertainment,282,282000.0,Revenue_Outturn__RO5__data_2014-15_by_LA_-_02-Feb-2016.xlsx,RO5 LA Data 2014-15 (3),"row 250, column 15",Net Current Expenditure (C7 = C3 - C6)
2014/15,E3334,,E07000189,SW,Library service,0,0.0,Revenue_Outturn__RO5__data_2014-15_by_LA_-_02-Feb-2016.xlsx,RO5 LA Data 2014-15 (3),"row 250, column 29",Net Current Expenditure (C7 = C3 - C6)
2014/15,E3335,,E07000191,SW,Archives,0,0.0,Revenue_Outturn__RO5__data_2014-15_by_LA_-_02-Feb-2016.xlsx,RO5 LA Data 2014-15 (3),"row 251, column 7",Net Current Expenditure (C7 = C3 - C6)
2014/15,E3335,,E07000191,SW,Arts development and support,0,0.0,Revenue_Outturn__RO5__data_2014-15_by_LA_-_02-Feb-2016.xlsx,RO5 LA Data 2014-15 (3),"row 251, column 9",Net Current Expenditure (C7 = C3 - C6)
2014/15,E3335,,E07000191,SW,Heritage,0,0.0,Revenue_Outturn__RO5__data_2014-15_by_LA_-_02-Feb-2016.xlsx,RO5 LA Data 2014-15 (3),"row 251, column 11",Net Current Expenditure (C7 = C3 - C6)
2014/15,E3335,,E07000191,SW,Museums and galleries,0,0.0,Revenue_Outturn__RO5__data_2014-15_by_LA_-_02-Feb-2016.xlsx,RO5 LA Data 2014-15 (3),"row 251, column 13",Net Current Expenditure (C7 = C3 - C6)
2014/15,E3335,,E07000191,SW,Theatres and public entertainment,0,0.0,Revenue_Outturn__RO5__data_2014-15_by_LA_-_02-Feb-2016.xlsx,RO5 LA Data 2014-15 (3),"row 251, column 15",Net Current Expenditure (C7 = C3 - C6)
2014/15,E3335,,E07000191,SW,Library service,0,0.0,Revenue_Outturn__RO5__data_2014-15_by_LA_-_02-Feb-2016.xlsx,RO5 LA Data 2014-15 (3),"row 251, column 29",Net Current Expenditure (C7 = C3 - C6)
2014/15,E3401,,E06000021,WM,Archives,167,167000.0,Revenue_Outturn__RO5__data_2014-15_by_LA_-_02-Feb-2016.xlsx,RO5 LA Data 2014-15 (3),"row 252, column 7",Net Current Expenditure (C7 = C3 - C6)
2014/15,E3401,,E06000021,WM,Arts development and support,917,917000.0,Revenue_Outturn__RO5__data_2014-15_by_LA_-_02-Feb-2016.xlsx,RO5 LA Data 2014-15 (3),"row 252, column 9",Net Current Expenditure (C7 = C3 - C6)
2014/15,E3401,,E06000021,WM,Heritage,0,0.0,Revenue_Outturn__RO5__data_2014-15_by_LA_-_02-Feb-2016.xlsx,RO5 LA Data 2014-15 (3),"row 252, column 11",Net Current Expenditure (C7 = C3 - C6)
2014/15,E3401,,E06000021,WM,Museums and galleries,2487,2487000.0,Revenue_Outturn__RO5__data_2014-15_by_LA_-_02-Feb-2016.xlsx,RO5 LA Data 2014-15 (3),"row 252, column 13",Net Current Expenditure (C7 = C3 - C6)
2014/15,E3401,,E06000021,WM,Theatres and public entertainment,583,583000.0,Revenue_Outturn__RO5__data_2014-15_by_LA_-_02-Feb-2016.xlsx,RO5 LA Data 2014-15 (3),"row 252, column 15",Net Current Expenditure (C7 = C3 - C6)
2014/15,E3401,,E06000021,WM,Library service,2711,2711000.0,Revenue_Outturn__RO5__data_2014-15_by_LA_-_02-Feb-2016.xlsx,RO5 LA Data 2014-15 (3),"row 252, column 29",Net Current Expenditure (C7 = C3 - C6)
2014/15,E3421,,E10000028,WM,Archives,1592,1592000.0,Revenue_Outturn__RO5__data_2014-15_by_LA_-_02-Feb-2016.xlsx,RO5 LA Data 2014-15 (3),"row 253, column 7",Net Current Expenditure (C7 = C3 - C6)
2014/15,E3421,,E10000028,WM,Arts development and support,640,640000.0,Revenue_Outturn__RO5__data_2014-15_by_LA_-_02-Feb-2016.xlsx,RO5 LA Data 2014-15 (3),"row 253, column 9",Net Current Expenditure (C7 = C3 - C6)
2014/15,E3421,,E10000028,WM,Heritage,0,0.0,Revenue_Outturn__RO5__data_2014-15_by_LA_-_02-Feb-2016.xlsx,RO5 LA Data 2014-15 (3),"row 253, column 11",Net Current Expenditure (C7 = C3 - C6)
2014/15,E3421,,E10000028,WM,Museums and galleries,444,444000.0,Revenue_Outturn__RO5__data_2014-15_by_LA_-_02-Feb-2016.xlsx,RO5 LA Data 2014-15 (3),"row 253, column 13",Net Current Expenditure (C7 = C3 - C6)
2014/15,E3421,,E10000028,WM,Theatres and public entertainment,0,0.0,Revenue_Outturn__RO5__data_2014-15_by_LA_-_02-Feb-2016.xlsx,RO5 LA Data 2014-15 (3),"row 253, column 15",Net Current Expenditure (C7 = C3 - C6)
2014/15,E3421,,E10000028,WM,Library service,10890,10890000.0,Revenue_Outturn__RO5__data_2014-15_by_LA_-_02-Feb-2016.xlsx,RO5 LA Data 2014-15 (3),"row 253, column 29",Net Current Expenditure (C7 = C3 - C6)
2014/15,E3431,,E07000192,WM,Archives,0,0.0,Revenue_Outturn__RO5__data_2014-15_by_LA_-_02-Feb-2016.xlsx,RO5 LA Data 2014-15 (3),"row 254, column 7",Net Current Expenditure (C7 = C3 - C6)
2014/15,E3431,,E07000192,WM,Arts development and support,249,249000.0,Revenue_Outturn__RO5__data_2014-15_by_LA_-_02-Feb-2016.xlsx,RO5 LA Data 2014-15 (3),"row 254, column 9",Net Current Expenditure (C7 = C3 - C6)
2014/15,E3431,,E07000192,WM,Heritage,0,0.0,Revenue_Outturn__RO5__data_2014-15_by_LA_-_02-Feb-2016.xlsx,RO5 LA Data 2014-15 (3),"row 254, column 11",Net Current Expenditure (C7 = C3 - C6)
2014/15,E3431,,E07000192,WM,Museums and galleries,368,368000.0,Revenue_Outturn__RO5__data_2014-15_by_LA_-_02-Feb-2016.xlsx,RO5 LA Data 2014-15 (3),"row 254, column 13",Net Current Expenditure (C7 = C3 - C6)
2014/15,E3431,,E07000192,WM,Theatres and public entertainment,409,409000.0,Revenue_Outturn__RO5__data_2014-15_by_LA_-_02-Feb-2016.xlsx,RO5 LA Data 2014-15 (3),"row 254, column 15",Net Current Expenditure (C7 = C3 - C6)
2014/15,E3431,,E07000192,WM,Library service,0,0.0,Revenue_Outturn__RO5__data_2014-15_by_LA_-_02-Feb-2016.xlsx,RO5 LA Data 2014-15 (3),"row 254, column 29",Net Current Expenditure (C7 = C3 - C6)
2014/15,E3432,,E07000193,WM,Archives,0,0.0,Revenue_Outturn__RO5__data_2014-15_by_LA_-_02-Feb-2016.xlsx,RO5 LA Data 2014-15 (3),"row 255, column 7",Net Current Expenditure (C7 = C3 - C6)
2014/15,E3432,,E07000193,WM,Arts development and support,213,213000.0,Revenue_Outturn__RO5__data_2014-15_by_LA_-_02-Feb-2016.xlsx,RO5 LA Data 2014-15 (3),"row 255, column 9",Net Current Expenditure (C7 = C3 - C6)
2014/15,E3432,,E07000193,WM,Heritage,0,0.0,Revenue_Outturn__RO5__data_2014-15_by_LA_-_02-Feb-2016.xlsx,RO5 LA Data 2014-15 (3),"row 255, column 11",Net Current Expenditure (C7 = C3 - C6)
2014/15,E3432,,E07000193,WM,Museums and galleries,0,0.0,Revenue_Outturn__RO5__data_2014-15_by_LA_-_02-Feb-2016.xlsx,RO5 LA Data 2014-15 (3),"row 255, column 13",Net Current Expenditure (C7 = C3 - C6)
2014/15,E3432,,E07000193,WM,Theatres and public entertainment,402,402000.0,Revenue_Outturn__RO5__data_2014-15_by_LA_-_02-Feb-2016.xlsx,RO5 LA Data 2014-15 (3),"row 255, column 15",Net Current Expenditure (C7 = C3 - C6)
2014/15,E3432,,E07000193,WM,Library service,0,0.0,Revenue_Outturn__RO5__data_2014-15_by_LA_-_02-Feb-2016.xlsx,RO5 LA Data 2014-15 (3),"row 255, column 29",Net Current Expenditure (C7 = C3 - C6)
2014/15,E3433,,E07000194,WM,Archives,0,0.0,Revenue_Outturn__RO5__data_2014-15_by_LA_-_02-Feb-2016.xlsx,RO5 LA Data 2014-15 (3),"row 256, column 7",Net Current Expenditure (C7 = C3 - C6)
2014/15,E3433,,E07000194,WM,Arts development and support,0,0.0,Revenue_Outturn__RO5__data_2014-15_by_LA_-_02-Feb-2016.xlsx,RO5 LA Data 2014-15 (3),"row 256, column 9",Net Current Expenditure (C7 = C3 - C6)
2014/15,E3433,,E07000194,WM,Heritage,0,0.0,Revenue_Outturn__RO5__data_2014-15_by_LA_-_02-Feb-2016.xlsx,RO5 LA Data 2014-15 (3),"row 256, column 11",Net Current Expenditure (C7 = C3 - C6)
2014/15,E3433,,E07000194,WM,Museums and galleries,4,4000.0,Revenue_Outturn__RO5__data_2014-15_by_LA_-_02-Feb-2016.xlsx,RO5 LA Data 2014-15 (3),"row 256, column 13",Net Current Expenditure (C7 = C3 - C6)
2014/15,E3433,,E07000194,WM,Theatres and public entertainment,690,690000.0,Revenue_Outturn__RO5__data_2014-15_by_LA_-_02-Feb-2016.xlsx,RO5 LA Data 2014-15 (3),"row 256, column 15",Net Current Expenditure (C7 = C3 - C6)
2014/15,E3433,,E07000194,WM,Library service,0,0.0,Revenue_Outturn__RO5__data_2014-15_by_LA_-_02-Feb-2016.xlsx,RO5 LA Data 2014-15 (3),"row 256, column 29",Net Current Expenditure (C7 = C3 - C6)
2014/15,E3434,,E07000195,WM,Archives,0,0.0,Revenue_Outturn__RO5__data_2014-15_by_LA_-_02-Feb-2016.xlsx,RO5 LA Data 2014-15 (3),"row 257, column 7",Net Current Expenditure (C7 = C3 - C6)
2014/15,E3434,,E07000195,WM,Arts development and support,12,12000.0,Revenue_Outturn__RO5__data_2014-15_by_LA_-_02-Feb-2016.xlsx,RO5 LA Data 2014-15 (3),"row 257, column 9",Net Current Expenditure (C7 = C3 - C6)
2014/15,E3434,,E07000195,WM,Heritage,0,0.0,Revenue_Outturn__RO5__data_2014-15_by_LA_-_02-Feb-2016.xlsx,RO5 LA Data 2014-15 (3),"row 257, column 11",Net Current Expenditure (C7 = C3 - C6)
2014/15,E3434,,E07000195,WM,Museums and galleries,301,301000.0,Revenue_Outturn__RO5__data_2014-15_by_LA_-_02-Feb-2016.xlsx,RO5 LA Data 2014-15 (3),"row 257, column 13",Net Current Expenditure (C7 = C3 - C6)
2014/15,E3434,,E07000195,WM,Theatres and public entertainment,115,115000.0,Revenue_Outturn__RO5__data_2014-15_by_LA_-_02-Feb-2016.xlsx,RO5 LA Data 2014-15 (3),"row 257, column 15",Net Current Expenditure (C7 = C3 - C6)
2014/15,E3434,,E07000195,WM,Library service,0,0.0,Revenue_Outturn__RO5__data_2014-15_by_LA_-_02-Feb-2016.xlsx,RO5 LA Data 2014-15 (3),"row 257, column 29",Net Current Expenditure (C7 = C3 - C6)
2014/15,E3435,,E07000196,WM,Archives,0,0.0,Revenue_Outturn__RO5__data_2014-15_by_LA_-_02-Feb-2016.xlsx,RO5 LA Data 2014-15 (3),"row 258, column 7",Net Current Expenditure (C7 = C3 - C6)
2014/15,E3435,,E07000196,WM,Arts development and support,0,0.0,Revenue_Outturn__RO5__data_2014-15_by_LA_-_02-Feb-2016.xlsx,RO5 LA Data 2014-15 (3),"row 258, column 9",Net Current Expenditure (C7 = C3 - C6)
2014/15,E3435,,E07000196,WM,Heritage,0,0.0,Revenue_Outturn__RO5__data_2014-15_by_LA_-_02-Feb-2016.xlsx,RO5 LA Data 2014-15 (3),"row 258, column 11",Net Current Expenditure (C7 = C3 - C6)
2014/15,E3435,,E07000196,WM,Museums and galleries,0,0.0,Revenue_Outturn__RO5__data_2014-15_by_LA_-_02-Feb-2016.xlsx,RO5 LA Data 2014-15 (3),"row 258, column 13",Net Current Expenditure (C7 = C3 - C6)
2014/15,E3435,,E07000196,WM,Theatres and public entertainment,0,0.0,Revenue_Outturn__RO5__data_2014-15_by_LA_-_02-Feb-2016.xlsx,RO5 LA Data 2014-15 (3),"row 258, column 15",Net Current Expenditure (C7 = C3 - C6)
2014/15,E3435,,E07000196,WM,Library service,0,0.0,Revenue_Outturn__RO5__data_2014-15_by_LA_-_02-Feb-2016.xlsx,RO5 LA Data 2014-15 (3),"row 258, column 29",Net Current Expenditure (C7 = C3 - C6)
2014/15,E3436,,E07000197,WM,Archives,0,0.0,Revenue_Outturn__RO5__data_2014-15_by_LA_-_02-Feb-2016.xlsx,RO5 LA Data 2014-15 (3),"row 259, column 7",Net Current Expenditure (C7 = C3 - C6)
2014/15,E3436,,E07000197,WM,Arts development and support,0,0.0,Revenue_Outturn__RO5__data_2014-15_by_LA_-_02-Feb-2016.xlsx,RO5 LA Data 2014-15 (3),"row 259, column 9",Net Current Expenditure (C7 = C3 - C6)
2014/15,E3436,,E07000197,WM,Heritage,18,18000.0,Revenue_Outturn__RO5__data_2014-15_by_LA_-_02-Feb-2016.xlsx,RO5 LA Data 2014-15 (3),"row 259, column 11",Net Current Expenditure (C7 = C3 - C6)
2014/15,E3436,,E07000197,WM,Museums and galleries,421,421000.0,Revenue_Outturn__RO5__data_2014-15_by_LA_-_02-Feb-2016.xlsx,RO5 LA Data 2014-15 (3),"row 259, column 13",Net Current Expenditure (C7 = C3 - C6)
2014/15,E3436,,E07000197,WM,Theatres and public entertainment,963,963000.0,Revenue_Outturn__RO5__data_2014-15_by_LA_-_02-Feb-2016.xlsx,RO5 LA Data 2014-15 (3),"row 259, column 15",Net Current Expenditure (C7 = C3 - C6)
2014/15,E3436,,E07000197,WM,Library service,0,0.0,Revenue_Outturn__RO5__data_2014-15_by_LA_-_02-Feb-2016.xlsx,RO5 LA Data 2014-15 (3),"row 259, column 29",Net Current Expenditure (C7 = C3 - C6)
2014/15,E3437,,E07000198,WM,Archives,0,0.0,Revenue_Outturn__RO5__data_2014-15_by_LA_-_02-Feb-2016.xlsx,RO5 LA Data 2014-15 (3),"row 260, column 7",Net Current Expenditure (C7 = C3 - C6)
2014/15,E3437,,E07000198,WM,Arts development and support,48,48000.0,Revenue_Outturn__RO5__data_2014-15_by_LA_-_02-Feb-2016.xlsx,RO5 LA Data 2014-15 (3),"row 260, column 9",Net Current Expenditure (C7 = C3 - C6)
2014/15,E3437,,E07000198,WM,Heritage,0,0.0,Revenue_Outturn__RO5__data_2014-15_by_LA_-_02-Feb-2016.xlsx,RO5 LA Data 2014-15 (3),"row 260, column 11",Net Current Expenditure (C7 = C3 - C6)
2014/15,E3437,,E07000198,WM,Museums and galleries,45,45000.0,Revenue_Outturn__RO5__data_2014-15_by_LA_-_02-Feb-2016.xlsx,RO5 LA Data 2014-15 (3),"row 260, column 13",Net Current Expenditure (C7 = C3 - C6)
2014/15,E3437,,E07000198,WM,Theatres and public entertainment,0,0.0,Revenue_Outturn__RO5__data_2014-15_by_LA_-_02-Feb-2016.xlsx,RO5 LA Data 2014-15 (3),"row 260, column 15",Net Current Expenditure (C7 = C3 - C6)
2014/15,E3437,,E07000198,WM,Library service,0,0.0,Revenue_Outturn__RO5__data_2014-15_by_LA_-_02-Feb-2016.xlsx,RO5 LA Data 2014-15 (3),"row 260, column 29",Net Current Expenditure (C7 = C3 - C6)
2014/15,E3439,,E07000199,WM,Archives,0,0.0,Revenue_Outturn__RO5__data_2014-15_by_LA_-_02-Feb-2016.xlsx,RO5 LA Data 2014-15 (3),"row 261, column 7",Net Current Expenditure (C7 = C3 - C6)
2014/15,E3439,,E07000199,WM,Arts development and support,24,24000.0,Revenue_Outturn__RO5__data_2014-15_by_LA_-_02-Feb-2016.xlsx,RO5 LA Data 2014-15 (3),"row 261, column 9",Net Current Expenditure (C7 = C3 - C6)
2014/15,E3439,,E07000199,WM,Heritage,34,34000.0,Revenue_Outturn__RO5__data_2014-15_by_LA_-_02-Feb-2016.xlsx,RO5 LA Data 2014-15 (3),"row 261, column 11",Net Current Expenditure (C7 = C3 - C6)
2014/15,E3439,,E07000199,WM,Museums and galleries,278,278000.0,Revenue_Outturn__RO5__data_2014-15_by_LA_-_02-Feb-2016.xlsx,RO5 LA Data 2014-15 (3),"row 261, column 13",Net Current Expenditure (C7 = C3 - C6)
2014/15,E3439,,E07000199,WM,Theatres and public entertainment,424,424000.0,Revenue_Outturn__RO5__data_2014-15_by_LA_-_02-Feb-2016.xlsx,RO5 LA Data 2014-15 (3),"row 261, column 15",Net Current Expenditure (C7 = C3 - C6)
2014/15,E3439,,E07000199,WM,Library service,0,0.0,Revenue_Outturn__RO5__data_2014-15_by_LA_-_02-Feb-2016.xlsx,RO5 LA Data 2014-15 (3),"row 261, column 29",Net Current Expenditure (C7 = C3 - C6)
2014/15,E3520,,E10000029,EE,Archives,723,723000.0,Revenue_Outturn__RO5__data_2014-15_by_LA_-_02-Feb-2016.xlsx,RO5 LA Data 2014-15 (3),"row 262, column 7",Net Current Expenditure (C7 = C3 - C6)
2014/15,E3520,,E10000029,EE,Arts development and support,643,643000.0,Revenue_Outturn__RO5__data_2014-15_by_LA_-_02-Feb-2016.xlsx,RO5 LA Data 2014-15 (3),"row 262, column 9",Net Current Expenditure (C7 = C3 - C6)
2014/15,E3520,,E10000029,EE,Heritage,6,6000.0,Revenue_Outturn__RO5__data_2014-15_by_LA_-_02-Feb-2016.xlsx,RO5 LA Data 2014-15 (3),"row 262, column 11",Net Current Expenditure (C7 = C3 - C6)
2014/15,E3520,,E10000029,EE,Museums and galleries,1046,1046000.0,Revenue_Outturn__RO5__data_2014-15_by_LA_-_02-Feb-2016.xlsx,RO5 LA Data 2014-15 (3),"row 262, column 13",Net Current Expenditure (C7 = C3 - C6)
2014/15,E3520,,E10000029,EE,Theatres and public entertainment,0,0.0,Revenue_Outturn__RO5__data_2014-15_by_LA_-_02-Feb-2016.xlsx,RO5 LA Data 2014-15 (3),"row 262, column 15",Net Current Expenditure (C7 = C3 - C6)
2014/15,E3520,,E10000029,EE,Library service,7387,7387000.0,Revenue_Outturn__RO5__data_2014-15_by_LA_-_02-Feb-2016.xlsx,RO5 LA Data 2014-15 (3),"row 262, column 29",Net Current Expenditure (C7 = C3 - C6)
2014/15,E3531,,E07000200,EE,Archives,0,0.0,Revenue_Outturn__RO5__data_2014-15_by_LA_-_02-Feb-2016.xlsx,RO5 LA Data 2014-15 (3),"row 263, column 7",Net Current Expenditure (C7 = C3 - C6)
2014/15,E3531,,E07000200,EE,Arts development and support,28,28000.0,Revenue_Outturn__RO5__data_2014-15_by_LA_-_02-Feb-2016.xlsx,RO5 LA Data 2014-15 (3),"row 263, column 9",Net Current Expenditure (C7 = C3 - C6)
2014/15,E3531,,E07000200,EE,Heritage,0,0.0,Revenue_Outturn__RO5__data_2014-15_by_LA_-_02-Feb-2016.xlsx,RO5 LA Data 2014-15 (3),"row 263, column 11",Net Current Expenditure (C7 = C3 - C6)
2014/15,E3531,,E07000200,EE,Museums and galleries,0,0.0,Revenue_Outturn__RO5__data_2014-15_by_LA_-_02-Feb-2016.xlsx,RO5 LA Data 2014-15 (3),"row 263, column 13",Net Current Expenditure (C7 = C3 - C6)
2014/15,E3531,,E07000200,EE,Theatres and public entertainment,0,0.0,Revenue_Outturn__RO5__data_2014-15_by_LA_-_02-Feb-2016.xlsx,RO5 LA Data 2014-15 (3),"row 263, column 15",Net Current Expenditure (C7 = C3 - C6)
2014/15,E3531,,E07000200,EE,Library service,0,0.0,Revenue_Outturn__RO5__data_2014-15_by_LA_-_02-Feb-2016.xlsx,RO5 LA Data 2014-15 (3),"row 263, column 29",Net Current Expenditure (C7 = C3 - C6)
2014/15,E3532,,E07000201,EE,Archives,0,0.0,Revenue_Outturn__RO5__data_2014-15_by_LA_-_02-Feb-2016.xlsx,RO5 LA Data 2014-15 (3),"row 264, column 7",Net Current Expenditure (C7 = C3 - C6)
2014/15,E3532,,E07000201,EE,Arts development and support,120,120000.0,Revenue_Outturn__RO5__data_2014-15_by_LA_-_02-Feb-2016.xlsx,RO5 LA Data 2014-15 (3),"row 264, column 9",Net Current Expenditure (C7 = C3 - C6)
2014/15,E3532,,E07000201,EE,Heritage,30,30000.0,Revenue_Outturn__RO5__data_2014-15_by_LA_-_02-Feb-2016.xlsx,RO5 LA Data 2014-15 (3),"row 264, column 11",Net Current Expenditure (C7 = C3 - C6)
2014/15,E3532,,E07000201,EE,Museums and galleries,0,0.0,Revenue_Outturn__RO5__data_2014-15_by_LA_-_02-Feb-2016.xlsx,RO5 LA Data 2014-15 (3),"row 264, column 13",Net Current Expenditure (C7 = C3 - C6)
2014/15,E3532,,E07000201,EE,Theatres and public entertainment,0,0.0,Revenue_Outturn__RO5__data_2014-15_by_LA_-_02-Feb-2016.xlsx,RO5 LA Data 2014-15 (3),"row 264, column 15",Net Current Expenditure (C7 = C3 - C6)
2014/15,E3532,,E07000201,EE,Library service,0,0.0,Revenue_Outturn__RO5__data_2014-15_by_LA_-_02-Feb-2016.xlsx,RO5 LA Data 2014-15 (3),"row 264, column 29",Net Current Expenditure (C7 = C3 - C6)
2014/15,E3533,,E07000202,EE,Archives,0,0.0,Revenue_Outturn__RO5__data_2014-15_by_LA_-_02-Feb-2016.xlsx,RO5 LA Data 2014-15 (3),"row 265, column 7",Net Current Expenditure (C7 = C3 - C6)
2014/15,E3533,,E07000202,EE,Arts development and support,382,382000.0,Revenue_Outturn__RO5__data_2014-15_by_LA_-_02-Feb-2016.xlsx,RO5 LA Data 2014-15 (3),"row 265, column 9",Net Current Expenditure (C7 = C3 - C6)
2014/15,E3533,,E07000202,EE,Heritage,104,104000.0,Revenue_Outturn__RO5__data_2014-15_by_LA_-_02-Feb-2016.xlsx,RO5 LA Data 2014-15 (3),"row 265, column 11",Net Current Expenditure (C7 = C3 - C6)
2014/15,E3533,,E07000202,EE,Museums and galleries,1497,1497000.0,Revenue_Outturn__RO5__data_2014-15_by_LA_-_02-Feb-2016.xlsx,RO5 LA Data 2014-15 (3),"row 265, column 13",Net Current Expenditure (C7 = C3 - C6)
2014/15,E3533,,E07000202,EE,Theatres and public entertainment,1058,1058000.0,Revenue_Outturn__RO5__data_2014-15_by_LA_-_02-Feb-2016.xlsx,RO5 LA Data 2014-15 (3),"row 265, column 15",Net Current Expenditure (C7 = C3 - C6)
2014/15,E3533,,E07000202,EE,Library service,0,0.0,Revenue_Outturn__RO5__data_2014-15_by_LA_-_02-Feb-2016.xlsx,RO5 LA Data 2014-15 (3),"row 265, column 29",Net Current Expenditure (C7 = C3 - C6)
2014/15,E3534,,E07000203,EE,Archives,0,0.0,Revenue_Outturn__RO5__data_2014-15_by_LA_-_02-Feb-2016.xlsx,RO5 LA Data 2014-15 (3),"row 266, column 7",Net Current Expenditure (C7 = C3 - C6)
2014/15,E3534,,E07000203,EE,Arts development and support,41,41000.0,Revenue_Outturn__RO5__data_2014-15_by_LA_-_02-Feb-2016.xlsx,RO5 LA Data 2014-15 (3),"row 266, column 9",Net Current Expenditure (C7 = C3 - C6)
2014/15,E3534,,E07000203,EE,Heritage,0,0.0,Revenue_Outturn__RO5__data_2014-15_by_LA_-_02-Feb-2016.xlsx,RO5 LA Data 2014-15 (3),"row 266, column 11",Net Current Expenditure (C7 = C3 - C6)
2014/15,E3534,,E07000203,EE,Museums and galleries,0,0.0,Revenue_Outturn__RO5__data_2014-15_by_LA_-_02-Feb-2016.xlsx,RO5 LA Data 2014-15 (3),"row 266, column 13",Net Current Expenditure (C7 = C3 - C6)
2014/15,E3534,,E07000203,EE,Theatres and public entertainment,0,0.0,Revenue_Outturn__RO5__data_2014-15_by_LA_-_02-Feb-2016.xlsx,RO5 LA Data 2014-15 (3),"row 266, column 15",Net Current Expenditure (C7 = C3 - C6)
2014/15,E3534,,E07000203,EE,Library service,0,0.0,Revenue_Outturn__RO5__data_2014-15_by_LA_-_02-Feb-2016.xlsx,RO5 LA Data 2014-15 (3),"row 266, column 29",Net Current Expenditure (C7 = C3 - C6)
2014/15,E3535,,E07000204,EE,Archives,0,0.0,Revenue_Outturn__RO5__data_2014-15_by_LA_-_02-Feb-2016.xlsx,RO5 LA Data 2014-15 (3),"row 267, column 7",Net Current Expenditure (C7 = C3 - C6)
2014/15,E3535,,E07000204,EE,Arts development and support,227,227000.0,Revenue_Outturn__RO5__data_2014-15_by_LA_-_02-Feb-2016.xlsx,RO5 LA Data 2014-15 (3),"row 267, column 9",Net Current Expenditure (C7 = C3 - C6)
2014/15,E3535,,E07000204,EE,Heritage,256,256000.0,Revenue_Outturn__RO5__data_2014-15_by_LA_-_02-Feb-2016.xlsx,RO5 LA Data 2014-15 (3),"row 267, column 11",Net Current Expenditure (C7 = C3 - C6)
2014/15,E3535,,E07000204,EE,Museums and galleries,260,260000.0,Revenue_Outturn__RO5__data_2014-15_by_LA_-_02-Feb-2016.xlsx,RO5 LA Data 2014-15 (3),"row 267, column 13",Net Current Expenditure (C7 = C3 - C6)
2014/15,E3535,,E07000204,EE,Theatres and public entertainment,1034,1034000.0,Revenue_Outturn__RO5__data_2014-15_by_LA_-_02-Feb-2016.xlsx,RO5 LA Data 2014-15 (3),"row 267, column 15",Net Current Expenditure (C7 = C3 - C6)
2014/15,E3535,,E07000204,EE,Library service,0,0.0,Revenue_Outturn__RO5__data_2014-15_by_LA_-_02-Feb-2016.xlsx,RO5 LA Data 2014-15 (3),"row 267, column 29",Net Current Expenditure (C7 = C3 - C6)
2014/15,E3536,,E07000205,EE,Archives,0,0.0,Revenue_Outturn__RO5__data_2014-15_by_LA_-_02-Feb-2016.xlsx,RO5 LA Data 2014-15 (3),"row 268, column 7",Net Current Expenditure (C7 = C3 - C6)
2014/15,E3536,,E07000205,EE,Arts development and support,26,26000.0,Revenue_Outturn__RO5__data_2014-15_by_LA_-_02-Feb-2016.xlsx,RO5 LA Data 2014-15 (3),"row 268, column 9",Net Current Expenditure (C7 = C3 - C6)
2014/15,E3536,,E07000205,EE,Heritage,0,0.0,Revenue_Outturn__RO5__data_2014-15_by_LA_-_02-Feb-2016.xlsx,RO5 LA Data 2014-15 (3),"row 268, column 11",Net Current Expenditure (C7 = C3 - C6)
2014/15,E3536,,E07000205,EE,Museums and galleries,0,0.0,Revenue_Outturn__RO5__data_2014-15_by_LA_-_02-Feb-2016.xlsx,RO5 LA Data 2014-15 (3),"row 268, column 13",Net Current Expenditure (C7 = C3 - C6)
2014/15,E3536,,E07000205,EE,Theatres and public entertainment,82,82000.0,Revenue_Outturn__RO5__data_2014-15_by_LA_-_02-Feb-2016.xlsx,RO5 LA Data 2014-15 (3),"row 268, column 15",Net Current Expenditure (C7 = C3 - C6)
2014/15,E3536,,E07000205,EE,Library service,0,0.0,Revenue_Outturn__RO5__data_2014-15_by_LA_-_02-Feb-2016.xlsx,RO5 LA Data 2014-15 (3),"row 268, column 29",Net Current Expenditure (C7 = C3 - C6)
2014/15,E3537,,E07000206,EE,Archives,0,0.0,Revenue_Outturn__RO5__data_2014-15_by_LA_-_02-Feb-2016.xlsx,RO5 LA Data 2014-15 (3),"row 269, column 7",Net Current Expenditure (C7 = C3 - C6)
2014/15,E3537,,E07000206,EE,Arts development and support,4,4000.0,Revenue_Outturn__RO5__data_2014-15_by_LA_-_02-Feb-2016.xlsx,RO5 LA Data 2014-15 (3),"row 269, column 9",Net Current Expenditure (C7 = C3 - C6)
2014/15,E3537,,E07000206,EE,Heritage,3,3000.0,Revenue_Outturn__RO5__data_2014-15_by_LA_-_02-Feb-2016.xlsx,RO5 LA Data 2014-15 (3),"row 269, column 11",Net Current Expenditure (C7 = C3 - C6)
2014/15,E3537,,E07000206,EE,Museums and galleries,37,37000.0,Revenue_Outturn__RO5__data_2014-15_by_LA_-_02-Feb-2016.xlsx,RO5 LA Data 2014-15 (3),"row 269, column 13",Net Current Expenditure (C7 = C3 - C6)
2014/15,E3537,,E07000206,EE,Theatres and public entertainment,195,195000.0,Revenue_Outturn__RO5__data_2014-15_by_LA_-_02-Feb-2016.xlsx,RO5 LA Data 2014-15 (3),"row 269, column 15",Net Current Expenditure (C7 = C3 - C6)
2014/15,E3537,,E07000206,EE,Library service,0,0.0,Revenue_Outturn__RO5__data_2014-15_by_LA_-_02-Feb-2016.xlsx,RO5 LA Data 2014-15 (3),"row 269, column 29",Net Current Expenditure (C7 = C3 - C6)
2014/15,E3620,,E10000030,SE,Archives,1417,1417000.0,Revenue_Outturn__RO5__data_2014-15_by_LA_-_02-Feb-2016.xlsx,RO5 LA Data 2014-15 (3),"row 270, column 7",Net Current Expenditure (C7 = C3 - C6)
2014/15,E3620,,E10000030,SE,Arts development and support,427,427000.0,Revenue_Outturn__RO5__data_2014-15_by_LA_-_02-Feb-2016.xlsx,RO5 LA Data 2014-15 (3),"row 270, column 9",Net Current Expenditure (C7 = C3 - C6)
2014/15,E3620,,E10000030,SE,Heritage,1015,1015000.0,Revenue_Outturn__RO5__data_2014-15_by_LA_-_02-Feb-2016.xlsx,RO5 LA Data 2014-15 (3),"row 270, column 11",Net Current Expenditure (C7 = C3 - C6)
2014/15,E3620,,E10000030,SE,Museums and galleries,154,154000.0,Revenue_Outturn__RO5__data_2014-15_by_LA_-_02-Feb-2016.xlsx,RO5 LA Data 2014-15 (3),"row 270, column 13",Net Current Expenditure (C7 = C3 - C6)
2014/15,E3620,,E10000030,SE,Theatres and public entertainment,0,0.0,Revenue_Outturn__RO5__data_2014-15_by_LA_-_02-Feb-2016.xlsx,RO5 LA Data 2014-15 (3),"row 270, column 15",Net Current Expenditure (C7 = C3 - C6)
2014/15,E3620,,E10000030,SE,Library service,17831,17831000.0,Revenue_Outturn__RO5__data_2014-15_by_LA_-_02-Feb-2016.xlsx,RO5 LA Data 2014-15 (3),"row 270, column 29",Net Current Expenditure (C7 = C3 - C6)
2014/15,E3631,,E07000207,SE,Archives,0,0.0,Revenue_Outturn__RO5__data_2014-15_by_LA_-_02-Feb-2016.xlsx,RO5 LA Data 2014-15 (3),"row 271, column 7",Net Current Expenditure (C7 = C3 - C6)
2014/15,E3631,,E07000207,SE,Arts development and support,89,89000.0,Revenue_Outturn__RO5__data_2014-15_by_LA_-_02-Feb-2016.xlsx,RO5 LA Data 2014-15 (3),"row 271, column 9",Net Current Expenditure (C7 = C3 - C6)
2014/15,E3631,,E07000207,SE,Heritage,0,0.0,Revenue_Outturn__RO5__data_2014-15_by_LA_-_02-Feb-2016.xlsx,RO5 LA Data 2014-15 (3),"row 271, column 11",Net Current Expenditure (C7 = C3 - C6)
2014/15,E3631,,E07000207,SE,Museums and galleries,311,311000.0,Revenue_Outturn__RO5__data_2014-15_by_LA_-_02-Feb-2016.xlsx,RO5 LA Data 2014-15 (3),"row 271, column 13",Net Current Expenditure (C7 = C3 - C6)
2014/15,E3631,,E07000207,SE,Theatres and public entertainment,0,0.0,Revenue_Outturn__RO5__data_2014-15_by_LA_-_02-Feb-2016.xlsx,RO5 LA Data 2014-15 (3),"row 271, column 15",Net Current Expenditure (C7 = C3 - C6)
2014/15,E3631,,E07000207,SE,Library service,0,0.0,Revenue_Outturn__RO5__data_2014-15_by_LA_-_02-Feb-2016.xlsx,RO5 LA Data 2014-15 (3),"row 271, column 29",Net Current Expenditure (C7 = C3 - C6)
2014/15,E3632,,E07000208,SE,Archives,0,0.0,Revenue_Outturn__RO5__data_2014-15_by_LA_-_02-Feb-2016.xlsx,RO5 LA Data 2014-15 (3),"row 272, column 7",Net Current Expenditure (C7 = C3 - C6)
2014/15,E3632,,E07000208,SE,Arts development and support,0,0.0,Revenue_Outturn__RO5__data_2014-15_by_LA_-_02-Feb-2016.xlsx,RO5 LA Data 2014-15 (3),"row 272, column 9",Net Current Expenditure (C7 = C3 - C6)
2014/15,E3632,,E07000208,SE,Heritage,0,0.0,Revenue_Outturn__RO5__data_2014-15_by_LA_-_02-Feb-2016.xlsx,RO5 LA Data 2014-15 (3),"row 272, column 11",Net Current Expenditure (C7 = C3 - C6)
2014/15,E3632,,E07000208,SE,Museums and galleries,176,176000.0,Revenue_Outturn__RO5__data_2014-15_by_LA_-_02-Feb-2016.xlsx,RO5 LA Data 2014-15 (3),"row 272, column 13",Net Current Expenditure (C7 = C3 - C6)
2014/15,E3632,,E07000208,SE,Theatres and public entertainment,316,316000.0,Revenue_Outturn__RO5__data_2014-15_by_LA_-_02-Feb-2016.xlsx,RO5 LA Data 2014-15 (3),"row 272, column 15",Net Current Expenditure (C7 = C3 - C6)
2014/15,E3632,,E07000208,SE,Library service,0,0.0,Revenue_Outturn__RO5__data_2014-15_by_LA_-_02-Feb-2016.xlsx,RO5 LA Data 2014-15 (3),"row 272, column 29",Net Current Expenditure (C7 = C3 - C6)
2014/15,E3633,,E07000209,SE,Archives,0,0.0,Revenue_Outturn__RO5__data_2014-15_by_LA_-_02-Feb-2016.xlsx,RO5 LA Data 2014-15 (3),"row 273, column 7",Net Current Expenditure (C7 = C3 - C6)
2014/15,E3633,,E07000209,SE,Arts development and support,79,79000.0,Revenue_Outturn__RO5__data_2014-15_by_LA_-_02-Feb-2016.xlsx,RO5 LA Data 2014-15 (3),"row 273, column 9",Net Current Expenditure (C7 = C3 - C6)
2014/15,E3633,,E07000209,SE,Heritage,106,106000.0,Revenue_Outturn__RO5__data_2014-15_by_LA_-_02-Feb-2016.xlsx,RO5 LA Data 2014-15 (3),"row 273, column 11",Net Current Expenditure (C7 = C3 - C6)
2014/15,E3633,,E07000209,SE,Museums and galleries,716,716000.0,Revenue_Outturn__RO5__data_2014-15_by_LA_-_02-Feb-2016.xlsx,RO5 LA Data 2014-15 (3),"row 273, column 13",Net Current Expenditure (C7 = C3 - C6)
2014/15,E3633,,E07000209,SE,Theatres and public entertainment,1123,1123000.0,Revenue_Outturn__RO5__data_2014-15_by_LA_-_02-Feb-2016.xlsx,RO5 LA Data 2014-15 (3),"row 273, column 15",Net Current Expenditure (C7 = C3 - C6)
2014/15,E3633,,E07000209,SE,Library service,0,0.0,Revenue_Outturn__RO5__data_2014-15_by_LA_-_02-Feb-2016.xlsx,RO5 LA Data 2014-15 (3),"row 273, column 29",Net Current Expenditure (C7 = C3 - C6)
2014/15,E3634,,E07000210,SE,Archives,0,0.0,Revenue_Outturn__RO5__data_2014-15_by_LA_-_02-Feb-2016.xlsx,RO5 LA Data 2014-15 (3),"row 274, column 7",Net Current Expenditure (C7 = C3 - C6)
2014/15,E3634,,E07000210,SE,Arts development and support,196,196000.0,Revenue_Outturn__RO5__data_2014-15_by_LA_-_02-Feb-2016.xlsx,RO5 LA Data 2014-15 (3),"row 274, column 9",Net Current Expenditure (C7 = C3 - C6)
2014/15,E3634,,E07000210,SE,Heritage,0,0.0,Revenue_Outturn__RO5__data_2014-15_by_LA_-_02-Feb-2016.xlsx,RO5 LA Data 2014-15 (3),"row 274, column 11",Net Current Expenditure (C7 = C3 - C6)
2014/15,E3634,,E07000210,SE,Museums and galleries,0,0.0,Revenue_Outturn__RO5__data_2014-15_by_LA_-_02-Feb-2016.xlsx,RO5 LA Data 2014-15 (3),"row 274, column 13",Net Current Expenditure (C7 = C3 - C6)
2014/15,E3634,,E07000210,SE,Theatres and public entertainment,270,270000.0,Revenue_Outturn__RO5__data_2014-15_by_LA_-_02-Feb-2016.xlsx,RO5 LA Data 2014-15 (3),"row 274, column 15",Net Current Expenditure (C7 = C3 - C6)
2014/15,E3634,,E07000210,SE,Library service,0,0.0,Revenue_Outturn__RO5__data_2014-15_by_LA_-_02-Feb-2016.xlsx,RO5 LA Data 2014-15 (3),"row 274, column 29",Net Current Expenditure (C7 = C3 - C6)
2014/15,E3635,,E07000211,SE,Archives,0,0.0,Revenue_Outturn__RO5__data_2014-15_by_LA_-_02-Feb-2016.xlsx,RO5 LA Data 2014-15 (3),"row 275, column 7",Net Current Expenditure (C7 = C3 - C6)
2014/15,E3635,,E07000211,SE,Arts development and support,0,0.0,Revenue_Outturn__RO5__data_2014-15_by_LA_-_02-Feb-2016.xlsx,RO5 LA Data 2014-15 (3),"row 275, column 9",Net Current Expenditure (C7 = C3 - C6)
2014/15,E3635,,E07000211,SE,Heritage,0,0.0,Revenue_Outturn__RO5__data_2014-15_by_LA_-_02-Feb-2016.xlsx,RO5 LA Data 2014-15 (3),"row 275, column 11",Net Current Expenditure (C7 = C3 - C6)
2014/15,E3635,,E07000211,SE,Museums and galleries,0,0.0,Revenue_Outturn__RO5__data_2014-15_by_LA_-_02-Feb-2016.xlsx,RO5 LA Data 2014-15 (3),"row 275, column 13",Net Current Expenditure (C7 = C3 - C6)
2014/15,E3635,,E07000211,SE,Theatres and public entertainment,478,478000.0,Revenue_Outturn__RO5__data_2014-15_by_LA_-_02-Feb-2016.xlsx,RO5 LA Data 2014-15 (3),"row 275, column 15",Net Current Expenditure (C7 = C3 - C6)
2014/15,E3635,,E07000211,SE,Library service,0,0.0,Revenue_Outturn__RO5__data_2014-15_by_LA_-_02-Feb-2016.xlsx,RO5 LA Data 2014-15 (3),"row 275, column 29",Net Current Expenditure (C7 = C3 - C6)
2014/15,E3636,,E07000212,SE,Archives,0,0.0,Revenue_Outturn__RO5__data_2014-15_by_LA_-_02-Feb-2016.xlsx,RO5 LA Data 2014-15 (3),"row 276, column 7",Net Current Expenditure (C7 = C3 - C6)
2014/15,E3636,,E07000212,SE,Arts development and support,15,15000.0,Revenue_Outturn__RO5__data_2014-15_by_LA_-_02-Feb-2016.xlsx,RO5 LA Data 2014-15 (3),"row 276, column 9",Net Current Expenditure (C7 = C3 - C6)
2014/15,E3636,,E07000212,SE,Heritage,0,0.0,Revenue_Outturn__RO5__data_2014-15_by_LA_-_02-Feb-2016.xlsx,RO5 LA Data 2014-15 (3),"row 276, column 11",Net Current Expenditure (C7 = C3 - C6)
2014/15,E3636,,E07000212,SE,Museums and galleries,192,192000.0,Revenue_Outturn__RO5__data_2014-15_by_LA_-_02-Feb-2016.xlsx,RO5 LA Data 2014-15 (3),"row 276, column 13",Net Current Expenditure (C7 = C3 - C6)
2014/15,E3636,,E07000212,SE,Theatres and public entertainment,0,0.0,Revenue_Outturn__RO5__data_2014-15_by_LA_-_02-Feb-2016.xlsx,RO5 LA Data 2014-15 (3),"row 276, column 15",Net Current Expenditure (C7 = C3 - C6)
2014/15,E3636,,E07000212,SE,Library service,0,0.0,Revenue_Outturn__RO5__data_2014-15_by_LA_-_02-Feb-2016.xlsx,RO5 LA Data 2014-15 (3),"row 276, column 29",Net Current Expenditure (C7 = C3 - C6)
2014/15,E3637,,E07000213,SE,Archives,0,0.0,Revenue_Outturn__RO5__data_2014-15_by_LA_-_02-Feb-2016.xlsx,RO5 LA Data 2014-15 (3),"row 277, column 7",Net Current Expenditure (C7 = C3 - C6)
2014/15,E3637,,E07000213,SE,Arts development and support,32,32000.0,Revenue_Outturn__RO5__data_2014-15_by_LA_-_02-Feb-2016.xlsx,RO5 LA Data 2014-15 (3),"row 277, column 9",Net Current Expenditure (C7 = C3 - C6)
2014/15,E3637,,E07000213,SE,Heritage,0,0.0,Revenue_Outturn__RO5__data_2014-15_by_LA_-_02-Feb-2016.xlsx,RO5 LA Data 2014-15 (3),"row 277, column 11",Net Current Expenditure (C7 = C3 - C6)
2014/15,E3637,,E07000213,SE,Museums and galleries,-2,-2000.0,Revenue_Outturn__RO5__data_2014-15_by_LA_-_02-Feb-2016.xlsx,RO5 LA Data 2014-15 (3),"row 277, column 13",Net Current Expenditure (C7 = C3 - C6)
2014/15,E3637,,E07000213,SE,Theatres and public entertainment,15,15000.0,Revenue_Outturn__RO5__data_2014-15_by_LA_-_02-Feb-2016.xlsx,RO5 LA Data 2014-15 (3),"row 277, column 15",Net Current Expenditure (C7 = C3 - C6)
2014/15,E3637,,E07000213,SE,Library service,3,3000.0,Revenue_Outturn__RO5__data_2014-15_by_LA_-_02-Feb-2016.xlsx,RO5 LA Data 2014-15 (3),"row 277, column 29",Net Current Expenditure (C7 = C3 - C6)
2014/15,E3638,,E07000214,SE,Archives,0,0.0,Revenue_Outturn__RO5__data_2014-15_by_LA_-_02-Feb-2016.xlsx,RO5 LA Data 2014-15 (3),"row 278, column 7",Net Current Expenditure (C7 = C3 - C6)
2014/15,E3638,,E07000214,SE,Arts development and support,0,0.0,Revenue_Outturn__RO5__data_2014-15_by_LA_-_02-Feb-2016.xlsx,RO5 LA Data 2014-15 (3),"row 278, column 9",Net Current Expenditure (C7 = C3 - C6)
2014/15,E3638,,E07000214,SE,Heritage,0,0.0,Revenue_Outturn__RO5__data_2014-15_by_LA_-_02-Feb-2016.xlsx,RO5 LA Data 2014-15 (3),"row 278, column 11",Net Current Expenditure (C7 = C3 - C6)
2014/15,E3638,,E07000214,SE,Museums and galleries,183,183000.0,Revenue_Outturn__RO5__data_2014-15_by_LA_-_02-Feb-2016.xlsx,RO5 LA Data 2014-15 (3),"row 278, column 13",Net Current Expenditure (C7 = C3 - C6)
2014/15,E3638,,E07000214,SE,Theatres and public entertainment,0,0.0,Revenue_Outturn__RO5__data_2014-15_by_LA_-_02-Feb-2016.xlsx,RO5 LA Data 2014-15 (3),"row 278, column 15",Net Current Expenditure (C7 = C3 - C6)
2014/15,E3638,,E07000214,SE,Library service,0,0.0,Revenue_Outturn__RO5__data_2014-15_by_LA_-_02-Feb-2016.xlsx,RO5 LA Data 2014-15 (3),"row 278, column 29",Net Current Expenditure (C7 = C3 - C6)
2014/15,E3639,,E07000215,SE,Archives,0,0.0,Revenue_Outturn__RO5__data_2014-15_by_LA_-_02-Feb-2016.xlsx,RO5 LA Data 2014-15 (3),"row 279, column 7",Net Current Expenditure (C7 = C3 - C6)
2014/15,E3639,,E07000215,SE,Arts development and support,0,0.0,Revenue_Outturn__RO5__data_2014-15_by_LA_-_02-Feb-2016.xlsx,RO5 LA Data 2014-15 (3),"row 279, column 9",Net Current Expenditure (C7 = C3 - C6)
2014/15,E3639,,E07000215,SE,Heritage,0,0.0,Revenue_Outturn__RO5__data_2014-15_by_LA_-_02-Feb-2016.xlsx,RO5 LA Data 2014-15 (3),"row 279, column 11",Net Current Expenditure (C7 = C3 - C6)
2014/15,E3639,,E07000215,SE,Museums and galleries,0,0.0,Revenue_Outturn__RO5__data_2014-15_by_LA_-_02-Feb-2016.xlsx,RO5 LA Data 2014-15 (3),"row 279, column 13",Net Current Expenditure (C7 = C3 - C6)
2014/15,E3639,,E07000215,SE,Theatres and public entertainment,0,0.0,Revenue_Outturn__RO5__data_2014-15_by_LA_-_02-Feb-2016.xlsx,RO5 LA Data 2014-15 (3),"row 279, column 15",Net Current Expenditure (C7 = C3 - C6)
2014/15,E3639,,E07000215,SE,Library service,0,0.0,Revenue_Outturn__RO5__data_2014-15_by_LA_-_02-Feb-2016.xlsx,RO5 LA Data 2014-15 (3),"row 279, column 29",Net Current Expenditure (C7 = C3 - C6)
2014/15,E3640,,E07000216,SE,Archives,0,0.0,Revenue_Outturn__RO5__data_2014-15_by_LA_-_02-Feb-2016.xlsx,RO5 LA Data 2014-15 (3),"row 280, column 7",Net Current Expenditure (C7 = C3 - C6)
2014/15,E3640,,E07000216,SE,Arts development and support,122,122000.0,Revenue_Outturn__RO5__data_2014-15_by_LA_-_02-Feb-2016.xlsx,RO5 LA Data 2014-15 (3),"row 280, column 9",Net Current Expenditure (C7 = C3 - C6)
2014/15,E3640,,E07000216,SE,Heritage,0,0.0,Revenue_Outturn__RO5__data_2014-15_by_LA_-_02-Feb-2016.xlsx,RO5 LA Data 2014-15 (3),"row 280, column 11",Net Current Expenditure (C7 = C3 - C6)
2014/15,E3640,,E07000216,SE,Museums and galleries,252,252000.0,Revenue_Outturn__RO5__data_2014-15_by_LA_-_02-Feb-2016.xlsx,RO5 LA Data 2014-15 (3),"row 280, column 13",Net Current Expenditure (C7 = C3 - C6)
2014/15,E3640,,E07000216,SE,Theatres and public entertainment,0,0.0,Revenue_Outturn__RO5__data_2014-15_by_LA_-_02-Feb-2016.xlsx,RO5 LA Data 2014-15 (3),"row 280, column 15",Net Current Expenditure (C7 = C3 - C6)
2014/15,E3640,,E07000216,SE,Library service,0,0.0,Revenue_Outturn__RO5__data_2014-15_by_LA_-_02-Feb-2016.xlsx,RO5 LA Data 2014-15 (3),"row 280, column 29",Net Current Expenditure (C7 = C3 - C6)
2014/15,E3641,,E07000217,SE,Archives,0,0.0,Revenue_Outturn__RO5__data_2014-15_by_LA_-_02-Feb-2016.xlsx,RO5 LA Data 2014-15 (3),"row 281, column 7",Net Current Expenditure (C7 = C3 - C6)
2014/15,E3641,,E07000217,SE,Arts development and support,228,228000.0,Revenue_Outturn__RO5__data_2014-15_by_LA_-_02-Feb-2016.xlsx,RO5 LA Data 2014-15 (3),"row 281, column 9",Net Current Expenditure (C7 = C3 - C6)
2014/15,E3641,,E07000217,SE,Heritage,0,0.0,Revenue_Outturn__RO5__data_2014-15_by_LA_-_02-Feb-2016.xlsx,RO5 LA Data 2014-15 (3),"row 281, column 11",Net Current Expenditure (C7 = C3 - C6)
2014/15,E3641,,E07000217,SE,Museums and galleries,358,358000.0,Revenue_Outturn__RO5__data_2014-15_by_LA_-_02-Feb-2016.xlsx,RO5 LA Data 2014-15 (3),"row 281, column 13",Net Current Expenditure (C7 = C3 - C6)
2014/15,E3641,,E07000217,SE,Theatres and public entertainment,507,507000.0,Revenue_Outturn__RO5__data_2014-15_by_LA_-_02-Feb-2016.xlsx,RO5 LA Data 2014-15 (3),"row 281, column 15",Net Current Expenditure (C7 = C3 - C6)
2014/15,E3641,,E07000217,SE,Library service,0,0.0,Revenue_Outturn__RO5__data_2014-15_by_LA_-_02-Feb-2016.xlsx,RO5 LA Data 2014-15 (3),"row 281, column 29",Net Current Expenditure (C7 = C3 - C6)
2014/15,E3720,,E10000031,WM,Archives,570,570000.0,Revenue_Outturn__RO5__data_2014-15_by_LA_-_02-Feb-2016.xlsx,RO5 LA Data 2014-15 (3),"row 282, column 7",Net Current Expenditure (C7 = C3 - C6)
2014/15,E3720,,E10000031,WM,Arts development and support,181,181000.0,Revenue_Outturn__RO5__data_2014-15_by_LA_-_02-Feb-2016.xlsx,RO5 LA Data 2014-15 (3),"row 282, column 9",Net Current Expenditure (C7 = C3 - C6)
2014/15,E3720,,E10000031,WM,Heritage,241,241000.0,Revenue_Outturn__RO5__data_2014-15_by_LA_-_02-Feb-2016.xlsx,RO5 LA Data 2014-15 (3),"row 282, column 11",Net Current Expenditure (C7 = C3 - C6)
2014/15,E3720,,E10000031,WM,Museums and galleries,431,431000.0,Revenue_Outturn__RO5__data_2014-15_by_LA_-_02-Feb-2016.xlsx,RO5 LA Data 2014-15 (3),"row 282, column 13",Net Current Expenditure (C7 = C3 - C6)
2014/15,E3720,,E10000031,WM,Theatres and public entertainment,0,0.0,Revenue_Outturn__RO5__data_2014-15_by_LA_-_02-Feb-2016.xlsx,RO5 LA Data 2014-15 (3),"row 282, column 15",Net Current Expenditure (C7 = C3 - C6)
2014/15,E3720,,E10000031,WM,Library service,5252,5252000.0,Revenue_Outturn__RO5__data_2014-15_by_LA_-_02-Feb-2016.xlsx,RO5 LA Data 2014-15 (3),"row 282, column 29",Net Current Expenditure (C7 = C3 - C6)
2014/15,E3731,,E07000218,WM,Archives,0,0.0,Revenue_Outturn__RO5__data_2014-15_by_LA_-_02-Feb-2016.xlsx,RO5 LA Data 2014-15 (3),"row 283, column 7",Net Current Expenditure (C7 = C3 - C6)
2014/15,E3731,,E07000218,WM,Arts development and support,0,0.0,Revenue_Outturn__RO5__data_2014-15_by_LA_-_02-Feb-2016.xlsx,RO5 LA Data 2014-15 (3),"row 283, column 9",Net Current Expenditure (C7 = C3 - C6)
2014/15,E3731,,E07000218,WM,Heritage,1,1000.0,Revenue_Outturn__RO5__data_2014-15_by_LA_-_02-Feb-2016.xlsx,RO5 LA Data 2014-15 (3),"row 283, column 11",Net Current Expenditure (C7 = C3 - C6)
2014/15,E3731,,E07000218,WM,Museums and galleries,0,0.0,Revenue_Outturn__RO5__data_2014-15_by_LA_-_02-Feb-2016.xlsx,RO5 LA Data 2014-15 (3),"row 283, column 13",Net Current Expenditure (C7 = C3 - C6)
2014/15,E3731,,E07000218,WM,Theatres and public entertainment,-1,-1000.0,Revenue_Outturn__RO5__data_2014-15_by_LA_-_02-Feb-2016.xlsx,RO5 LA Data 2014-15 (3),"row 283, column 15",Net Current Expenditure (C7 = C3 - C6)
2014/15,E3731,,E07000218,WM,Library service,0,0.0,Revenue_Outturn__RO5__data_2014-15_by_LA_-_02-Feb-2016.xlsx,RO5 LA Data 2014-15 (3),"row 283, column 29",Net Current Expenditure (C7 = C3 - C6)
2014/15,E3732,,E07000219,WM,Archives,0,0.0,Revenue_Outturn__RO5__data_2014-15_by_LA_-_02-Feb-2016.xlsx,RO5 LA Data 2014-15 (3),"row 284, column 7",Net Current Expenditure (C7 = C3 - C6)
2014/15,E3732,,E07000219,WM,Arts development and support,13,13000.0,Revenue_Outturn__RO5__data_2014-15_by_LA_-_02-Feb-2016.xlsx,RO5 LA Data 2014-15 (3),"row 284, column 9",Net Current Expenditure (C7 = C3 - C6)
2014/15,E3732,,E07000219,WM,Heritage,0,0.0,Revenue_Outturn__RO5__data_2014-15_by_LA_-_02-Feb-2016.xlsx,RO5 LA Data 2014-15 (3),"row 284, column 11",Net Current Expenditure (C7 = C3 - C6)
2014/15,E3732,,E07000219,WM,Museums and galleries,373,373000.0,Revenue_Outturn__RO5__data_2014-15_by_LA_-_02-Feb-2016.xlsx,RO5 LA Data 2014-15 (3),"row 284, column 13",Net Current Expenditure (C7 = C3 - C6)
2014/15,E3732,,E07000219,WM,Theatres and public entertainment,447,447000.0,Revenue_Outturn__RO5__data_2014-15_by_LA_-_02-Feb-2016.xlsx,RO5 LA Data 2014-15 (3),"row 284, column 15",Net Current Expenditure (C7 = C3 - C6)
2014/15,E3732,,E07000219,WM,Library service,0,0.0,Revenue_Outturn__RO5__data_2014-15_by_LA_-_02-Feb-2016.xlsx,RO5 LA Data 2014-15 (3),"row 284, column 29",Net Current Expenditure (C7 = C3 - C6)
2014/15,E3733,,E07000220,WM,Archives,0,0.0,Revenue_Outturn__RO5__data_2014-15_by_LA_-_02-Feb-2016.xlsx,RO5 LA Data 2014-15 (3),"row 285, column 7",Net Current Expenditure (C7 = C3 - C6)
2014/15,E3733,,E07000220,WM,Arts development and support,18,18000.0,Revenue_Outturn__RO5__data_2014-15_by_LA_-_02-Feb-2016.xlsx,RO5 LA Data 2014-15 (3),"row 285, column 9",Net Current Expenditure (C7 = C3 - C6)
2014/15,E3733,,E07000220,WM,Heritage,0,0.0,Revenue_Outturn__RO5__data_2014-15_by_LA_-_02-Feb-2016.xlsx,RO5 LA Data 2014-15 (3),"row 285, column 11",Net Current Expenditure (C7 = C3 - C6)
2014/15,E3733,,E07000220,WM,Museums and galleries,601,601000.0,Revenue_Outturn__RO5__data_2014-15_by_LA_-_02-Feb-2016.xlsx,RO5 LA Data 2014-15 (3),"row 285, column 13",Net Current Expenditure (C7 = C3 - C6)
2014/15,E3733,,E07000220,WM,Theatres and public entertainment,0,0.0,Revenue_Outturn__RO5__data_2014-15_by_LA_-_02-Feb-2016.xlsx,RO5 LA Data 2014-15 (3),"row 285, column 15",Net Current Expenditure (C7 = C3 - C6)
2014/15,E3733,,E07000220,WM,Library service,0,0.0,Revenue_Outturn__RO5__data_2014-15_by_LA_-_02-Feb-2016.xlsx,RO5 LA Data 2014-15 (3),"row 285, column 29",Net Current Expenditure (C7 = C3 - C6)
2014/15,E3734,,E07000221,WM,Archives,0,0.0,Revenue_Outturn__RO5__data_2014-15_by_LA_-_02-Feb-2016.xlsx,RO5 LA Data 2014-15 (3),"row 286, column 7",Net Current Expenditure (C7 = C3 - C6)
2014/15,E3734,,E07000221,WM,Arts development and support,0,0.0,Revenue_Outturn__RO5__data_2014-15_by_LA_-_02-Feb-2016.xlsx,RO5 LA Data 2014-15 (3),"row 286, column 9",Net Current Expenditure (C7 = C3 - C6)
2014/15,E3734,,E07000221,WM,Heritage,122,122000.0,Revenue_Outturn__RO5__data_2014-15_by_LA_-_02-Feb-2016.xlsx,RO5 LA Data 2014-15 (3),"row 286, column 11",Net Current Expenditure (C7 = C3 - C6)
2014/15,E3734,,E07000221,WM,Museums and galleries,0,0.0,Revenue_Outturn__RO5__data_2014-15_by_LA_-_02-Feb-2016.xlsx,RO5 LA Data 2014-15 (3),"row 286, column 13",Net Current Expenditure (C7 = C3 - C6)
2014/15,E3734,,E07000221,WM,Theatres and public entertainment,0,0.0,Revenue_Outturn__RO5__data_2014-15_by_LA_-_02-Feb-2016.xlsx,RO5 LA Data 2014-15 (3),"row 286, column 15",Net Current Expenditure (C7 = C3 - C6)
2014/15,E3734,,E07000221,WM,Library service,0,0.0,Revenue_Outturn__RO5__data_2014-15_by_LA_-_02-Feb-2016.xlsx,RO5 LA Data 2014-15 (3),"row 286, column 29",Net Current Expenditure (C7 = C3 - C6)
2014/15,E3735,,E07000222,WM,Archives,0,0.0,Revenue_Outturn__RO5__data_2014-15_by_LA_-_02-Feb-2016.xlsx,RO5 LA Data 2014-15 (3),"row 287, column 7",Net Current Expenditure (C7 = C3 - C6)
2014/15,E3735,,E07000222,WM,Arts development and support,0,0.0,Revenue_Outturn__RO5__data_2014-15_by_LA_-_02-Feb-2016.xlsx,RO5 LA Data 2014-15 (3),"row 287, column 9",Net Current Expenditure (C7 = C3 - C6)
2014/15,E3735,,E07000222,WM,Heritage,0,0.0,Revenue_Outturn__RO5__data_2014-15_by_LA_-_02-Feb-2016.xlsx,RO5 LA Data 2014-15 (3),"row 287, column 11",Net Current Expenditure (C7 = C3 - C6)
2014/15,E3735,,E07000222,WM,Museums and galleries,735,735000.0,Revenue_Outturn__RO5__data_2014-15_by_LA_-_02-Feb-2016.xlsx,RO5 LA Data 2014-15 (3),"row 287, column 13",Net Current Expenditure (C7 = C3 - C6)
2014/15,E3735,,E07000222,WM,Theatres and public entertainment,620,620000.0,Revenue_Outturn__RO5__data_2014-15_by_LA_-_02-Feb-2016.xlsx,RO5 LA Data 2014-15 (3),"row 287, column 15",Net Current Expenditure (C7 = C3 - C6)
2014/15,E3735,,E07000222,WM,Library service,0,0.0,Revenue_Outturn__RO5__data_2014-15_by_LA_-_02-Feb-2016.xlsx,RO5 LA Data 2014-15 (3),"row 287, column 29",Net Current Expenditure (C7 = C3 - C6)
2014/15,E3820,,E10000032,SE,Archives,630,630000.0,Revenue_Outturn__RO5__data_2014-15_by_LA_-_02-Feb-2016.xlsx,RO5 LA Data 2014-15 (3),"row 288, column 7",Net Current Expenditure (C7 = C3 - C6)
2014/15,E3820,,E10000032,SE,Arts development and support,104,104000.0,Revenue_Outturn__RO5__data_2014-15_by_LA_-_02-Feb-2016.xlsx,RO5 LA Data 2014-15 (3),"row 288, column 9",Net Current Expenditure (C7 = C3 - C6)
2014/15,E3820,,E10000032,SE,Heritage,0,0.0,Revenue_Outturn__RO5__data_2014-15_by_LA_-_02-Feb-2016.xlsx,RO5 LA Data 2014-15 (3),"row 288, column 11",Net Current Expenditure (C7 = C3 - C6)
2014/15,E3820,,E10000032,SE,Museums and galleries,0,0.0,Revenue_Outturn__RO5__data_2014-15_by_LA_-_02-Feb-2016.xlsx,RO5 LA Data 2014-15 (3),"row 288, column 13",Net Current Expenditure (C7 = C3 - C6)
2014/15,E3820,,E10000032,SE,Theatres and public entertainment,0,0.0,Revenue_Outturn__RO5__data_2014-15_by_LA_-_02-Feb-2016.xlsx,RO5 LA Data 2014-15 (3),"row 288, column 15",Net Current Expenditure (C7 = C3 - C6)
2014/15,E3820,,E10000032,SE,Library service,6980,6980000.0,Revenue_Outturn__RO5__data_2014-15_by_LA_-_02-Feb-2016.xlsx,RO5 LA Data 2014-15 (3),"row 288, column 29",Net Current Expenditure (C7 = C3 - C6)
2014/15,E3831,,E07000223,SE,Archives,0,0.0,Revenue_Outturn__RO5__data_2014-15_by_LA_-_02-Feb-2016.xlsx,RO5 LA Data 2014-15 (3),"row 289, column 7",Net Current Expenditure (C7 = C3 - C6)
2014/15,E3831,,E07000223,SE,Arts development and support,1,1000.0,Revenue_Outturn__RO5__data_2014-15_by_LA_-_02-Feb-2016.xlsx,RO5 LA Data 2014-15 (3),"row 289, column 9",Net Current Expenditure (C7 = C3 - C6)
2014/15,E3831,,E07000223,SE,Heritage,0,0.0,Revenue_Outturn__RO5__data_2014-15_by_LA_-_02-Feb-2016.xlsx,RO5 LA Data 2014-15 (3),"row 289, column 11",Net Current Expenditure (C7 = C3 - C6)
2014/15,E3831,,E07000223,SE,Museums and galleries,0,0.0,Revenue_Outturn__RO5__data_2014-15_by_LA_-_02-Feb-2016.xlsx,RO5 LA Data 2014-15 (3),"row 289, column 13",Net Current Expenditure (C7 = C3 - C6)
2014/15,E3831,,E07000223,SE,Theatres and public entertainment,0,0.0,Revenue_Outturn__RO5__data_2014-15_by_LA_-_02-Feb-2016.xlsx,RO5 LA Data 2014-15 (3),"row 289, column 15",Net Current Expenditure (C7 = C3 - C6)
2014/15,E3831,,E07000223,SE,Library service,0,0.0,Revenue_Outturn__RO5__data_2014-15_by_LA_-_02-Feb-2016.xlsx,RO5 LA Data 2014-15 (3),"row 289, column 29",Net Current Expenditure (C7 = C3 - C6)
2014/15,E3832,,E07000224,SE,Archives,0,0.0,Revenue_Outturn__RO5__data_2014-15_by_LA_-_02-Feb-2016.xlsx,RO5 LA Data 2014-15 (3),"row 290, column 7",Net Current Expenditure (C7 = C3 - C6)
2014/15,E3832,,E07000224,SE,Arts development and support,0,0.0,Revenue_Outturn__RO5__data_2014-15_by_LA_-_02-Feb-2016.xlsx,RO5 LA Data 2014-15 (3),"row 290, column 9",Net Current Expenditure (C7 = C3 - C6)
2014/15,E3832,,E07000224,SE,Heritage,22,22000.0,Revenue_Outturn__RO5__data_2014-15_by_LA_-_02-Feb-2016.xlsx,RO5 LA Data 2014-15 (3),"row 290, column 11",Net Current Expenditure (C7 = C3 - C6)
2014/15,E3832,,E07000224,SE,Museums and galleries,0,0.0,Revenue_Outturn__RO5__data_2014-15_by_LA_-_02-Feb-2016.xlsx,RO5 LA Data 2014-15 (3),"row 290, column 13",Net Current Expenditure (C7 = C3 - C6)
2014/15,E3832,,E07000224,SE,Theatres and public entertainment,172,172000.0,Revenue_Outturn__RO5__data_2014-15_by_LA_-_02-Feb-2016.xlsx,RO5 LA Data 2014-15 (3),"row 290, column 15",Net Current Expenditure (C7 = C3 - C6)
2014/15,E3832,,E07000224,SE,Library service,0,0.0,Revenue_Outturn__RO5__data_2014-15_by_LA_-_02-Feb-2016.xlsx,RO5 LA Data 2014-15 (3),"row 290, column 29",Net Current Expenditure (C7 = C3 - C6)
2014/15,E3833,,E07000225,SE,Archives,0,0.0,Revenue_Outturn__RO5__data_2014-15_by_LA_-_02-Feb-2016.xlsx,RO5 LA Data 2014-15 (3),"row 291, column 7",Net Current Expenditure (C7 = C3 - C6)
2014/15,E3833,,E07000225,SE,Arts development and support,3,3000.0,Revenue_Outturn__RO5__data_2014-15_by_LA_-_02-Feb-2016.xlsx,RO5 LA Data 2014-15 (3),"row 291, column 9",Net Current Expenditure (C7 = C3 - C6)
2014/15,E3833,,E07000225,SE,Heritage,10,10000.0,Revenue_Outturn__RO5__data_2014-15_by_LA_-_02-Feb-2016.xlsx,RO5 LA Data 2014-15 (3),"row 291, column 11",Net Current Expenditure (C7 = C3 - C6)
2014/15,E3833,,E07000225,SE,Museums and galleries,985,985000.0,Revenue_Outturn__RO5__data_2014-15_by_LA_-_02-Feb-2016.xlsx,RO5 LA Data 2014-15 (3),"row 291, column 13",Net Current Expenditure (C7 = C3 - C6)
2014/15,E3833,,E07000225,SE,Theatres and public entertainment,0,0.0,Revenue_Outturn__RO5__data_2014-15_by_LA_-_02-Feb-2016.xlsx,RO5 LA Data 2014-15 (3),"row 291, column 15",Net Current Expenditure (C7 = C3 - C6)
2014/15,E3833,,E07000225,SE,Library service,0,0.0,Revenue_Outturn__RO5__data_2014-15_by_LA_-_02-Feb-2016.xlsx,RO5 LA Data 2014-15 (3),"row 291, column 29",Net Current Expenditure (C7 = C3 - C6)
2014/15,E3834,,E07000226,SE,Archives,0,0.0,Revenue_Outturn__RO5__data_2014-15_by_LA_-_02-Feb-2016.xlsx,RO5 LA Data 2014-15 (3),"row 292, column 7",Net Current Expenditure (C7 = C3 - C6)
2014/15,E3834,,E07000226,SE,Arts development and support,0,0.0,Revenue_Outturn__RO5__data_2014-15_by_LA_-_02-Feb-2016.xlsx,RO5 LA Data 2014-15 (3),"row 292, column 9",Net Current Expenditure (C7 = C3 - C6)
2014/15,E3834,,E07000226,SE,Heritage,0,0.0,Revenue_Outturn__RO5__data_2014-15_by_LA_-_02-Feb-2016.xlsx,RO5 LA Data 2014-15 (3),"row 292, column 11",Net Current Expenditure (C7 = C3 - C6)
2014/15,E3834,,E07000226,SE,Museums and galleries,25,25000.0,Revenue_Outturn__RO5__data_2014-15_by_LA_-_02-Feb-2016.xlsx,RO5 LA Data 2014-15 (3),"row 292, column 13",Net Current Expenditure (C7 = C3 - C6)
2014/15,E3834,,E07000226,SE,Theatres and public entertainment,740,740000.0,Revenue_Outturn__RO5__data_2014-15_by_LA_-_02-Feb-2016.xlsx,RO5 LA Data 2014-15 (3),"row 292, column 15",Net Current Expenditure (C7 = C3 - C6)
2014/15,E3834,,E07000226,SE,Library service,0,0.0,Revenue_Outturn__RO5__data_2014-15_by_LA_-_02-Feb-2016.xlsx,RO5 LA Data 2014-15 (3),"row 292, column 29",Net Current Expenditure (C7 = C3 - C6)
2014/15,E3835,,E07000227,SE,Archives,0,0.0,Revenue_Outturn__RO5__data_2014-15_by_LA_-_02-Feb-2016.xlsx,RO5 LA Data 2014-15 (3),"row 293, column 7",Net Current Expenditure (C7 = C3 - C6)
2014/15,E3835,,E07000227,SE,Arts development and support,67,67000.0,Revenue_Outturn__RO5__data_2014-15_by_LA_-_02-Feb-2016.xlsx,RO5 LA Data 2014-15 (3),"row 293, column 9",Net Current Expenditure (C7 = C3 - C6)
2014/15,E3835,,E07000227,SE,Heritage,0,0.0,Revenue_Outturn__RO5__data_2014-15_by_LA_-_02-Feb-2016.xlsx,RO5 LA Data 2014-15 (3),"row 293, column 11",Net Current Expenditure (C7 = C3 - C6)
2014/15,E3835,,E07000227,SE,Museums and galleries,366,366000.0,Revenue_Outturn__RO5__data_2014-15_by_LA_-_02-Feb-2016.xlsx,RO5 LA Data 2014-15 (3),"row 293, column 13",Net Current Expenditure (C7 = C3 - C6)
2014/15,E3835,,E07000227,SE,Theatres and public entertainment,684,684000.0,Revenue_Outturn__RO5__data_2014-15_by_LA_-_02-Feb-2016.xlsx,RO5 LA Data 2014-15 (3),"row 293, column 15",Net Current Expenditure (C7 = C3 - C6)
2014/15,E3835,,E07000227,SE,Library service,0,0.0,Revenue_Outturn__RO5__data_2014-15_by_LA_-_02-Feb-2016.xlsx,RO5 LA Data 2014-15 (3),"row 293, column 29",Net Current Expenditure (C7 = C3 - C6)
2014/15,E3836,,E07000228,SE,Archives,0,0.0,Revenue_Outturn__RO5__data_2014-15_by_LA_-_02-Feb-2016.xlsx,RO5 LA Data 2014-15 (3),"row 294, column 7",Net Current Expenditure (C7 = C3 - C6)
2014/15,E3836,,E07000228,SE,Arts development and support,48,48000.0,Revenue_Outturn__RO5__data_2014-15_by_LA_-_02-Feb-2016.xlsx,RO5 LA Data 2014-15 (3),"row 294, column 9",Net Current Expenditure (C7 = C3 - C6)
2014/15,E3836,,E07000228,SE,Heritage,0,0.0,Revenue_Outturn__RO5__data_2014-15_by_LA_-_02-Feb-2016.xlsx,RO5 LA Data 2014-15 (3),"row 294, column 11",Net Current Expenditure (C7 = C3 - C6)
2014/15,E3836,,E07000228,SE,Museums and galleries,0,0.0,Revenue_Outturn__RO5__data_2014-15_by_LA_-_02-Feb-2016.xlsx,RO5 LA Data 2014-15 (3),"row 294, column 13",Net Current Expenditure (C7 = C3 - C6)
2014/15,E3836,,E07000228,SE,Theatres and public entertainment,53,53000.0,Revenue_Outturn__RO5__data_2014-15_by_LA_-_02-Feb-2016.xlsx,RO5 LA Data 2014-15 (3),"row 294, column 15",Net Current Expenditure (C7 = C3 - C6)
2014/15,E3836,,E07000228,SE,Library service,0,0.0,Revenue_Outturn__RO5__data_2014-15_by_LA_-_02-Feb-2016.xlsx,RO5 LA Data 2014-15 (3),"row 294, column 29",Net Current Expenditure (C7 = C3 - C6)
2014/15,E3837,,E07000229,SE,Archives,0,0.0,Revenue_Outturn__RO5__data_2014-15_by_LA_-_02-Feb-2016.xlsx,RO5 LA Data 2014-15 (3),"row 295, column 7",Net Current Expenditure (C7 = C3 - C6)
2014/15,E3837,,E07000229,SE,Arts development and support,0,0.0,Revenue_Outturn__RO5__data_2014-15_by_LA_-_02-Feb-2016.xlsx,RO5 LA Data 2014-15 (3),"row 295, column 9",Net Current Expenditure (C7 = C3 - C6)
2014/15,E3837,,E07000229,SE,Heritage,0,0.0,Revenue_Outturn__RO5__data_2014-15_by_LA_-_02-Feb-2016.xlsx,RO5 LA Data 2014-15 (3),"row 295, column 11",Net Current Expenditure (C7 = C3 - C6)
2014/15,E3837,,E07000229,SE,Museums and galleries,502,502000.0,Revenue_Outturn__RO5__data_2014-15_by_LA_-_02-Feb-2016.xlsx,RO5 LA Data 2014-15 (3),"row 295, column 13",Net Current Expenditure (C7 = C3 - C6)
2014/15,E3837,,E07000229,SE,Theatres and public entertainment,1112,1112000.0,Revenue_Outturn__RO5__data_2014-15_by_LA_-_02-Feb-2016.xlsx,RO5 LA Data 2014-15 (3),"row 295, column 15",Net Current Expenditure (C7 = C3 - C6)
2014/15,E3837,,E07000229,SE,Library service,0,0.0,Revenue_Outturn__RO5__data_2014-15_by_LA_-_02-Feb-2016.xlsx,RO5 LA Data 2014-15 (3),"row 295, column 29",Net Current Expenditure (C7 = C3 - C6)
2014/15,E3901,,E06000030,SW,Archives,0,0.0,Revenue_Outturn__RO5__data_2014-15_by_LA_-_02-Feb-2016.xlsx,RO5 LA Data 2014-15 (3),"row 296, column 7",Net Current Expenditure (C7 = C3 - C6)
2014/15,E3901,,E06000030,SW,Arts development and support,1120,1120000.0,Revenue_Outturn__RO5__data_2014-15_by_LA_-_02-Feb-2016.xlsx,RO5 LA Data 2014-15 (3),"row 296, column 9",Net Current Expenditure (C7 = C3 - C6)
2014/15,E3901,,E06000030,SW,Heritage,708,708000.0,Revenue_Outturn__RO5__data_2014-15_by_LA_-_02-Feb-2016.xlsx,RO5 LA Data 2014-15 (3),"row 296, column 11",Net Current Expenditure (C7 = C3 - C6)
2014/15,E3901,,E06000030,SW,Museums and galleries,948,948000.0,Revenue_Outturn__RO5__data_2014-15_by_LA_-_02-Feb-2016.xlsx,RO5 LA Data 2014-15 (3),"row 296, column 13",Net Current Expenditure (C7 = C3 - C6)
2014/15,E3901,,E06000030,SW,Theatres and public entertainment,36,36000.0,Revenue_Outturn__RO5__data_2014-15_by_LA_-_02-Feb-2016.xlsx,RO5 LA Data 2014-15 (3),"row 296, column 15",Net Current Expenditure (C7 = C3 - C6)
2014/15,E3901,,E06000030,SW,Library service,3209,3209000.0,Revenue_Outturn__RO5__data_2014-15_by_LA_-_02-Feb-2016.xlsx,RO5 LA Data 2014-15 (3),"row 296, column 29",Net Current Expenditure (C7 = C3 - C6)
2014/15,E3902,,E06000054,SW,Archives,317,317000.0,Revenue_Outturn__RO5__data_2014-15_by_LA_-_02-Feb-2016.xlsx,RO5 LA Data 2014-15 (3),"row 297, column 7",Net Current Expenditure (C7 = C3 - C6)
2014/15,E3902,,E06000054,SW,Arts development and support,650,650000.0,Revenue_Outturn__RO5__data_2014-15_by_LA_-_02-Feb-2016.xlsx,RO5 LA Data 2014-15 (3),"row 297, column 9",Net Current Expenditure (C7 = C3 - C6)
2014/15,E3902,,E06000054,SW,Heritage,1230,1230000.0,Revenue_Outturn__RO5__data_2014-15_by_LA_-_02-Feb-2016.xlsx,RO5 LA Data 2014-15 (3),"row 297, column 11",Net Current Expenditure (C7 = C3 - C6)
2014/15,E3902,,E06000054,SW,Museums and galleries,174,174000.0,Revenue_Outturn__RO5__data_2014-15_by_LA_-_02-Feb-2016.xlsx,RO5 LA Data 2014-15 (3),"row 297, column 13",Net Current Expenditure (C7 = C3 - C6)
2014/15,E3902,,E06000054,SW,Theatres and public entertainment,577,577000.0,Revenue_Outturn__RO5__data_2014-15_by_LA_-_02-Feb-2016.xlsx,RO5 LA Data 2014-15 (3),"row 297, column 15",Net Current Expenditure (C7 = C3 - C6)
2014/15,E3902,,E06000054,SW,Library service,5574,5574000.0,Revenue_Outturn__RO5__data_2014-15_by_LA_-_02-Feb-2016.xlsx,RO5 LA Data 2014-15 (3),"row 297, column 29",Net Current Expenditure (C7 = C3 - C6)
2014/15,E4001,,E06000053,SW,Archives,0,0.0,Revenue_Outturn__RO5__data_2014-15_by_LA_-_02-Feb-2016.xlsx,RO5 LA Data 2014-15 (3),"row 298, column 7",Net Current Expenditure (C7 = C3 - C6)
2014/15,E4001,,E06000053,SW,Arts development and support,0,0.0,Revenue_Outturn__RO5__data_2014-15_by_LA_-_02-Feb-2016.xlsx,RO5 LA Data 2014-15 (3),"row 298, column 9",Net Current Expenditure (C7 = C3 - C6)
2014/15,E4001,,E06000053,SW,Heritage,0,0.0,Revenue_Outturn__RO5__data_2014-15_by_LA_-_02-Feb-2016.xlsx,RO5 LA Data 2014-15 (3),"row 298, column 11",Net Current Expenditure (C7 = C3 - C6)
2014/15,E4001,,E06000053,SW,Museums and galleries,0,0.0,Revenue_Outturn__RO5__data_2014-15_by_LA_-_02-Feb-2016.xlsx,RO5 LA Data 2014-15 (3),"row 298, column 13",Net Current Expenditure (C7 = C3 - C6)
2014/15,E4001,,E06000053,SW,Theatres and public entertainment,0,0.0,Revenue_Outturn__RO5__data_2014-15_by_LA_-_02-Feb-2016.xlsx,RO5 LA Data 2014-15 (3),"row 298, column 15",Net Current Expenditure (C7 = C3 - C6)
2014/15,E4001,,E06000053,SW,Library service,54,54000.0,Revenue_Outturn__RO5__data_2014-15_by_LA_-_02-Feb-2016.xlsx,RO5 LA Data 2014-15 (3),"row 298, column 29",Net Current Expenditure (C7 = C3 - C6)
2014/15,E4201,,E08000001,NW,Archives,24,24000.0,Revenue_Outturn__RO5__data_2014-15_by_LA_-_02-Feb-2016.xlsx,RO5 LA Data 2014-15 (3),"row 299, column 7",Net Current Expenditure (C7 = C3 - C6)
2014/15,E4201,,E08000001,NW,Arts development and support,29,29000.0,Revenue_Outturn__RO5__data_2014-15_by_LA_-_02-Feb-2016.xlsx,RO5 LA Data 2014-15 (3),"row 299, column 9",Net Current Expenditure (C7 = C3 - C6)
2014/15,E4201,,E08000001,NW,Heritage,0,0.0,Revenue_Outturn__RO5__data_2014-15_by_LA_-_02-Feb-2016.xlsx,RO5 LA Data 2014-15 (3),"row 299, column 11",Net Current Expenditure (C7 = C3 - C6)
2014/15,E4201,,E08000001,NW,Museums and galleries,514,514000.0,Revenue_Outturn__RO5__data_2014-15_by_LA_-_02-Feb-2016.xlsx,RO5 LA Data 2014-15 (3),"row 299, column 13",Net Current Expenditure (C7 = C3 - C6)
2014/15,E4201,,E08000001,NW,Theatres and public entertainment,441,441000.0,Revenue_Outturn__RO5__data_2014-15_by_LA_-_02-Feb-2016.xlsx,RO5 LA Data 2014-15 (3),"row 299, column 15",Net Current Expenditure (C7 = C3 - C6)
2014/15,E4201,,E08000001,NW,Library service,4994,4994000.0,Revenue_Outturn__RO5__data_2014-15_by_LA_-_02-Feb-2016.xlsx,RO5 LA Data 2014-15 (3),"row 299, column 29",Net Current Expenditure (C7 = C3 - C6)
2014/15,E4202,,E08000002,NW,Archives,0,0.0,Revenue_Outturn__RO5__data_2014-15_by_LA_-_02-Feb-2016.xlsx,RO5 LA Data 2014-15 (3),"row 300, column 7",Net Current Expenditure (C7 = C3 - C6)
2014/15,E4202,,E08000002,NW,Arts development and support,232,232000.0,Revenue_Outturn__RO5__data_2014-15_by_LA_-_02-Feb-2016.xlsx,RO5 LA Data 2014-15 (3),"row 300, column 9",Net Current Expenditure (C7 = C3 - C6)
2014/15,E4202,,E08000002,NW,Heritage,20,20000.0,Revenue_Outturn__RO5__data_2014-15_by_LA_-_02-Feb-2016.xlsx,RO5 LA Data 2014-15 (3),"row 300, column 11",Net Current Expenditure (C7 = C3 - C6)
2014/15,E4202,,E08000002,NW,Museums and galleries,338,338000.0,Revenue_Outturn__RO5__data_2014-15_by_LA_-_02-Feb-2016.xlsx,RO5 LA Data 2014-15 (3),"row 300, column 13",Net Current Expenditure (C7 = C3 - C6)
2014/15,E4202,,E08000002,NW,Theatres and public entertainment,0,0.0,Revenue_Outturn__RO5__data_2014-15_by_LA_-_02-Feb-2016.xlsx,RO5 LA Data 2014-15 (3),"row 300, column 15",Net Current Expenditure (C7 = C3 - C6)
2014/15,E4202,,E08000002,NW,Library service,2260,2260000.0,Revenue_Outturn__RO5__data_2014-15_by_LA_-_02-Feb-2016.xlsx,RO5 LA Data 2014-15 (3),"row 300, column 29",Net Current Expenditure (C7 = C3 - C6)
2014/15,E4203,,E08000003,NW,Archives,39,39000.0,Revenue_Outturn__RO5__data_2014-15_by_LA_-_02-Feb-2016.xlsx,RO5 LA Data 2014-15 (3),"row 301, column 7",Net Current Expenditure (C7 = C3 - C6)
2014/15,E4203,,E08000003,NW,Arts development and support,3487,3487000.0,Revenue_Outturn__RO5__data_2014-15_by_LA_-_02-Feb-2016.xlsx,RO5 LA Data 2014-15 (3),"row 301, column 9",Net Current Expenditure (C7 = C3 - C6)
2014/15,E4203,,E08000003,NW,Heritage,470,470000.0,Revenue_Outturn__RO5__data_2014-15_by_LA_-_02-Feb-2016.xlsx,RO5 LA Data 2014-15 (3),"row 301, column 11",Net Current Expenditure (C7 = C3 - C6)
2014/15,E4203,,E08000003,NW,Museums and galleries,7001,7001000.0,Revenue_Outturn__RO5__data_2014-15_by_LA_-_02-Feb-2016.xlsx,RO5 LA Data 2014-15 (3),"row 301, column 13",Net Current Expenditure (C7 = C3 - C6)
2014/15,E4203,,E08000003,NW,Theatres and public entertainment,2138,2138000.0,Revenue_Outturn__RO5__data_2014-15_by_LA_-_02-Feb-2016.xlsx,RO5 LA Data 2014-15 (3),"row 301, column 15",Net Current Expenditure (C7 = C3 - C6)
2014/15,E4203,,E08000003,NW,Library service,7587,7587000.0,Revenue_Outturn__RO5__data_2014-15_by_LA_-_02-Feb-2016.xlsx,RO5 LA Data 2014-15 (3),"row 301, column 29",Net Current Expenditure (C7 = C3 - C6)
2014/15,E4204,,E08000004,NW,Archives,0,0.0,Revenue_Outturn__RO5__data_2014-15_by_LA_-_02-Feb-2016.xlsx,RO5 LA Data 2014-15 (3),"row 302, column 7",Net Current Expenditure (C7 = C3 - C6)
2014/15,E4204,,E08000004,NW,Arts development and support,119,119000.0,Revenue_Outturn__RO5__data_2014-15_by_LA_-_02-Feb-2016.xlsx,RO5 LA Data 2014-15 (3),"row 302, column 9",Net Current Expenditure (C7 = C3 - C6)
2014/15,E4204,,E08000004,NW,Heritage,0,0.0,Revenue_Outturn__RO5__data_2014-15_by_LA_-_02-Feb-2016.xlsx,RO5 LA Data 2014-15 (3),"row 302, column 11",Net Current Expenditure (C7 = C3 - C6)
2014/15,E4204,,E08000004,NW,Museums and galleries,954,954000.0,Revenue_Outturn__RO5__data_2014-15_by_LA_-_02-Feb-2016.xlsx,RO5 LA Data 2014-15 (3),"row 302, column 13",Net Current Expenditure (C7 = C3 - C6)
2014/15,E4204,,E08000004,NW,Theatres and public entertainment,107,107000.0,Revenue_Outturn__RO5__data_2014-15_by_LA_-_02-Feb-2016.xlsx,RO5 LA Data 2014-15 (3),"row 302, column 15",Net Current Expenditure (C7 = C3 - C6)
2014/15,E4204,,E08000004,NW,Library service,3643,3643000.0,Revenue_Outturn__RO5__data_2014-15_by_LA_-_02-Feb-2016.xlsx,RO5 LA Data 2014-15 (3),"row 302, column 29",Net Current Expenditure (C7 = C3 - C6)
2014/15,E4205,,E08000005,NW,Archives,0,0.0,Revenue_Outturn__RO5__data_2014-15_by_LA_-_02-Feb-2016.xlsx,RO5 LA Data 2014-15 (3),"row 303, column 7",Net Current Expenditure (C7 = C3 - C6)
2014/15,E4205,,E08000005,NW,Arts development and support,475,475000.0,Revenue_Outturn__RO5__data_2014-15_by_LA_-_02-Feb-2016.xlsx,RO5 LA Data 2014-15 (3),"row 303, column 9",Net Current Expenditure (C7 = C3 - C6)
2014/15,E4205,,E08000005,NW,Heritage,130,130000.0,Revenue_Outturn__RO5__data_2014-15_by_LA_-_02-Feb-2016.xlsx,RO5 LA Data 2014-15 (3),"row 303, column 11",Net Current Expenditure (C7 = C3 - C6)
2014/15,E4205,,E08000005,NW,Museums and galleries,1195,1195000.0,Revenue_Outturn__RO5__data_2014-15_by_LA_-_02-Feb-2016.xlsx,RO5 LA Data 2014-15 (3),"row 303, column 13",Net Current Expenditure (C7 = C3 - C6)
2014/15,E4205,,E08000005,NW,Theatres and public entertainment,45,45000.0,Revenue_Outturn__RO5__data_2014-15_by_LA_-_02-Feb-2016.xlsx,RO5 LA Data 2014-15 (3),"row 303, column 15",Net Current Expenditure (C7 = C3 - C6)
2014/15,E4205,,E08000005,NW,Library service,2548,2548000.0,Revenue_Outturn__RO5__data_2014-15_by_LA_-_02-Feb-2016.xlsx,RO5 LA Data 2014-15 (3),"row 303, column 29",Net Current Expenditure (C7 = C3 - C6)
2014/15,E4206,,E08000006,NW,Archives,0,0.0,Revenue_Outturn__RO5__data_2014-15_by_LA_-_02-Feb-2016.xlsx,RO5 LA Data 2014-15 (3),"row 304, column 7",Net Current Expenditure (C7 = C3 - C6)
2014/15,E4206,,E08000006,NW,Arts development and support,1667,1667000.0,Revenue_Outturn__RO5__data_2014-15_by_LA_-_02-Feb-2016.xlsx,RO5 LA Data 2014-15 (3),"row 304, column 9",Net Current Expenditure (C7 = C3 - C6)
2014/15,E4206,,E08000006,NW,Heritage,23,23000.0,Revenue_Outturn__RO5__data_2014-15_by_LA_-_02-Feb-2016.xlsx,RO5 LA Data 2014-15 (3),"row 304, column 11",Net Current Expenditure (C7 = C3 - C6)
2014/15,E4206,,E08000006,NW,Museums and galleries,738,738000.0,Revenue_Outturn__RO5__data_2014-15_by_LA_-_02-Feb-2016.xlsx,RO5 LA Data 2014-15 (3),"row 304, column 13",Net Current Expenditure (C7 = C3 - C6)
2014/15,E4206,,E08000006,NW,Theatres and public entertainment,419,419000.0,Revenue_Outturn__RO5__data_2014-15_by_LA_-_02-Feb-2016.xlsx,RO5 LA Data 2014-15 (3),"row 304, column 15",Net Current Expenditure (C7 = C3 - C6)
2014/15,E4206,,E08000006,NW,Library service,1879,1879000.0,Revenue_Outturn__RO5__data_2014-15_by_LA_-_02-Feb-2016.xlsx,RO5 LA Data 2014-15 (3),"row 304, column 29",Net Current Expenditure (C7 = C3 - C6)
2014/15,E4207,,E08000007,NW,Archives,0,0.0,Revenue_Outturn__RO5__data_2014-15_by_LA_-_02-Feb-2016.xlsx,RO5 LA Data 2014-15 (3),"row 305, column 7",Net Current Expenditure (C7 = C3 - C6)
2014/15,E4207,,E08000007,NW,Arts development and support,48,48000.0,Revenue_Outturn__RO5__data_2014-15_by_LA_-_02-Feb-2016.xlsx,RO5 LA Data 2014-15 (3),"row 305, column 9",Net Current Expenditure (C7 = C3 - C6)
2014/15,E4207,,E08000007,NW,Heritage,557,557000.0,Revenue_Outturn__RO5__data_2014-15_by_LA_-_02-Feb-2016.xlsx,RO5 LA Data 2014-15 (3),"row 305, column 11",Net Current Expenditure (C7 = C3 - C6)
2014/15,E4207,,E08000007,NW,Museums and galleries,1393,1393000.0,Revenue_Outturn__RO5__data_2014-15_by_LA_-_02-Feb-2016.xlsx,RO5 LA Data 2014-15 (3),"row 305, column 13",Net Current Expenditure (C7 = C3 - C6)
2014/15,E4207,,E08000007,NW,Theatres and public entertainment,279,279000.0,Revenue_Outturn__RO5__data_2014-15_by_LA_-_02-Feb-2016.xlsx,RO5 LA Data 2014-15 (3),"row 305, column 15",Net Current Expenditure (C7 = C3 - C6)
2014/15,E4207,,E08000007,NW,Library service,3553,3553000.0,Revenue_Outturn__RO5__data_2014-15_by_LA_-_02-Feb-2016.xlsx,RO5 LA Data 2014-15 (3),"row 305, column 29",Net Current Expenditure (C7 = C3 - C6)
2014/15,E4208,,E08000008,NW,Archives,0,0.0,Revenue_Outturn__RO5__data_2014-15_by_LA_-_02-Feb-2016.xlsx,RO5 LA Data 2014-15 (3),"row 306, column 7",Net Current Expenditure (C7 = C3 - C6)
2014/15,E4208,,E08000008,NW,Arts development and support,2066,2066000.0,Revenue_Outturn__RO5__data_2014-15_by_LA_-_02-Feb-2016.xlsx,RO5 LA Data 2014-15 (3),"row 306, column 9",Net Current Expenditure (C7 = C3 - C6)
2014/15,E4208,,E08000008,NW,Heritage,256,256000.0,Revenue_Outturn__RO5__data_2014-15_by_LA_-_02-Feb-2016.xlsx,RO5 LA Data 2014-15 (3),"row 306, column 11",Net Current Expenditure (C7 = C3 - C6)
2014/15,E4208,,E08000008,NW,Museums and galleries,751,751000.0,Revenue_Outturn__RO5__data_2014-15_by_LA_-_02-Feb-2016.xlsx,RO5 LA Data 2014-15 (3),"row 306, column 13",Net Current Expenditure (C7 = C3 - C6)
2014/15,E4208,,E08000008,NW,Theatres and public entertainment,558,558000.0,Revenue_Outturn__RO5__data_2014-15_by_LA_-_02-Feb-2016.xlsx,RO5 LA Data 2014-15 (3),"row 306, column 15",Net Current Expenditure (C7 = C3 - C6)
2014/15,E4208,,E08000008,NW,Library service,2175,2175000.0,Revenue_Outturn__RO5__data_2014-15_by_LA_-_02-Feb-2016.xlsx,RO5 LA Data 2014-15 (3),"row 306, column 29",Net Current Expenditure (C7 = C3 - C6)
2014/15,E4209,,E08000009,NW,Archives,0,0.0,Revenue_Outturn__RO5__data_2014-15_by_LA_-_02-Feb-2016.xlsx,RO5 LA Data 2014-15 (3),"row 307, column 7",Net Current Expenditure (C7 = C3 - C6)
2014/15,E4209,,E08000009,NW,Arts development and support,364,364000.0,Revenue_Outturn__RO5__data_2014-15_by_LA_-_02-Feb-2016.xlsx,RO5 LA Data 2014-15 (3),"row 307, column 9",Net Current Expenditure (C7 = C3 - C6)
2014/15,E4209,,E08000009,NW,Heritage,0,0.0,Revenue_Outturn__RO5__data_2014-15_by_LA_-_02-Feb-2016.xlsx,RO5 LA Data 2014-15 (3),"row 307, column 11",Net Current Expenditure (C7 = C3 - C6)
2014/15,E4209,,E08000009,NW,Museums and galleries,34,34000.0,Revenue_Outturn__RO5__data_2014-15_by_LA_-_02-Feb-2016.xlsx,RO5 LA Data 2014-15 (3),"row 307, column 13",Net Current Expenditure (C7 = C3 - C6)
2014/15,E4209,,E08000009,NW,Theatres and public entertainment,685,685000.0,Revenue_Outturn__RO5__data_2014-15_by_LA_-_02-Feb-2016.xlsx,RO5 LA Data 2014-15 (3),"row 307, column 15",Net Current Expenditure (C7 = C3 - C6)
2014/15,E4209,,E08000009,NW,Library service,3334,3334000.0,Revenue_Outturn__RO5__data_2014-15_by_LA_-_02-Feb-2016.xlsx,RO5 LA Data 2014-15 (3),"row 307, column 29",Net Current Expenditure (C7 = C3 - C6)
2014/15,E4210,,E08000010,NW,Archives,22,22000.0,Revenue_Outturn__RO5__data_2014-15_by_LA_-_02-Feb-2016.xlsx,RO5 LA Data 2014-15 (3),"row 308, column 7",Net Current Expenditure (C7 = C3 - C6)
2014/15,E4210,,E08000010,NW,Arts development and support,0,0.0,Revenue_Outturn__RO5__data_2014-15_by_LA_-_02-Feb-2016.xlsx,RO5 LA Data 2014-15 (3),"row 308, column 9",Net Current Expenditure (C7 = C3 - C6)
2014/15,E4210,,E08000010,NW,Heritage,227,227000.0,Revenue_Outturn__RO5__data_2014-15_by_LA_-_02-Feb-2016.xlsx,RO5 LA Data 2014-15 (3),"row 308, column 11",Net Current Expenditure (C7 = C3 - C6)
2014/15,E4210,,E08000010,NW,Museums and galleries,0,0.0,Revenue_Outturn__RO5__data_2014-15_by_LA_-_02-Feb-2016.xlsx,RO5 LA Data 2014-15 (3),"row 308, column 13",Net Current Expenditure (C7 = C3 - C6)
2014/15,E4210,,E08000010,NW,Theatres and public entertainment,3,3000.0,Revenue_Outturn__RO5__data_2014-15_by_LA_-_02-Feb-2016.xlsx,RO5 LA Data 2014-15 (3),"row 308, column 15",Net Current Expenditure (C7 = C3 - C6)
2014/15,E4210,,E08000010,NW,Library service,1037,1037000.0,Revenue_Outturn__RO5__data_2014-15_by_LA_-_02-Feb-2016.xlsx,RO5 LA Data 2014-15 (3),"row 308, column 29",Net Current Expenditure (C7 = C3 - C6)
2014/15,E4301,,E08000011,NW,Archives,0,0.0,Revenue_Outturn__RO5__data_2014-15_by_LA_-_02-Feb-2016.xlsx,RO5 LA Data 2014-15 (3),"row 309, column 7",Net Current Expenditure (C7 = C3 - C6)
2014/15,E4301,,E08000011,NW,Arts development and support,1112,1112000.0,Revenue_Outturn__RO5__data_2014-15_by_LA_-_02-Feb-2016.xlsx,RO5 LA Data 2014-15 (3),"row 309, column 9",Net Current Expenditure (C7 = C3 - C6)
2014/15,E4301,,E08000011,NW,Heritage,75,75000.0,Revenue_Outturn__RO5__data_2014-15_by_LA_-_02-Feb-2016.xlsx,RO5 LA Data 2014-15 (3),"row 309, column 11",Net Current Expenditure (C7 = C3 - C6)
2014/15,E4301,,E08000011,NW,Museums and galleries,0,0.0,Revenue_Outturn__RO5__data_2014-15_by_LA_-_02-Feb-2016.xlsx,RO5 LA Data 2014-15 (3),"row 309, column 13",Net Current Expenditure (C7 = C3 - C6)
2014/15,E4301,,E08000011,NW,Theatres and public entertainment,297,297000.0,Revenue_Outturn__RO5__data_2014-15_by_LA_-_02-Feb-2016.xlsx,RO5 LA Data 2014-15 (3),"row 309, column 15",Net Current Expenditure (C7 = C3 - C6)
2014/15,E4301,,E08000011,NW,Library service,1702,1702000.0,Revenue_Outturn__RO5__data_2014-15_by_LA_-_02-Feb-2016.xlsx,RO5 LA Data 2014-15 (3),"row 309, column 29",Net Current Expenditure (C7 = C3 - C6)
2014/15,E4302,,E08000012,NW,Archives,289,289000.0,Revenue_Outturn__RO5__data_2014-15_by_LA_-_02-Feb-2016.xlsx,RO5 LA Data 2014-15 (3),"row 310, column 7",Net Current Expenditure (C7 = C3 - C6)
2014/15,E4302,,E08000012,NW,Arts development and support,3755,3755000.0,Revenue_Outturn__RO5__data_2014-15_by_LA_-_02-Feb-2016.xlsx,RO5 LA Data 2014-15 (3),"row 310, column 9",Net Current Expenditure (C7 = C3 - C6)
2014/15,E4302,,E08000012,NW,Heritage,2045,2045000.0,Revenue_Outturn__RO5__data_2014-15_by_LA_-_02-Feb-2016.xlsx,RO5 LA Data 2014-15 (3),"row 310, column 11",Net Current Expenditure (C7 = C3 - C6)
2014/15,E4302,,E08000012,NW,Museums and galleries,0,0.0,Revenue_Outturn__RO5__data_2014-15_by_LA_-_02-Feb-2016.xlsx,RO5 LA Data 2014-15 (3),"row 310, column 13",Net Current Expenditure (C7 = C3 - C6)
2014/15,E4302,,E08000012,NW,Theatres and public entertainment,3442,3442000.0,Revenue_Outturn__RO5__data_2014-15_by_LA_-_02-Feb-2016.xlsx,RO5 LA Data 2014-15 (3),"row 310, column 15",Net Current Expenditure (C7 = C3 - C6)
2014/15,E4302,,E08000012,NW,Library service,13491,13491000.0,Revenue_Outturn__RO5__data_2014-15_by_LA_-_02-Feb-2016.xlsx,RO5 LA Data 2014-15 (3),"row 310, column 29",Net Current Expenditure (C7 = C3 - C6)
2014/15,E4303,,E08000013,NW,Archives,180,180000.0,Revenue_Outturn__RO5__data_2014-15_by_LA_-_02-Feb-2016.xlsx,RO5 LA Data 2014-15 (3),"row 311, column 7",Net Current Expenditure (C7 = C3 - C6)
2014/15,E4303,,E08000013,NW,Arts development and support,177,177000.0,Revenue_Outturn__RO5__data_2014-15_by_LA_-_02-Feb-2016.xlsx,RO5 LA Data 2014-15 (3),"row 311, column 9",Net Current Expenditure (C7 = C3 - C6)
2014/15,E4303,,E08000013,NW,Heritage,350,350000.0,Revenue_Outturn__RO5__data_2014-15_by_LA_-_02-Feb-2016.xlsx,RO5 LA Data 2014-15 (3),"row 311, column 11",Net Current Expenditure (C7 = C3 - C6)
2014/15,E4303,,E08000013,NW,Museums and galleries,4,4000.0,Revenue_Outturn__RO5__data_2014-15_by_LA_-_02-Feb-2016.xlsx,RO5 LA Data 2014-15 (3),"row 311, column 13",Net Current Expenditure (C7 = C3 - C6)
2014/15,E4303,,E08000013,NW,Theatres and public entertainment,473,473000.0,Revenue_Outturn__RO5__data_2014-15_by_LA_-_02-Feb-2016.xlsx,RO5 LA Data 2014-15 (3),"row 311, column 15",Net Current Expenditure (C7 = C3 - C6)
2014/15,E4303,,E08000013,NW,Library service,2817,2817000.0,Revenue_Outturn__RO5__data_2014-15_by_LA_-_02-Feb-2016.xlsx,RO5 LA Data 2014-15 (3),"row 311, column 29",Net Current Expenditure (C7 = C3 - C6)
2014/15,E4304,,E08000014,NW,Archives,0,0.0,Revenue_Outturn__RO5__data_2014-15_by_LA_-_02-Feb-2016.xlsx,RO5 LA Data 2014-15 (3),"row 312, column 7",Net Current Expenditure (C7 = C3 - C6)
2014/15,E4304,,E08000014,NW,Arts development and support,0,0.0,Revenue_Outturn__RO5__data_2014-15_by_LA_-_02-Feb-2016.xlsx,RO5 LA Data 2014-15 (3),"row 312, column 9",Net Current Expenditure (C7 = C3 - C6)
2014/15,E4304,,E08000014,NW,Heritage,0,0.0,Revenue_Outturn__RO5__data_2014-15_by_LA_-_02-Feb-2016.xlsx,RO5 LA Data 2014-15 (3),"row 312, column 11",Net Current Expenditure (C7 = C3 - C6)
2014/15,E4304,,E08000014,NW,Museums and galleries,204,204000.0,Revenue_Outturn__RO5__data_2014-15_by_LA_-_02-Feb-2016.xlsx,RO5 LA Data 2014-15 (3),"row 312, column 13",Net Current Expenditure (C7 = C3 - C6)
2014/15,E4304,,E08000014,NW,Theatres and public entertainment,2431,2431000.0,Revenue_Outturn__RO5__data_2014-15_by_LA_-_02-Feb-2016.xlsx,RO5 LA Data 2014-15 (3),"row 312, column 15",Net Current Expenditure (C7 = C3 - C6)
2014/15,E4304,,E08000014,NW,Library service,2341,2341000.0,Revenue_Outturn__RO5__data_2014-15_by_LA_-_02-Feb-2016.xlsx,RO5 LA Data 2014-15 (3),"row 312, column 29",Net Current Expenditure (C7 = C3 - C6)
2014/15,E4305,,E08000015,NW,Archives,600,600000.0,Revenue_Outturn__RO5__data_2014-15_by_LA_-_02-Feb-2016.xlsx,RO5 LA Data 2014-15 (3),"row 313, column 7",Net Current Expenditure (C7 = C3 - C6)
2014/15,E4305,,E08000015,NW,Arts development and support,0,0.0,Revenue_Outturn__RO5__data_2014-15_by_LA_-_02-Feb-2016.xlsx,RO5 LA Data 2014-15 (3),"row 313, column 9",Net Current Expenditure (C7 = C3 - C6)
2014/15,E4305,,E08000015,NW,Heritage,15,15000.0,Revenue_Outturn__RO5__data_2014-15_by_LA_-_02-Feb-2016.xlsx,RO5 LA Data 2014-15 (3),"row 313, column 11",Net Current Expenditure (C7 = C3 - C6)
2014/15,E4305,,E08000015,NW,Museums and galleries,645,645000.0,Revenue_Outturn__RO5__data_2014-15_by_LA_-_02-Feb-2016.xlsx,RO5 LA Data 2014-15 (3),"row 313, column 13",Net Current Expenditure (C7 = C3 - C6)
2014/15,E4305,,E08000015,NW,Theatres and public entertainment,948,948000.0,Revenue_Outturn__RO5__data_2014-15_by_LA_-_02-Feb-2016.xlsx,RO5 LA Data 2014-15 (3),"row 313, column 15",Net Current Expenditure (C7 = C3 - C6)
2014/15,E4305,,E08000015,NW,Library service,4714,4714000.0,Revenue_Outturn__RO5__data_2014-15_by_LA_-_02-Feb-2016.xlsx,RO5 LA Data 2014-15 (3),"row 313, column 29",Net Current Expenditure (C7 = C3 - C6)
2014/15,E4401,,E08000016,YH,Archives,208,208000.0,Revenue_Outturn__RO5__data_2014-15_by_LA_-_02-Feb-2016.xlsx,RO5 LA Data 2014-15 (3),"row 314, column 7",Net Current Expenditure (C7 = C3 - C6)
2014/15,E4401,,E08000016,YH,Arts development and support,395,395000.0,Revenue_Outturn__RO5__data_2014-15_by_LA_-_02-Feb-2016.xlsx,RO5 LA Data 2014-15 (3),"row 314, column 9",Net Current Expenditure (C7 = C3 - C6)
2014/15,E4401,,E08000016,YH,Heritage,1193,1193000.0,Revenue_Outturn__RO5__data_2014-15_by_LA_-_02-Feb-2016.xlsx,RO5 LA Data 2014-15 (3),"row 314, column 11",Net Current Expenditure (C7 = C3 - C6)
2014/15,E4401,,E08000016,YH,Museums and galleries,1092,1092000.0,Revenue_Outturn__RO5__data_2014-15_by_LA_-_02-Feb-2016.xlsx,RO5 LA Data 2014-15 (3),"row 314, column 13",Net Current Expenditure (C7 = C3 - C6)
2014/15,E4401,,E08000016,YH,Theatres and public entertainment,555,555000.0,Revenue_Outturn__RO5__data_2014-15_by_LA_-_02-Feb-2016.xlsx,RO5 LA Data 2014-15 (3),"row 314, column 15",Net Current Expenditure (C7 = C3 - C6)
2014/15,E4401,,E08000016,YH,Library service,1616,1616000.0,Revenue_Outturn__RO5__data_2014-15_by_LA_-_02-Feb-2016.xlsx,RO5 LA Data 2014-15 (3),"row 314, column 29",Net Current Expenditure (C7 = C3 - C6)
2014/15,E4402,,E08000017,YH,Archives,86,86000.0,Revenue_Outturn__RO5__data_2014-15_by_LA_-_02-Feb-2016.xlsx,RO5 LA Data 2014-15 (3),"row 315, column 7",Net Current Expenditure (C7 = C3 - C6)
2014/15,E4402,,E08000017,YH,Arts development and support,77,77000.0,Revenue_Outturn__RO5__data_2014-15_by_LA_-_02-Feb-2016.xlsx,RO5 LA Data 2014-15 (3),"row 315, column 9",Net Current Expenditure (C7 = C3 - C6)
2014/15,E4402,,E08000017,YH,Heritage,1,1000.0,Revenue_Outturn__RO5__data_2014-15_by_LA_-_02-Feb-2016.xlsx,RO5 LA Data 2014-15 (3),"row 315, column 11",Net Current Expenditure (C7 = C3 - C6)
2014/15,E4402,,E08000017,YH,Museums and galleries,1048,1048000.0,Revenue_Outturn__RO5__data_2014-15_by_LA_-_02-Feb-2016.xlsx,RO5 LA Data 2014-15 (3),"row 315, column 13",Net Current Expenditure (C7 = C3 - C6)
2014/15,E4402,,E08000017,YH,Theatres and public entertainment,452,452000.0,Revenue_Outturn__RO5__data_2014-15_by_LA_-_02-Feb-2016.xlsx,RO5 LA Data 2014-15 (3),"row 315, column 15",Net Current Expenditure (C7 = C3 - C6)
2014/15,E4402,,E08000017,YH,Library service,3252,3252000.0,Revenue_Outturn__RO5__data_2014-15_by_LA_-_02-Feb-2016.xlsx,RO5 LA Data 2014-15 (3),"row 315, column 29",Net Current Expenditure (C7 = C3 - C6)
2014/15,E4403,,E08000018,YH,Archives,66,66000.0,Revenue_Outturn__RO5__data_2014-15_by_LA_-_02-Feb-2016.xlsx,RO5 LA Data 2014-15 (3),"row 316, column 7",Net Current Expenditure (C7 = C3 - C6)
2014/15,E4403,,E08000018,YH,Arts development and support,66,66000.0,Revenue_Outturn__RO5__data_2014-15_by_LA_-_02-Feb-2016.xlsx,RO5 LA Data 2014-15 (3),"row 316, column 9",Net Current Expenditure (C7 = C3 - C6)
2014/15,E4403,,E08000018,YH,Heritage,0,0.0,Revenue_Outturn__RO5__data_2014-15_by_LA_-_02-Feb-2016.xlsx,RO5 LA Data 2014-15 (3),"row 316, column 11",Net Current Expenditure (C7 = C3 - C6)
2014/15,E4403,,E08000018,YH,Museums and galleries,745,745000.0,Revenue_Outturn__RO5__data_2014-15_by_LA_-_02-Feb-2016.xlsx,RO5 LA Data 2014-15 (3),"row 316, column 13",Net Current Expenditure (C7 = C3 - C6)
2014/15,E4403,,E08000018,YH,Theatres and public entertainment,426,426000.0,Revenue_Outturn__RO5__data_2014-15_by_LA_-_02-Feb-2016.xlsx,RO5 LA Data 2014-15 (3),"row 316, column 15",Net Current Expenditure (C7 = C3 - C6)
2014/15,E4403,,E08000018,YH,Library service,3128,3128000.0,Revenue_Outturn__RO5__data_2014-15_by_LA_-_02-Feb-2016.xlsx,RO5 LA Data 2014-15 (3),"row 316, column 29",Net Current Expenditure (C7 = C3 - C6)
2014/15,E4404,,E08000019,YH,Archives,368,368000.0,Revenue_Outturn__RO5__data_2014-15_by_LA_-_02-Feb-2016.xlsx,RO5 LA Data 2014-15 (3),"row 317, column 7",Net Current Expenditure (C7 = C3 - C6)
2014/15,E4404,,E08000019,YH,Arts development and support,552,552000.0,Revenue_Outturn__RO5__data_2014-15_by_LA_-_02-Feb-2016.xlsx,RO5 LA Data 2014-15 (3),"row 317, column 9",Net Current Expenditure (C7 = C3 - C6)
2014/15,E4404,,E08000019,YH,Heritage,0,0.0,Revenue_Outturn__RO5__data_2014-15_by_LA_-_02-Feb-2016.xlsx,RO5 LA Data 2014-15 (3),"row 317, column 11",Net Current Expenditure (C7 = C3 - C6)
2014/15,E4404,,E08000019,YH,Museums and galleries,3139,3139000.0,Revenue_Outturn__RO5__data_2014-15_by_LA_-_02-Feb-2016.xlsx,RO5 LA Data 2014-15 (3),"row 317, column 13",Net Current Expenditure (C7 = C3 - C6)
2014/15,E4404,,E08000019,YH,Theatres and public entertainment,904,904000.0,Revenue_Outturn__RO5__data_2014-15_by_LA_-_02-Feb-2016.xlsx,RO5 LA Data 2014-15 (3),"row 317, column 15",Net Current Expenditure (C7 = C3 - C6)
2014/15,E4404,,E08000019,YH,Library service,6492,6492000.0,Revenue_Outturn__RO5__data_2014-15_by_LA_-_02-Feb-2016.xlsx,RO5 LA Data 2014-15 (3),"row 317, column 29",Net Current Expenditure (C7 = C3 - C6)
2014/15,E4501,,E08000037,NE,Archives,0,0.0,Revenue_Outturn__RO5__data_2014-15_by_LA_-_02-Feb-2016.xlsx,RO5 LA Data 2014-15 (3),"row 318, column 7",Net Current Expenditure (C7 = C3 - C6)
2014/15,E4501,,E08000037,NE,Arts development and support,175,175000.0,Revenue_Outturn__RO5__data_2014-15_by_LA_-_02-Feb-2016.xlsx,RO5 LA Data 2014-15 (3),"row 318, column 9",Net Current Expenditure (C7 = C3 - C6)
2014/15,E4501,,E08000037,NE,Heritage,127,127000.0,Revenue_Outturn__RO5__data_2014-15_by_LA_-_02-Feb-2016.xlsx,RO5 LA Data 2014-15 (3),"row 318, column 11",Net Current Expenditure (C7 = C3 - C6)
2014/15,E4501,,E08000037,NE,Museums and galleries,630,630000.0,Revenue_Outturn__RO5__data_2014-15_by_LA_-_02-Feb-2016.xlsx,RO5 LA Data 2014-15 (3),"row 318, column 13",Net Current Expenditure (C7 = C3 - C6)
2014/15,E4501,,E08000037,NE,Theatres and public entertainment,508,508000.0,Revenue_Outturn__RO5__data_2014-15_by_LA_-_02-Feb-2016.xlsx,RO5 LA Data 2014-15 (3),"row 318, column 15",Net Current Expenditure (C7 = C3 - C6)
2014/15,E4501,,E08000037,NE,Library service,2966,2966000.0,Revenue_Outturn__RO5__data_2014-15_by_LA_-_02-Feb-2016.xlsx,RO5 LA Data 2014-15 (3),"row 318, column 29",Net Current Expenditure (C7 = C3 - C6)
2014/15,E4502,,E08000021,NE,Archives,759,759000.0,Revenue_Outturn__RO5__data_2014-15_by_LA_-_02-Feb-2016.xlsx,RO5 LA Data 2014-15 (3),"row 319, column 7",Net Current Expenditure (C7 = C3 - C6)
2014/15,E4502,,E08000021,NE,Arts development and support,624,624000.0,Revenue_Outturn__RO5__data_2014-15_by_LA_-_02-Feb-2016.xlsx,RO5 LA Data 2014-15 (3),"row 319, column 9",Net Current Expenditure (C7 = C3 - C6)
2014/15,E4502,,E08000021,NE,Heritage,4,4000.0,Revenue_Outturn__RO5__data_2014-15_by_LA_-_02-Feb-2016.xlsx,RO5 LA Data 2014-15 (3),"row 319, column 11",Net Current Expenditure (C7 = C3 - C6)
2014/15,E4502,,E08000021,NE,Museums and galleries,1559,1559000.0,Revenue_Outturn__RO5__data_2014-15_by_LA_-_02-Feb-2016.xlsx,RO5 LA Data 2014-15 (3),"row 319, column 13",Net Current Expenditure (C7 = C3 - C6)
2014/15,E4502,,E08000021,NE,Theatres and public entertainment,771,771000.0,Revenue_Outturn__RO5__data_2014-15_by_LA_-_02-Feb-2016.xlsx,RO5 LA Data 2014-15 (3),"row 319, column 15",Net Current Expenditure (C7 = C3 - C6)
2014/15,E4502,,E08000021,NE,Library service,7886,7886000.0,Revenue_Outturn__RO5__data_2014-15_by_LA_-_02-Feb-2016.xlsx,RO5 LA Data 2014-15 (3),"row 319, column 29",Net Current Expenditure (C7 = C3 - C6)
2014/15,E4503,,E08000022,NE,Archives,33,33000.0,Revenue_Outturn__RO5__data_2014-15_by_LA_-_02-Feb-2016.xlsx,RO5 LA Data 2014-15 (3),"row 320, column 7",Net Current Expenditure (C7 = C3 - C6)
2014/15,E4503,,E08000022,NE,Arts development and support,143,143000.0,Revenue_Outturn__RO5__data_2014-15_by_LA_-_02-Feb-2016.xlsx,RO5 LA Data 2014-15 (3),"row 320, column 9",Net Current Expenditure (C7 = C3 - C6)
2014/15,E4503,,E08000022,NE,Heritage,117,117000.0,Revenue_Outturn__RO5__data_2014-15_by_LA_-_02-Feb-2016.xlsx,RO5 LA Data 2014-15 (3),"row 320, column 11",Net Current Expenditure (C7 = C3 - C6)
2014/15,E4503,,E08000022,NE,Museums and galleries,633,633000.0,Revenue_Outturn__RO5__data_2014-15_by_LA_-_02-Feb-2016.xlsx,RO5 LA Data 2014-15 (3),"row 320, column 13",Net Current Expenditure (C7 = C3 - C6)
2014/15,E4503,,E08000022,NE,Theatres and public entertainment,352,352000.0,Revenue_Outturn__RO5__data_2014-15_by_LA_-_02-Feb-2016.xlsx,RO5 LA Data 2014-15 (3),"row 320, column 15",Net Current Expenditure (C7 = C3 - C6)
2014/15,E4503,,E08000022,NE,Library service,3999,3999000.0,Revenue_Outturn__RO5__data_2014-15_by_LA_-_02-Feb-2016.xlsx,RO5 LA Data 2014-15 (3),"row 320, column 29",Net Current Expenditure (C7 = C3 - C6)
2014/15,E4504,,E08000023,NE,Archives,183,183000.0,Revenue_Outturn__RO5__data_2014-15_by_LA_-_02-Feb-2016.xlsx,RO5 LA Data 2014-15 (3),"row 321, column 7",Net Current Expenditure (C7 = C3 - C6)
2014/15,E4504,,E08000023,NE,Arts development and support,483,483000.0,Revenue_Outturn__RO5__data_2014-15_by_LA_-_02-Feb-2016.xlsx,RO5 LA Data 2014-15 (3),"row 321, column 9",Net Current Expenditure (C7 = C3 - C6)
2014/15,E4504,,E08000023,NE,Heritage,46,46000.0,Revenue_Outturn__RO5__data_2014-15_by_LA_-_02-Feb-2016.xlsx,RO5 LA Data 2014-15 (3),"row 321, column 11",Net Current Expenditure (C7 = C3 - C6)
2014/15,E4504,,E08000023,NE,Museums and galleries,715,715000.0,Revenue_Outturn__RO5__data_2014-15_by_LA_-_02-Feb-2016.xlsx,RO5 LA Data 2014-15 (3),"row 321, column 13",Net Current Expenditure (C7 = C3 - C6)
2014/15,E4504,,E08000023,NE,Theatres and public entertainment,328,328000.0,Revenue_Outturn__RO5__data_2014-15_by_LA_-_02-Feb-2016.xlsx,RO5 LA Data 2014-15 (3),"row 321, column 15",Net Current Expenditure (C7 = C3 - C6)
2014/15,E4504,,E08000023,NE,Library service,2503,2503000.0,Revenue_Outturn__RO5__data_2014-15_by_LA_-_02-Feb-2016.xlsx,RO5 LA Data 2014-15 (3),"row 321, column 29",Net Current Expenditure (C7 = C3 - C6)
2014/15,E4505,,E08000024,NE,Archives,113,113000.0,Revenue_Outturn__RO5__data_2014-15_by_LA_-_02-Feb-2016.xlsx,RO5 LA Data 2014-15 (3),"row 322, column 7",Net Current Expenditure (C7 = C3 - C6)
2014/15,E4505,,E08000024,NE,Arts development and support,0,0.0,Revenue_Outturn__RO5__data_2014-15_by_LA_-_02-Feb-2016.xlsx,RO5 LA Data 2014-15 (3),"row 322, column 9",Net Current Expenditure (C7 = C3 - C6)
2014/15,E4505,,E08000024,NE,Heritage,206,206000.0,Revenue_Outturn__RO5__data_2014-15_by_LA_-_02-Feb-2016.xlsx,RO5 LA Data 2014-15 (3),"row 322, column 11",Net Current Expenditure (C7 = C3 - C6)
2014/15,E4505,,E08000024,NE,Museums and galleries,1432,1432000.0,Revenue_Outturn__RO5__data_2014-15_by_LA_-_02-Feb-2016.xlsx,RO5 LA Data 2014-15 (3),"row 322, column 13",Net Current Expenditure (C7 = C3 - C6)
2014/15,E4505,,E08000024,NE,Theatres and public entertainment,2617,2617000.0,Revenue_Outturn__RO5__data_2014-15_by_LA_-_02-Feb-2016.xlsx,RO5 LA Data 2014-15 (3),"row 322, column 15",Net Current Expenditure (C7 = C3 - C6)
2014/15,E4505,,E08000024,NE,Library service,3440,3440000.0,Revenue_Outturn__RO5__data_2014-15_by_LA_-_02-Feb-2016.xlsx,RO5 LA Data 2014-15 (3),"row 322, column 29",Net Current Expenditure (C7 = C3 - C6)
2014/15,E4601,,E08000025,WM,Archives,0,0.0,Revenue_Outturn__RO5__data_2014-15_by_LA_-_02-Feb-2016.xlsx,RO5 LA Data 2014-15 (3),"row 323, column 7",Net Current Expenditure (C7 = C3 - C6)
2014/15,E4601,,E08000025,WM,Arts development and support,7062,7062000.0,Revenue_Outturn__RO5__data_2014-15_by_LA_-_02-Feb-2016.xlsx,RO5 LA Data 2014-15 (3),"row 323, column 9",Net Current Expenditure (C7 = C3 - C6)
2014/15,E4601,,E08000025,WM,Heritage,0,0.0,Revenue_Outturn__RO5__data_2014-15_by_LA_-_02-Feb-2016.xlsx,RO5 LA Data 2014-15 (3),"row 323, column 11",Net Current Expenditure (C7 = C3 - C6)
2014/15,E4601,,E08000025,WM,Museums and galleries,5471,5471000.0,Revenue_Outturn__RO5__data_2014-15_by_LA_-_02-Feb-2016.xlsx,RO5 LA Data 2014-15 (3),"row 323, column 13",Net Current Expenditure (C7 = C3 - C6)
2014/15,E4601,,E08000025,WM,Theatres and public entertainment,238,238000.0,Revenue_Outturn__RO5__data_2014-15_by_LA_-_02-Feb-2016.xlsx,RO5 LA Data 2014-15 (3),"row 323, column 15",Net Current Expenditure (C7 = C3 - C6)
2014/15,E4601,,E08000025,WM,Library service,18500,18500000.0,Revenue_Outturn__RO5__data_2014-15_by_LA_-_02-Feb-2016.xlsx,RO5 LA Data 2014-15 (3),"row 323, column 29",Net Current Expenditure (C7 = C3 - C6)
2014/15,E4602,,E08000026,WM,Archives,0,0.0,Revenue_Outturn__RO5__data_2014-15_by_LA_-_02-Feb-2016.xlsx,RO5 LA Data 2014-15 (3),"row 324, column 7",Net Current Expenditure (C7 = C3 - C6)
2014/15,E4602,,E08000026,WM,Arts development and support,69,69000.0,Revenue_Outturn__RO5__data_2014-15_by_LA_-_02-Feb-2016.xlsx,RO5 LA Data 2014-15 (3),"row 324, column 9",Net Current Expenditure (C7 = C3 - C6)
2014/15,E4602,,E08000026,WM,Heritage,0,0.0,Revenue_Outturn__RO5__data_2014-15_by_LA_-_02-Feb-2016.xlsx,RO5 LA Data 2014-15 (3),"row 324, column 11",Net Current Expenditure (C7 = C3 - C6)
2014/15,E4602,,E08000026,WM,Museums and galleries,2671,2671000.0,Revenue_Outturn__RO5__data_2014-15_by_LA_-_02-Feb-2016.xlsx,RO5 LA Data 2014-15 (3),"row 324, column 13",Net Current Expenditure (C7 = C3 - C6)
2014/15,E4602,,E08000026,WM,Theatres and public entertainment,909,909000.0,Revenue_Outturn__RO5__data_2014-15_by_LA_-_02-Feb-2016.xlsx,RO5 LA Data 2014-15 (3),"row 324, column 15",Net Current Expenditure (C7 = C3 - C6)
2014/15,E4602,,E08000026,WM,Library service,5075,5075000.0,Revenue_Outturn__RO5__data_2014-15_by_LA_-_02-Feb-2016.xlsx,RO5 LA Data 2014-15 (3),"row 324, column 29",Net Current Expenditure (C7 = C3 - C6)
2014/15,E4603,,E08000027,WM,Archives,376,376000.0,Revenue_Outturn__RO5__data_2014-15_by_LA_-_02-Feb-2016.xlsx,RO5 LA Data 2014-15 (3),"row 325, column 7",Net Current Expenditure (C7 = C3 - C6)
2014/15,E4603,,E08000027,WM,Arts development and support,0,0.0,Revenue_Outturn__RO5__data_2014-15_by_LA_-_02-Feb-2016.xlsx,RO5 LA Data 2014-15 (3),"row 325, column 9",Net Current Expenditure (C7 = C3 - C6)
2014/15,E4603,,E08000027,WM,Heritage,611,611000.0,Revenue_Outturn__RO5__data_2014-15_by_LA_-_02-Feb-2016.xlsx,RO5 LA Data 2014-15 (3),"row 325, column 11",Net Current Expenditure (C7 = C3 - C6)
2014/15,E4603,,E08000027,WM,Museums and galleries,1087,1087000.0,Revenue_Outturn__RO5__data_2014-15_by_LA_-_02-Feb-2016.xlsx,RO5 LA Data 2014-15 (3),"row 325, column 13",Net Current Expenditure (C7 = C3 - C6)
2014/15,E4603,,E08000027,WM,Theatres and public entertainment,1015,1015000.0,Revenue_Outturn__RO5__data_2014-15_by_LA_-_02-Feb-2016.xlsx,RO5 LA Data 2014-15 (3),"row 325, column 15",Net Current Expenditure (C7 = C3 - C6)
2014/15,E4603,,E08000027,WM,Library service,4266,4266000.0,Revenue_Outturn__RO5__data_2014-15_by_LA_-_02-Feb-2016.xlsx,RO5 LA Data 2014-15 (3),"row 325, column 29",Net Current Expenditure (C7 = C3 - C6)
2014/15,E4604,,E08000028,WM,Archives,208,208000.0,Revenue_Outturn__RO5__data_2014-15_by_LA_-_02-Feb-2016.xlsx,RO5 LA Data 2014-15 (3),"row 326, column 7",Net Current Expenditure (C7 = C3 - C6)
2014/15,E4604,,E08000028,WM,Arts development and support,463,463000.0,Revenue_Outturn__RO5__data_2014-15_by_LA_-_02-Feb-2016.xlsx,RO5 LA Data 2014-15 (3),"row 326, column 9",Net Current Expenditure (C7 = C3 - C6)
2014/15,E4604,,E08000028,WM,Heritage,0,0.0,Revenue_Outturn__RO5__data_2014-15_by_LA_-_02-Feb-2016.xlsx,RO5 LA Data 2014-15 (3),"row 326, column 11",Net Current Expenditure (C7 = C3 - C6)
2014/15,E4604,,E08000028,WM,Museums and galleries,1085,1085000.0,Revenue_Outturn__RO5__data_2014-15_by_LA_-_02-Feb-2016.xlsx,RO5 LA Data 2014-15 (3),"row 326, column 13",Net Current Expenditure (C7 = C3 - C6)
2014/15,E4604,,E08000028,WM,Theatres and public entertainment,193,193000.0,Revenue_Outturn__RO5__data_2014-15_by_LA_-_02-Feb-2016.xlsx,RO5 LA Data 2014-15 (3),"row 326, column 15",Net Current Expenditure (C7 = C3 - C6)
2014/15,E4604,,E08000028,WM,Library service,5118,5118000.0,Revenue_Outturn__RO5__data_2014-15_by_LA_-_02-Feb-2016.xlsx,RO5 LA Data 2014-15 (3),"row 326, column 29",Net Current Expenditure (C7 = C3 - C6)
2014/15,E4605,,E08000029,WM,Archives,0,0.0,Revenue_Outturn__RO5__data_2014-15_by_LA_-_02-Feb-2016.xlsx,RO5 LA Data 2014-15 (3),"row 327, column 7",Net Current Expenditure (C7 = C3 - C6)
2014/15,E4605,,E08000029,WM,Arts development and support,0,0.0,Revenue_Outturn__RO5__data_2014-15_by_LA_-_02-Feb-2016.xlsx,RO5 LA Data 2014-15 (3),"row 327, column 9",Net Current Expenditure (C7 = C3 - C6)
2014/15,E4605,,E08000029,WM,Heritage,0,0.0,Revenue_Outturn__RO5__data_2014-15_by_LA_-_02-Feb-2016.xlsx,RO5 LA Data 2014-15 (3),"row 327, column 11",Net Current Expenditure (C7 = C3 - C6)
2014/15,E4605,,E08000029,WM,Museums and galleries,0,0.0,Revenue_Outturn__RO5__data_2014-15_by_LA_-_02-Feb-2016.xlsx,RO5 LA Data 2014-15 (3),"row 327, column 13",Net Current Expenditure (C7 = C3 - C6)
2014/15,E4605,,E08000029,WM,Theatres and public entertainment,193,193000.0,Revenue_Outturn__RO5__data_2014-15_by_LA_-_02-Feb-2016.xlsx,RO5 LA Data 2014-15 (3),"row 327, column 15",Net Current Expenditure (C7 = C3 - C6)
2014/15,E4605,,E08000029,WM,Library service,3579,3579000.0,Revenue_Outturn__RO5__data_2014-15_by_LA_-_02-Feb-2016.xlsx,RO5 LA Data 2014-15 (3),"row 327, column 29",Net Current Expenditure (C7 = C3 - C6)
2014/15,E4606,,E08000030,WM,Archives,313,313000.0,Revenue_Outturn__RO5__data_2014-15_by_LA_-_02-Feb-2016.xlsx,RO5 LA Data 2014-15 (3),"row 328, column 7",Net Current Expenditure (C7 = C3 - C6)
2014/15,E4606,,E08000030,WM,Arts development and support,324,324000.0,Revenue_Outturn__RO5__data_2014-15_by_LA_-_02-Feb-2016.xlsx,RO5 LA Data 2014-15 (3),"row 328, column 9",Net Current Expenditure (C7 = C3 - C6)
2014/15,E4606,,E08000030,WM,Heritage,221,221000.0,Revenue_Outturn__RO5__data_2014-15_by_LA_-_02-Feb-2016.xlsx,RO5 LA Data 2014-15 (3),"row 328, column 11",Net Current Expenditure (C7 = C3 - C6)
2014/15,E4606,,E08000030,WM,Museums and galleries,2180,2180000.0,Revenue_Outturn__RO5__data_2014-15_by_LA_-_02-Feb-2016.xlsx,RO5 LA Data 2014-15 (3),"row 328, column 13",Net Current Expenditure (C7 = C3 - C6)
2014/15,E4606,,E08000030,WM,Theatres and public entertainment,0,0.0,Revenue_Outturn__RO5__data_2014-15_by_LA_-_02-Feb-2016.xlsx,RO5 LA Data 2014-15 (3),"row 328, column 15",Net Current Expenditure (C7 = C3 - C6)
2014/15,E4606,,E08000030,WM,Library service,4864,4864000.0,Revenue_Outturn__RO5__data_2014-15_by_LA_-_02-Feb-2016.xlsx,RO5 LA Data 2014-15 (3),"row 328, column 29",Net Current Expenditure (C7 = C3 - C6)
2014/15,E4607,,E08000031,WM,Archives,249,249000.0,Revenue_Outturn__RO5__data_2014-15_by_LA_-_02-Feb-2016.xlsx,RO5 LA Data 2014-15 (3),"row 329, column 7",Net Current Expenditure (C7 = C3 - C6)
2014/15,E4607,,E08000031,WM,Arts development and support,696,696000.0,Revenue_Outturn__RO5__data_2014-15_by_LA_-_02-Feb-2016.xlsx,RO5 LA Data 2014-15 (3),"row 329, column 9",Net Current Expenditure (C7 = C3 - C6)
2014/15,E4607,,E08000031,WM,Heritage,0,0.0,Revenue_Outturn__RO5__data_2014-15_by_LA_-_02-Feb-2016.xlsx,RO5 LA Data 2014-15 (3),"row 329, column 11",Net Current Expenditure (C7 = C3 - C6)
2014/15,E4607,,E08000031,WM,Museums and galleries,1958,1958000.0,Revenue_Outturn__RO5__data_2014-15_by_LA_-_02-Feb-2016.xlsx,RO5 LA Data 2014-15 (3),"row 329, column 13",Net Current Expenditure (C7 = C3 - C6)
2014/15,E4607,,E08000031,WM,Theatres and public entertainment,1129,1129000.0,Revenue_Outturn__RO5__data_2014-15_by_LA_-_02-Feb-2016.xlsx,RO5 LA Data 2014-15 (3),"row 329, column 15",Net Current Expenditure (C7 = C3 - C6)
2014/15,E4607,,E08000031,WM,Library service,1886,1886000.0,Revenue_Outturn__RO5__data_2014-15_by_LA_-_02-Feb-2016.xlsx,RO5 LA Data 2014-15 (3),"row 329, column 29",Net Current Expenditure (C7 = C3 - C6)
2014/15,E4701,,E08000032,YH,Archives,546,546000.0,Revenue_Outturn__RO5__data_2014-15_by_LA_-_02-Feb-2016.xlsx,RO5 LA Data 2014-15 (3),"row 330, column 7",Net Current Expenditure (C7 = C3 - C6)
2014/15,E4701,,E08000032,YH,Arts development and support,1159,1159000.0,Revenue_Outturn__RO5__data_2014-15_by_LA_-_02-Feb-2016.xlsx,RO5 LA Data 2014-15 (3),"row 330, column 9",Net Current Expenditure (C7 = C3 - C6)
2014/15,E4701,,E08000032,YH,Heritage,0,0.0,Revenue_Outturn__RO5__data_2014-15_by_LA_-_02-Feb-2016.xlsx,RO5 LA Data 2014-15 (3),"row 330, column 11",Net Current Expenditure (C7 = C3 - C6)
2014/15,E4701,,E08000032,YH,Museums and galleries,3012,3012000.0,Revenue_Outturn__RO5__data_2014-15_by_LA_-_02-Feb-2016.xlsx,RO5 LA Data 2014-15 (3),"row 330, column 13",Net Current Expenditure (C7 = C3 - C6)
2014/15,E4701,,E08000032,YH,Theatres and public entertainment,3880,3880000.0,Revenue_Outturn__RO5__data_2014-15_by_LA_-_02-Feb-2016.xlsx,RO5 LA Data 2014-15 (3),"row 330, column 15",Net Current Expenditure (C7 = C3 - C6)
2014/15,E4701,,E08000032,YH,Library service,5386,5386000.0,Revenue_Outturn__RO5__data_2014-15_by_LA_-_02-Feb-2016.xlsx,RO5 LA Data 2014-15 (3),"row 330, column 29",Net Current Expenditure (C7 = C3 - C6)
2014/15,E4702,,E08000033,YH,Archives,124,124000.0,Revenue_Outturn__RO5__data_2014-15_by_LA_-_02-Feb-2016.xlsx,RO5 LA Data 2014-15 (3),"row 331, column 7",Net Current Expenditure (C7 = C3 - C6)
2014/15,E4702,,E08000033,YH,Arts development and support,98,98000.0,Revenue_Outturn__RO5__data_2014-15_by_LA_-_02-Feb-2016.xlsx,RO5 LA Data 2014-15 (3),"row 331, column 9",Net Current Expenditure (C7 = C3 - C6)
2014/15,E4702,,E08000033,YH,Heritage,9,9000.0,Revenue_Outturn__RO5__data_2014-15_by_LA_-_02-Feb-2016.xlsx,RO5 LA Data 2014-15 (3),"row 331, column 11",Net Current Expenditure (C7 = C3 - C6)
2014/15,E4702,,E08000033,YH,Museums and galleries,758,758000.0,Revenue_Outturn__RO5__data_2014-15_by_LA_-_02-Feb-2016.xlsx,RO5 LA Data 2014-15 (3),"row 331, column 13",Net Current Expenditure (C7 = C3 - C6)
2014/15,E4702,,E08000033,YH,Theatres and public entertainment,450,450000.0,Revenue_Outturn__RO5__data_2014-15_by_LA_-_02-Feb-2016.xlsx,RO5 LA Data 2014-15 (3),"row 331, column 15",Net Current Expenditure (C7 = C3 - C6)
2014/15,E4702,,E08000033,YH,Library service,2671,2671000.0,Revenue_Outturn__RO5__data_2014-15_by_LA_-_02-Feb-2016.xlsx,RO5 LA Data 2014-15 (3),"row 331, column 29",Net Current Expenditure (C7 = C3 - C6)
2014/15,E4703,,E08000034,YH,Archives,308,308000.0,Revenue_Outturn__RO5__data_2014-15_by_LA_-_02-Feb-2016.xlsx,RO5 LA Data 2014-15 (3),"row 332, column 7",Net Current Expenditure (C7 = C3 - C6)
2014/15,E4703,,E08000034,YH,Arts development and support,923,923000.0,Revenue_Outturn__RO5__data_2014-15_by_LA_-_02-Feb-2016.xlsx,RO5 LA Data 2014-15 (3),"row 332, column 9",Net Current Expenditure (C7 = C3 - C6)
2014/15,E4703,,E08000034,YH,Heritage,74,74000.0,Revenue_Outturn__RO5__data_2014-15_by_LA_-_02-Feb-2016.xlsx,RO5 LA Data 2014-15 (3),"row 332, column 11",Net Current Expenditure (C7 = C3 - C6)
2014/15,E4703,,E08000034,YH,Museums and galleries,1468,1468000.0,Revenue_Outturn__RO5__data_2014-15_by_LA_-_02-Feb-2016.xlsx,RO5 LA Data 2014-15 (3),"row 332, column 13",Net Current Expenditure (C7 = C3 - C6)
2014/15,E4703,,E08000034,YH,Theatres and public entertainment,2644,2644000.0,Revenue_Outturn__RO5__data_2014-15_by_LA_-_02-Feb-2016.xlsx,RO5 LA Data 2014-15 (3),"row 332, column 15",Net Current Expenditure (C7 = C3 - C6)
2014/15,E4703,,E08000034,YH,Library service,9162,9162000.0,Revenue_Outturn__RO5__data_2014-15_by_LA_-_02-Feb-2016.xlsx,RO5 LA Data 2014-15 (3),"row 332, column 29",Net Current Expenditure (C7 = C3 - C6)
2014/15,E4704,,E08000035,YH,Archives,655,655000.0,Revenue_Outturn__RO5__data_2014-15_by_LA_-_02-Feb-2016.xlsx,RO5 LA Data 2014-15 (3),"row 333, column 7",Net Current Expenditure (C7 = C3 - C6)
2014/15,E4704,,E08000035,YH,Arts development and support,8399,8399000.0,Revenue_Outturn__RO5__data_2014-15_by_LA_-_02-Feb-2016.xlsx,RO5 LA Data 2014-15 (3),"row 333, column 9",Net Current Expenditure (C7 = C3 - C6)
2014/15,E4704,,E08000035,YH,Heritage,0,0.0,Revenue_Outturn__RO5__data_2014-15_by_LA_-_02-Feb-2016.xlsx,RO5 LA Data 2014-15 (3),"row 333, column 11",Net Current Expenditure (C7 = C3 - C6)
2014/15,E4704,,E08000035,YH,Museums and galleries,7021,7021000.0,Revenue_Outturn__RO5__data_2014-15_by_LA_-_02-Feb-2016.xlsx,RO5 LA Data 2014-15 (3),"row 333, column 13",Net Current Expenditure (C7 = C3 - C6)
2014/15,E4704,,E08000035,YH,Theatres and public entertainment,1581,1581000.0,Revenue_Outturn__RO5__data_2014-15_by_LA_-_02-Feb-2016.xlsx,RO5 LA Data 2014-15 (3),"row 333, column 15",Net Current Expenditure (C7 = C3 - C6)
2014/15,E4704,,E08000035,YH,Library service,11274,11274000.0,Revenue_Outturn__RO5__data_2014-15_by_LA_-_02-Feb-2016.xlsx,RO5 LA Data 2014-15 (3),"row 333, column 29",Net Current Expenditure (C7 = C3 - C6)
2014/15,E4705,,E08000036,YH,Archives,264,264000.0,Revenue_Outturn__RO5__data_2014-15_by_LA_-_02-Feb-2016.xlsx,RO5 LA Data 2014-15 (3),"row 334, column 7",Net Current Expenditure (C7 = C3 - C6)
2014/15,E4705,,E08000036,YH,Arts development and support,456,456000.0,Revenue_Outturn__RO5__data_2014-15_by_LA_-_02-Feb-2016.xlsx,RO5 LA Data 2014-15 (3),"row 334, column 9",Net Current Expenditure (C7 = C3 - C6)
2014/15,E4705,,E08000036,YH,Heritage,874,874000.0,Revenue_Outturn__RO5__data_2014-15_by_LA_-_02-Feb-2016.xlsx,RO5 LA Data 2014-15 (3),"row 334, column 11",Net Current Expenditure (C7 = C3 - C6)
2014/15,E4705,,E08000036,YH,Museums and galleries,2368,2368000.0,Revenue_Outturn__RO5__data_2014-15_by_LA_-_02-Feb-2016.xlsx,RO5 LA Data 2014-15 (3),"row 334, column 13",Net Current Expenditure (C7 = C3 - C6)
2014/15,E4705,,E08000036,YH,Theatres and public entertainment,728,728000.0,Revenue_Outturn__RO5__data_2014-15_by_LA_-_02-Feb-2016.xlsx,RO5 LA Data 2014-15 (3),"row 334, column 15",Net Current Expenditure (C7 = C3 - C6)
2014/15,E4705,,E08000036,YH,Library service,4034,4034000.0,Revenue_Outturn__RO5__data_2014-15_by_LA_-_02-Feb-2016.xlsx,RO5 LA Data 2014-15 (3),"row 334, column 29",Net Current Expenditure (C7 = C3 - C6)
2014/15,E5010,,E09000001,L,Archives,3881,3881000.0,Revenue_Outturn__RO5__data_2014-15_by_LA_-_02-Feb-2016.xlsx,RO5 LA Data 2014-15 (3),"row 335, column 7",Net Current Expenditure (C7 = C3 - C6)
2014/15,E5010,,E09000001,L,Arts development and support,37,37000.0,Revenue_Outturn__RO5__data_2014-15_by_LA_-_02-Feb-2016.xlsx,RO5 LA Data 2014-15 (3),"row 335, column 9",Net Current Expenditure (C7 = C3 - C6)
2014/15,E5010,,E09000001,L,Heritage,0,0.0,Revenue_Outturn__RO5__data_2014-15_by_LA_-_02-Feb-2016.xlsx,RO5 LA Data 2014-15 (3),"row 335, column 11",Net Current Expenditure (C7 = C3 - C6)
2014/15,E5010,,E09000001,L,Museums and galleries,6979,6979000.0,Revenue_Outturn__RO5__data_2014-15_by_LA_-_02-Feb-2016.xlsx,RO5 LA Data 2014-15 (3),"row 335, column 13",Net Current Expenditure (C7 = C3 - C6)
2014/15,E5010,,E09000001,L,Theatres and public entertainment,22466,22466000.0,Revenue_Outturn__RO5__data_2014-15_by_LA_-_02-Feb-2016.xlsx,RO5 LA Data 2014-15 (3),"row 335, column 15",Net Current Expenditure (C7 = C3 - C6)
2014/15,E5010,,E09000001,L,Library service,6635,6635000.0,Revenue_Outturn__RO5__data_2014-15_by_LA_-_02-Feb-2016.xlsx,RO5 LA Data 2014-15 (3),"row 335, column 29",Net Current Expenditure (C7 = C3 - C6)
2014/15,E5011,,E09000007,L,Archives,189,189000.0,Revenue_Outturn__RO5__data_2014-15_by_LA_-_02-Feb-2016.xlsx,RO5 LA Data 2014-15 (3),"row 336, column 7",Net Current Expenditure (C7 = C3 - C6)
2014/15,E5011,,E09000007,L,Arts development and support,435,435000.0,Revenue_Outturn__RO5__data_2014-15_by_LA_-_02-Feb-2016.xlsx,RO5 LA Data 2014-15 (3),"row 336, column 9",Net Current Expenditure (C7 = C3 - C6)
2014/15,E5011,,E09000007,L,Heritage,0,0.0,Revenue_Outturn__RO5__data_2014-15_by_LA_-_02-Feb-2016.xlsx,RO5 LA Data 2014-15 (3),"row 336, column 11",Net Current Expenditure (C7 = C3 - C6)
2014/15,E5011,,E09000007,L,Museums and galleries,0,0.0,Revenue_Outturn__RO5__data_2014-15_by_LA_-_02-Feb-2016.xlsx,RO5 LA Data 2014-15 (3),"row 336, column 13",Net Current Expenditure (C7 = C3 - C6)
2014/15,E5011,,E09000007,L,Theatres and public entertainment,347,347000.0,Revenue_Outturn__RO5__data_2014-15_by_LA_-_02-Feb-2016.xlsx,RO5 LA Data 2014-15 (3),"row 336, column 15",Net Current Expenditure (C7 = C3 - C6)
2014/15,E5011,,E09000007,L,Library service,6192,6192000.0,Revenue_Outturn__RO5__data_2014-15_by_LA_-_02-Feb-2016.xlsx,RO5 LA Data 2014-15 (3),"row 336, column 29",Net Current Expenditure (C7 = C3 - C6)
2014/15,E5012,,E09000011,L,Archives,0,0.0,Revenue_Outturn__RO5__data_2014-15_by_LA_-_02-Feb-2016.xlsx,RO5 LA Data 2014-15 (3),"row 337, column 7",Net Current Expenditure (C7 = C3 - C6)
2014/15,E5012,,E09000011,L,Arts development and support,953,953000.0,Revenue_Outturn__RO5__data_2014-15_by_LA_-_02-Feb-2016.xlsx,RO5 LA Data 2014-15 (3),"row 337, column 9",Net Current Expenditure (C7 = C3 - C6)
2014/15,E5012,,E09000011,L,Heritage,636,636000.0,Revenue_Outturn__RO5__data_2014-15_by_LA_-_02-Feb-2016.xlsx,RO5 LA Data 2014-15 (3),"row 337, column 11",Net Current Expenditure (C7 = C3 - C6)
2014/15,E5012,,E09000011,L,Museums and galleries,336,336000.0,Revenue_Outturn__RO5__data_2014-15_by_LA_-_02-Feb-2016.xlsx,RO5 LA Data 2014-15 (3),"row 337, column 13",Net Current Expenditure (C7 = C3 - C6)
2014/15,E5012,,E09000011,L,Theatres and public entertainment,1564,1564000.0,Revenue_Outturn__RO5__data_2014-15_by_LA_-_02-Feb-2016.xlsx,RO5 LA Data 2014-15 (3),"row 337, column 15",Net Current Expenditure (C7 = C3 - C6)
2014/15,E5012,,E09000011,L,Library service,3551,3551000.0,Revenue_Outturn__RO5__data_2014-15_by_LA_-_02-Feb-2016.xlsx,RO5 LA Data 2014-15 (3),"row 337, column 29",Net Current Expenditure (C7 = C3 - C6)
2014/15,E5013,,E09000012,L,Archives,178,178000.0,Revenue_Outturn__RO5__data_2014-15_by_LA_-_02-Feb-2016.xlsx,RO5 LA Data 2014-15 (3),"row 338, column 7",Net Current Expenditure (C7 = C3 - C6)
2014/15,E5013,,E09000012,L,Arts development and support,504,504000.0,Revenue_Outturn__RO5__data_2014-15_by_LA_-_02-Feb-2016.xlsx,RO5 LA Data 2014-15 (3),"row 338, column 9",Net Current Expenditure (C7 = C3 - C6)
2014/15,E5013,,E09000012,L,Heritage,0,0.0,Revenue_Outturn__RO5__data_2014-15_by_LA_-_02-Feb-2016.xlsx,RO5 LA Data 2014-15 (3),"row 338, column 11",Net Current Expenditure (C7 = C3 - C6)
2014/15,E5013,,E09000012,L,Museums and galleries,463,463000.0,Revenue_Outturn__RO5__data_2014-15_by_LA_-_02-Feb-2016.xlsx,RO5 LA Data 2014-15 (3),"row 338, column 13",Net Current Expenditure (C7 = C3 - C6)
2014/15,E5013,,E09000012,L,Theatres and public entertainment,166,166000.0,Revenue_Outturn__RO5__data_2014-15_by_LA_-_02-Feb-2016.xlsx,RO5 LA Data 2014-15 (3),"row 338, column 15",Net Current Expenditure (C7 = C3 - C6)
2014/15,E5013,,E09000012,L,Library service,6343,6343000.0,Revenue_Outturn__RO5__data_2014-15_by_LA_-_02-Feb-2016.xlsx,RO5 LA Data 2014-15 (3),"row 338, column 29",Net Current Expenditure (C7 = C3 - C6)
2014/15,E5014,,E09000013,L,Archives,55,55000.0,Revenue_Outturn__RO5__data_2014-15_by_LA_-_02-Feb-2016.xlsx,RO5 LA Data 2014-15 (3),"row 339, column 7",Net Current Expenditure (C7 = C3 - C6)
2014/15,E5014,,E09000013,L,Arts development and support,0,0.0,Revenue_Outturn__RO5__data_2014-15_by_LA_-_02-Feb-2016.xlsx,RO5 LA Data 2014-15 (3),"row 339, column 9",Net Current Expenditure (C7 = C3 - C6)
2014/15,E5014,,E09000013,L,Heritage,0,0.0,Revenue_Outturn__RO5__data_2014-15_by_LA_-_02-Feb-2016.xlsx,RO5 LA Data 2014-15 (3),"row 339, column 11",Net Current Expenditure (C7 = C3 - C6)
2014/15,E5014,,E09000013,L,Museums and galleries,-118,-118000.0,Revenue_Outturn__RO5__data_2014-15_by_LA_-_02-Feb-2016.xlsx,RO5 LA Data 2014-15 (3),"row 339, column 13",Net Current Expenditure (C7 = C3 - C6)
2014/15,E5014,,E09000013,L,Theatres and public entertainment,166,166000.0,Revenue_Outturn__RO5__data_2014-15_by_LA_-_02-Feb-2016.xlsx,RO5 LA Data 2014-15 (3),"row 339, column 15",Net Current Expenditure (C7 = C3 - C6)
2014/15,E5014,,E09000013,L,Library service,3031,3031000.0,Revenue_Outturn__RO5__data_2014-15_by_LA_-_02-Feb-2016.xlsx,RO5 LA Data 2014-15 (3),"row 339, column 29",Net Current Expenditure (C7 = C3 - C6)
2014/15,E5015,,E09000019,L,Archives,0,0.0,Revenue_Outturn__RO5__data_2014-15_by_LA_-_02-Feb-2016.xlsx,RO5 LA Data 2014-15 (3),"row 340, column 7",Net Current Expenditure (C7 = C3 - C6)
2014/15,E5015,,E09000019,L,Arts development and support,0,0.0,Revenue_Outturn__RO5__data_2014-15_by_LA_-_02-Feb-2016.xlsx,RO5 LA Data 2014-15 (3),"row 340, column 9",Net Current Expenditure (C7 = C3 - C6)
2014/15,E5015,,E09000019,L,Heritage,197,197000.0,Revenue_Outturn__RO5__data_2014-15_by_LA_-_02-Feb-2016.xlsx,RO5 LA Data 2014-15 (3),"row 340, column 11",Net Current Expenditure (C7 = C3 - C6)
2014/15,E5015,,E09000019,L,Museums and galleries,0,0.0,Revenue_Outturn__RO5__data_2014-15_by_LA_-_02-Feb-2016.xlsx,RO5 LA Data 2014-15 (3),"row 340, column 13",Net Current Expenditure (C7 = C3 - C6)
2014/15,E5015,,E09000019,L,Theatres and public entertainment,0,0.0,Revenue_Outturn__RO5__data_2014-15_by_LA_-_02-Feb-2016.xlsx,RO5 LA Data 2014-15 (3),"row 340, column 15",Net Current Expenditure (C7 = C3 - C6)
2014/15,E5015,,E09000019,L,Library service,5630,5630000.0,Revenue_Outturn__RO5__data_2014-15_by_LA_-_02-Feb-2016.xlsx,RO5 LA Data 2014-15 (3),"row 340, column 29",Net Current Expenditure (C7 = C3 - C6)
2014/15,E5016,,E09000020,L,Archives,47,47000.0,Revenue_Outturn__RO5__data_2014-15_by_LA_-_02-Feb-2016.xlsx,RO5 LA Data 2014-15 (3),"row 341, column 7",Net Current Expenditure (C7 = C3 - C6)
2014/15,E5016,,E09000020,L,Arts development and support,708,708000.0,Revenue_Outturn__RO5__data_2014-15_by_LA_-_02-Feb-2016.xlsx,RO5 LA Data 2014-15 (3),"row 341, column 9",Net Current Expenditure (C7 = C3 - C6)
2014/15,E5016,,E09000020,L,Heritage,9,9000.0,Revenue_Outturn__RO5__data_2014-15_by_LA_-_02-Feb-2016.xlsx,RO5 LA Data 2014-15 (3),"row 341, column 11",Net Current Expenditure (C7 = C3 - C6)
2014/15,E5016,,E09000020,L,Museums and galleries,684,684000.0,Revenue_Outturn__RO5__data_2014-15_by_LA_-_02-Feb-2016.xlsx,RO5 LA Data 2014-15 (3),"row 341, column 13",Net Current Expenditure (C7 = C3 - C6)
2014/15,E5016,,E09000020,L,Theatres and public entertainment,1777,1777000.0,Revenue_Outturn__RO5__data_2014-15_by_LA_-_02-Feb-2016.xlsx,RO5 LA Data 2014-15 (3),"row 341, column 15",Net Current Expenditure (C7 = C3 - C6)
2014/15,E5016,,E09000020,L,Library service,5049,5049000.0,Revenue_Outturn__RO5__data_2014-15_by_LA_-_02-Feb-2016.xlsx,RO5 LA Data 2014-15 (3),"row 341, column 29",Net Current Expenditure (C7 = C3 - C6)
2014/15,E5017,,E09000022,L,Archives,278,278000.0,Revenue_Outturn__RO5__data_2014-15_by_LA_-_02-Feb-2016.xlsx,RO5 LA Data 2014-15 (3),"row 342, column 7",Net Current Expenditure (C7 = C3 - C6)
2014/15,E5017,,E09000022,L,Arts development and support,1090,1090000.0,Revenue_Outturn__RO5__data_2014-15_by_LA_-_02-Feb-2016.xlsx,RO5 LA Data 2014-15 (3),"row 342, column 9",Net Current Expenditure (C7 = C3 - C6)
2014/15,E5017,,E09000022,L,Heritage,0,0.0,Revenue_Outturn__RO5__data_2014-15_by_LA_-_02-Feb-2016.xlsx,RO5 LA Data 2014-15 (3),"row 342, column 11",Net Current Expenditure (C7 = C3 - C6)
2014/15,E5017,,E09000022,L,Museums and galleries,0,0.0,Revenue_Outturn__RO5__data_2014-15_by_LA_-_02-Feb-2016.xlsx,RO5 LA Data 2014-15 (3),"row 342, column 13",Net Current Expenditure (C7 = C3 - C6)
2014/15,E5017,,E09000022,L,Theatres and public entertainment,385,385000.0,Revenue_Outturn__RO5__data_2014-15_by_LA_-_02-Feb-2016.xlsx,RO5 LA Data 2014-15 (3),"row 342, column 15",Net Current Expenditure (C7 = C3 - C6)
2014/15,E5017,,E09000022,L,Library service,7957,7957000.0,Revenue_Outturn__RO5__data_2014-15_by_LA_-_02-Feb-2016.xlsx,RO5 LA Data 2014-15 (3),"row 342, column 29",Net Current Expenditure (C7 = C3 - C6)
2014/15,E5018,,E09000023,L,Archives,0,0.0,Revenue_Outturn__RO5__data_2014-15_by_LA_-_02-Feb-2016.xlsx,RO5 LA Data 2014-15 (3),"row 343, column 7",Net Current Expenditure (C7 = C3 - C6)
2014/15,E5018,,E09000023,L,Arts development and support,32,32000.0,Revenue_Outturn__RO5__data_2014-15_by_LA_-_02-Feb-2016.xlsx,RO5 LA Data 2014-15 (3),"row 343, column 9",Net Current Expenditure (C7 = C3 - C6)
2014/15,E5018,,E09000023,L,Heritage,0,0.0,Revenue_Outturn__RO5__data_2014-15_by_LA_-_02-Feb-2016.xlsx,RO5 LA Data 2014-15 (3),"row 343, column 11",Net Current Expenditure (C7 = C3 - C6)
2014/15,E5018,,E09000023,L,Museums and galleries,0,0.0,Revenue_Outturn__RO5__data_2014-15_by_LA_-_02-Feb-2016.xlsx,RO5 LA Data 2014-15 (3),"row 343, column 13",Net Current Expenditure (C7 = C3 - C6)
2014/15,E5018,,E09000023,L,Theatres and public entertainment,1348,1348000.0,Revenue_Outturn__RO5__data_2014-15_by_LA_-_02-Feb-2016.xlsx,RO5 LA Data 2014-15 (3),"row 343, column 15",Net Current Expenditure (C7 = C3 - C6)
2014/15,E5018,,E09000023,L,Library service,6311,6311000.0,Revenue_Outturn__RO5__data_2014-15_by_LA_-_02-Feb-2016.xlsx,RO5 LA Data 2014-15 (3),"row 343, column 29",Net Current Expenditure (C7 = C3 - C6)
2014/15,E5019,,E09000028,L,Archives,179,179000.0,Revenue_Outturn__RO5__data_2014-15_by_LA_-_02-Feb-2016.xlsx,RO5 LA Data 2014-15 (3),"row 344, column 7",Net Current Expenditure (C7 = C3 - C6)
2014/15,E5019,,E09000028,L,Arts development and support,457,457000.0,Revenue_Outturn__RO5__data_2014-15_by_LA_-_02-Feb-2016.xlsx,RO5 LA Data 2014-15 (3),"row 344, column 9",Net Current Expenditure (C7 = C3 - C6)
2014/15,E5019,,E09000028,L,Heritage,4,4000.0,Revenue_Outturn__RO5__data_2014-15_by_LA_-_02-Feb-2016.xlsx,RO5 LA Data 2014-15 (3),"row 344, column 11",Net Current Expenditure (C7 = C3 - C6)
2014/15,E5019,,E09000028,L,Museums and galleries,650,650000.0,Revenue_Outturn__RO5__data_2014-15_by_LA_-_02-Feb-2016.xlsx,RO5 LA Data 2014-15 (3),"row 344, column 13",Net Current Expenditure (C7 = C3 - C6)
2014/15,E5019,,E09000028,L,Theatres and public entertainment,232,232000.0,Revenue_Outturn__RO5__data_2014-15_by_LA_-_02-Feb-2016.xlsx,RO5 LA Data 2014-15 (3),"row 344, column 15",Net Current Expenditure (C7 = C3 - C6)
2014/15,E5019,,E09000028,L,Library service,6859,6859000.0,Revenue_Outturn__RO5__data_2014-15_by_LA_-_02-Feb-2016.xlsx,RO5 LA Data 2014-15 (3),"row 344, column 29",Net Current Expenditure (C7 = C3 - C6)
2014/15,E5020,,E09000030,L,Archives,0,0.0,Revenue_Outturn__RO5__data_2014-15_by_LA_-_02-Feb-2016.xlsx,RO5 LA Data 2014-15 (3),"row 345, column 7",Net Current Expenditure (C7 = C3 - C6)
2014/15,E5020,,E09000030,L,Arts development and support,1332,1332000.0,Revenue_Outturn__RO5__data_2014-15_by_LA_-_02-Feb-2016.xlsx,RO5 LA Data 2014-15 (3),"row 345, column 9",Net Current Expenditure (C7 = C3 - C6)
2014/15,E5020,,E09000030,L,Heritage,0,0.0,Revenue_Outturn__RO5__data_2014-15_by_LA_-_02-Feb-2016.xlsx,RO5 LA Data 2014-15 (3),"row 345, column 11",Net Current Expenditure (C7 = C3 - C6)
2014/15,E5020,,E09000030,L,Museums and galleries,0,0.0,Revenue_Outturn__RO5__data_2014-15_by_LA_-_02-Feb-2016.xlsx,RO5 LA Data 2014-15 (3),"row 345, column 13",Net Current Expenditure (C7 = C3 - C6)
2014/15,E5020,,E09000030,L,Theatres and public entertainment,46,46000.0,Revenue_Outturn__RO5__data_2014-15_by_LA_-_02-Feb-2016.xlsx,RO5 LA Data 2014-15 (3),"row 345, column 15",Net Current Expenditure (C7 = C3 - C6)
2014/15,E5020,,E09000030,L,Library service,7338,7338000.0,Revenue_Outturn__RO5__data_2014-15_by_LA_-_02-Feb-2016.xlsx,RO5 LA Data 2014-15 (3),"row 345, column 29",Net Current Expenditure (C7 = C3 - C6)
2014/15,E5021,,E09000032,L,Archives,0,0.0,Revenue_Outturn__RO5__data_2014-15_by_LA_-_02-Feb-2016.xlsx,RO5 LA Data 2014-15 (3),"row 346, column 7",Net Current Expenditure (C7 = C3 - C6)
2014/15,E5021,,E09000032,L,Arts development and support,630,630000.0,Revenue_Outturn__RO5__data_2014-15_by_LA_-_02-Feb-2016.xlsx,RO5 LA Data 2014-15 (3),"row 346, column 9",Net Current Expenditure (C7 = C3 - C6)
2014/15,E5021,,E09000032,L,Heritage,0,0.0,Revenue_Outturn__RO5__data_2014-15_by_LA_-_02-Feb-2016.xlsx,RO5 LA Data 2014-15 (3),"row 346, column 11",Net Current Expenditure (C7 = C3 - C6)
2014/15,E5021,,E09000032,L,Museums and galleries,0,0.0,Revenue_Outturn__RO5__data_2014-15_by_LA_-_02-Feb-2016.xlsx,RO5 LA Data 2014-15 (3),"row 346, column 13",Net Current Expenditure (C7 = C3 - C6)
2014/15,E5021,,E09000032,L,Theatres and public entertainment,-645,-645000.0,Revenue_Outturn__RO5__data_2014-15_by_LA_-_02-Feb-2016.xlsx,RO5 LA Data 2014-15 (3),"row 346, column 15",Net Current Expenditure (C7 = C3 - C6)
2014/15,E5021,,E09000032,L,Library service,4366,4366000.0,Revenue_Outturn__RO5__data_2014-15_by_LA_-_02-Feb-2016.xlsx,RO5 LA Data 2014-15 (3),"row 346, column 29",Net Current Expenditure (C7 = C3 - C6)
2014/15,E5022,,E09000033,L,Archives,668,668000.0,Revenue_Outturn__RO5__data_2014-15_by_LA_-_02-Feb-2016.xlsx,RO5 LA Data 2014-15 (3),"row 347, column 7",Net Current Expenditure (C7 = C3 - C6)
2014/15,E5022,,E09000033,L,Arts development and support,1989,1989000.0,Revenue_Outturn__RO5__data_2014-15_by_LA_-_02-Feb-2016.xlsx,RO5 LA Data 2014-15 (3),"row 347, column 9",Net Current Expenditure (C7 = C3 - C6)
2014/15,E5022,,E09000033,L,Heritage,0,0.0,Revenue_Outturn__RO5__data_2014-15_by_LA_-_02-Feb-2016.xlsx,RO5 LA Data 2014-15 (3),"row 347, column 11",Net Current Expenditure (C7 = C3 - C6)
2014/15,E5022,,E09000033,L,Museums and galleries,0,0.0,Revenue_Outturn__RO5__data_2014-15_by_LA_-_02-Feb-2016.xlsx,RO5 LA Data 2014-15 (3),"row 347, column 13",Net Current Expenditure (C7 = C3 - C6)
2014/15,E5022,,E09000033,L,Theatres and public entertainment,439,439000.0,Revenue_Outturn__RO5__data_2014-15_by_LA_-_02-Feb-2016.xlsx,RO5 LA Data 2014-15 (3),"row 347, column 15",Net Current Expenditure (C7 = C3 - C6)
2014/15,E5022,,E09000033,L,Library service,6597,6597000.0,Revenue_Outturn__RO5__data_2014-15_by_LA_-_02-Feb-2016.xlsx,RO5 LA Data 2014-15 (3),"row 347, column 29",Net Current Expenditure (C7 = C3 - C6)
2014/15,E5030,,E09000002,L,Archives,268,268000.0,Revenue_Outturn__RO5__data_2014-15_by_LA_-_02-Feb-2016.xlsx,RO5 LA Data 2014-15 (3),"row 348, column 7",Net Current Expenditure (C7 = C3 - C6)
2014/15,E5030,,E09000002,L,Arts development and support,8,8000.0,Revenue_Outturn__RO5__data_2014-15_by_LA_-_02-Feb-2016.xlsx,RO5 LA Data 2014-15 (3),"row 348, column 9",Net Current Expenditure (C7 = C3 - C6)
2014/15,E5030,,E09000002,L,Heritage,305,305000.0,Revenue_Outturn__RO5__data_2014-15_by_LA_-_02-Feb-2016.xlsx,RO5 LA Data 2014-15 (3),"row 348, column 11",Net Current Expenditure (C7 = C3 - C6)
2014/15,E5030,,E09000002,L,Museums and galleries,825,825000.0,Revenue_Outturn__RO5__data_2014-15_by_LA_-_02-Feb-2016.xlsx,RO5 LA Data 2014-15 (3),"row 348, column 13",Net Current Expenditure (C7 = C3 - C6)
2014/15,E5030,,E09000002,L,Theatres and public entertainment,317,317000.0,Revenue_Outturn__RO5__data_2014-15_by_LA_-_02-Feb-2016.xlsx,RO5 LA Data 2014-15 (3),"row 348, column 15",Net Current Expenditure (C7 = C3 - C6)
2014/15,E5030,,E09000002,L,Library service,2947,2947000.0,Revenue_Outturn__RO5__data_2014-15_by_LA_-_02-Feb-2016.xlsx,RO5 LA Data 2014-15 (3),"row 348, column 29",Net Current Expenditure (C7 = C3 - C6)
2014/15,E5031,,E09000003,L,Archives,120,120000.0,Revenue_Outturn__RO5__data_2014-15_by_LA_-_02-Feb-2016.xlsx,RO5 LA Data 2014-15 (3),"row 349, column 7",Net Current Expenditure (C7 = C3 - C6)
2014/15,E5031,,E09000003,L,Arts development and support,-1,-1000.0,Revenue_Outturn__RO5__data_2014-15_by_LA_-_02-Feb-2016.xlsx,RO5 LA Data 2014-15 (3),"row 349, column 9",Net Current Expenditure (C7 = C3 - C6)
2014/15,E5031,,E09000003,L,Heritage,0,0.0,Revenue_Outturn__RO5__data_2014-15_by_LA_-_02-Feb-2016.xlsx,RO5 LA Data 2014-15 (3),"row 349, column 11",Net Current Expenditure (C7 = C3 - C6)
2014/15,E5031,,E09000003,L,Museums and galleries,0,0.0,Revenue_Outturn__RO5__data_2014-15_by_LA_-_02-Feb-2016.xlsx,RO5 LA Data 2014-15 (3),"row 349, column 13",Net Current Expenditure (C7 = C3 - C6)
2014/15,E5031,,E09000003,L,Theatres and public entertainment,0,0.0,Revenue_Outturn__RO5__data_2014-15_by_LA_-_02-Feb-2016.xlsx,RO5 LA Data 2014-15 (3),"row 349, column 15",Net Current Expenditure (C7 = C3 - C6)
2014/15,E5031,,E09000003,L,Library service,4408,4408000.0,Revenue_Outturn__RO5__data_2014-15_by_LA_-_02-Feb-2016.xlsx,RO5 LA Data 2014-15 (3),"row 349, column 29",Net Current Expenditure (C7 = C3 - C6)
2014/15,E5032,,E09000004,L,Archives,43,43000.0,Revenue_Outturn__RO5__data_2014-15_by_LA_-_02-Feb-2016.xlsx,RO5 LA Data 2014-15 (3),"row 350, column 7",Net Current Expenditure (C7 = C3 - C6)
2014/15,E5032,,E09000004,L,Arts development and support,43,43000.0,Revenue_Outturn__RO5__data_2014-15_by_LA_-_02-Feb-2016.xlsx,RO5 LA Data 2014-15 (3),"row 350, column 9",Net Current Expenditure (C7 = C3 - C6)
2014/15,E5032,,E09000004,L,Heritage,642,642000.0,Revenue_Outturn__RO5__data_2014-15_by_LA_-_02-Feb-2016.xlsx,RO5 LA Data 2014-15 (3),"row 350, column 11",Net Current Expenditure (C7 = C3 - C6)
2014/15,E5032,,E09000004,L,Museums and galleries,0,0.0,Revenue_Outturn__RO5__data_2014-15_by_LA_-_02-Feb-2016.xlsx,RO5 LA Data 2014-15 (3),"row 350, column 13",Net Current Expenditure (C7 = C3 - C6)
2014/15,E5032,,E09000004,L,Theatres and public entertainment,0,0.0,Revenue_Outturn__RO5__data_2014-15_by_LA_-_02-Feb-2016.xlsx,RO5 LA Data 2014-15 (3),"row 350, column 15",Net Current Expenditure (C7 = C3 - C6)
2014/15,E5032,,E09000004,L,Library service,4591,4591000.0,Revenue_Outturn__RO5__data_2014-15_by_LA_-_02-Feb-2016.xlsx,RO5 LA Data 2014-15 (3),"row 350, column 29",Net Current Expenditure (C7 = C3 - C6)
2014/15,E5033,,E09000005,L,Archives,0,0.0,Revenue_Outturn__RO5__data_2014-15_by_LA_-_02-Feb-2016.xlsx,RO5 LA Data 2014-15 (3),"row 351, column 7",Net Current Expenditure (C7 = C3 - C6)
2014/15,E5033,,E09000005,L,Arts development and support,375,375000.0,Revenue_Outturn__RO5__data_2014-15_by_LA_-_02-Feb-2016.xlsx,RO5 LA Data 2014-15 (3),"row 351, column 9",Net Current Expenditure (C7 = C3 - C6)
2014/15,E5033,,E09000005,L,Heritage,259,259000.0,Revenue_Outturn__RO5__data_2014-15_by_LA_-_02-Feb-2016.xlsx,RO5 LA Data 2014-15 (3),"row 351, column 11",Net Current Expenditure (C7 = C3 - C6)
2014/15,E5033,,E09000005,L,Museums and galleries,0,0.0,Revenue_Outturn__RO5__data_2014-15_by_LA_-_02-Feb-2016.xlsx,RO5 LA Data 2014-15 (3),"row 351, column 13",Net Current Expenditure (C7 = C3 - C6)
2014/15,E5033,,E09000005,L,Theatres and public entertainment,0,0.0,Revenue_Outturn__RO5__data_2014-15_by_LA_-_02-Feb-2016.xlsx,RO5 LA Data 2014-15 (3),"row 351, column 15",Net Current Expenditure (C7 = C3 - C6)
2014/15,E5033,,E09000005,L,Library service,3767,3767000.0,Revenue_Outturn__RO5__data_2014-15_by_LA_-_02-Feb-2016.xlsx,RO5 LA Data 2014-15 (3),"row 351, column 29",Net Current Expenditure (C7 = C3 - C6)
2014/15,E5034,,E09000006,L,Archives,0,0.0,Revenue_Outturn__RO5__data_2014-15_by_LA_-_02-Feb-2016.xlsx,RO5 LA Data 2014-15 (3),"row 352, column 7",Net Current Expenditure (C7 = C3 - C6)
2014/15,E5034,,E09000006,L,Arts development and support,0,0.0,Revenue_Outturn__RO5__data_2014-15_by_LA_-_02-Feb-2016.xlsx,RO5 LA Data 2014-15 (3),"row 352, column 9",Net Current Expenditure (C7 = C3 - C6)
2014/15,E5034,,E09000006,L,Heritage,0,0.0,Revenue_Outturn__RO5__data_2014-15_by_LA_-_02-Feb-2016.xlsx,RO5 LA Data 2014-15 (3),"row 352, column 11",Net Current Expenditure (C7 = C3 - C6)
2014/15,E5034,,E09000006,L,Museums and galleries,266,266000.0,Revenue_Outturn__RO5__data_2014-15_by_LA_-_02-Feb-2016.xlsx,RO5 LA Data 2014-15 (3),"row 352, column 13",Net Current Expenditure (C7 = C3 - C6)
2014/15,E5034,,E09000006,L,Theatres and public entertainment,309,309000.0,Revenue_Outturn__RO5__data_2014-15_by_LA_-_02-Feb-2016.xlsx,RO5 LA Data 2014-15 (3),"row 352, column 15",Net Current Expenditure (C7 = C3 - C6)
2014/15,E5034,,E09000006,L,Library service,6380,6380000.0,Revenue_Outturn__RO5__data_2014-15_by_LA_-_02-Feb-2016.xlsx,RO5 LA Data 2014-15 (3),"row 352, column 29",Net Current Expenditure (C7 = C3 - C6)
2014/15,E5035,,E09000008,L,Archives,45,45000.0,Revenue_Outturn__RO5__data_2014-15_by_LA_-_02-Feb-2016.xlsx,RO5 LA Data 2014-15 (3),"row 353, column 7",Net Current Expenditure (C7 = C3 - C6)
2014/15,E5035,,E09000008,L,Arts development and support,27,27000.0,Revenue_Outturn__RO5__data_2014-15_by_LA_-_02-Feb-2016.xlsx,RO5 LA Data 2014-15 (3),"row 353, column 9",Net Current Expenditure (C7 = C3 - C6)
2014/15,E5035,,E09000008,L,Heritage,1,1000.0,Revenue_Outturn__RO5__data_2014-15_by_LA_-_02-Feb-2016.xlsx,RO5 LA Data 2014-15 (3),"row 353, column 11",Net Current Expenditure (C7 = C3 - C6)
2014/15,E5035,,E09000008,L,Museums and galleries,348,348000.0,Revenue_Outturn__RO5__data_2014-15_by_LA_-_02-Feb-2016.xlsx,RO5 LA Data 2014-15 (3),"row 353, column 13",Net Current Expenditure (C7 = C3 - C6)
2014/15,E5035,,E09000008,L,Theatres and public entertainment,1259,1259000.0,Revenue_Outturn__RO5__data_2014-15_by_LA_-_02-Feb-2016.xlsx,RO5 LA Data 2014-15 (3),"row 353, column 15",Net Current Expenditure (C7 = C3 - C6)
2014/15,E5035,,E09000008,L,Library service,3732,3732000.0,Revenue_Outturn__RO5__data_2014-15_by_LA_-_02-Feb-2016.xlsx,RO5 LA Data 2014-15 (3),"row 353, column 29",Net Current Expenditure (C7 = C3 - C6)
2014/15,E5036,,E09000009,L,Archives,35,35000.0,Revenue_Outturn__RO5__data_2014-15_by_LA_-_02-Feb-2016.xlsx,RO5 LA Data 2014-15 (3),"row 354, column 7",Net Current Expenditure (C7 = C3 - C6)
2014/15,E5036,,E09000009,L,Arts development and support,290,290000.0,Revenue_Outturn__RO5__data_2014-15_by_LA_-_02-Feb-2016.xlsx,RO5 LA Data 2014-15 (3),"row 354, column 9",Net Current Expenditure (C7 = C3 - C6)
2014/15,E5036,,E09000009,L,Heritage,524,524000.0,Revenue_Outturn__RO5__data_2014-15_by_LA_-_02-Feb-2016.xlsx,RO5 LA Data 2014-15 (3),"row 354, column 11",Net Current Expenditure (C7 = C3 - C6)
2014/15,E5036,,E09000009,L,Museums and galleries,803,803000.0,Revenue_Outturn__RO5__data_2014-15_by_LA_-_02-Feb-2016.xlsx,RO5 LA Data 2014-15 (3),"row 354, column 13",Net Current Expenditure (C7 = C3 - C6)
2014/15,E5036,,E09000009,L,Theatres and public entertainment,119,119000.0,Revenue_Outturn__RO5__data_2014-15_by_LA_-_02-Feb-2016.xlsx,RO5 LA Data 2014-15 (3),"row 354, column 15",Net Current Expenditure (C7 = C3 - C6)
2014/15,E5036,,E09000009,L,Library service,4217,4217000.0,Revenue_Outturn__RO5__data_2014-15_by_LA_-_02-Feb-2016.xlsx,RO5 LA Data 2014-15 (3),"row 354, column 29",Net Current Expenditure (C7 = C3 - C6)
2014/15,E5037,,E09000010,L,Archives,0,0.0,Revenue_Outturn__RO5__data_2014-15_by_LA_-_02-Feb-2016.xlsx,RO5 LA Data 2014-15 (3),"row 355, column 7",Net Current Expenditure (C7 = C3 - C6)
2014/15,E5037,,E09000010,L,Arts development and support,471,471000.0,Revenue_Outturn__RO5__data_2014-15_by_LA_-_02-Feb-2016.xlsx,RO5 LA Data 2014-15 (3),"row 355, column 9",Net Current Expenditure (C7 = C3 - C6)
2014/15,E5037,,E09000010,L,Heritage,322,322000.0,Revenue_Outturn__RO5__data_2014-15_by_LA_-_02-Feb-2016.xlsx,RO5 LA Data 2014-15 (3),"row 355, column 11",Net Current Expenditure (C7 = C3 - C6)
2014/15,E5037,,E09000010,L,Museums and galleries,235,235000.0,Revenue_Outturn__RO5__data_2014-15_by_LA_-_02-Feb-2016.xlsx,RO5 LA Data 2014-15 (3),"row 355, column 13",Net Current Expenditure (C7 = C3 - C6)
2014/15,E5037,,E09000010,L,Theatres and public entertainment,1208,1208000.0,Revenue_Outturn__RO5__data_2014-15_by_LA_-_02-Feb-2016.xlsx,RO5 LA Data 2014-15 (3),"row 355, column 15",Net Current Expenditure (C7 = C3 - C6)
2014/15,E5037,,E09000010,L,Library service,6895,6895000.0,Revenue_Outturn__RO5__data_2014-15_by_LA_-_02-Feb-2016.xlsx,RO5 LA Data 2014-15 (3),"row 355, column 29",Net Current Expenditure (C7 = C3 - C6)
2014/15,E5038,,E09000014,L,Archives,87,87000.0,Revenue_Outturn__RO5__data_2014-15_by_LA_-_02-Feb-2016.xlsx,RO5 LA Data 2014-15 (3),"row 356, column 7",Net Current Expenditure (C7 = C3 - C6)
2014/15,E5038,,E09000014,L,Arts development and support,236,236000.0,Revenue_Outturn__RO5__data_2014-15_by_LA_-_02-Feb-2016.xlsx,RO5 LA Data 2014-15 (3),"row 356, column 9",Net Current Expenditure (C7 = C3 - C6)
2014/15,E5038,,E09000014,L,Heritage,1012,1012000.0,Revenue_Outturn__RO5__data_2014-15_by_LA_-_02-Feb-2016.xlsx,RO5 LA Data 2014-15 (3),"row 356, column 11",Net Current Expenditure (C7 = C3 - C6)
2014/15,E5038,,E09000014,L,Museums and galleries,269,269000.0,Revenue_Outturn__RO5__data_2014-15_by_LA_-_02-Feb-2016.xlsx,RO5 LA Data 2014-15 (3),"row 356, column 13",Net Current Expenditure (C7 = C3 - C6)
2014/15,E5038,,E09000014,L,Theatres and public entertainment,0,0.0,Revenue_Outturn__RO5__data_2014-15_by_LA_-_02-Feb-2016.xlsx,RO5 LA Data 2014-15 (3),"row 356, column 15",Net Current Expenditure (C7 = C3 - C6)
2014/15,E5038,,E09000014,L,Library service,5021,5021000.0,Revenue_Outturn__RO5__data_2014-15_by_LA_-_02-Feb-2016.xlsx,RO5 LA Data 2014-15 (3),"row 356, column 29",Net Current Expenditure (C7 = C3 - C6)
2014/15,E5039,,E09000015,L,Archives,0,0.0,Revenue_Outturn__RO5__data_2014-15_by_LA_-_02-Feb-2016.xlsx,RO5 LA Data 2014-15 (3),"row 357, column 7",Net Current Expenditure (C7 = C3 - C6)
2014/15,E5039,,E09000015,L,Arts development and support,836,836000.0,Revenue_Outturn__RO5__data_2014-15_by_LA_-_02-Feb-2016.xlsx,RO5 LA Data 2014-15 (3),"row 357, column 9",Net Current Expenditure (C7 = C3 - C6)
2014/15,E5039,,E09000015,L,Heritage,23,23000.0,Revenue_Outturn__RO5__data_2014-15_by_LA_-_02-Feb-2016.xlsx,RO5 LA Data 2014-15 (3),"row 357, column 11",Net Current Expenditure (C7 = C3 - C6)
2014/15,E5039,,E09000015,L,Museums and galleries,232,232000.0,Revenue_Outturn__RO5__data_2014-15_by_LA_-_02-Feb-2016.xlsx,RO5 LA Data 2014-15 (3),"row 357, column 13",Net Current Expenditure (C7 = C3 - C6)
2014/15,E5039,,E09000015,L,Theatres and public entertainment,9,9000.0,Revenue_Outturn__RO5__data_2014-15_by_LA_-_02-Feb-2016.xlsx,RO5 LA Data 2014-15 (3),"row 357, column 15",Net Current Expenditure (C7 = C3 - C6)
2014/15,E5039,,E09000015,L,Library service,2978,2978000.0,Revenue_Outturn__RO5__data_2014-15_by_LA_-_02-Feb-2016.xlsx,RO5 LA Data 2014-15 (3),"row 357, column 29",Net Current Expenditure (C7 = C3 - C6)
2014/15,E5040,,E09000016,L,Archives,0,0.0,Revenue_Outturn__RO5__data_2014-15_by_LA_-_02-Feb-2016.xlsx,RO5 LA Data 2014-15 (3),"row 358, column 7",Net Current Expenditure (C7 = C3 - C6)
2014/15,E5040,,E09000016,L,Arts development and support,217,217000.0,Revenue_Outturn__RO5__data_2014-15_by_LA_-_02-Feb-2016.xlsx,RO5 LA Data 2014-15 (3),"row 358, column 9",Net Current Expenditure (C7 = C3 - C6)
2014/15,E5040,,E09000016,L,Heritage,150,150000.0,Revenue_Outturn__RO5__data_2014-15_by_LA_-_02-Feb-2016.xlsx,RO5 LA Data 2014-15 (3),"row 358, column 11",Net Current Expenditure (C7 = C3 - C6)
2014/15,E5040,,E09000016,L,Museums and galleries,28,28000.0,Revenue_Outturn__RO5__data_2014-15_by_LA_-_02-Feb-2016.xlsx,RO5 LA Data 2014-15 (3),"row 358, column 13",Net Current Expenditure (C7 = C3 - C6)
2014/15,E5040,,E09000016,L,Theatres and public entertainment,866,866000.0,Revenue_Outturn__RO5__data_2014-15_by_LA_-_02-Feb-2016.xlsx,RO5 LA Data 2014-15 (3),"row 358, column 15",Net Current Expenditure (C7 = C3 - C6)
2014/15,E5040,,E09000016,L,Library service,3455,3455000.0,Revenue_Outturn__RO5__data_2014-15_by_LA_-_02-Feb-2016.xlsx,RO5 LA Data 2014-15 (3),"row 358, column 29",Net Current Expenditure (C7 = C3 - C6)
2014/15,E5041,,E09000017,L,Archives,0,0.0,Revenue_Outturn__RO5__data_2014-15_by_LA_-_02-Feb-2016.xlsx,RO5 LA Data 2014-15 (3),"row 359, column 7",Net Current Expenditure (C7 = C3 - C6)
2014/15,E5041,,E09000017,L,Arts development and support,692,692000.0,Revenue_Outturn__RO5__data_2014-15_by_LA_-_02-Feb-2016.xlsx,RO5 LA Data 2014-15 (3),"row 359, column 9",Net Current Expenditure (C7 = C3 - C6)
2014/15,E5041,,E09000017,L,Heritage,173,173000.0,Revenue_Outturn__RO5__data_2014-15_by_LA_-_02-Feb-2016.xlsx,RO5 LA Data 2014-15 (3),"row 359, column 11",Net Current Expenditure (C7 = C3 - C6)
2014/15,E5041,,E09000017,L,Museums and galleries,0,0.0,Revenue_Outturn__RO5__data_2014-15_by_LA_-_02-Feb-2016.xlsx,RO5 LA Data 2014-15 (3),"row 359, column 13",Net Current Expenditure (C7 = C3 - C6)
2014/15,E5041,,E09000017,L,Theatres and public entertainment,355,355000.0,Revenue_Outturn__RO5__data_2014-15_by_LA_-_02-Feb-2016.xlsx,RO5 LA Data 2014-15 (3),"row 359, column 15",Net Current Expenditure (C7 = C3 - C6)
2014/15,E5041,,E09000017,L,Library service,6049,6049000.0,Revenue_Outturn__RO5__data_2014-15_by_LA_-_02-Feb-2016.xlsx,RO5 LA Data 2014-15 (3),"row 359, column 29",Net Current Expenditure (C7 = C3 - C6)
2014/15,E5042,,E09000018,L,Archives,0,0.0,Revenue_Outturn__RO5__data_2014-15_by_LA_-_02-Feb-2016.xlsx,RO5 LA Data 2014-15 (3),"row 360, column 7",Net Current Expenditure (C7 = C3 - C6)
2014/15,E5042,,E09000018,L,Arts development and support,0,0.0,Revenue_Outturn__RO5__data_2014-15_by_LA_-_02-Feb-2016.xlsx,RO5 LA Data 2014-15 (3),"row 360, column 9",Net Current Expenditure (C7 = C3 - C6)
2014/15,E5042,,E09000018,L,Heritage,134,134000.0,Revenue_Outturn__RO5__data_2014-15_by_LA_-_02-Feb-2016.xlsx,RO5 LA Data 2014-15 (3),"row 360, column 11",Net Current Expenditure (C7 = C3 - C6)
2014/15,E5042,,E09000018,L,Museums and galleries,73,73000.0,Revenue_Outturn__RO5__data_2014-15_by_LA_-_02-Feb-2016.xlsx,RO5 LA Data 2014-15 (3),"row 360, column 13",Net Current Expenditure (C7 = C3 - C6)
2014/15,E5042,,E09000018,L,Theatres and public entertainment,-5,-5000.0,Revenue_Outturn__RO5__data_2014-15_by_LA_-_02-Feb-2016.xlsx,RO5 LA Data 2014-15 (3),"row 360, column 15",Net Current Expenditure (C7 = C3 - C6)
2014/15,E5042,,E09000018,L,Library service,6090,6090000.0,Revenue_Outturn__RO5__data_2014-15_by_LA_-_02-Feb-2016.xlsx,RO5 LA Data 2014-15 (3),"row 360, column 29",Net Current Expenditure (C7 = C3 - C6)
2014/15,E5043,,E09000021,L,Archives,0,0.0,Revenue_Outturn__RO5__data_2014-15_by_LA_-_02-Feb-2016.xlsx,RO5 LA Data 2014-15 (3),"row 361, column 7",Net Current Expenditure (C7 = C3 - C6)
2014/15,E5043,,E09000021,L,Arts development and support,281,281000.0,Revenue_Outturn__RO5__data_2014-15_by_LA_-_02-Feb-2016.xlsx,RO5 LA Data 2014-15 (3),"row 361, column 9",Net Current Expenditure (C7 = C3 - C6)
2014/15,E5043,,E09000021,L,Heritage,25,25000.0,Revenue_Outturn__RO5__data_2014-15_by_LA_-_02-Feb-2016.xlsx,RO5 LA Data 2014-15 (3),"row 361, column 11",Net Current Expenditure (C7 = C3 - C6)
2014/15,E5043,,E09000021,L,Museums and galleries,350,350000.0,Revenue_Outturn__RO5__data_2014-15_by_LA_-_02-Feb-2016.xlsx,RO5 LA Data 2014-15 (3),"row 361, column 13",Net Current Expenditure (C7 = C3 - C6)
2014/15,E5043,,E09000021,L,Theatres and public entertainment,350,350000.0,Revenue_Outturn__RO5__data_2014-15_by_LA_-_02-Feb-2016.xlsx,RO5 LA Data 2014-15 (3),"row 361, column 15",Net Current Expenditure (C7 = C3 - C6)
2014/15,E5043,,E09000021,L,Library service,2763,2763000.0,Revenue_Outturn__RO5__data_2014-15_by_LA_-_02-Feb-2016.xlsx,RO5 LA Data 2014-15 (3),"row 361, column 29",Net Current Expenditure (C7 = C3 - C6)
2014/15,E5044,,E09000024,L,Archives,0,0.0,Revenue_Outturn__RO5__data_2014-15_by_LA_-_02-Feb-2016.xlsx,RO5 LA Data 2014-15 (3),"row 362, column 7",Net Current Expenditure (C7 = C3 - C6)
2014/15,E5044,,E09000024,L,Arts development and support,117,117000.0,Revenue_Outturn__RO5__data_2014-15_by_LA_-_02-Feb-2016.xlsx,RO5 LA Data 2014-15 (3),"row 362, column 9",Net Current Expenditure (C7 = C3 - C6)
2014/15,E5044,,E09000024,L,Heritage,37,37000.0,Revenue_Outturn__RO5__data_2014-15_by_LA_-_02-Feb-2016.xlsx,RO5 LA Data 2014-15 (3),"row 362, column 11",Net Current Expenditure (C7 = C3 - C6)
2014/15,E5044,,E09000024,L,Museums and galleries,31,31000.0,Revenue_Outturn__RO5__data_2014-15_by_LA_-_02-Feb-2016.xlsx,RO5 LA Data 2014-15 (3),"row 362, column 13",Net Current Expenditure (C7 = C3 - C6)
2014/15,E5044,,E09000024,L,Theatres and public entertainment,102,102000.0,Revenue_Outturn__RO5__data_2014-15_by_LA_-_02-Feb-2016.xlsx,RO5 LA Data 2014-15 (3),"row 362, column 15",Net Current Expenditure (C7 = C3 - C6)
2014/15,E5044,,E09000024,L,Library service,2642,2642000.0,Revenue_Outturn__RO5__data_2014-15_by_LA_-_02-Feb-2016.xlsx,RO5 LA Data 2014-15 (3),"row 362, column 29",Net Current Expenditure (C7 = C3 - C6)
2014/15,E5045,,E09000025,L,Archives,0,0.0,Revenue_Outturn__RO5__data_2014-15_by_LA_-_02-Feb-2016.xlsx,RO5 LA Data 2014-15 (3),"row 363, column 7",Net Current Expenditure (C7 = C3 - C6)
2014/15,E5045,,E09000025,L,Arts development and support,164,164000.0,Revenue_Outturn__RO5__data_2014-15_by_LA_-_02-Feb-2016.xlsx,RO5 LA Data 2014-15 (3),"row 363, column 9",Net Current Expenditure (C7 = C3 - C6)
2014/15,E5045,,E09000025,L,Heritage,208,208000.0,Revenue_Outturn__RO5__data_2014-15_by_LA_-_02-Feb-2016.xlsx,RO5 LA Data 2014-15 (3),"row 363, column 11",Net Current Expenditure (C7 = C3 - C6)
2014/15,E5045,,E09000025,L,Museums and galleries,0,0.0,Revenue_Outturn__RO5__data_2014-15_by_LA_-_02-Feb-2016.xlsx,RO5 LA Data 2014-15 (3),"row 363, column 13",Net Current Expenditure (C7 = C3 - C6)
2014/15,E5045,,E09000025,L,Theatres and public entertainment,1272,1272000.0,Revenue_Outturn__RO5__data_2014-15_by_LA_-_02-Feb-2016.xlsx,RO5 LA Data 2014-15 (3),"row 363, column 15",Net Current Expenditure (C7 = C3 - C6)
2014/15,E5045,,E09000025,L,Library service,2511,2511000.0,Revenue_Outturn__RO5__data_2014-15_by_LA_-_02-Feb-2016.xlsx,RO5 LA Data 2014-15 (3),"row 363, column 29",Net Current Expenditure (C7 = C3 - C6)
2014/15,E5046,,E09000026,L,Archives,15,15000.0,Revenue_Outturn__RO5__data_2014-15_by_LA_-_02-Feb-2016.xlsx,RO5 LA Data 2014-15 (3),"row 364, column 7",Net Current Expenditure (C7 = C3 - C6)
2014/15,E5046,,E09000026,L,Arts development and support,121,121000.0,Revenue_Outturn__RO5__data_2014-15_by_LA_-_02-Feb-2016.xlsx,RO5 LA Data 2014-15 (3),"row 364, column 9",Net Current Expenditure (C7 = C3 - C6)
2014/15,E5046,,E09000026,L,Heritage,171,171000.0,Revenue_Outturn__RO5__data_2014-15_by_LA_-_02-Feb-2016.xlsx,RO5 LA Data 2014-15 (3),"row 364, column 11",Net Current Expenditure (C7 = C3 - C6)
2014/15,E5046,,E09000026,L,Museums and galleries,119,119000.0,Revenue_Outturn__RO5__data_2014-15_by_LA_-_02-Feb-2016.xlsx,RO5 LA Data 2014-15 (3),"row 364, column 13",Net Current Expenditure (C7 = C3 - C6)
2014/15,E5046,,E09000026,L,Theatres and public entertainment,430,430000.0,Revenue_Outturn__RO5__data_2014-15_by_LA_-_02-Feb-2016.xlsx,RO5 LA Data 2014-15 (3),"row 364, column 15",Net Current Expenditure (C7 = C3 - C6)
2014/15,E5046,,E09000026,L,Library service,2777,2777000.0,Revenue_Outturn__RO5__data_2014-15_by_LA_-_02-Feb-2016.xlsx,RO5 LA Data 2014-15 (3),"row 364, column 29",Net Current Expenditure (C7 = C3 - C6)
2014/15,E5047,,E09000027,L,Archives,0,0.0,Revenue_Outturn__RO5__data_2014-15_by_LA_-_02-Feb-2016.xlsx,RO5 LA Data 2014-15 (3),"row 365, column 7",Net Current Expenditure (C7 = C3 - C6)
2014/15,E5047,,E09000027,L,Arts development and support,404,404000.0,Revenue_Outturn__RO5__data_2014-15_by_LA_-_02-Feb-2016.xlsx,RO5 LA Data 2014-15 (3),"row 365, column 9",Net Current Expenditure (C7 = C3 - C6)
2014/15,E5047,,E09000027,L,Heritage,56,56000.0,Revenue_Outturn__RO5__data_2014-15_by_LA_-_02-Feb-2016.xlsx,RO5 LA Data 2014-15 (3),"row 365, column 11",Net Current Expenditure (C7 = C3 - C6)
2014/15,E5047,,E09000027,L,Museums and galleries,642,642000.0,Revenue_Outturn__RO5__data_2014-15_by_LA_-_02-Feb-2016.xlsx,RO5 LA Data 2014-15 (3),"row 365, column 13",Net Current Expenditure (C7 = C3 - C6)
2014/15,E5047,,E09000027,L,Theatres and public entertainment,159,159000.0,Revenue_Outturn__RO5__data_2014-15_by_LA_-_02-Feb-2016.xlsx,RO5 LA Data 2014-15 (3),"row 365, column 15",Net Current Expenditure (C7 = C3 - C6)
2014/15,E5047,,E09000027,L,Library service,4474,4474000.0,Revenue_Outturn__RO5__data_2014-15_by_LA_-_02-Feb-2016.xlsx,RO5 LA Data 2014-15 (3),"row 365, column 29",Net Current Expenditure (C7 = C3 - C6)
2014/15,E5048,,E09000029,L,Archives,0,0.0,Revenue_Outturn__RO5__data_2014-15_by_LA_-_02-Feb-2016.xlsx,RO5 LA Data 2014-15 (3),"row 366, column 7",Net Current Expenditure (C7 = C3 - C6)
2014/15,E5048,,E09000029,L,Arts development and support,77,77000.0,Revenue_Outturn__RO5__data_2014-15_by_LA_-_02-Feb-2016.xlsx,RO5 LA Data 2014-15 (3),"row 366, column 9",Net Current Expenditure (C7 = C3 - C6)
2014/15,E5048,,E09000029,L,Heritage,0,0.0,Revenue_Outturn__RO5__data_2014-15_by_LA_-_02-Feb-2016.xlsx,RO5 LA Data 2014-15 (3),"row 366, column 11",Net Current Expenditure (C7 = C3 - C6)
2014/15,E5048,,E09000029,L,Museums and galleries,299,299000.0,Revenue_Outturn__RO5__data_2014-15_by_LA_-_02-Feb-2016.xlsx,RO5 LA Data 2014-15 (3),"row 366, column 13",Net Current Expenditure (C7 = C3 - C6)
2014/15,E5048,,E09000029,L,Theatres and public entertainment,589,589000.0,Revenue_Outturn__RO5__data_2014-15_by_LA_-_02-Feb-2016.xlsx,RO5 LA Data 2014-15 (3),"row 366, column 15",Net Current Expenditure (C7 = C3 - C6)
2014/15,E5048,,E09000029,L,Library service,3979,3979000.0,Revenue_Outturn__RO5__data_2014-15_by_LA_-_02-Feb-2016.xlsx,RO5 LA Data 2014-15 (3),"row 366, column 29",Net Current Expenditure (C7 = C3 - C6)
2014/15,E5049,,E09000031,L,Archives,50,50000.0,Revenue_Outturn__RO5__data_2014-15_by_LA_-_02-Feb-2016.xlsx,RO5 LA Data 2014-15 (3),"row 367, column 7",Net Current Expenditure (C7 = C3 - C6)
2014/15,E5049,,E09000031,L,Arts development and support,319,319000.0,Revenue_Outturn__RO5__data_2014-15_by_LA_-_02-Feb-2016.xlsx,RO5 LA Data 2014-15 (3),"row 367, column 9",Net Current Expenditure (C7 = C3 - C6)
2014/15,E5049,,E09000031,L,Heritage,0,0.0,Revenue_Outturn__RO5__data_2014-15_by_LA_-_02-Feb-2016.xlsx,RO5 LA Data 2014-15 (3),"row 367, column 11",Net Current Expenditure (C7 = C3 - C6)
2014/15,E5049,,E09000031,L,Museums and galleries,498,498000.0,Revenue_Outturn__RO5__data_2014-15_by_LA_-_02-Feb-2016.xlsx,RO5 LA Data 2014-15 (3),"row 367, column 13",Net Current Expenditure (C7 = C3 - C6)
2014/15,E5049,,E09000031,L,Theatres and public entertainment,873,873000.0,Revenue_Outturn__RO5__data_2014-15_by_LA_-_02-Feb-2016.xlsx,RO5 LA Data 2014-15 (3),"row 367, column 15",Net Current Expenditure (C7 = C3 - C6)
2014/15,E5049,,E09000031,L,Library service,3513,3513000.0,Revenue_Outturn__RO5__data_2014-15_by_LA_-_02-Feb-2016.xlsx,RO5 LA Data 2014-15 (3),"row 367, column 29",Net Current Expenditure (C7 = C3 - C6)
2014/15,E5100,,E12000007,L,Archives,0,0.0,Revenue_Outturn__RO5__data_2014-15_by_LA_-_02-Feb-2016.xlsx,RO5 LA Data 2014-15 (3),"row 368, column 7",Net Current Expenditure (C7 = C3 - C6)
2014/15,E5100,,E12000007,L,Arts development and support,9592,9592000.0,Revenue_Outturn__RO5__data_2014-15_by_LA_-_02-Feb-2016.xlsx,RO5 LA Data 2014-15 (3),"row 368, column 9",Net Current Expenditure (C7 = C3 - C6)
2014/15,E5100,,E12000007,L,Heritage,1545,1545000.0,Revenue_Outturn__RO5__data_2014-15_by_LA_-_02-Feb-2016.xlsx,RO5 LA Data 2014-15 (3),"row 368, column 11",Net Current Expenditure (C7 = C3 - C6)
2014/15,E5100,,E12000007,L,Museums and galleries,7120,7120000.0,Revenue_Outturn__RO5__data_2014-15_by_LA_-_02-Feb-2016.xlsx,RO5 LA Data 2014-15 (3),"row 368, column 13",Net Current Expenditure (C7 = C3 - C6)
2014/15,E5100,,E12000007,L,Theatres and public entertainment,0,0.0,Revenue_Outturn__RO5__data_2014-15_by_LA_-_02-Feb-2016.xlsx,RO5 LA Data 2014-15 (3),"row 368, column 15",Net Current Expenditure (C7 = C3 - C6)
2014/15,E5100,,E12000007,L,Library service,0,0.0,Revenue_Outturn__RO5__data_2014-15_by_LA_-_02-Feb-2016.xlsx,RO5 LA Data 2014-15 (3),"row 368, column 29",Net Current Expenditure (C7 = C3 - C6)
2014/15,E6101,,nan,SW,Archives,0,0.0,Revenue_Outturn__RO5__data_2014-15_by_LA_-_02-Feb-2016.xlsx,RO5 LA Data 2014-15 (3),"row 369, column 7",Net Current Expenditure (C7 = C3 - C6)
2014/15,E6101,,nan,SW,Arts development and support,0,0.0,Revenue_Outturn__RO5__data_2014-15_by_LA_-_02-Feb-2016.xlsx,RO5 LA Data 2014-15 (3),"row 369, column 9",Net Current Expenditure (C7 = C3 - C6)
2014/15,E6101,,nan,SW,Heritage,0,0.0,Revenue_Outturn__RO5__data_2014-15_by_LA_-_02-Feb-2016.xlsx,RO5 LA Data 2014-15 (3),"row 369, column 11",Net Current Expenditure (C7 = C3 - C6)
2014/15,E6101,,nan,SW,Museums and galleries,0,0.0,Revenue_Outturn__RO5__data_2014-15_by_LA_-_02-Feb-2016.xlsx,RO5 LA Data 2014-15 (3),"row 369, column 13",Net Current Expenditure (C7 = C3 - C6)
2014/15,E6101,,nan,SW,Theatres and public entertainment,0,0.0,Revenue_Outturn__RO5__data_2014-15_by_LA_-_02-Feb-2016.xlsx,RO5 LA Data 2014-15 (3),"row 369, column 15",Net Current Expenditure (C7 = C3 - C6)
2014/15,E6101,,nan,SW,Library service,0,0.0,Revenue_Outturn__RO5__data_2014-15_by_LA_-_02-Feb-2016.xlsx,RO5 LA Data 2014-15 (3),"row 369, column 29",Net Current Expenditure (C7 = C3 - C6)
2014/15,E6102,,nan,EE,Archives,0,0.0,Revenue_Outturn__RO5__data_2014-15_by_LA_-_02-Feb-2016.xlsx,RO5 LA Data 2014-15 (3),"row 370, column 7",Net Current Expenditure (C7 = C3 - C6)
2014/15,E6102,,nan,EE,Arts development and support,0,0.0,Revenue_Outturn__RO5__data_2014-15_by_LA_-_02-Feb-2016.xlsx,RO5 LA Data 2014-15 (3),"row 370, column 9",Net Current Expenditure (C7 = C3 - C6)
2014/15,E6102,,nan,EE,Heritage,0,0.0,Revenue_Outturn__RO5__data_2014-15_by_LA_-_02-Feb-2016.xlsx,RO5 LA Data 2014-15 (3),"row 370, column 11",Net Current Expenditure (C7 = C3 - C6)
2014/15,E6102,,nan,EE,Museums and galleries,0,0.0,Revenue_Outturn__RO5__data_2014-15_by_LA_-_02-Feb-2016.xlsx,RO5 LA Data 2014-15 (3),"row 370, column 13",Net Current Expenditure (C7 = C3 - C6)
2014/15,E6102,,nan,EE,Theatres and public entertainment,0,0.0,Revenue_Outturn__RO5__data_2014-15_by_LA_-_02-Feb-2016.xlsx,RO5 LA Data 2014-15 (3),"row 370, column 15",Net Current Expenditure (C7 = C3 - C6)
2014/15,E6102,,nan,EE,Library service,0,0.0,Revenue_Outturn__RO5__data_2014-15_by_LA_-_02-Feb-2016.xlsx,RO5 LA Data 2014-15 (3),"row 370, column 29",Net Current Expenditure (C7 = C3 - C6)
2014/15,E6103,,nan,SE,Archives,0,0.0,Revenue_Outturn__RO5__data_2014-15_by_LA_-_02-Feb-2016.xlsx,RO5 LA Data 2014-15 (3),"row 371, column 7",Net Current Expenditure (C7 = C3 - C6)
2014/15,E6103,,nan,SE,Arts development and support,0,0.0,Revenue_Outturn__RO5__data_2014-15_by_LA_-_02-Feb-2016.xlsx,RO5 LA Data 2014-15 (3),"row 371, column 9",Net Current Expenditure (C7 = C3 - C6)
2014/15,E6103,,nan,SE,Heritage,0,0.0,Revenue_Outturn__RO5__data_2014-15_by_LA_-_02-Feb-2016.xlsx,RO5 LA Data 2014-15 (3),"row 371, column 11",Net Current Expenditure (C7 = C3 - C6)
2014/15,E6103,,nan,SE,Museums and galleries,0,0.0,Revenue_Outturn__RO5__data_2014-15_by_LA_-_02-Feb-2016.xlsx,RO5 LA Data 2014-15 (3),"row 371, column 13",Net Current Expenditure (C7 = C3 - C6)
2014/15,E6103,,nan,SE,Theatres and public entertainment,0,0.0,Revenue_Outturn__RO5__data_2014-15_by_LA_-_02-Feb-2016.xlsx,RO5 LA Data 2014-15 (3),"row 371, column 15",Net Current Expenditure (C7 = C3 - C6)
2014/15,E6103,,nan,SE,Library service,0,0.0,Revenue_Outturn__RO5__data_2014-15_by_LA_-_02-Feb-2016.xlsx,RO5 LA Data 2014-15 (3),"row 371, column 29",Net Current Expenditure (C7 = C3 - C6)
2014/15,E6104,,nan,SE,Archives,0,0.0,Revenue_Outturn__RO5__data_2014-15_by_LA_-_02-Feb-2016.xlsx,RO5 LA Data 2014-15 (3),"row 372, column 7",Net Current Expenditure (C7 = C3 - C6)
2014/15,E6104,,nan,SE,Arts development and support,0,0.0,Revenue_Outturn__RO5__data_2014-15_by_LA_-_02-Feb-2016.xlsx,RO5 LA Data 2014-15 (3),"row 372, column 9",Net Current Expenditure (C7 = C3 - C6)
2014/15,E6104,,nan,SE,Heritage,0,0.0,Revenue_Outturn__RO5__data_2014-15_by_LA_-_02-Feb-2016.xlsx,RO5 LA Data 2014-15 (3),"row 372, column 11",Net Current Expenditure (C7 = C3 - C6)
2014/15,E6104,,nan,SE,Museums and galleries,0,0.0,Revenue_Outturn__RO5__data_2014-15_by_LA_-_02-Feb-2016.xlsx,RO5 LA Data 2014-15 (3),"row 372, column 13",Net Current Expenditure (C7 = C3 - C6)
2014/15,E6104,,nan,SE,Theatres and public entertainment,0,0.0,Revenue_Outturn__RO5__data_2014-15_by_LA_-_02-Feb-2016.xlsx,RO5 LA Data 2014-15 (3),"row 372, column 15",Net Current Expenditure (C7 = C3 - C6)
2014/15,E6104,,nan,SE,Library service,0,0.0,Revenue_Outturn__RO5__data_2014-15_by_LA_-_02-Feb-2016.xlsx,RO5 LA Data 2014-15 (3),"row 372, column 29",Net Current Expenditure (C7 = C3 - C6)
2014/15,E6105,,nan,EE,Archives,0,0.0,Revenue_Outturn__RO5__data_2014-15_by_LA_-_02-Feb-2016.xlsx,RO5 LA Data 2014-15 (3),"row 373, column 7",Net Current Expenditure (C7 = C3 - C6)
2014/15,E6105,,nan,EE,Arts development and support,0,0.0,Revenue_Outturn__RO5__data_2014-15_by_LA_-_02-Feb-2016.xlsx,RO5 LA Data 2014-15 (3),"row 373, column 9",Net Current Expenditure (C7 = C3 - C6)
2014/15,E6105,,nan,EE,Heritage,0,0.0,Revenue_Outturn__RO5__data_2014-15_by_LA_-_02-Feb-2016.xlsx,RO5 LA Data 2014-15 (3),"row 373, column 11",Net Current Expenditure (C7 = C3 - C6)
2014/15,E6105,,nan,EE,Museums and galleries,0,0.0,Revenue_Outturn__RO5__data_2014-15_by_LA_-_02-Feb-2016.xlsx,RO5 LA Data 2014-15 (3),"row 373, column 13",Net Current Expenditure (C7 = C3 - C6)
2014/15,E6105,,nan,EE,Theatres and public entertainment,0,0.0,Revenue_Outturn__RO5__data_2014-15_by_LA_-_02-Feb-2016.xlsx,RO5 LA Data 2014-15 (3),"row 373, column 15",Net Current Expenditure (C7 = C3 - C6)
2014/15,E6105,,nan,EE,Library service,0,0.0,Revenue_Outturn__RO5__data_2014-15_by_LA_-_02-Feb-2016.xlsx,RO5 LA Data 2014-15 (3),"row 373, column 29",Net Current Expenditure (C7 = C3 - C6)
2014/15,E6106,,nan,NW,Archives,0,0.0,Revenue_Outturn__RO5__data_2014-15_by_LA_-_02-Feb-2016.xlsx,RO5 LA Data 2014-15 (3),"row 374, column 7",Net Current Expenditure (C7 = C3 - C6)
2014/15,E6106,,nan,NW,Arts development and support,0,0.0,Revenue_Outturn__RO5__data_2014-15_by_LA_-_02-Feb-2016.xlsx,RO5 LA Data 2014-15 (3),"row 374, column 9",Net Current Expenditure (C7 = C3 - C6)
2014/15,E6106,,nan,NW,Heritage,0,0.0,Revenue_Outturn__RO5__data_2014-15_by_LA_-_02-Feb-2016.xlsx,RO5 LA Data 2014-15 (3),"row 374, column 11",Net Current Expenditure (C7 = C3 - C6)
2014/15,E6106,,nan,NW,Museums and galleries,0,0.0,Revenue_Outturn__RO5__data_2014-15_by_LA_-_02-Feb-2016.xlsx,RO5 LA Data 2014-15 (3),"row 374, column 13",Net Current Expenditure (C7 = C3 - C6)
2014/15,E6106,,nan,NW,Theatres and public entertainment,0,0.0,Revenue_Outturn__RO5__data_2014-15_by_LA_-_02-Feb-2016.xlsx,RO5 LA Data 2014-15 (3),"row 374, column 15",Net Current Expenditure (C7 = C3 - C6)
2014/15,E6106,,nan,NW,Library service,0,0.0,Revenue_Outturn__RO5__data_2014-15_by_LA_-_02-Feb-2016.xlsx,RO5 LA Data 2014-15 (3),"row 374, column 29",Net Current Expenditure (C7 = C3 - C6)
2014/15,E6107,,nan,NE,Archives,0,0.0,Revenue_Outturn__RO5__data_2014-15_by_LA_-_02-Feb-2016.xlsx,RO5 LA Data 2014-15 (3),"row 375, column 7",Net Current Expenditure (C7 = C3 - C6)
2014/15,E6107,,nan,NE,Arts development and support,0,0.0,Revenue_Outturn__RO5__data_2014-15_by_LA_-_02-Feb-2016.xlsx,RO5 LA Data 2014-15 (3),"row 375, column 9",Net Current Expenditure (C7 = C3 - C6)
2014/15,E6107,,nan,NE,Heritage,0,0.0,Revenue_Outturn__RO5__data_2014-15_by_LA_-_02-Feb-2016.xlsx,RO5 LA Data 2014-15 (3),"row 375, column 11",Net Current Expenditure (C7 = C3 - C6)
2014/15,E6107,,nan,NE,Museums and galleries,0,0.0,Revenue_Outturn__RO5__data_2014-15_by_LA_-_02-Feb-2016.xlsx,RO5 LA Data 2014-15 (3),"row 375, column 13",Net Current Expenditure (C7 = C3 - C6)
2014/15,E6107,,nan,NE,Theatres and public entertainment,0,0.0,Revenue_Outturn__RO5__data_2014-15_by_LA_-_02-Feb-2016.xlsx,RO5 LA Data 2014-15 (3),"row 375, column 15",Net Current Expenditure (C7 = C3 - C6)
2014/15,E6107,,nan,NE,Library service,0,0.0,Revenue_Outturn__RO5__data_2014-15_by_LA_-_02-Feb-2016.xlsx,RO5 LA Data 2014-15 (3),"row 375, column 29",Net Current Expenditure (C7 = C3 - C6)
2014/15,E6110,,nan,EM,Archives,0,0.0,Revenue_Outturn__RO5__data_2014-15_by_LA_-_02-Feb-2016.xlsx,RO5 LA Data 2014-15 (3),"row 376, column 7",Net Current Expenditure (C7 = C3 - C6)
2014/15,E6110,,nan,EM,Arts development and support,0,0.0,Revenue_Outturn__RO5__data_2014-15_by_LA_-_02-Feb-2016.xlsx,RO5 LA Data 2014-15 (3),"row 376, column 9",Net Current Expenditure (C7 = C3 - C6)
2014/15,E6110,,nan,EM,Heritage,0,0.0,Revenue_Outturn__RO5__data_2014-15_by_LA_-_02-Feb-2016.xlsx,RO5 LA Data 2014-15 (3),"row 376, column 11",Net Current Expenditure (C7 = C3 - C6)
2014/15,E6110,,nan,EM,Museums and galleries,0,0.0,Revenue_Outturn__RO5__data_2014-15_by_LA_-_02-Feb-2016.xlsx,RO5 LA Data 2014-15 (3),"row 376, column 13",Net Current Expenditure (C7 = C3 - C6)
2014/15,E6110,,nan,EM,Theatres and public entertainment,0,0.0,Revenue_Outturn__RO5__data_2014-15_by_LA_-_02-Feb-2016.xlsx,RO5 LA Data 2014-15 (3),"row 376, column 15",Net Current Expenditure (C7 = C3 - C6)
2014/15,E6110,,nan,EM,Library service,0,0.0,Revenue_Outturn__RO5__data_2014-15_by_LA_-_02-Feb-2016.xlsx,RO5 LA Data 2014-15 (3),"row 376, column 29",Net Current Expenditure (C7 = C3 - C6)
2014/15,E6112,,nan,SW,Archives,0,0.0,Revenue_Outturn__RO5__data_2014-15_by_LA_-_02-Feb-2016.xlsx,RO5 LA Data 2014-15 (3),"row 377, column 7",Net Current Expenditure (C7 = C3 - C6)
2014/15,E6112,,nan,SW,Arts development and support,0,0.0,Revenue_Outturn__RO5__data_2014-15_by_LA_-_02-Feb-2016.xlsx,RO5 LA Data 2014-15 (3),"row 377, column 9",Net Current Expenditure (C7 = C3 - C6)
2014/15,E6112,,nan,SW,Heritage,0,0.0,Revenue_Outturn__RO5__data_2014-15_by_LA_-_02-Feb-2016.xlsx,RO5 LA Data 2014-15 (3),"row 377, column 11",Net Current Expenditure (C7 = C3 - C6)
2014/15,E6112,,nan,SW,Museums and galleries,0,0.0,Revenue_Outturn__RO5__data_2014-15_by_LA_-_02-Feb-2016.xlsx,RO5 LA Data 2014-15 (3),"row 377, column 13",Net Current Expenditure (C7 = C3 - C6)
2014/15,E6112,,nan,SW,Theatres and public entertainment,0,0.0,Revenue_Outturn__RO5__data_2014-15_by_LA_-_02-Feb-2016.xlsx,RO5 LA Data 2014-15 (3),"row 377, column 15",Net Current Expenditure (C7 = C3 - C6)
2014/15,E6112,,nan,SW,Library service,0,0.0,Revenue_Outturn__RO5__data_2014-15_by_LA_-_02-Feb-2016.xlsx,RO5 LA Data 2014-15 (3),"row 377, column 29",Net Current Expenditure (C7 = C3 - C6)
2014/15,E6113,,nan,NE,Archives,0,0.0,Revenue_Outturn__RO5__data_2014-15_by_LA_-_02-Feb-2016.xlsx,RO5 LA Data 2014-15 (3),"row 378, column 7",Net Current Expenditure (C7 = C3 - C6)
2014/15,E6113,,nan,NE,Arts development and support,0,0.0,Revenue_Outturn__RO5__data_2014-15_by_LA_-_02-Feb-2016.xlsx,RO5 LA Data 2014-15 (3),"row 378, column 9",Net Current Expenditure (C7 = C3 - C6)
2014/15,E6113,,nan,NE,Heritage,0,0.0,Revenue_Outturn__RO5__data_2014-15_by_LA_-_02-Feb-2016.xlsx,RO5 LA Data 2014-15 (3),"row 378, column 11",Net Current Expenditure (C7 = C3 - C6)
2014/15,E6113,,nan,NE,Museums and galleries,0,0.0,Revenue_Outturn__RO5__data_2014-15_by_LA_-_02-Feb-2016.xlsx,RO5 LA Data 2014-15 (3),"row 378, column 13",Net Current Expenditure (C7 = C3 - C6)
2014/15,E6113,,nan,NE,Theatres and public entertainment,0,0.0,Revenue_Outturn__RO5__data_2014-15_by_LA_-_02-Feb-2016.xlsx,RO5 LA Data 2014-15 (3),"row 378, column 15",Net Current Expenditure (C7 = C3 - C6)
2014/15,E6113,,nan,NE,Library service,0,0.0,Revenue_Outturn__RO5__data_2014-15_by_LA_-_02-Feb-2016.xlsx,RO5 LA Data 2014-15 (3),"row 378, column 29",Net Current Expenditure (C7 = C3 - C6)
2014/15,E6114,,nan,SE,Archives,0,0.0,Revenue_Outturn__RO5__data_2014-15_by_LA_-_02-Feb-2016.xlsx,RO5 LA Data 2014-15 (3),"row 379, column 7",Net Current Expenditure (C7 = C3 - C6)
2014/15,E6114,,nan,SE,Arts development and support,0,0.0,Revenue_Outturn__RO5__data_2014-15_by_LA_-_02-Feb-2016.xlsx,RO5 LA Data 2014-15 (3),"row 379, column 9",Net Current Expenditure (C7 = C3 - C6)
2014/15,E6114,,nan,SE,Heritage,0,0.0,Revenue_Outturn__RO5__data_2014-15_by_LA_-_02-Feb-2016.xlsx,RO5 LA Data 2014-15 (3),"row 379, column 11",Net Current Expenditure (C7 = C3 - C6)
2014/15,E6114,,nan,SE,Museums and galleries,0,0.0,Revenue_Outturn__RO5__data_2014-15_by_LA_-_02-Feb-2016.xlsx,RO5 LA Data 2014-15 (3),"row 379, column 13",Net Current Expenditure (C7 = C3 - C6)
2014/15,E6114,,nan,SE,Theatres and public entertainment,0,0.0,Revenue_Outturn__RO5__data_2014-15_by_LA_-_02-Feb-2016.xlsx,RO5 LA Data 2014-15 (3),"row 379, column 15",Net Current Expenditure (C7 = C3 - C6)
2014/15,E6114,,nan,SE,Library service,0,0.0,Revenue_Outturn__RO5__data_2014-15_by_LA_-_02-Feb-2016.xlsx,RO5 LA Data 2014-15 (3),"row 379, column 29",Net Current Expenditure (C7 = C3 - C6)
2014/15,E6115,,nan,EE,Archives,0,0.0,Revenue_Outturn__RO5__data_2014-15_by_LA_-_02-Feb-2016.xlsx,RO5 LA Data 2014-15 (3),"row 380, column 7",Net Current Expenditure (C7 = C3 - C6)
2014/15,E6115,,nan,EE,Arts development and support,0,0.0,Revenue_Outturn__RO5__data_2014-15_by_LA_-_02-Feb-2016.xlsx,RO5 LA Data 2014-15 (3),"row 380, column 9",Net Current Expenditure (C7 = C3 - C6)
2014/15,E6115,,nan,EE,Heritage,0,0.0,Revenue_Outturn__RO5__data_2014-15_by_LA_-_02-Feb-2016.xlsx,RO5 LA Data 2014-15 (3),"row 380, column 11",Net Current Expenditure (C7 = C3 - C6)
2014/15,E6115,,nan,EE,Museums and galleries,0,0.0,Revenue_Outturn__RO5__data_2014-15_by_LA_-_02-Feb-2016.xlsx,RO5 LA Data 2014-15 (3),"row 380, column 13",Net Current Expenditure (C7 = C3 - C6)
2014/15,E6115,,nan,EE,Theatres and public entertainment,0,0.0,Revenue_Outturn__RO5__data_2014-15_by_LA_-_02-Feb-2016.xlsx,RO5 LA Data 2014-15 (3),"row 380, column 15",Net Current Expenditure (C7 = C3 - C6)
2014/15,E6115,,nan,EE,Library service,0,0.0,Revenue_Outturn__RO5__data_2014-15_by_LA_-_02-Feb-2016.xlsx,RO5 LA Data 2014-15 (3),"row 380, column 29",Net Current Expenditure (C7 = C3 - C6)
2014/15,E6117,,nan,SE,Archives,0,0.0,Revenue_Outturn__RO5__data_2014-15_by_LA_-_02-Feb-2016.xlsx,RO5 LA Data 2014-15 (3),"row 381, column 7",Net Current Expenditure (C7 = C3 - C6)
2014/15,E6117,,nan,SE,Arts development and support,0,0.0,Revenue_Outturn__RO5__data_2014-15_by_LA_-_02-Feb-2016.xlsx,RO5 LA Data 2014-15 (3),"row 381, column 9",Net Current Expenditure (C7 = C3 - C6)
2014/15,E6117,,nan,SE,Heritage,0,0.0,Revenue_Outturn__RO5__data_2014-15_by_LA_-_02-Feb-2016.xlsx,RO5 LA Data 2014-15 (3),"row 381, column 11",Net Current Expenditure (C7 = C3 - C6)
2014/15,E6117,,nan,SE,Museums and galleries,0,0.0,Revenue_Outturn__RO5__data_2014-15_by_LA_-_02-Feb-2016.xlsx,RO5 LA Data 2014-15 (3),"row 381, column 13",Net Current Expenditure (C7 = C3 - C6)
2014/15,E6117,,nan,SE,Theatres and public entertainment,0,0.0,Revenue_Outturn__RO5__data_2014-15_by_LA_-_02-Feb-2016.xlsx,RO5 LA Data 2014-15 (3),"row 381, column 15",Net Current Expenditure (C7 = C3 - C6)
2014/15,E6117,,nan,SE,Library service,0,0.0,Revenue_Outturn__RO5__data_2014-15_by_LA_-_02-Feb-2016.xlsx,RO5 LA Data 2014-15 (3),"row 381, column 29",Net Current Expenditure (C7 = C3 - C6)
2014/15,E6118,,nan,WM,Archives,0,0.0,Revenue_Outturn__RO5__data_2014-15_by_LA_-_02-Feb-2016.xlsx,RO5 LA Data 2014-15 (3),"row 382, column 7",Net Current Expenditure (C7 = C3 - C6)
2014/15,E6118,,nan,WM,Arts development and support,0,0.0,Revenue_Outturn__RO5__data_2014-15_by_LA_-_02-Feb-2016.xlsx,RO5 LA Data 2014-15 (3),"row 382, column 9",Net Current Expenditure (C7 = C3 - C6)
2014/15,E6118,,nan,WM,Heritage,0,0.0,Revenue_Outturn__RO5__data_2014-15_by_LA_-_02-Feb-2016.xlsx,RO5 LA Data 2014-15 (3),"row 382, column 11",Net Current Expenditure (C7 = C3 - C6)
2014/15,E6118,,nan,WM,Museums and galleries,0,0.0,Revenue_Outturn__RO5__data_2014-15_by_LA_-_02-Feb-2016.xlsx,RO5 LA Data 2014-15 (3),"row 382, column 13",Net Current Expenditure (C7 = C3 - C6)
2014/15,E6118,,nan,WM,Theatres and public entertainment,0,0.0,Revenue_Outturn__RO5__data_2014-15_by_LA_-_02-Feb-2016.xlsx,RO5 LA Data 2014-15 (3),"row 382, column 15",Net Current Expenditure (C7 = C3 - C6)
2014/15,E6118,,nan,WM,Library service,0,0.0,Revenue_Outturn__RO5__data_2014-15_by_LA_-_02-Feb-2016.xlsx,RO5 LA Data 2014-15 (3),"row 382, column 29",Net Current Expenditure (C7 = C3 - C6)
2014/15,E6120,,nan,YH,Archives,0,0.0,Revenue_Outturn__RO5__data_2014-15_by_LA_-_02-Feb-2016.xlsx,RO5 LA Data 2014-15 (3),"row 383, column 7",Net Current Expenditure (C7 = C3 - C6)
2014/15,E6120,,nan,YH,Arts development and support,0,0.0,Revenue_Outturn__RO5__data_2014-15_by_LA_-_02-Feb-2016.xlsx,RO5 LA Data 2014-15 (3),"row 383, column 9",Net Current Expenditure (C7 = C3 - C6)
2014/15,E6120,,nan,YH,Heritage,0,0.0,Revenue_Outturn__RO5__data_2014-15_by_LA_-_02-Feb-2016.xlsx,RO5 LA Data 2014-15 (3),"row 383, column 11",Net Current Expenditure (C7 = C3 - C6)
2014/15,E6120,,nan,YH,Museums and galleries,0,0.0,Revenue_Outturn__RO5__data_2014-15_by_LA_-_02-Feb-2016.xlsx,RO5 LA Data 2014-15 (3),"row 383, column 13",Net Current Expenditure (C7 = C3 - C6)
2014/15,E6120,,nan,YH,Theatres and public entertainment,0,0.0,Revenue_Outturn__RO5__data_2014-15_by_LA_-_02-Feb-2016.xlsx,RO5 LA Data 2014-15 (3),"row 383, column 15",Net Current Expenditure (C7 = C3 - C6)
2014/15,E6120,,nan,YH,Library service,0,0.0,Revenue_Outturn__RO5__data_2014-15_by_LA_-_02-Feb-2016.xlsx,RO5 LA Data 2014-15 (3),"row 383, column 29",Net Current Expenditure (C7 = C3 - C6)
2014/15,E6122,,nan,SE,Archives,0,0.0,Revenue_Outturn__RO5__data_2014-15_by_LA_-_02-Feb-2016.xlsx,RO5 LA Data 2014-15 (3),"row 384, column 7",Net Current Expenditure (C7 = C3 - C6)
2014/15,E6122,,nan,SE,Arts development and support,0,0.0,Revenue_Outturn__RO5__data_2014-15_by_LA_-_02-Feb-2016.xlsx,RO5 LA Data 2014-15 (3),"row 384, column 9",Net Current Expenditure (C7 = C3 - C6)
2014/15,E6122,,nan,SE,Heritage,0,0.0,Revenue_Outturn__RO5__data_2014-15_by_LA_-_02-Feb-2016.xlsx,RO5 LA Data 2014-15 (3),"row 384, column 11",Net Current Expenditure (C7 = C3 - C6)
2014/15,E6122,,nan,SE,Museums and galleries,0,0.0,Revenue_Outturn__RO5__data_2014-15_by_LA_-_02-Feb-2016.xlsx,RO5 LA Data 2014-15 (3),"row 384, column 13",Net Current Expenditure (C7 = C3 - C6)
2014/15,E6122,,nan,SE,Theatres and public entertainment,0,0.0,Revenue_Outturn__RO5__data_2014-15_by_LA_-_02-Feb-2016.xlsx,RO5 LA Data 2014-15 (3),"row 384, column 15",Net Current Expenditure (C7 = C3 - C6)
2014/15,E6122,,nan,SE,Library service,0,0.0,Revenue_Outturn__RO5__data_2014-15_by_LA_-_02-Feb-2016.xlsx,RO5 LA Data 2014-15 (3),"row 384, column 29",Net Current Expenditure (C7 = C3 - C6)
2014/15,E6123,,nan,NW,Archives,0,0.0,Revenue_Outturn__RO5__data_2014-15_by_LA_-_02-Feb-2016.xlsx,RO5 LA Data 2014-15 (3),"row 385, column 7",Net Current Expenditure (C7 = C3 - C6)
2014/15,E6123,,nan,NW,Arts development and support,0,0.0,Revenue_Outturn__RO5__data_2014-15_by_LA_-_02-Feb-2016.xlsx,RO5 LA Data 2014-15 (3),"row 385, column 9",Net Current Expenditure (C7 = C3 - C6)
2014/15,E6123,,nan,NW,Heritage,0,0.0,Revenue_Outturn__RO5__data_2014-15_by_LA_-_02-Feb-2016.xlsx,RO5 LA Data 2014-15 (3),"row 385, column 11",Net Current Expenditure (C7 = C3 - C6)
2014/15,E6123,,nan,NW,Museums and galleries,0,0.0,Revenue_Outturn__RO5__data_2014-15_by_LA_-_02-Feb-2016.xlsx,RO5 LA Data 2014-15 (3),"row 385, column 13",Net Current Expenditure (C7 = C3 - C6)
2014/15,E6123,,nan,NW,Theatres and public entertainment,0,0.0,Revenue_Outturn__RO5__data_2014-15_by_LA_-_02-Feb-2016.xlsx,RO5 LA Data 2014-15 (3),"row 385, column 15",Net Current Expenditure (C7 = C3 - C6)
2014/15,E6123,,nan,NW,Library service,0,0.0,Revenue_Outturn__RO5__data_2014-15_by_LA_-_02-Feb-2016.xlsx,RO5 LA Data 2014-15 (3),"row 385, column 29",Net Current Expenditure (C7 = C3 - C6)
2014/15,E6124,,nan,EM,Archives,0,0.0,Revenue_Outturn__RO5__data_2014-15_by_LA_-_02-Feb-2016.xlsx,RO5 LA Data 2014-15 (3),"row 386, column 7",Net Current Expenditure (C7 = C3 - C6)
2014/15,E6124,,nan,EM,Arts development and support,0,0.0,Revenue_Outturn__RO5__data_2014-15_by_LA_-_02-Feb-2016.xlsx,RO5 LA Data 2014-15 (3),"row 386, column 9",Net Current Expenditure (C7 = C3 - C6)
2014/15,E6124,,nan,EM,Heritage,0,0.0,Revenue_Outturn__RO5__data_2014-15_by_LA_-_02-Feb-2016.xlsx,RO5 LA Data 2014-15 (3),"row 386, column 11",Net Current Expenditure (C7 = C3 - C6)
2014/15,E6124,,nan,EM,Museums and galleries,0,0.0,Revenue_Outturn__RO5__data_2014-15_by_LA_-_02-Feb-2016.xlsx,RO5 LA Data 2014-15 (3),"row 386, column 13",Net Current Expenditure (C7 = C3 - C6)
2014/15,E6124,,nan,EM,Theatres and public entertainment,0,0.0,Revenue_Outturn__RO5__data_2014-15_by_LA_-_02-Feb-2016.xlsx,RO5 LA Data 2014-15 (3),"row 386, column 15",Net Current Expenditure (C7 = C3 - C6)
2014/15,E6124,,nan,EM,Library service,0,0.0,Revenue_Outturn__RO5__data_2014-15_by_LA_-_02-Feb-2016.xlsx,RO5 LA Data 2014-15 (3),"row 386, column 29",Net Current Expenditure (C7 = C3 - C6)
2014/15,E6127,,nan,YH,Archives,0,0.0,Revenue_Outturn__RO5__data_2014-15_by_LA_-_02-Feb-2016.xlsx,RO5 LA Data 2014-15 (3),"row 387, column 7",Net Current Expenditure (C7 = C3 - C6)
2014/15,E6127,,nan,YH,Arts development and support,0,0.0,Revenue_Outturn__RO5__data_2014-15_by_LA_-_02-Feb-2016.xlsx,RO5 LA Data 2014-15 (3),"row 387, column 9",Net Current Expenditure (C7 = C3 - C6)
2014/15,E6127,,nan,YH,Heritage,0,0.0,Revenue_Outturn__RO5__data_2014-15_by_LA_-_02-Feb-2016.xlsx,RO5 LA Data 2014-15 (3),"row 387, column 11",Net Current Expenditure (C7 = C3 - C6)
2014/15,E6127,,nan,YH,Museums and galleries,0,0.0,Revenue_Outturn__RO5__data_2014-15_by_LA_-_02-Feb-2016.xlsx,RO5 LA Data 2014-15 (3),"row 387, column 13",Net Current Expenditure (C7 = C3 - C6)
2014/15,E6127,,nan,YH,Theatres and public entertainment,0,0.0,Revenue_Outturn__RO5__data_2014-15_by_LA_-_02-Feb-2016.xlsx,RO5 LA Data 2014-15 (3),"row 387, column 15",Net Current Expenditure (C7 = C3 - C6)
2014/15,E6127,,nan,YH,Library service,0,0.0,Revenue_Outturn__RO5__data_2014-15_by_LA_-_02-Feb-2016.xlsx,RO5 LA Data 2014-15 (3),"row 387, column 29",Net Current Expenditure (C7 = C3 - C6)
2014/15,E6130,,nan,EM,Archives,0,0.0,Revenue_Outturn__RO5__data_2014-15_by_LA_-_02-Feb-2016.xlsx,RO5 LA Data 2014-15 (3),"row 388, column 7",Net Current Expenditure (C7 = C3 - C6)
2014/15,E6130,,nan,EM,Arts development and support,0,0.0,Revenue_Outturn__RO5__data_2014-15_by_LA_-_02-Feb-2016.xlsx,RO5 LA Data 2014-15 (3),"row 388, column 9",Net Current Expenditure (C7 = C3 - C6)
2014/15,E6130,,nan,EM,Heritage,0,0.0,Revenue_Outturn__RO5__data_2014-15_by_LA_-_02-Feb-2016.xlsx,RO5 LA Data 2014-15 (3),"row 388, column 11",Net Current Expenditure (C7 = C3 - C6)
2014/15,E6130,,nan,EM,Museums and galleries,0,0.0,Revenue_Outturn__RO5__data_2014-15_by_LA_-_02-Feb-2016.xlsx,RO5 LA Data 2014-15 (3),"row 388, column 13",Net Current Expenditure (C7 = C3 - C6)
2014/15,E6130,,nan,EM,Theatres and public entertainment,0,0.0,Revenue_Outturn__RO5__data_2014-15_by_LA_-_02-Feb-2016.xlsx,RO5 LA Data 2014-15 (3),"row 388, column 15",Net Current Expenditure (C7 = C3 - C6)
2014/15,E6130,,nan,EM,Library service,0,0.0,Revenue_Outturn__RO5__data_2014-15_by_LA_-_02-Feb-2016.xlsx,RO5 LA Data 2014-15 (3),"row 388, column 29",Net Current Expenditure (C7 = C3 - C6)
2014/15,E6132,,nan,WM,Archives,0,0.0,Revenue_Outturn__RO5__data_2014-15_by_LA_-_02-Feb-2016.xlsx,RO5 LA Data 2014-15 (3),"row 389, column 7",Net Current Expenditure (C7 = C3 - C6)
2014/15,E6132,,nan,WM,Arts development and support,0,0.0,Revenue_Outturn__RO5__data_2014-15_by_LA_-_02-Feb-2016.xlsx,RO5 LA Data 2014-15 (3),"row 389, column 9",Net Current Expenditure (C7 = C3 - C6)
2014/15,E6132,,nan,WM,Heritage,0,0.0,Revenue_Outturn__RO5__data_2014-15_by_LA_-_02-Feb-2016.xlsx,RO5 LA Data 2014-15 (3),"row 389, column 11",Net Current Expenditure (C7 = C3 - C6)
2014/15,E6132,,nan,WM,Museums and galleries,0,0.0,Revenue_Outturn__RO5__data_2014-15_by_LA_-_02-Feb-2016.xlsx,RO5 LA Data 2014-15 (3),"row 389, column 13",Net Current Expenditure (C7 = C3 - C6)
2014/15,E6132,,nan,WM,Theatres and public entertainment,0,0.0,Revenue_Outturn__RO5__data_2014-15_by_LA_-_02-Feb-2016.xlsx,RO5 LA Data 2014-15 (3),"row 389, column 15",Net Current Expenditure (C7 = C3 - C6)
2014/15,E6132,,nan,WM,Library service,0,0.0,Revenue_Outturn__RO5__data_2014-15_by_LA_-_02-Feb-2016.xlsx,RO5 LA Data 2014-15 (3),"row 389, column 29",Net Current Expenditure (C7 = C3 - C6)
2014/15,E6134,,nan,WM,Archives,0,0.0,Revenue_Outturn__RO5__data_2014-15_by_LA_-_02-Feb-2016.xlsx,RO5 LA Data 2014-15 (3),"row 390, column 7",Net Current Expenditure (C7 = C3 - C6)
2014/15,E6134,,nan,WM,Arts development and support,0,0.0,Revenue_Outturn__RO5__data_2014-15_by_LA_-_02-Feb-2016.xlsx,RO5 LA Data 2014-15 (3),"row 390, column 9",Net Current Expenditure (C7 = C3 - C6)
2014/15,E6134,,nan,WM,Heritage,0,0.0,Revenue_Outturn__RO5__data_2014-15_by_LA_-_02-Feb-2016.xlsx,RO5 LA Data 2014-15 (3),"row 390, column 11",Net Current Expenditure (C7 = C3 - C6)
2014/15,E6134,,nan,WM,Museums and galleries,0,0.0,Revenue_Outturn__RO5__data_2014-15_by_LA_-_02-Feb-2016.xlsx,RO5 LA Data 2014-15 (3),"row 390, column 13",Net Current Expenditure (C7 = C3 - C6)
2014/15,E6134,,nan,WM,Theatres and public entertainment,0,0.0,Revenue_Outturn__RO5__data_2014-15_by_LA_-_02-Feb-2016.xlsx,RO5 LA Data 2014-15 (3),"row 390, column 15",Net Current Expenditure (C7 = C3 - C6)
2014/15,E6134,,nan,WM,Library service,0,0.0,Revenue_Outturn__RO5__data_2014-15_by_LA_-_02-Feb-2016.xlsx,RO5 LA Data 2014-15 (3),"row 390, column 29",Net Current Expenditure (C7 = C3 - C6)
2014/15,E6139,,nan,SW,Archives,0,0.0,Revenue_Outturn__RO5__data_2014-15_by_LA_-_02-Feb-2016.xlsx,RO5 LA Data 2014-15 (3),"row 391, column 7",Net Current Expenditure (C7 = C3 - C6)
2014/15,E6139,,nan,SW,Arts development and support,0,0.0,Revenue_Outturn__RO5__data_2014-15_by_LA_-_02-Feb-2016.xlsx,RO5 LA Data 2014-15 (3),"row 391, column 9",Net Current Expenditure (C7 = C3 - C6)
2014/15,E6139,,nan,SW,Heritage,0,0.0,Revenue_Outturn__RO5__data_2014-15_by_LA_-_02-Feb-2016.xlsx,RO5 LA Data 2014-15 (3),"row 391, column 11",Net Current Expenditure (C7 = C3 - C6)
2014/15,E6139,,nan,SW,Museums and galleries,0,0.0,Revenue_Outturn__RO5__data_2014-15_by_LA_-_02-Feb-2016.xlsx,RO5 LA Data 2014-15 (3),"row 391, column 13",Net Current Expenditure (C7 = C3 - C6)
2014/15,E6139,,nan,SW,Theatres and public entertainment,0,0.0,Revenue_Outturn__RO5__data_2014-15_by_LA_-_02-Feb-2016.xlsx,RO5 LA Data 2014-15 (3),"row 391, column 15",Net Current Expenditure (C7 = C3 - C6)
2014/15,E6139,,nan,SW,Library service,0,0.0,Revenue_Outturn__RO5__data_2014-15_by_LA_-_02-Feb-2016.xlsx,RO5 LA Data 2014-15 (3),"row 391, column 29",Net Current Expenditure (C7 = C3 - C6)
2014/15,E6142,,nan,NW,Archives,0,0.0,Revenue_Outturn__RO5__data_2014-15_by_LA_-_02-Feb-2016.xlsx,RO5 LA Data 2014-15 (3),"row 392, column 7",Net Current Expenditure (C7 = C3 - C6)
2014/15,E6142,,nan,NW,Arts development and support,0,0.0,Revenue_Outturn__RO5__data_2014-15_by_LA_-_02-Feb-2016.xlsx,RO5 LA Data 2014-15 (3),"row 392, column 9",Net Current Expenditure (C7 = C3 - C6)
2014/15,E6142,,nan,NW,Heritage,0,0.0,Revenue_Outturn__RO5__data_2014-15_by_LA_-_02-Feb-2016.xlsx,RO5 LA Data 2014-15 (3),"row 392, column 11",Net Current Expenditure (C7 = C3 - C6)
2014/15,E6142,,nan,NW,Museums and galleries,0,0.0,Revenue_Outturn__RO5__data_2014-15_by_LA_-_02-Feb-2016.xlsx,RO5 LA Data 2014-15 (3),"row 392, column 13",Net Current Expenditure (C7 = C3 - C6)
2014/15,E6142,,nan,NW,Theatres and public entertainment,0,0.0,Revenue_Outturn__RO5__data_2014-15_by_LA_-_02-Feb-2016.xlsx,RO5 LA Data 2014-15 (3),"row 392, column 15",Net Current Expenditure (C7 = C3 - C6)
2014/15,E6142,,nan,NW,Library service,0,0.0,Revenue_Outturn__RO5__data_2014-15_by_LA_-_02-Feb-2016.xlsx,RO5 LA Data 2014-15 (3),"row 392, column 29",Net Current Expenditure (C7 = C3 - C6)
2014/15,E6143,,nan,NW,Archives,0,0.0,Revenue_Outturn__RO5__data_2014-15_by_LA_-_02-Feb-2016.xlsx,RO5 LA Data 2014-15 (3),"row 393, column 7",Net Current Expenditure (C7 = C3 - C6)
2014/15,E6143,,nan,NW,Arts development and support,0,0.0,Revenue_Outturn__RO5__data_2014-15_by_LA_-_02-Feb-2016.xlsx,RO5 LA Data 2014-15 (3),"row 393, column 9",Net Current Expenditure (C7 = C3 - C6)
2014/15,E6143,,nan,NW,Heritage,0,0.0,Revenue_Outturn__RO5__data_2014-15_by_LA_-_02-Feb-2016.xlsx,RO5 LA Data 2014-15 (3),"row 393, column 11",Net Current Expenditure (C7 = C3 - C6)
2014/15,E6143,,nan,NW,Museums and galleries,0,0.0,Revenue_Outturn__RO5__data_2014-15_by_LA_-_02-Feb-2016.xlsx,RO5 LA Data 2014-15 (3),"row 393, column 13",Net Current Expenditure (C7 = C3 - C6)
2014/15,E6143,,nan,NW,Theatres and public entertainment,0,0.0,Revenue_Outturn__RO5__data_2014-15_by_LA_-_02-Feb-2016.xlsx,RO5 LA Data 2014-15 (3),"row 393, column 15",Net Current Expenditure (C7 = C3 - C6)
2014/15,E6143,,nan,NW,Library service,0,0.0,Revenue_Outturn__RO5__data_2014-15_by_LA_-_02-Feb-2016.xlsx,RO5 LA Data 2014-15 (3),"row 393, column 29",Net Current Expenditure (C7 = C3 - C6)
2014/15,E6144,,nan,YH,Archives,0,0.0,Revenue_Outturn__RO5__data_2014-15_by_LA_-_02-Feb-2016.xlsx,RO5 LA Data 2014-15 (3),"row 394, column 7",Net Current Expenditure (C7 = C3 - C6)
2014/15,E6144,,nan,YH,Arts development and support,0,0.0,Revenue_Outturn__RO5__data_2014-15_by_LA_-_02-Feb-2016.xlsx,RO5 LA Data 2014-15 (3),"row 394, column 9",Net Current Expenditure (C7 = C3 - C6)
2014/15,E6144,,nan,YH,Heritage,0,0.0,Revenue_Outturn__RO5__data_2014-15_by_LA_-_02-Feb-2016.xlsx,RO5 LA Data 2014-15 (3),"row 394, column 11",Net Current Expenditure (C7 = C3 - C6)
2014/15,E6144,,nan,YH,Museums and galleries,0,0.0,Revenue_Outturn__RO5__data_2014-15_by_LA_-_02-Feb-2016.xlsx,RO5 LA Data 2014-15 (3),"row 394, column 13",Net Current Expenditure (C7 = C3 - C6)
2014/15,E6144,,nan,YH,Theatres and public entertainment,0,0.0,Revenue_Outturn__RO5__data_2014-15_by_LA_-_02-Feb-2016.xlsx,RO5 LA Data 2014-15 (3),"row 394, column 15",Net Current Expenditure (C7 = C3 - C6)
2014/15,E6144,,nan,YH,Library service,0,0.0,Revenue_Outturn__RO5__data_2014-15_by_LA_-_02-Feb-2016.xlsx,RO5 LA Data 2014-15 (3),"row 394, column 29",Net Current Expenditure (C7 = C3 - C6)
2014/15,E6145,,nan,NE,Archives,0,0.0,Revenue_Outturn__RO5__data_2014-15_by_LA_-_02-Feb-2016.xlsx,RO5 LA Data 2014-15 (3),"row 395, column 7",Net Current Expenditure (C7 = C3 - C6)
2014/15,E6145,,nan,NE,Arts development and support,0,0.0,Revenue_Outturn__RO5__data_2014-15_by_LA_-_02-Feb-2016.xlsx,RO5 LA Data 2014-15 (3),"row 395, column 9",Net Current Expenditure (C7 = C3 - C6)
2014/15,E6145,,nan,NE,Heritage,0,0.0,Revenue_Outturn__RO5__data_2014-15_by_LA_-_02-Feb-2016.xlsx,RO5 LA Data 2014-15 (3),"row 395, column 11",Net Current Expenditure (C7 = C3 - C6)
2014/15,E6145,,nan,NE,Museums and galleries,0,0.0,Revenue_Outturn__RO5__data_2014-15_by_LA_-_02-Feb-2016.xlsx,RO5 LA Data 2014-15 (3),"row 395, column 13",Net Current Expenditure (C7 = C3 - C6)
2014/15,E6145,,nan,NE,Theatres and public entertainment,0,0.0,Revenue_Outturn__RO5__data_2014-15_by_LA_-_02-Feb-2016.xlsx,RO5 LA Data 2014-15 (3),"row 395, column 15",Net Current Expenditure (C7 = C3 - C6)
2014/15,E6145,,nan,NE,Library service,0,0.0,Revenue_Outturn__RO5__data_2014-15_by_LA_-_02-Feb-2016.xlsx,RO5 LA Data 2014-15 (3),"row 395, column 29",Net Current Expenditure (C7 = C3 - C6)
2014/15,E6146,,nan,WM,Archives,0,0.0,Revenue_Outturn__RO5__data_2014-15_by_LA_-_02-Feb-2016.xlsx,RO5 LA Data 2014-15 (3),"row 396, column 7",Net Current Expenditure (C7 = C3 - C6)
2014/15,E6146,,nan,WM,Arts development and support,0,0.0,Revenue_Outturn__RO5__data_2014-15_by_LA_-_02-Feb-2016.xlsx,RO5 LA Data 2014-15 (3),"row 396, column 9",Net Current Expenditure (C7 = C3 - C6)
2014/15,E6146,,nan,WM,Heritage,0,0.0,Revenue_Outturn__RO5__data_2014-15_by_LA_-_02-Feb-2016.xlsx,RO5 LA Data 2014-15 (3),"row 396, column 11",Net Current Expenditure (C7 = C3 - C6)
2014/15,E6146,,nan,WM,Museums and galleries,0,0.0,Revenue_Outturn__RO5__data_2014-15_by_LA_-_02-Feb-2016.xlsx,RO5 LA Data 2014-15 (3),"row 396, column 13",Net Current Expenditure (C7 = C3 - C6)
2014/15,E6146,,nan,WM,Theatres and public entertainment,0,0.0,Revenue_Outturn__RO5__data_2014-15_by_LA_-_02-Feb-2016.xlsx,RO5 LA Data 2014-15 (3),"row 396, column 15",Net Current Expenditure (C7 = C3 - C6)
2014/15,E6146,,nan,WM,Library service,0,0.0,Revenue_Outturn__RO5__data_2014-15_by_LA_-_02-Feb-2016.xlsx,RO5 LA Data 2014-15 (3),"row 396, column 29",Net Current Expenditure (C7 = C3 - C6)
2014/15,E6147,,nan,YH,Archives,0,0.0,Revenue_Outturn__RO5__data_2014-15_by_LA_-_02-Feb-2016.xlsx,RO5 LA Data 2014-15 (3),"row 397, column 7",Net Current Expenditure (C7 = C3 - C6)
2014/15,E6147,,nan,YH,Arts development and support,0,0.0,Revenue_Outturn__RO5__data_2014-15_by_LA_-_02-Feb-2016.xlsx,RO5 LA Data 2014-15 (3),"row 397, column 9",Net Current Expenditure (C7 = C3 - C6)
2014/15,E6147,,nan,YH,Heritage,0,0.0,Revenue_Outturn__RO5__data_2014-15_by_LA_-_02-Feb-2016.xlsx,RO5 LA Data 2014-15 (3),"row 397, column 11",Net Current Expenditure (C7 = C3 - C6)
2014/15,E6147,,nan,YH,Museums and galleries,0,0.0,Revenue_Outturn__RO5__data_2014-15_by_LA_-_02-Feb-2016.xlsx,RO5 LA Data 2014-15 (3),"row 397, column 13",Net Current Expenditure (C7 = C3 - C6)
2014/15,E6147,,nan,YH,Theatres and public entertainment,0,0.0,Revenue_Outturn__RO5__data_2014-15_by_LA_-_02-Feb-2016.xlsx,RO5 LA Data 2014-15 (3),"row 397, column 15",Net Current Expenditure (C7 = C3 - C6)
2014/15,E6147,,nan,YH,Library service,0,0.0,Revenue_Outturn__RO5__data_2014-15_by_LA_-_02-Feb-2016.xlsx,RO5 LA Data 2014-15 (3),"row 397, column 29",Net Current Expenditure (C7 = C3 - C6)
2014/15,E6161,,nan,SW,Archives,0,0.0,Revenue_Outturn__RO5__data_2014-15_by_LA_-_02-Feb-2016.xlsx,RO5 LA Data 2014-15 (3),"row 398, column 7",Net Current Expenditure (C7 = C3 - C6)
2014/15,E6161,,nan,SW,Arts development and support,0,0.0,Revenue_Outturn__RO5__data_2014-15_by_LA_-_02-Feb-2016.xlsx,RO5 LA Data 2014-15 (3),"row 398, column 9",Net Current Expenditure (C7 = C3 - C6)
2014/15,E6161,,nan,SW,Heritage,0,0.0,Revenue_Outturn__RO5__data_2014-15_by_LA_-_02-Feb-2016.xlsx,RO5 LA Data 2014-15 (3),"row 398, column 11",Net Current Expenditure (C7 = C3 - C6)
2014/15,E6161,,nan,SW,Museums and galleries,0,0.0,Revenue_Outturn__RO5__data_2014-15_by_LA_-_02-Feb-2016.xlsx,RO5 LA Data 2014-15 (3),"row 398, column 13",Net Current Expenditure (C7 = C3 - C6)
2014/15,E6161,,nan,SW,Theatres and public entertainment,0,0.0,Revenue_Outturn__RO5__data_2014-15_by_LA_-_02-Feb-2016.xlsx,RO5 LA Data 2014-15 (3),"row 398, column 15",Net Current Expenditure (C7 = C3 - C6)
2014/15,E6161,,nan,SW,Library service,0,0.0,Revenue_Outturn__RO5__data_2014-15_by_LA_-_02-Feb-2016.xlsx,RO5 LA Data 2014-15 (3),"row 398, column 29",Net Current Expenditure (C7 = C3 - C6)
2014/15,E6201,,nan,L,Archives,0,0.0,Revenue_Outturn__RO5__data_2014-15_by_LA_-_02-Feb-2016.xlsx,RO5 LA Data 2014-15 (3),"row 399, column 7",Net Current Expenditure (C7 = C3 - C6)
2014/15,E6201,,nan,L,Arts development and support,0,0.0,Revenue_Outturn__RO5__data_2014-15_by_LA_-_02-Feb-2016.xlsx,RO5 LA Data 2014-15 (3),"row 399, column 9",Net Current Expenditure (C7 = C3 - C6)
2014/15,E6201,,nan,L,Heritage,0,0.0,Revenue_Outturn__RO5__data_2014-15_by_LA_-_02-Feb-2016.xlsx,RO5 LA Data 2014-15 (3),"row 399, column 11",Net Current Expenditure (C7 = C3 - C6)
2014/15,E6201,,nan,L,Museums and galleries,0,0.0,Revenue_Outturn__RO5__data_2014-15_by_LA_-_02-Feb-2016.xlsx,RO5 LA Data 2014-15 (3),"row 399, column 13",Net Current Expenditure (C7 = C3 - C6)
2014/15,E6201,,nan,L,Theatres and public entertainment,0,0.0,Revenue_Outturn__RO5__data_2014-15_by_LA_-_02-Feb-2016.xlsx,RO5 LA Data 2014-15 (3),"row 399, column 15",Net Current Expenditure (C7 = C3 - C6)
2014/15,E6201,,nan,L,Library service,0,0.0,Revenue_Outturn__RO5__data_2014-15_by_LA_-_02-Feb-2016.xlsx,RO5 LA Data 2014-15 (3),"row 399, column 29",Net Current Expenditure (C7 = C3 - C6)
2014/15,E6202,,nan,NW,Archives,0,0.0,Revenue_Outturn__RO5__data_2014-15_by_LA_-_02-Feb-2016.xlsx,RO5 LA Data 2014-15 (3),"row 400, column 7",Net Current Expenditure (C7 = C3 - C6)
2014/15,E6202,,nan,NW,Arts development and support,0,0.0,Revenue_Outturn__RO5__data_2014-15_by_LA_-_02-Feb-2016.xlsx,RO5 LA Data 2014-15 (3),"row 400, column 9",Net Current Expenditure (C7 = C3 - C6)
2014/15,E6202,,nan,NW,Heritage,0,0.0,Revenue_Outturn__RO5__data_2014-15_by_LA_-_02-Feb-2016.xlsx,RO5 LA Data 2014-15 (3),"row 400, column 11",Net Current Expenditure (C7 = C3 - C6)
2014/15,E6202,,nan,NW,Museums and galleries,0,0.0,Revenue_Outturn__RO5__data_2014-15_by_LA_-_02-Feb-2016.xlsx,RO5 LA Data 2014-15 (3),"row 400, column 13",Net Current Expenditure (C7 = C3 - C6)
2014/15,E6202,,nan,NW,Theatres and public entertainment,0,0.0,Revenue_Outturn__RO5__data_2014-15_by_LA_-_02-Feb-2016.xlsx,RO5 LA Data 2014-15 (3),"row 400, column 15",Net Current Expenditure (C7 = C3 - C6)
2014/15,E6202,,nan,NW,Library service,0,0.0,Revenue_Outturn__RO5__data_2014-15_by_LA_-_02-Feb-2016.xlsx,RO5 LA Data 2014-15 (3),"row 400, column 29",Net Current Expenditure (C7 = C3 - C6)
2014/15,E6204,,nan,NW,Archives,0,0.0,Revenue_Outturn__RO5__data_2014-15_by_LA_-_02-Feb-2016.xlsx,RO5 LA Data 2014-15 (3),"row 401, column 7",Net Current Expenditure (C7 = C3 - C6)
2014/15,E6204,,nan,NW,Arts development and support,0,0.0,Revenue_Outturn__RO5__data_2014-15_by_LA_-_02-Feb-2016.xlsx,RO5 LA Data 2014-15 (3),"row 401, column 9",Net Current Expenditure (C7 = C3 - C6)
2014/15,E6204,,nan,NW,Heritage,0,0.0,Revenue_Outturn__RO5__data_2014-15_by_LA_-_02-Feb-2016.xlsx,RO5 LA Data 2014-15 (3),"row 401, column 11",Net Current Expenditure (C7 = C3 - C6)
2014/15,E6204,,nan,NW,Museums and galleries,0,0.0,Revenue_Outturn__RO5__data_2014-15_by_LA_-_02-Feb-2016.xlsx,RO5 LA Data 2014-15 (3),"row 401, column 13",Net Current Expenditure (C7 = C3 - C6)
2014/15,E6204,,nan,NW,Theatres and public entertainment,0,0.0,Revenue_Outturn__RO5__data_2014-15_by_LA_-_02-Feb-2016.xlsx,RO5 LA Data 2014-15 (3),"row 401, column 15",Net Current Expenditure (C7 = C3 - C6)
2014/15,E6204,,nan,NW,Library service,0,0.0,Revenue_Outturn__RO5__data_2014-15_by_LA_-_02-Feb-2016.xlsx,RO5 LA Data 2014-15 (3),"row 401, column 29",Net Current Expenditure (C7 = C3 - C6)
2014/15,E6205,,nan,L,Archives,0,0.0,Revenue_Outturn__RO5__data_2014-15_by_LA_-_02-Feb-2016.xlsx,RO5 LA Data 2014-15 (3),"row 402, column 7",Net Current Expenditure (C7 = C3 - C6)
2014/15,E6205,,nan,L,Arts development and support,0,0.0,Revenue_Outturn__RO5__data_2014-15_by_LA_-_02-Feb-2016.xlsx,RO5 LA Data 2014-15 (3),"row 402, column 9",Net Current Expenditure (C7 = C3 - C6)
2014/15,E6205,,nan,L,Heritage,0,0.0,Revenue_Outturn__RO5__data_2014-15_by_LA_-_02-Feb-2016.xlsx,RO5 LA Data 2014-15 (3),"row 402, column 11",Net Current Expenditure (C7 = C3 - C6)
2014/15,E6205,,nan,L,Museums and galleries,0,0.0,Revenue_Outturn__RO5__data_2014-15_by_LA_-_02-Feb-2016.xlsx,RO5 LA Data 2014-15 (3),"row 402, column 13",Net Current Expenditure (C7 = C3 - C6)
2014/15,E6205,,nan,L,Theatres and public entertainment,0,0.0,Revenue_Outturn__RO5__data_2014-15_by_LA_-_02-Feb-2016.xlsx,RO5 LA Data 2014-15 (3),"row 402, column 15",Net Current Expenditure (C7 = C3 - C6)
2014/15,E6205,,nan,L,Library service,0,0.0,Revenue_Outturn__RO5__data_2014-15_by_LA_-_02-Feb-2016.xlsx,RO5 LA Data 2014-15 (3),"row 402, column 29",Net Current Expenditure (C7 = C3 - C6)
2014/15,E6206,,nan,L,Archives,0,0.0,Revenue_Outturn__RO5__data_2014-15_by_LA_-_02-Feb-2016.xlsx,RO5 LA Data 2014-15 (3),"row 403, column 7",Net Current Expenditure (C7 = C3 - C6)
2014/15,E6206,,nan,L,Arts development and support,0,0.0,Revenue_Outturn__RO5__data_2014-15_by_LA_-_02-Feb-2016.xlsx,RO5 LA Data 2014-15 (3),"row 403, column 9",Net Current Expenditure (C7 = C3 - C6)
2014/15,E6206,,nan,L,Heritage,0,0.0,Revenue_Outturn__RO5__data_2014-15_by_LA_-_02-Feb-2016.xlsx,RO5 LA Data 2014-15 (3),"row 403, column 11",Net Current Expenditure (C7 = C3 - C6)
2014/15,E6206,,nan,L,Museums and galleries,0,0.0,Revenue_Outturn__RO5__data_2014-15_by_LA_-_02-Feb-2016.xlsx,RO5 LA Data 2014-15 (3),"row 403, column 13",Net Current Expenditure (C7 = C3 - C6)
2014/15,E6206,,nan,L,Theatres and public entertainment,0,0.0,Revenue_Outturn__RO5__data_2014-15_by_LA_-_02-Feb-2016.xlsx,RO5 LA Data 2014-15 (3),"row 403, column 15",Net Current Expenditure (C7 = C3 - C6)
2014/15,E6206,,nan,L,Library service,0,0.0,Revenue_Outturn__RO5__data_2014-15_by_LA_-_02-Feb-2016.xlsx,RO5 LA Data 2014-15 (3),"row 403, column 29",Net Current Expenditure (C7 = C3 - C6)
2014/15,E6207,,nan,L,Archives,0,0.0,Revenue_Outturn__RO5__data_2014-15_by_LA_-_02-Feb-2016.xlsx,RO5 LA Data 2014-15 (3),"row 404, column 7",Net Current Expenditure (C7 = C3 - C6)
2014/15,E6207,,nan,L,Arts development and support,0,0.0,Revenue_Outturn__RO5__data_2014-15_by_LA_-_02-Feb-2016.xlsx,RO5 LA Data 2014-15 (3),"row 404, column 9",Net Current Expenditure (C7 = C3 - C6)
2014/15,E6207,,nan,L,Heritage,0,0.0,Revenue_Outturn__RO5__data_2014-15_by_LA_-_02-Feb-2016.xlsx,RO5 LA Data 2014-15 (3),"row 404, column 11",Net Current Expenditure (C7 = C3 - C6)
2014/15,E6207,,nan,L,Museums and galleries,0,0.0,Revenue_Outturn__RO5__data_2014-15_by_LA_-_02-Feb-2016.xlsx,RO5 LA Data 2014-15 (3),"row 404, column 13",Net Current Expenditure (C7 = C3 - C6)
2014/15,E6207,,nan,L,Theatres and public entertainment,0,0.0,Revenue_Outturn__RO5__data_2014-15_by_LA_-_02-Feb-2016.xlsx,RO5 LA Data 2014-15 (3),"row 404, column 15",Net Current Expenditure (C7 = C3 - C6)
2014/15,E6207,,nan,L,Library service,0,0.0,Revenue_Outturn__RO5__data_2014-15_by_LA_-_02-Feb-2016.xlsx,RO5 LA Data 2014-15 (3),"row 404, column 29",Net Current Expenditure (C7 = C3 - C6)
2014/15,E6346,,nan,WM,Archives,0,0.0,Revenue_Outturn__RO5__data_2014-15_by_LA_-_02-Feb-2016.xlsx,RO5 LA Data 2014-15 (3),"row 405, column 7",Net Current Expenditure (C7 = C3 - C6)
2014/15,E6346,,nan,WM,Arts development and support,0,0.0,Revenue_Outturn__RO5__data_2014-15_by_LA_-_02-Feb-2016.xlsx,RO5 LA Data 2014-15 (3),"row 405, column 9",Net Current Expenditure (C7 = C3 - C6)
2014/15,E6346,,nan,WM,Heritage,0,0.0,Revenue_Outturn__RO5__data_2014-15_by_LA_-_02-Feb-2016.xlsx,RO5 LA Data 2014-15 (3),"row 405, column 11",Net Current Expenditure (C7 = C3 - C6)
2014/15,E6346,,nan,WM,Museums and galleries,0,0.0,Revenue_Outturn__RO5__data_2014-15_by_LA_-_02-Feb-2016.xlsx,RO5 LA Data 2014-15 (3),"row 405, column 13",Net Current Expenditure (C7 = C3 - C6)
2014/15,E6346,,nan,WM,Theatres and public entertainment,0,0.0,Revenue_Outturn__RO5__data_2014-15_by_LA_-_02-Feb-2016.xlsx,RO5 LA Data 2014-15 (3),"row 405, column 15",Net Current Expenditure (C7 = C3 - C6)
2014/15,E6346,,nan,WM,Library service,0,0.0,Revenue_Outturn__RO5__data_2014-15_by_LA_-_02-Feb-2016.xlsx,RO5 LA Data 2014-15 (3),"row 405, column 29",Net Current Expenditure (C7 = C3 - C6)
2014/15,E6348,,E47000001,NW,Archives,0,0.0,Revenue_Outturn__RO5__data_2014-15_by_LA_-_02-Feb-2016.xlsx,RO5 LA Data 2014-15 (3),"row 406, column 7",Net Current Expenditure (C7 = C3 - C6)
2014/15,E6348,,E47000001,NW,Arts development and support,0,0.0,Revenue_Outturn__RO5__data_2014-15_by_LA_-_02-Feb-2016.xlsx,RO5 LA Data 2014-15 (3),"row 406, column 9",Net Current Expenditure (C7 = C3 - C6)
2014/15,E6348,,E47000001,NW,Heritage,0,0.0,Revenue_Outturn__RO5__data_2014-15_by_LA_-_02-Feb-2016.xlsx,RO5 LA Data 2014-15 (3),"row 406, column 11",Net Current Expenditure (C7 = C3 - C6)
2014/15,E6348,,E47000001,NW,Museums and galleries,0,0.0,Revenue_Outturn__RO5__data_2014-15_by_LA_-_02-Feb-2016.xlsx,RO5 LA Data 2014-15 (3),"row 406, column 13",Net Current Expenditure (C7 = C3 - C6)
2014/15,E6348,,E47000001,NW,Theatres and public entertainment,0,0.0,Revenue_Outturn__RO5__data_2014-15_by_LA_-_02-Feb-2016.xlsx,RO5 LA Data 2014-15 (3),"row 406, column 15",Net Current Expenditure (C7 = C3 - C6)
2014/15,E6348,,E47000001,NW,Library service,0,0.0,Revenue_Outturn__RO5__data_2014-15_by_LA_-_02-Feb-2016.xlsx,RO5 LA Data 2014-15 (3),"row 406, column 29",Net Current Expenditure (C7 = C3 - C6)
2014/15,E6349,,E47000004,NW,Archives,0,0.0,Revenue_Outturn__RO5__data_2014-15_by_LA_-_02-Feb-2016.xlsx,RO5 LA Data 2014-15 (3),"row 407, column 7",Net Current Expenditure (C7 = C3 - C6)
2014/15,E6349,,E47000004,NW,Arts development and support,0,0.0,Revenue_Outturn__RO5__data_2014-15_by_LA_-_02-Feb-2016.xlsx,RO5 LA Data 2014-15 (3),"row 407, column 9",Net Current Expenditure (C7 = C3 - C6)
2014/15,E6349,,E47000004,NW,Heritage,0,0.0,Revenue_Outturn__RO5__data_2014-15_by_LA_-_02-Feb-2016.xlsx,RO5 LA Data 2014-15 (3),"row 407, column 11",Net Current Expenditure (C7 = C3 - C6)
2014/15,E6349,,E47000004,NW,Museums and galleries,0,0.0,Revenue_Outturn__RO5__data_2014-15_by_LA_-_02-Feb-2016.xlsx,RO5 LA Data 2014-15 (3),"row 407, column 13",Net Current Expenditure (C7 = C3 - C6)
2014/15,E6349,,E47000004,NW,Theatres and public entertainment,0,0.0,Revenue_Outturn__RO5__data_2014-15_by_LA_-_02-Feb-2016.xlsx,RO5 LA Data 2014-15 (3),"row 407, column 15",Net Current Expenditure (C7 = C3 - C6)
2014/15,E6349,,E47000004,NW,Library service,0,0.0,Revenue_Outturn__RO5__data_2014-15_by_LA_-_02-Feb-2016.xlsx,RO5 LA Data 2014-15 (3),"row 407, column 29",Net Current Expenditure (C7 = C3 - C6)
2014/15,E6350,,E47000002,YH,Archives,0,0.0,Revenue_Outturn__RO5__data_2014-15_by_LA_-_02-Feb-2016.xlsx,RO5 LA Data 2014-15 (3),"row 408, column 7",Net Current Expenditure (C7 = C3 - C6)
2014/15,E6350,,E47000002,YH,Arts development and support,0,0.0,Revenue_Outturn__RO5__data_2014-15_by_LA_-_02-Feb-2016.xlsx,RO5 LA Data 2014-15 (3),"row 408, column 9",Net Current Expenditure (C7 = C3 - C6)
2014/15,E6350,,E47000002,YH,Heritage,0,0.0,Revenue_Outturn__RO5__data_2014-15_by_LA_-_02-Feb-2016.xlsx,RO5 LA Data 2014-15 (3),"row 408, column 11",Net Current Expenditure (C7 = C3 - C6)
2014/15,E6350,,E47000002,YH,Museums and galleries,0,0.0,Revenue_Outturn__RO5__data_2014-15_by_LA_-_02-Feb-2016.xlsx,RO5 LA Data 2014-15 (3),"row 408, column 13",Net Current Expenditure (C7 = C3 - C6)
2014/15,E6350,,E47000002,YH,Theatres and public entertainment,0,0.0,Revenue_Outturn__RO5__data_2014-15_by_LA_-_02-Feb-2016.xlsx,RO5 LA Data 2014-15 (3),"row 408, column 15",Net Current Expenditure (C7 = C3 - C6)
2014/15,E6350,,E47000002,YH,Library service,0,0.0,Revenue_Outturn__RO5__data_2014-15_by_LA_-_02-Feb-2016.xlsx,RO5 LA Data 2014-15 (3),"row 408, column 29",Net Current Expenditure (C7 = C3 - C6)
2014/15,E6351,,E47000005,NE,Archives,0,0.0,Revenue_Outturn__RO5__data_2014-15_by_LA_-_02-Feb-2016.xlsx,RO5 LA Data 2014-15 (3),"row 409, column 7",Net Current Expenditure (C7 = C3 - C6)
2014/15,E6351,,E47000005,NE,Arts development and support,0,0.0,Revenue_Outturn__RO5__data_2014-15_by_LA_-_02-Feb-2016.xlsx,RO5 LA Data 2014-15 (3),"row 409, column 9",Net Current Expenditure (C7 = C3 - C6)
2014/15,E6351,,E47000005,NE,Heritage,0,0.0,Revenue_Outturn__RO5__data_2014-15_by_LA_-_02-Feb-2016.xlsx,RO5 LA Data 2014-15 (3),"row 409, column 11",Net Current Expenditure (C7 = C3 - C6)
2014/15,E6351,,E47000005,NE,Museums and galleries,0,0.0,Revenue_Outturn__RO5__data_2014-15_by_LA_-_02-Feb-2016.xlsx,RO5 LA Data 2014-15 (3),"row 409, column 13",Net Current Expenditure (C7 = C3 - C6)
2014/15,E6351,,E47000005,NE,Theatres and public entertainment,0,0.0,Revenue_Outturn__RO5__data_2014-15_by_LA_-_02-Feb-2016.xlsx,RO5 LA Data 2014-15 (3),"row 409, column 15",Net Current Expenditure (C7 = C3 - C6)
2014/15,E6351,,E47000005,NE,Library service,0,0.0,Revenue_Outturn__RO5__data_2014-15_by_LA_-_02-Feb-2016.xlsx,RO5 LA Data 2014-15 (3),"row 409, column 29",Net Current Expenditure (C7 = C3 - C6)
2014/15,E6353,,E47000003,YH,Archives,0,0.0,Revenue_Outturn__RO5__data_2014-15_by_LA_-_02-Feb-2016.xlsx,RO5 LA Data 2014-15 (3),"row 410, column 7",Net Current Expenditure (C7 = C3 - C6)
2014/15,E6353,,E47000003,YH,Arts development and support,0,0.0,Revenue_Outturn__RO5__data_2014-15_by_LA_-_02-Feb-2016.xlsx,RO5 LA Data 2014-15 (3),"row 410, column 9",Net Current Expenditure (C7 = C3 - C6)
2014/15,E6353,,E47000003,YH,Heritage,0,0.0,Revenue_Outturn__RO5__data_2014-15_by_LA_-_02-Feb-2016.xlsx,RO5 LA Data 2014-15 (3),"row 410, column 11",Net Current Expenditure (C7 = C3 - C6)
2014/15,E6353,,E47000003,YH,Museums and galleries,0,0.0,Revenue_Outturn__RO5__data_2014-15_by_LA_-_02-Feb-2016.xlsx,RO5 LA Data 2014-15 (3),"row 410, column 13",Net Current Expenditure (C7 = C3 - C6)
2014/15,E6353,,E47000003,YH,Theatres and public entertainment,0,0.0,Revenue_Outturn__RO5__data_2014-15_by_LA_-_02-Feb-2016.xlsx,RO5 LA Data 2014-15 (3),"row 410, column 15",Net Current Expenditure (C7 = C3 - C6)
2014/15,E6353,,E47000003,YH,Library service,0,0.0,Revenue_Outturn__RO5__data_2014-15_by_LA_-_02-Feb-2016.xlsx,RO5 LA Data 2014-15 (3),"row 410, column 29",Net Current Expenditure (C7 = C3 - C6)
2014/15,E6401,,E26000001,SW,Archives,0,0.0,Revenue_Outturn__RO5__data_2014-15_by_LA_-_02-Feb-2016.xlsx,RO5 LA Data 2014-15 (3),"row 411, column 7",Net Current Expenditure (C7 = C3 - C6)
2014/15,E6401,,E26000001,SW,Arts development and support,0,0.0,Revenue_Outturn__RO5__data_2014-15_by_LA_-_02-Feb-2016.xlsx,RO5 LA Data 2014-15 (3),"row 411, column 9",Net Current Expenditure (C7 = C3 - C6)
2014/15,E6401,,E26000001,SW,Heritage,242,242000.0,Revenue_Outturn__RO5__data_2014-15_by_LA_-_02-Feb-2016.xlsx,RO5 LA Data 2014-15 (3),"row 411, column 11",Net Current Expenditure (C7 = C3 - C6)
2014/15,E6401,,E26000001,SW,Museums and galleries,0,0.0,Revenue_Outturn__RO5__data_2014-15_by_LA_-_02-Feb-2016.xlsx,RO5 LA Data 2014-15 (3),"row 411, column 13",Net Current Expenditure (C7 = C3 - C6)
2014/15,E6401,,E26000001,SW,Theatres and public entertainment,0,0.0,Revenue_Outturn__RO5__data_2014-15_by_LA_-_02-Feb-2016.xlsx,RO5 LA Data 2014-15 (3),"row 411, column 15",Net Current Expenditure (C7 = C3 - C6)
2014/15,E6401,,E26000001,SW,Library service,0,0.0,Revenue_Outturn__RO5__data_2014-15_by_LA_-_02-Feb-2016.xlsx,RO5 LA Data 2014-15 (3),"row 411, column 29",Net Current Expenditure (C7 = C3 - C6)
2014/15,E6402,,E26000002,SW,Archives,0,0.0,Revenue_Outturn__RO5__data_2014-15_by_LA_-_02-Feb-2016.xlsx,RO5 LA Data 2014-15 (3),"row 412, column 7",Net Current Expenditure (C7 = C3 - C6)
2014/15,E6402,,E26000002,SW,Arts development and support,0,0.0,Revenue_Outturn__RO5__data_2014-15_by_LA_-_02-Feb-2016.xlsx,RO5 LA Data 2014-15 (3),"row 412, column 9",Net Current Expenditure (C7 = C3 - C6)
2014/15,E6402,,E26000002,SW,Heritage,198,198000.0,Revenue_Outturn__RO5__data_2014-15_by_LA_-_02-Feb-2016.xlsx,RO5 LA Data 2014-15 (3),"row 412, column 11",Net Current Expenditure (C7 = C3 - C6)
2014/15,E6402,,E26000002,SW,Museums and galleries,0,0.0,Revenue_Outturn__RO5__data_2014-15_by_LA_-_02-Feb-2016.xlsx,RO5 LA Data 2014-15 (3),"row 412, column 13",Net Current Expenditure (C7 = C3 - C6)
2014/15,E6402,,E26000002,SW,Theatres and public entertainment,0,0.0,Revenue_Outturn__RO5__data_2014-15_by_LA_-_02-Feb-2016.xlsx,RO5 LA Data 2014-15 (3),"row 412, column 15",Net Current Expenditure (C7 = C3 - C6)
2014/15,E6402,,E26000002,SW,Library service,0,0.0,Revenue_Outturn__RO5__data_2014-15_by_LA_-_02-Feb-2016.xlsx,RO5 LA Data 2014-15 (3),"row 412, column 29",Net Current Expenditure (C7 = C3 - C6)
2014/15,E6403,,E26000003,NW,Archives,0,0.0,Revenue_Outturn__RO5__data_2014-15_by_LA_-_02-Feb-2016.xlsx,RO5 LA Data 2014-15 (3),"row 413, column 7",Net Current Expenditure (C7 = C3 - C6)
2014/15,E6403,,E26000003,NW,Arts development and support,0,0.0,Revenue_Outturn__RO5__data_2014-15_by_LA_-_02-Feb-2016.xlsx,RO5 LA Data 2014-15 (3),"row 413, column 9",Net Current Expenditure (C7 = C3 - C6)
2014/15,E6403,,E26000003,NW,Heritage,537,537000.0,Revenue_Outturn__RO5__data_2014-15_by_LA_-_02-Feb-2016.xlsx,RO5 LA Data 2014-15 (3),"row 413, column 11",Net Current Expenditure (C7 = C3 - C6)
2014/15,E6403,,E26000003,NW,Museums and galleries,0,0.0,Revenue_Outturn__RO5__data_2014-15_by_LA_-_02-Feb-2016.xlsx,RO5 LA Data 2014-15 (3),"row 413, column 13",Net Current Expenditure (C7 = C3 - C6)
2014/15,E6403,,E26000003,NW,Theatres and public entertainment,0,0.0,Revenue_Outturn__RO5__data_2014-15_by_LA_-_02-Feb-2016.xlsx,RO5 LA Data 2014-15 (3),"row 413, column 15",Net Current Expenditure (C7 = C3 - C6)
2014/15,E6403,,E26000003,NW,Library service,0,0.0,Revenue_Outturn__RO5__data_2014-15_by_LA_-_02-Feb-2016.xlsx,RO5 LA Data 2014-15 (3),"row 413, column 29",Net Current Expenditure (C7 = C3 - C6)
2014/15,E6404,,E26000005,YH,Archives,0,0.0,Revenue_Outturn__RO5__data_2014-15_by_LA_-_02-Feb-2016.xlsx,RO5 LA Data 2014-15 (3),"row 414, column 7",Net Current Expenditure (C7 = C3 - C6)
2014/15,E6404,,E26000005,YH,Arts development and support,0,0.0,Revenue_Outturn__RO5__data_2014-15_by_LA_-_02-Feb-2016.xlsx,RO5 LA Data 2014-15 (3),"row 414, column 9",Net Current Expenditure (C7 = C3 - C6)
2014/15,E6404,,E26000005,YH,Heritage,0,0.0,Revenue_Outturn__RO5__data_2014-15_by_LA_-_02-Feb-2016.xlsx,RO5 LA Data 2014-15 (3),"row 414, column 11",Net Current Expenditure (C7 = C3 - C6)
2014/15,E6404,,E26000005,YH,Museums and galleries,0,0.0,Revenue_Outturn__RO5__data_2014-15_by_LA_-_02-Feb-2016.xlsx,RO5 LA Data 2014-15 (3),"row 414, column 13",Net Current Expenditure (C7 = C3 - C6)
2014/15,E6404,,E26000005,YH,Theatres and public entertainment,0,0.0,Revenue_Outturn__RO5__data_2014-15_by_LA_-_02-Feb-2016.xlsx,RO5 LA Data 2014-15 (3),"row 414, column 15",Net Current Expenditure (C7 = C3 - C6)
2014/15,E6404,,E26000005,YH,Library service,0,0.0,Revenue_Outturn__RO5__data_2014-15_by_LA_-_02-Feb-2016.xlsx,RO5 LA Data 2014-15 (3),"row 414, column 29",Net Current Expenditure (C7 = C3 - C6)
2014/15,E6405,,E26000004,NE,Archives,0,0.0,Revenue_Outturn__RO5__data_2014-15_by_LA_-_02-Feb-2016.xlsx,RO5 LA Data 2014-15 (3),"row 415, column 7",Net Current Expenditure (C7 = C3 - C6)
2014/15,E6405,,E26000004,NE,Arts development and support,0,0.0,Revenue_Outturn__RO5__data_2014-15_by_LA_-_02-Feb-2016.xlsx,RO5 LA Data 2014-15 (3),"row 415, column 9",Net Current Expenditure (C7 = C3 - C6)
2014/15,E6405,,E26000004,NE,Heritage,124,124000.0,Revenue_Outturn__RO5__data_2014-15_by_LA_-_02-Feb-2016.xlsx,RO5 LA Data 2014-15 (3),"row 415, column 11",Net Current Expenditure (C7 = C3 - C6)
2014/15,E6405,,E26000004,NE,Museums and galleries,0,0.0,Revenue_Outturn__RO5__data_2014-15_by_LA_-_02-Feb-2016.xlsx,RO5 LA Data 2014-15 (3),"row 415, column 13",Net Current Expenditure (C7 = C3 - C6)
2014/15,E6405,,E26000004,NE,Theatres and public entertainment,0,0.0,Revenue_Outturn__RO5__data_2014-15_by_LA_-_02-Feb-2016.xlsx,RO5 LA Data 2014-15 (3),"row 415, column 15",Net Current Expenditure (C7 = C3 - C6)
2014/15,E6405,,E26000004,NE,Library service,0,0.0,Revenue_Outturn__RO5__data_2014-15_by_LA_-_02-Feb-2016.xlsx,RO5 LA Data 2014-15 (3),"row 415, column 29",Net Current Expenditure (C7 = C3 - C6)
2014/15,E6406,,E26000006,EM,Archives,0,0.0,Revenue_Outturn__RO5__data_2014-15_by_LA_-_02-Feb-2016.xlsx,RO5 LA Data 2014-15 (3),"row 416, column 7",Net Current Expenditure (C7 = C3 - C6)
2014/15,E6406,,E26000006,EM,Arts development and support,0,0.0,Revenue_Outturn__RO5__data_2014-15_by_LA_-_02-Feb-2016.xlsx,RO5 LA Data 2014-15 (3),"row 416, column 9",Net Current Expenditure (C7 = C3 - C6)
2014/15,E6406,,E26000006,EM,Heritage,0,0.0,Revenue_Outturn__RO5__data_2014-15_by_LA_-_02-Feb-2016.xlsx,RO5 LA Data 2014-15 (3),"row 416, column 11",Net Current Expenditure (C7 = C3 - C6)
2014/15,E6406,,E26000006,EM,Museums and galleries,0,0.0,Revenue_Outturn__RO5__data_2014-15_by_LA_-_02-Feb-2016.xlsx,RO5 LA Data 2014-15 (3),"row 416, column 13",Net Current Expenditure (C7 = C3 - C6)
2014/15,E6406,,E26000006,EM,Theatres and public entertainment,0,0.0,Revenue_Outturn__RO5__data_2014-15_by_LA_-_02-Feb-2016.xlsx,RO5 LA Data 2014-15 (3),"row 416, column 15",Net Current Expenditure (C7 = C3 - C6)
2014/15,E6406,,E26000006,EM,Library service,0,0.0,Revenue_Outturn__RO5__data_2014-15_by_LA_-_02-Feb-2016.xlsx,RO5 LA Data 2014-15 (3),"row 416, column 29",Net Current Expenditure (C7 = C3 - C6)
2014/15,E6407,,E26000008,YH,Archives,0,0.0,Revenue_Outturn__RO5__data_2014-15_by_LA_-_02-Feb-2016.xlsx,RO5 LA Data 2014-15 (3),"row 417, column 7",Net Current Expenditure (C7 = C3 - C6)
2014/15,E6407,,E26000008,YH,Arts development and support,0,0.0,Revenue_Outturn__RO5__data_2014-15_by_LA_-_02-Feb-2016.xlsx,RO5 LA Data 2014-15 (3),"row 417, column 9",Net Current Expenditure (C7 = C3 - C6)
2014/15,E6407,,E26000008,YH,Heritage,0,0.0,Revenue_Outturn__RO5__data_2014-15_by_LA_-_02-Feb-2016.xlsx,RO5 LA Data 2014-15 (3),"row 417, column 11",Net Current Expenditure (C7 = C3 - C6)
2014/15,E6407,,E26000008,YH,Museums and galleries,149,149000.0,Revenue_Outturn__RO5__data_2014-15_by_LA_-_02-Feb-2016.xlsx,RO5 LA Data 2014-15 (3),"row 417, column 13",Net Current Expenditure (C7 = C3 - C6)
2014/15,E6407,,E26000008,YH,Theatres and public entertainment,0,0.0,Revenue_Outturn__RO5__data_2014-15_by_LA_-_02-Feb-2016.xlsx,RO5 LA Data 2014-15 (3),"row 417, column 15",Net Current Expenditure (C7 = C3 - C6)
2014/15,E6407,,E26000008,YH,Library service,0,0.0,Revenue_Outturn__RO5__data_2014-15_by_LA_-_02-Feb-2016.xlsx,RO5 LA Data 2014-15 (3),"row 417, column 29",Net Current Expenditure (C7 = C3 - C6)
2014/15,E6408,,E26000007,EE,Archives,0,0.0,Revenue_Outturn__RO5__data_2014-15_by_LA_-_02-Feb-2016.xlsx,RO5 LA Data 2014-15 (3),"row 418, column 7",Net Current Expenditure (C7 = C3 - C6)
2014/15,E6408,,E26000007,EE,Arts development and support,0,0.0,Revenue_Outturn__RO5__data_2014-15_by_LA_-_02-Feb-2016.xlsx,RO5 LA Data 2014-15 (3),"row 418, column 9",Net Current Expenditure (C7 = C3 - C6)
2014/15,E6408,,E26000007,EE,Heritage,0,0.0,Revenue_Outturn__RO5__data_2014-15_by_LA_-_02-Feb-2016.xlsx,RO5 LA Data 2014-15 (3),"row 418, column 11",Net Current Expenditure (C7 = C3 - C6)
2014/15,E6408,,E26000007,EE,Museums and galleries,0,0.0,Revenue_Outturn__RO5__data_2014-15_by_LA_-_02-Feb-2016.xlsx,RO5 LA Data 2014-15 (3),"row 418, column 13",Net Current Expenditure (C7 = C3 - C6)
2014/15,E6408,,E26000007,EE,Theatres and public entertainment,0,0.0,Revenue_Outturn__RO5__data_2014-15_by_LA_-_02-Feb-2016.xlsx,RO5 LA Data 2014-15 (3),"row 418, column 15",Net Current Expenditure (C7 = C3 - C6)
2014/15,E6408,,E26000007,EE,Library service,0,0.0,Revenue_Outturn__RO5__data_2014-15_by_LA_-_02-Feb-2016.xlsx,RO5 LA Data 2014-15 (3),"row 418, column 29",Net Current Expenditure (C7 = C3 - C6)
2014/15,E6409,,E26000009,SE,Archives,0,0.0,Revenue_Outturn__RO5__data_2014-15_by_LA_-_02-Feb-2016.xlsx,RO5 LA Data 2014-15 (3),"row 419, column 7",Net Current Expenditure (C7 = C3 - C6)
2014/15,E6409,,E26000009,SE,Arts development and support,0,0.0,Revenue_Outturn__RO5__data_2014-15_by_LA_-_02-Feb-2016.xlsx,RO5 LA Data 2014-15 (3),"row 419, column 9",Net Current Expenditure (C7 = C3 - C6)
2014/15,E6409,,E26000009,SE,Heritage,740,740000.0,Revenue_Outturn__RO5__data_2014-15_by_LA_-_02-Feb-2016.xlsx,RO5 LA Data 2014-15 (3),"row 419, column 11",Net Current Expenditure (C7 = C3 - C6)
2014/15,E6409,,E26000009,SE,Museums and galleries,0,0.0,Revenue_Outturn__RO5__data_2014-15_by_LA_-_02-Feb-2016.xlsx,RO5 LA Data 2014-15 (3),"row 419, column 13",Net Current Expenditure (C7 = C3 - C6)
2014/15,E6409,,E26000009,SE,Theatres and public entertainment,0,0.0,Revenue_Outturn__RO5__data_2014-15_by_LA_-_02-Feb-2016.xlsx,RO5 LA Data 2014-15 (3),"row 419, column 15",Net Current Expenditure (C7 = C3 - C6)
2014/15,E6409,,E26000009,SE,Library service,0,0.0,Revenue_Outturn__RO5__data_2014-15_by_LA_-_02-Feb-2016.xlsx,RO5 LA Data 2014-15 (3),"row 419, column 29",Net Current Expenditure (C7 = C3 - C6)
2014/15,E6410,,E26000010,SE,Archives,0,0.0,Revenue_Outturn__RO5__data_2014-15_by_LA_-_02-Feb-2016.xlsx,RO5 LA Data 2014-15 (3),"row 420, column 7",Net Current Expenditure (C7 = C3 - C6)
2014/15,E6410,,E26000010,SE,Arts development and support,0,0.0,Revenue_Outturn__RO5__data_2014-15_by_LA_-_02-Feb-2016.xlsx,RO5 LA Data 2014-15 (3),"row 420, column 9",Net Current Expenditure (C7 = C3 - C6)
2014/15,E6410,,E26000010,SE,Heritage,392,392000.0,Revenue_Outturn__RO5__data_2014-15_by_LA_-_02-Feb-2016.xlsx,RO5 LA Data 2014-15 (3),"row 420, column 11",Net Current Expenditure (C7 = C3 - C6)
2014/15,E6410,,E26000010,SE,Museums and galleries,0,0.0,Revenue_Outturn__RO5__data_2014-15_by_LA_-_02-Feb-2016.xlsx,RO5 LA Data 2014-15 (3),"row 420, column 13",Net Current Expenditure (C7 = C3 - C6)
2014/15,E6410,,E26000010,SE,Theatres and public entertainment,0,0.0,Revenue_Outturn__RO5__data_2014-15_by_LA_-_02-Feb-2016.xlsx,RO5 LA Data 2014-15 (3),"row 420, column 15",Net Current Expenditure (C7 = C3 - C6)
2014/15,E6410,,E26000010,SE,Library service,0,0.0,Revenue_Outturn__RO5__data_2014-15_by_LA_-_02-Feb-2016.xlsx,RO5 LA Data 2014-15 (3),"row 420, column 29",Net Current Expenditure (C7 = C3 - C6)
2014/15,E6803,,nan,L,Archives,0,0.0,Revenue_Outturn__RO5__data_2014-15_by_LA_-_02-Feb-2016.xlsx,RO5 LA Data 2014-15 (3),"row 421, column 7",Net Current Expenditure (C7 = C3 - C6)
2014/15,E6803,,nan,L,Arts development and support,0,0.0,Revenue_Outturn__RO5__data_2014-15_by_LA_-_02-Feb-2016.xlsx,RO5 LA Data 2014-15 (3),"row 421, column 9",Net Current Expenditure (C7 = C3 - C6)
2014/15,E6803,,nan,L,Heritage,37,37000.0,Revenue_Outturn__RO5__data_2014-15_by_LA_-_02-Feb-2016.xlsx,RO5 LA Data 2014-15 (3),"row 421, column 11",Net Current Expenditure (C7 = C3 - C6)
2014/15,E6803,,nan,L,Museums and galleries,0,0.0,Revenue_Outturn__RO5__data_2014-15_by_LA_-_02-Feb-2016.xlsx,RO5 LA Data 2014-15 (3),"row 421, column 13",Net Current Expenditure (C7 = C3 - C6)
2014/15,E6803,,nan,L,Theatres and public entertainment,0,0.0,Revenue_Outturn__RO5__data_2014-15_by_LA_-_02-Feb-2016.xlsx,RO5 LA Data 2014-15 (3),"row 421, column 15",Net Current Expenditure (C7 = C3 - C6)
2014/15,E6803,,nan,L,Library service,0,0.0,Revenue_Outturn__RO5__data_2014-15_by_LA_-_02-Feb-2016.xlsx,RO5 LA Data 2014-15 (3),"row 421, column 29",Net Current Expenditure (C7 = C3 - C6)
2014/15,E7002,,nan,EE,Archives,0,0.0,Revenue_Outturn__RO5__data_2014-15_by_LA_-_02-Feb-2016.xlsx,RO5 LA Data 2014-15 (3),"row 422, column 7",Net Current Expenditure (C7 = C3 - C6)
2014/15,E7002,,nan,EE,Arts development and support,0,0.0,Revenue_Outturn__RO5__data_2014-15_by_LA_-_02-Feb-2016.xlsx,RO5 LA Data 2014-15 (3),"row 422, column 9",Net Current Expenditure (C7 = C3 - C6)
2014/15,E7002,,nan,EE,Heritage,0,0.0,Revenue_Outturn__RO5__data_2014-15_by_LA_-_02-Feb-2016.xlsx,RO5 LA Data 2014-15 (3),"row 422, column 11",Net Current Expenditure (C7 = C3 - C6)
2014/15,E7002,,nan,EE,Museums and galleries,0,0.0,Revenue_Outturn__RO5__data_2014-15_by_LA_-_02-Feb-2016.xlsx,RO5 LA Data 2014-15 (3),"row 422, column 13",Net Current Expenditure (C7 = C3 - C6)
2014/15,E7002,,nan,EE,Theatres and public entertainment,0,0.0,Revenue_Outturn__RO5__data_2014-15_by_LA_-_02-Feb-2016.xlsx,RO5 LA Data 2014-15 (3),"row 422, column 15",Net Current Expenditure (C7 = C3 - C6)
2014/15,E7002,,nan,EE,Library service,0,0.0,Revenue_Outturn__RO5__data_2014-15_by_LA_-_02-Feb-2016.xlsx,RO5 LA Data 2014-15 (3),"row 422, column 29",Net Current Expenditure (C7 = C3 - C6)
2014/15,E7005,,nan,EE,Archives,0,0.0,Revenue_Outturn__RO5__data_2014-15_by_LA_-_02-Feb-2016.xlsx,RO5 LA Data 2014-15 (3),"row 423, column 7",Net Current Expenditure (C7 = C3 - C6)
2014/15,E7005,,nan,EE,Arts development and support,0,0.0,Revenue_Outturn__RO5__data_2014-15_by_LA_-_02-Feb-2016.xlsx,RO5 LA Data 2014-15 (3),"row 423, column 9",Net Current Expenditure (C7 = C3 - C6)
2014/15,E7005,,nan,EE,Heritage,0,0.0,Revenue_Outturn__RO5__data_2014-15_by_LA_-_02-Feb-2016.xlsx,RO5 LA Data 2014-15 (3),"row 423, column 11",Net Current Expenditure (C7 = C3 - C6)
2014/15,E7005,,nan,EE,Museums and galleries,0,0.0,Revenue_Outturn__RO5__data_2014-15_by_LA_-_02-Feb-2016.xlsx,RO5 LA Data 2014-15 (3),"row 423, column 13",Net Current Expenditure (C7 = C3 - C6)
2014/15,E7005,,nan,EE,Theatres and public entertainment,0,0.0,Revenue_Outturn__RO5__data_2014-15_by_LA_-_02-Feb-2016.xlsx,RO5 LA Data 2014-15 (3),"row 423, column 15",Net Current Expenditure (C7 = C3 - C6)
2014/15,E7005,,nan,EE,Library service,0,0.0,Revenue_Outturn__RO5__data_2014-15_by_LA_-_02-Feb-2016.xlsx,RO5 LA Data 2014-15 (3),"row 423, column 29",Net Current Expenditure (C7 = C3 - C6)
2014/15,E7006,,nan,NW,Archives,0,0.0,Revenue_Outturn__RO5__data_2014-15_by_LA_-_02-Feb-2016.xlsx,RO5 LA Data 2014-15 (3),"row 424, column 7",Net Current Expenditure (C7 = C3 - C6)
2014/15,E7006,,nan,NW,Arts development and support,0,0.0,Revenue_Outturn__RO5__data_2014-15_by_LA_-_02-Feb-2016.xlsx,RO5 LA Data 2014-15 (3),"row 424, column 9",Net Current Expenditure (C7 = C3 - C6)
2014/15,E7006,,nan,NW,Heritage,0,0.0,Revenue_Outturn__RO5__data_2014-15_by_LA_-_02-Feb-2016.xlsx,RO5 LA Data 2014-15 (3),"row 424, column 11",Net Current Expenditure (C7 = C3 - C6)
2014/15,E7006,,nan,NW,Museums and galleries,0,0.0,Revenue_Outturn__RO5__data_2014-15_by_LA_-_02-Feb-2016.xlsx,RO5 LA Data 2014-15 (3),"row 424, column 13",Net Current Expenditure (C7 = C3 - C6)
2014/15,E7006,,nan,NW,Theatres and public entertainment,0,0.0,Revenue_Outturn__RO5__data_2014-15_by_LA_-_02-Feb-2016.xlsx,RO5 LA Data 2014-15 (3),"row 424, column 15",Net Current Expenditure (C7 = C3 - C6)
2014/15,E7006,,nan,NW,Library service,0,0.0,Revenue_Outturn__RO5__data_2014-15_by_LA_-_02-Feb-2016.xlsx,RO5 LA Data 2014-15 (3),"row 424, column 29",Net Current Expenditure (C7 = C3 - C6)
2014/15,E7007,,nan,NE,Archives,0,0.0,Revenue_Outturn__RO5__data_2014-15_by_LA_-_02-Feb-2016.xlsx,RO5 LA Data 2014-15 (3),"row 425, column 7",Net Current Expenditure (C7 = C3 - C6)
2014/15,E7007,,nan,NE,Arts development and support,0,0.0,Revenue_Outturn__RO5__data_2014-15_by_LA_-_02-Feb-2016.xlsx,RO5 LA Data 2014-15 (3),"row 425, column 9",Net Current Expenditure (C7 = C3 - C6)
2014/15,E7007,,nan,NE,Heritage,0,0.0,Revenue_Outturn__RO5__data_2014-15_by_LA_-_02-Feb-2016.xlsx,RO5 LA Data 2014-15 (3),"row 425, column 11",Net Current Expenditure (C7 = C3 - C6)
2014/15,E7007,,nan,NE,Museums and galleries,0,0.0,Revenue_Outturn__RO5__data_2014-15_by_LA_-_02-Feb-2016.xlsx,RO5 LA Data 2014-15 (3),"row 425, column 13",Net Current Expenditure (C7 = C3 - C6)
2014/15,E7007,,nan,NE,Theatres and public entertainment,0,0.0,Revenue_Outturn__RO5__data_2014-15_by_LA_-_02-Feb-2016.xlsx,RO5 LA Data 2014-15 (3),"row 425, column 15",Net Current Expenditure (C7 = C3 - C6)
2014/15,E7007,,nan,NE,Library service,0,0.0,Revenue_Outturn__RO5__data_2014-15_by_LA_-_02-Feb-2016.xlsx,RO5 LA Data 2014-15 (3),"row 425, column 29",Net Current Expenditure (C7 = C3 - C6)
2014/15,E7009,,nan,NW,Archives,0,0.0,Revenue_Outturn__RO5__data_2014-15_by_LA_-_02-Feb-2016.xlsx,RO5 LA Data 2014-15 (3),"row 426, column 7",Net Current Expenditure (C7 = C3 - C6)
2014/15,E7009,,nan,NW,Arts development and support,0,0.0,Revenue_Outturn__RO5__data_2014-15_by_LA_-_02-Feb-2016.xlsx,RO5 LA Data 2014-15 (3),"row 426, column 9",Net Current Expenditure (C7 = C3 - C6)
2014/15,E7009,,nan,NW,Heritage,0,0.0,Revenue_Outturn__RO5__data_2014-15_by_LA_-_02-Feb-2016.xlsx,RO5 LA Data 2014-15 (3),"row 426, column 11",Net Current Expenditure (C7 = C3 - C6)
2014/15,E7009,,nan,NW,Museums and galleries,0,0.0,Revenue_Outturn__RO5__data_2014-15_by_LA_-_02-Feb-2016.xlsx,RO5 LA Data 2014-15 (3),"row 426, column 13",Net Current Expenditure (C7 = C3 - C6)
2014/15,E7009,,nan,NW,Theatres and public entertainment,0,0.0,Revenue_Outturn__RO5__data_2014-15_by_LA_-_02-Feb-2016.xlsx,RO5 LA Data 2014-15 (3),"row 426, column 15",Net Current Expenditure (C7 = C3 - C6)
2014/15,E7009,,nan,NW,Library service,0,0.0,Revenue_Outturn__RO5__data_2014-15_by_LA_-_02-Feb-2016.xlsx,RO5 LA Data 2014-15 (3),"row 426, column 29",Net Current Expenditure (C7 = C3 - C6)
2014/15,E7010,,nan,EM,Archives,0,0.0,Revenue_Outturn__RO5__data_2014-15_by_LA_-_02-Feb-2016.xlsx,RO5 LA Data 2014-15 (3),"row 427, column 7",Net Current Expenditure (C7 = C3 - C6)
2014/15,E7010,,nan,EM,Arts development and support,0,0.0,Revenue_Outturn__RO5__data_2014-15_by_LA_-_02-Feb-2016.xlsx,RO5 LA Data 2014-15 (3),"row 427, column 9",Net Current Expenditure (C7 = C3 - C6)
2014/15,E7010,,nan,EM,Heritage,0,0.0,Revenue_Outturn__RO5__data_2014-15_by_LA_-_02-Feb-2016.xlsx,RO5 LA Data 2014-15 (3),"row 427, column 11",Net Current Expenditure (C7 = C3 - C6)
2014/15,E7010,,nan,EM,Museums and galleries,0,0.0,Revenue_Outturn__RO5__data_2014-15_by_LA_-_02-Feb-2016.xlsx,RO5 LA Data 2014-15 (3),"row 427, column 13",Net Current Expenditure (C7 = C3 - C6)
2014/15,E7010,,nan,EM,Theatres and public entertainment,0,0.0,Revenue_Outturn__RO5__data_2014-15_by_LA_-_02-Feb-2016.xlsx,RO5 LA Data 2014-15 (3),"row 427, column 15",Net Current Expenditure (C7 = C3 - C6)
2014/15,E7010,,nan,EM,Library service,0,0.0,Revenue_Outturn__RO5__data_2014-15_by_LA_-_02-Feb-2016.xlsx,RO5 LA Data 2014-15 (3),"row 427, column 29",Net Current Expenditure (C7 = C3 - C6)
2014/15,E7012,,nan,SW,Archives,0,0.0,Revenue_Outturn__RO5__data_2014-15_by_LA_-_02-Feb-2016.xlsx,RO5 LA Data 2014-15 (3),"row 428, column 7",Net Current Expenditure (C7 = C3 - C6)
2014/15,E7012,,nan,SW,Arts development and support,0,0.0,Revenue_Outturn__RO5__data_2014-15_by_LA_-_02-Feb-2016.xlsx,RO5 LA Data 2014-15 (3),"row 428, column 9",Net Current Expenditure (C7 = C3 - C6)
2014/15,E7012,,nan,SW,Heritage,0,0.0,Revenue_Outturn__RO5__data_2014-15_by_LA_-_02-Feb-2016.xlsx,RO5 LA Data 2014-15 (3),"row 428, column 11",Net Current Expenditure (C7 = C3 - C6)
2014/15,E7012,,nan,SW,Museums and galleries,0,0.0,Revenue_Outturn__RO5__data_2014-15_by_LA_-_02-Feb-2016.xlsx,RO5 LA Data 2014-15 (3),"row 428, column 13",Net Current Expenditure (C7 = C3 - C6)
2014/15,E7012,,nan,SW,Theatres and public entertainment,0,0.0,Revenue_Outturn__RO5__data_2014-15_by_LA_-_02-Feb-2016.xlsx,RO5 LA Data 2014-15 (3),"row 428, column 15",Net Current Expenditure (C7 = C3 - C6)
2014/15,E7012,,nan,SW,Library service,0,0.0,Revenue_Outturn__RO5__data_2014-15_by_LA_-_02-Feb-2016.xlsx,RO5 LA Data 2014-15 (3),"row 428, column 29",Net Current Expenditure (C7 = C3 - C6)
2014/15,E7013,,nan,NE,Archives,0,0.0,Revenue_Outturn__RO5__data_2014-15_by_LA_-_02-Feb-2016.xlsx,RO5 LA Data 2014-15 (3),"row 429, column 7",Net Current Expenditure (C7 = C3 - C6)
2014/15,E7013,,nan,NE,Arts development and support,0,0.0,Revenue_Outturn__RO5__data_2014-15_by_LA_-_02-Feb-2016.xlsx,RO5 LA Data 2014-15 (3),"row 429, column 9",Net Current Expenditure (C7 = C3 - C6)
2014/15,E7013,,nan,NE,Heritage,0,0.0,Revenue_Outturn__RO5__data_2014-15_by_LA_-_02-Feb-2016.xlsx,RO5 LA Data 2014-15 (3),"row 429, column 11",Net Current Expenditure (C7 = C3 - C6)
2014/15,E7013,,nan,NE,Museums and galleries,0,0.0,Revenue_Outturn__RO5__data_2014-15_by_LA_-_02-Feb-2016.xlsx,RO5 LA Data 2014-15 (3),"row 429, column 13",Net Current Expenditure (C7 = C3 - C6)
2014/15,E7013,,nan,NE,Theatres and public entertainment,0,0.0,Revenue_Outturn__RO5__data_2014-15_by_LA_-_02-Feb-2016.xlsx,RO5 LA Data 2014-15 (3),"row 429, column 15",Net Current Expenditure (C7 = C3 - C6)
2014/15,E7013,,nan,NE,Library service,0,0.0,Revenue_Outturn__RO5__data_2014-15_by_LA_-_02-Feb-2016.xlsx,RO5 LA Data 2014-15 (3),"row 429, column 29",Net Current Expenditure (C7 = C3 - C6)
2014/15,E7015,,nan,EE,Archives,0,0.0,Revenue_Outturn__RO5__data_2014-15_by_LA_-_02-Feb-2016.xlsx,RO5 LA Data 2014-15 (3),"row 430, column 7",Net Current Expenditure (C7 = C3 - C6)
2014/15,E7015,,nan,EE,Arts development and support,0,0.0,Revenue_Outturn__RO5__data_2014-15_by_LA_-_02-Feb-2016.xlsx,RO5 LA Data 2014-15 (3),"row 430, column 9",Net Current Expenditure (C7 = C3 - C6)
2014/15,E7015,,nan,EE,Heritage,0,0.0,Revenue_Outturn__RO5__data_2014-15_by_LA_-_02-Feb-2016.xlsx,RO5 LA Data 2014-15 (3),"row 430, column 11",Net Current Expenditure (C7 = C3 - C6)
2014/15,E7015,,nan,EE,Museums and galleries,0,0.0,Revenue_Outturn__RO5__data_2014-15_by_LA_-_02-Feb-2016.xlsx,RO5 LA Data 2014-15 (3),"row 430, column 13",Net Current Expenditure (C7 = C3 - C6)
2014/15,E7015,,nan,EE,Theatres and public entertainment,0,0.0,Revenue_Outturn__RO5__data_2014-15_by_LA_-_02-Feb-2016.xlsx,RO5 LA Data 2014-15 (3),"row 430, column 15",Net Current Expenditure (C7 = C3 - C6)
2014/15,E7015,,nan,EE,Library service,0,0.0,Revenue_Outturn__RO5__data_2014-15_by_LA_-_02-Feb-2016.xlsx,RO5 LA Data 2014-15 (3),"row 430, column 29",Net Current Expenditure (C7 = C3 - C6)
2014/15,E7016,,nan,SW,Archives,0,0.0,Revenue_Outturn__RO5__data_2014-15_by_LA_-_02-Feb-2016.xlsx,RO5 LA Data 2014-15 (3),"row 431, column 7",Net Current Expenditure (C7 = C3 - C6)
2014/15,E7016,,nan,SW,Arts development and support,0,0.0,Revenue_Outturn__RO5__data_2014-15_by_LA_-_02-Feb-2016.xlsx,RO5 LA Data 2014-15 (3),"row 431, column 9",Net Current Expenditure (C7 = C3 - C6)
2014/15,E7016,,nan,SW,Heritage,0,0.0,Revenue_Outturn__RO5__data_2014-15_by_LA_-_02-Feb-2016.xlsx,RO5 LA Data 2014-15 (3),"row 431, column 11",Net Current Expenditure (C7 = C3 - C6)
2014/15,E7016,,nan,SW,Museums and galleries,0,0.0,Revenue_Outturn__RO5__data_2014-15_by_LA_-_02-Feb-2016.xlsx,RO5 LA Data 2014-15 (3),"row 431, column 13",Net Current Expenditure (C7 = C3 - C6)
2014/15,E7016,,nan,SW,Theatres and public entertainment,0,0.0,Revenue_Outturn__RO5__data_2014-15_by_LA_-_02-Feb-2016.xlsx,RO5 LA Data 2014-15 (3),"row 431, column 15",Net Current Expenditure (C7 = C3 - C6)
2014/15,E7016,,nan,SW,Library service,0,0.0,Revenue_Outturn__RO5__data_2014-15_by_LA_-_02-Feb-2016.xlsx,RO5 LA Data 2014-15 (3),"row 431, column 29",Net Current Expenditure (C7 = C3 - C6)
2014/15,E7019,,nan,EE,Archives,0,0.0,Revenue_Outturn__RO5__data_2014-15_by_LA_-_02-Feb-2016.xlsx,RO5 LA Data 2014-15 (3),"row 432, column 7",Net Current Expenditure (C7 = C3 - C6)
2014/15,E7019,,nan,EE,Arts development and support,0,0.0,Revenue_Outturn__RO5__data_2014-15_by_LA_-_02-Feb-2016.xlsx,RO5 LA Data 2014-15 (3),"row 432, column 9",Net Current Expenditure (C7 = C3 - C6)
2014/15,E7019,,nan,EE,Heritage,0,0.0,Revenue_Outturn__RO5__data_2014-15_by_LA_-_02-Feb-2016.xlsx,RO5 LA Data 2014-15 (3),"row 432, column 11",Net Current Expenditure (C7 = C3 - C6)
2014/15,E7019,,nan,EE,Museums and galleries,0,0.0,Revenue_Outturn__RO5__data_2014-15_by_LA_-_02-Feb-2016.xlsx,RO5 LA Data 2014-15 (3),"row 432, column 13",Net Current Expenditure (C7 = C3 - C6)
2014/15,E7019,,nan,EE,Theatres and public entertainment,0,0.0,Revenue_Outturn__RO5__data_2014-15_by_LA_-_02-Feb-2016.xlsx,RO5 LA Data 2014-15 (3),"row 432, column 15",Net Current Expenditure (C7 = C3 - C6)
2014/15,E7019,,nan,EE,Library service,0,0.0,Revenue_Outturn__RO5__data_2014-15_by_LA_-_02-Feb-2016.xlsx,RO5 LA Data 2014-15 (3),"row 432, column 29",Net Current Expenditure (C7 = C3 - C6)
2014/15,E7020,,nan,YH,Archives,0,0.0,Revenue_Outturn__RO5__data_2014-15_by_LA_-_02-Feb-2016.xlsx,RO5 LA Data 2014-15 (3),"row 433, column 7",Net Current Expenditure (C7 = C3 - C6)
2014/15,E7020,,nan,YH,Arts development and support,0,0.0,Revenue_Outturn__RO5__data_2014-15_by_LA_-_02-Feb-2016.xlsx,RO5 LA Data 2014-15 (3),"row 433, column 9",Net Current Expenditure (C7 = C3 - C6)
2014/15,E7020,,nan,YH,Heritage,0,0.0,Revenue_Outturn__RO5__data_2014-15_by_LA_-_02-Feb-2016.xlsx,RO5 LA Data 2014-15 (3),"row 433, column 11",Net Current Expenditure (C7 = C3 - C6)
2014/15,E7020,,nan,YH,Museums and galleries,0,0.0,Revenue_Outturn__RO5__data_2014-15_by_LA_-_02-Feb-2016.xlsx,RO5 LA Data 2014-15 (3),"row 433, column 13",Net Current Expenditure (C7 = C3 - C6)
2014/15,E7020,,nan,YH,Theatres and public entertainment,0,0.0,Revenue_Outturn__RO5__data_2014-15_by_LA_-_02-Feb-2016.xlsx,RO5 LA Data 2014-15 (3),"row 433, column 15",Net Current Expenditure (C7 = C3 - C6)
2014/15,E7020,,nan,YH,Library service,0,0.0,Revenue_Outturn__RO5__data_2014-15_by_LA_-_02-Feb-2016.xlsx,RO5 LA Data 2014-15 (3),"row 433, column 29",Net Current Expenditure (C7 = C3 - C6)
2014/15,E7022,,nan,SE,Archives,0,0.0,Revenue_Outturn__RO5__data_2014-15_by_LA_-_02-Feb-2016.xlsx,RO5 LA Data 2014-15 (3),"row 434, column 7",Net Current Expenditure (C7 = C3 - C6)
2014/15,E7022,,nan,SE,Arts development and support,0,0.0,Revenue_Outturn__RO5__data_2014-15_by_LA_-_02-Feb-2016.xlsx,RO5 LA Data 2014-15 (3),"row 434, column 9",Net Current Expenditure (C7 = C3 - C6)
2014/15,E7022,,nan,SE,Heritage,0,0.0,Revenue_Outturn__RO5__data_2014-15_by_LA_-_02-Feb-2016.xlsx,RO5 LA Data 2014-15 (3),"row 434, column 11",Net Current Expenditure (C7 = C3 - C6)
2014/15,E7022,,nan,SE,Museums and galleries,0,0.0,Revenue_Outturn__RO5__data_2014-15_by_LA_-_02-Feb-2016.xlsx,RO5 LA Data 2014-15 (3),"row 434, column 13",Net Current Expenditure (C7 = C3 - C6)
2014/15,E7022,,nan,SE,Theatres and public entertainment,0,0.0,Revenue_Outturn__RO5__data_2014-15_by_LA_-_02-Feb-2016.xlsx,RO5 LA Data 2014-15 (3),"row 434, column 15",Net Current Expenditure (C7 = C3 - C6)
2014/15,E7022,,nan,SE,Library service,0,0.0,Revenue_Outturn__RO5__data_2014-15_by_LA_-_02-Feb-2016.xlsx,RO5 LA Data 2014-15 (3),"row 434, column 29",Net Current Expenditure (C7 = C3 - C6)
2014/15,E7023,,nan,NW,Archives,0,0.0,Revenue_Outturn__RO5__data_2014-15_by_LA_-_02-Feb-2016.xlsx,RO5 LA Data 2014-15 (3),"row 435, column 7",Net Current Expenditure (C7 = C3 - C6)
2014/15,E7023,,nan,NW,Arts development and support,0,0.0,Revenue_Outturn__RO5__data_2014-15_by_LA_-_02-Feb-2016.xlsx,RO5 LA Data 2014-15 (3),"row 435, column 9",Net Current Expenditure (C7 = C3 - C6)
2014/15,E7023,,nan,NW,Heritage,0,0.0,Revenue_Outturn__RO5__data_2014-15_by_LA_-_02-Feb-2016.xlsx,RO5 LA Data 2014-15 (3),"row 435, column 11",Net Current Expenditure (C7 = C3 - C6)
2014/15,E7023,,nan,NW,Museums and galleries,0,0.0,Revenue_Outturn__RO5__data_2014-15_by_LA_-_02-Feb-2016.xlsx,RO5 LA Data 2014-15 (3),"row 435, column 13",Net Current Expenditure (C7 = C3 - C6)
2014/15,E7023,,nan,NW,Theatres and public entertainment,0,0.0,Revenue_Outturn__RO5__data_2014-15_by_LA_-_02-Feb-2016.xlsx,RO5 LA Data 2014-15 (3),"row 435, column 15",Net Current Expenditure (C7 = C3 - C6)
2014/15,E7023,,nan,NW,Library service,0,0.0,Revenue_Outturn__RO5__data_2014-15_by_LA_-_02-Feb-2016.xlsx,RO5 LA Data 2014-15 (3),"row 435, column 29",Net Current Expenditure (C7 = C3 - C6)
2014/15,E7024,,nan,EM,Archives,0,0.0,Revenue_Outturn__RO5__data_2014-15_by_LA_-_02-Feb-2016.xlsx,RO5 LA Data 2014-15 (3),"row 436, column 7",Net Current Expenditure (C7 = C3 - C6)
2014/15,E7024,,nan,EM,Arts development and support,0,0.0,Revenue_Outturn__RO5__data_2014-15_by_LA_-_02-Feb-2016.xlsx,RO5 LA Data 2014-15 (3),"row 436, column 9",Net Current Expenditure (C7 = C3 - C6)
2014/15,E7024,,nan,EM,Heritage,0,0.0,Revenue_Outturn__RO5__data_2014-15_by_LA_-_02-Feb-2016.xlsx,RO5 LA Data 2014-15 (3),"row 436, column 11",Net Current Expenditure (C7 = C3 - C6)
2014/15,E7024,,nan,EM,Museums and galleries,0,0.0,Revenue_Outturn__RO5__data_2014-15_by_LA_-_02-Feb-2016.xlsx,RO5 LA Data 2014-15 (3),"row 436, column 13",Net Current Expenditure (C7 = C3 - C6)
2014/15,E7024,,nan,EM,Theatres and public entertainment,0,0.0,Revenue_Outturn__RO5__data_2014-15_by_LA_-_02-Feb-2016.xlsx,RO5 LA Data 2014-15 (3),"row 436, column 15",Net Current Expenditure (C7 = C3 - C6)
2014/15,E7024,,nan,EM,Library service,0,0.0,Revenue_Outturn__RO5__data_2014-15_by_LA_-_02-Feb-2016.xlsx,RO5 LA Data 2014-15 (3),"row 436, column 29",Net Current Expenditure (C7 = C3 - C6)
2014/15,E7025,,nan,EM,Archives,0,0.0,Revenue_Outturn__RO5__data_2014-15_by_LA_-_02-Feb-2016.xlsx,RO5 LA Data 2014-15 (3),"row 437, column 7",Net Current Expenditure (C7 = C3 - C6)
2014/15,E7025,,nan,EM,Arts development and support,0,0.0,Revenue_Outturn__RO5__data_2014-15_by_LA_-_02-Feb-2016.xlsx,RO5 LA Data 2014-15 (3),"row 437, column 9",Net Current Expenditure (C7 = C3 - C6)
2014/15,E7025,,nan,EM,Heritage,0,0.0,Revenue_Outturn__RO5__data_2014-15_by_LA_-_02-Feb-2016.xlsx,RO5 LA Data 2014-15 (3),"row 437, column 11",Net Current Expenditure (C7 = C3 - C6)
2014/15,E7025,,nan,EM,Museums and galleries,0,0.0,Revenue_Outturn__RO5__data_2014-15_by_LA_-_02-Feb-2016.xlsx,RO5 LA Data 2014-15 (3),"row 437, column 13",Net Current Expenditure (C7 = C3 - C6)
2014/15,E7025,,nan,EM,Theatres and public entertainment,0,0.0,Revenue_Outturn__RO5__data_2014-15_by_LA_-_02-Feb-2016.xlsx,RO5 LA Data 2014-15 (3),"row 437, column 15",Net Current Expenditure (C7 = C3 - C6)
2014/15,E7025,,nan,EM,Library service,0,0.0,Revenue_Outturn__RO5__data_2014-15_by_LA_-_02-Feb-2016.xlsx,RO5 LA Data 2014-15 (3),"row 437, column 29",Net Current Expenditure (C7 = C3 - C6)
2014/15,E7026,,nan,EE,Archives,0,0.0,Revenue_Outturn__RO5__data_2014-15_by_LA_-_02-Feb-2016.xlsx,RO5 LA Data 2014-15 (3),"row 438, column 7",Net Current Expenditure (C7 = C3 - C6)
2014/15,E7026,,nan,EE,Arts development and support,0,0.0,Revenue_Outturn__RO5__data_2014-15_by_LA_-_02-Feb-2016.xlsx,RO5 LA Data 2014-15 (3),"row 438, column 9",Net Current Expenditure (C7 = C3 - C6)
2014/15,E7026,,nan,EE,Heritage,0,0.0,Revenue_Outturn__RO5__data_2014-15_by_LA_-_02-Feb-2016.xlsx,RO5 LA Data 2014-15 (3),"row 438, column 11",Net Current Expenditure (C7 = C3 - C6)
2014/15,E7026,,nan,EE,Museums and galleries,0,0.0,Revenue_Outturn__RO5__data_2014-15_by_LA_-_02-Feb-2016.xlsx,RO5 LA Data 2014-15 (3),"row 438, column 13",Net Current Expenditure (C7 = C3 - C6)
2014/15,E7026,,nan,EE,Theatres and public entertainment,0,0.0,Revenue_Outturn__RO5__data_2014-15_by_LA_-_02-Feb-2016.xlsx,RO5 LA Data 2014-15 (3),"row 438, column 15",Net Current Expenditure (C7 = C3 - C6)
2014/15,E7026,,nan,EE,Library service,0,0.0,Revenue_Outturn__RO5__data_2014-15_by_LA_-_02-Feb-2016.xlsx,RO5 LA Data 2014-15 (3),"row 438, column 29",Net Current Expenditure (C7 = C3 - C6)
2014/15,E7027,,nan,YH,Archives,0,0.0,Revenue_Outturn__RO5__data_2014-15_by_LA_-_02-Feb-2016.xlsx,RO5 LA Data 2014-15 (3),"row 439, column 7",Net Current Expenditure (C7 = C3 - C6)
2014/15,E7027,,nan,YH,Arts development and support,0,0.0,Revenue_Outturn__RO5__data_2014-15_by_LA_-_02-Feb-2016.xlsx,RO5 LA Data 2014-15 (3),"row 439, column 9",Net Current Expenditure (C7 = C3 - C6)
2014/15,E7027,,nan,YH,Heritage,0,0.0,Revenue_Outturn__RO5__data_2014-15_by_LA_-_02-Feb-2016.xlsx,RO5 LA Data 2014-15 (3),"row 439, column 11",Net Current Expenditure (C7 = C3 - C6)
2014/15,E7027,,nan,YH,Museums and galleries,0,0.0,Revenue_Outturn__RO5__data_2014-15_by_LA_-_02-Feb-2016.xlsx,RO5 LA Data 2014-15 (3),"row 439, column 13",Net Current Expenditure (C7 = C3 - C6)
2014/15,E7027,,nan,YH,Theatres and public entertainment,0,0.0,Revenue_Outturn__RO5__data_2014-15_by_LA_-_02-Feb-2016.xlsx,RO5 LA Data 2014-15 (3),"row 439, column 15",Net Current Expenditure (C7 = C3 - C6)
2014/15,E7027,,nan,YH,Library service,0,0.0,Revenue_Outturn__RO5__data_2014-15_by_LA_-_02-Feb-2016.xlsx,RO5 LA Data 2014-15 (3),"row 439, column 29",Net Current Expenditure (C7 = C3 - C6)
2014/15,E7028,,nan,EM,Archives,0,0.0,Revenue_Outturn__RO5__data_2014-15_by_LA_-_02-Feb-2016.xlsx,RO5 LA Data 2014-15 (3),"row 440, column 7",Net Current Expenditure (C7 = C3 - C6)
2014/15,E7028,,nan,EM,Arts development and support,0,0.0,Revenue_Outturn__RO5__data_2014-15_by_LA_-_02-Feb-2016.xlsx,RO5 LA Data 2014-15 (3),"row 440, column 9",Net Current Expenditure (C7 = C3 - C6)
2014/15,E7028,,nan,EM,Heritage,0,0.0,Revenue_Outturn__RO5__data_2014-15_by_LA_-_02-Feb-2016.xlsx,RO5 LA Data 2014-15 (3),"row 440, column 11",Net Current Expenditure (C7 = C3 - C6)
2014/15,E7028,,nan,EM,Museums and galleries,0,0.0,Revenue_Outturn__RO5__data_2014-15_by_LA_-_02-Feb-2016.xlsx,RO5 LA Data 2014-15 (3),"row 440, column 13",Net Current Expenditure (C7 = C3 - C6)
2014/15,E7028,,nan,EM,Theatres and public entertainment,0,0.0,Revenue_Outturn__RO5__data_2014-15_by_LA_-_02-Feb-2016.xlsx,RO5 LA Data 2014-15 (3),"row 440, column 15",Net Current Expenditure (C7 = C3 - C6)
2014/15,E7028,,nan,EM,Library service,0,0.0,Revenue_Outturn__RO5__data_2014-15_by_LA_-_02-Feb-2016.xlsx,RO5 LA Data 2014-15 (3),"row 440, column 29",Net Current Expenditure (C7 = C3 - C6)
2014/15,E7030,,nan,EM,Archives,0,0.0,Revenue_Outturn__RO5__data_2014-15_by_LA_-_02-Feb-2016.xlsx,RO5 LA Data 2014-15 (3),"row 441, column 7",Net Current Expenditure (C7 = C3 - C6)
2014/15,E7030,,nan,EM,Arts development and support,0,0.0,Revenue_Outturn__RO5__data_2014-15_by_LA_-_02-Feb-2016.xlsx,RO5 LA Data 2014-15 (3),"row 441, column 9",Net Current Expenditure (C7 = C3 - C6)
2014/15,E7030,,nan,EM,Heritage,0,0.0,Revenue_Outturn__RO5__data_2014-15_by_LA_-_02-Feb-2016.xlsx,RO5 LA Data 2014-15 (3),"row 441, column 11",Net Current Expenditure (C7 = C3 - C6)
2014/15,E7030,,nan,EM,Museums and galleries,0,0.0,Revenue_Outturn__RO5__data_2014-15_by_LA_-_02-Feb-2016.xlsx,RO5 LA Data 2014-15 (3),"row 441, column 13",Net Current Expenditure (C7 = C3 - C6)
2014/15,E7030,,nan,EM,Theatres and public entertainment,0,0.0,Revenue_Outturn__RO5__data_2014-15_by_LA_-_02-Feb-2016.xlsx,RO5 LA Data 2014-15 (3),"row 441, column 15",Net Current Expenditure (C7 = C3 - C6)
2014/15,E7030,,nan,EM,Library service,0,0.0,Revenue_Outturn__RO5__data_2014-15_by_LA_-_02-Feb-2016.xlsx,RO5 LA Data 2014-15 (3),"row 441, column 29",Net Current Expenditure (C7 = C3 - C6)
2014/15,E7034,,nan,WM,Archives,0,0.0,Revenue_Outturn__RO5__data_2014-15_by_LA_-_02-Feb-2016.xlsx,RO5 LA Data 2014-15 (3),"row 442, column 7",Net Current Expenditure (C7 = C3 - C6)
2014/15,E7034,,nan,WM,Arts development and support,0,0.0,Revenue_Outturn__RO5__data_2014-15_by_LA_-_02-Feb-2016.xlsx,RO5 LA Data 2014-15 (3),"row 442, column 9",Net Current Expenditure (C7 = C3 - C6)
2014/15,E7034,,nan,WM,Heritage,0,0.0,Revenue_Outturn__RO5__data_2014-15_by_LA_-_02-Feb-2016.xlsx,RO5 LA Data 2014-15 (3),"row 442, column 11",Net Current Expenditure (C7 = C3 - C6)
2014/15,E7034,,nan,WM,Museums and galleries,0,0.0,Revenue_Outturn__RO5__data_2014-15_by_LA_-_02-Feb-2016.xlsx,RO5 LA Data 2014-15 (3),"row 442, column 13",Net Current Expenditure (C7 = C3 - C6)
2014/15,E7034,,nan,WM,Theatres and public entertainment,0,0.0,Revenue_Outturn__RO5__data_2014-15_by_LA_-_02-Feb-2016.xlsx,RO5 LA Data 2014-15 (3),"row 442, column 15",Net Current Expenditure (C7 = C3 - C6)
2014/15,E7034,,nan,WM,Library service,0,0.0,Revenue_Outturn__RO5__data_2014-15_by_LA_-_02-Feb-2016.xlsx,RO5 LA Data 2014-15 (3),"row 442, column 29",Net Current Expenditure (C7 = C3 - C6)
2014/15,E7035,,nan,EE,Archives,0,0.0,Revenue_Outturn__RO5__data_2014-15_by_LA_-_02-Feb-2016.xlsx,RO5 LA Data 2014-15 (3),"row 443, column 7",Net Current Expenditure (C7 = C3 - C6)
2014/15,E7035,,nan,EE,Arts development and support,0,0.0,Revenue_Outturn__RO5__data_2014-15_by_LA_-_02-Feb-2016.xlsx,RO5 LA Data 2014-15 (3),"row 443, column 9",Net Current Expenditure (C7 = C3 - C6)
2014/15,E7035,,nan,EE,Heritage,0,0.0,Revenue_Outturn__RO5__data_2014-15_by_LA_-_02-Feb-2016.xlsx,RO5 LA Data 2014-15 (3),"row 443, column 11",Net Current Expenditure (C7 = C3 - C6)
2014/15,E7035,,nan,EE,Museums and galleries,0,0.0,Revenue_Outturn__RO5__data_2014-15_by_LA_-_02-Feb-2016.xlsx,RO5 LA Data 2014-15 (3),"row 443, column 13",Net Current Expenditure (C7 = C3 - C6)
2014/15,E7035,,nan,EE,Theatres and public entertainment,0,0.0,Revenue_Outturn__RO5__data_2014-15_by_LA_-_02-Feb-2016.xlsx,RO5 LA Data 2014-15 (3),"row 443, column 15",Net Current Expenditure (C7 = C3 - C6)
2014/15,E7035,,nan,EE,Library service,0,0.0,Revenue_Outturn__RO5__data_2014-15_by_LA_-_02-Feb-2016.xlsx,RO5 LA Data 2014-15 (3),"row 443, column 29",Net Current Expenditure (C7 = C3 - C6)
2014/15,E7036,,nan,SE,Archives,0,0.0,Revenue_Outturn__RO5__data_2014-15_by_LA_-_02-Feb-2016.xlsx,RO5 LA Data 2014-15 (3),"row 444, column 7",Net Current Expenditure (C7 = C3 - C6)
2014/15,E7036,,nan,SE,Arts development and support,0,0.0,Revenue_Outturn__RO5__data_2014-15_by_LA_-_02-Feb-2016.xlsx,RO5 LA Data 2014-15 (3),"row 444, column 9",Net Current Expenditure (C7 = C3 - C6)
2014/15,E7036,,nan,SE,Heritage,0,0.0,Revenue_Outturn__RO5__data_2014-15_by_LA_-_02-Feb-2016.xlsx,RO5 LA Data 2014-15 (3),"row 444, column 11",Net Current Expenditure (C7 = C3 - C6)
2014/15,E7036,,nan,SE,Museums and galleries,0,0.0,Revenue_Outturn__RO5__data_2014-15_by_LA_-_02-Feb-2016.xlsx,RO5 LA Data 2014-15 (3),"row 444, column 13",Net Current Expenditure (C7 = C3 - C6)
2014/15,E7036,,nan,SE,Theatres and public entertainment,0,0.0,Revenue_Outturn__RO5__data_2014-15_by_LA_-_02-Feb-2016.xlsx,RO5 LA Data 2014-15 (3),"row 444, column 15",Net Current Expenditure (C7 = C3 - C6)
2014/15,E7036,,nan,SE,Library service,0,0.0,Revenue_Outturn__RO5__data_2014-15_by_LA_-_02-Feb-2016.xlsx,RO5 LA Data 2014-15 (3),"row 444, column 29",Net Current Expenditure (C7 = C3 - C6)
2014/15,E7037,,nan,WM,Archives,0,0.0,Revenue_Outturn__RO5__data_2014-15_by_LA_-_02-Feb-2016.xlsx,RO5 LA Data 2014-15 (3),"row 445, column 7",Net Current Expenditure (C7 = C3 - C6)
2014/15,E7037,,nan,WM,Arts development and support,0,0.0,Revenue_Outturn__RO5__data_2014-15_by_LA_-_02-Feb-2016.xlsx,RO5 LA Data 2014-15 (3),"row 445, column 9",Net Current Expenditure (C7 = C3 - C6)
2014/15,E7037,,nan,WM,Heritage,0,0.0,Revenue_Outturn__RO5__data_2014-15_by_LA_-_02-Feb-2016.xlsx,RO5 LA Data 2014-15 (3),"row 445, column 11",Net Current Expenditure (C7 = C3 - C6)
2014/15,E7037,,nan,WM,Museums and galleries,0,0.0,Revenue_Outturn__RO5__data_2014-15_by_LA_-_02-Feb-2016.xlsx,RO5 LA Data 2014-15 (3),"row 445, column 13",Net Current Expenditure (C7 = C3 - C6)
2014/15,E7037,,nan,WM,Theatres and public entertainment,0,0.0,Revenue_Outturn__RO5__data_2014-15_by_LA_-_02-Feb-2016.xlsx,RO5 LA Data 2014-15 (3),"row 445, column 15",Net Current Expenditure (C7 = C3 - C6)
2014/15,E7037,,nan,WM,Library service,0,0.0,Revenue_Outturn__RO5__data_2014-15_by_LA_-_02-Feb-2016.xlsx,RO5 LA Data 2014-15 (3),"row 445, column 29",Net Current Expenditure (C7 = C3 - C6)
2014/15,E7039,,nan,SW,Archives,0,0.0,Revenue_Outturn__RO5__data_2014-15_by_LA_-_02-Feb-2016.xlsx,RO5 LA Data 2014-15 (3),"row 446, column 7",Net Current Expenditure (C7 = C3 - C6)
2014/15,E7039,,nan,SW,Arts development and support,0,0.0,Revenue_Outturn__RO5__data_2014-15_by_LA_-_02-Feb-2016.xlsx,RO5 LA Data 2014-15 (3),"row 446, column 9",Net Current Expenditure (C7 = C3 - C6)
2014/15,E7039,,nan,SW,Heritage,0,0.0,Revenue_Outturn__RO5__data_2014-15_by_LA_-_02-Feb-2016.xlsx,RO5 LA Data 2014-15 (3),"row 446, column 11",Net Current Expenditure (C7 = C3 - C6)
2014/15,E7039,,nan,SW,Museums and galleries,0,0.0,Revenue_Outturn__RO5__data_2014-15_by_LA_-_02-Feb-2016.xlsx,RO5 LA Data 2014-15 (3),"row 446, column 13",Net Current Expenditure (C7 = C3 - C6)
2014/15,E7039,,nan,SW,Theatres and public entertainment,0,0.0,Revenue_Outturn__RO5__data_2014-15_by_LA_-_02-Feb-2016.xlsx,RO5 LA Data 2014-15 (3),"row 446, column 15",Net Current Expenditure (C7 = C3 - C6)
2014/15,E7039,,nan,SW,Library service,0,0.0,Revenue_Outturn__RO5__data_2014-15_by_LA_-_02-Feb-2016.xlsx,RO5 LA Data 2014-15 (3),"row 446, column 29",Net Current Expenditure (C7 = C3 - C6)
2014/15,E7042,,nan,NW,Archives,0,0.0,Revenue_Outturn__RO5__data_2014-15_by_LA_-_02-Feb-2016.xlsx,RO5 LA Data 2014-15 (3),"row 447, column 7",Net Current Expenditure (C7 = C3 - C6)
2014/15,E7042,,nan,NW,Arts development and support,0,0.0,Revenue_Outturn__RO5__data_2014-15_by_LA_-_02-Feb-2016.xlsx,RO5 LA Data 2014-15 (3),"row 447, column 9",Net Current Expenditure (C7 = C3 - C6)
2014/15,E7042,,nan,NW,Heritage,0,0.0,Revenue_Outturn__RO5__data_2014-15_by_LA_-_02-Feb-2016.xlsx,RO5 LA Data 2014-15 (3),"row 447, column 11",Net Current Expenditure (C7 = C3 - C6)
2014/15,E7042,,nan,NW,Museums and galleries,0,0.0,Revenue_Outturn__RO5__data_2014-15_by_LA_-_02-Feb-2016.xlsx,RO5 LA Data 2014-15 (3),"row 447, column 13",Net Current Expenditure (C7 = C3 - C6)
2014/15,E7042,,nan,NW,Theatres and public entertainment,0,0.0,Revenue_Outturn__RO5__data_2014-15_by_LA_-_02-Feb-2016.xlsx,RO5 LA Data 2014-15 (3),"row 447, column 15",Net Current Expenditure (C7 = C3 - C6)
2014/15,E7042,,nan,NW,Library service,0,0.0,Revenue_Outturn__RO5__data_2014-15_by_LA_-_02-Feb-2016.xlsx,RO5 LA Data 2014-15 (3),"row 447, column 29",Net Current Expenditure (C7 = C3 - C6)
2014/15,E7043,,nan,NW,Archives,0,0.0,Revenue_Outturn__RO5__data_2014-15_by_LA_-_02-Feb-2016.xlsx,RO5 LA Data 2014-15 (3),"row 448, column 7",Net Current Expenditure (C7 = C3 - C6)
2014/15,E7043,,nan,NW,Arts development and support,0,0.0,Revenue_Outturn__RO5__data_2014-15_by_LA_-_02-Feb-2016.xlsx,RO5 LA Data 2014-15 (3),"row 448, column 9",Net Current Expenditure (C7 = C3 - C6)
2014/15,E7043,,nan,NW,Heritage,0,0.0,Revenue_Outturn__RO5__data_2014-15_by_LA_-_02-Feb-2016.xlsx,RO5 LA Data 2014-15 (3),"row 448, column 11",Net Current Expenditure (C7 = C3 - C6)
2014/15,E7043,,nan,NW,Museums and galleries,0,0.0,Revenue_Outturn__RO5__data_2014-15_by_LA_-_02-Feb-2016.xlsx,RO5 LA Data 2014-15 (3),"row 448, column 13",Net Current Expenditure (C7 = C3 - C6)
2014/15,E7043,,nan,NW,Theatres and public entertainment,0,0.0,Revenue_Outturn__RO5__data_2014-15_by_LA_-_02-Feb-2016.xlsx,RO5 LA Data 2014-15 (3),"row 448, column 15",Net Current Expenditure (C7 = C3 - C6)
2014/15,E7043,,nan,NW,Library service,0,0.0,Revenue_Outturn__RO5__data_2014-15_by_LA_-_02-Feb-2016.xlsx,RO5 LA Data 2014-15 (3),"row 448, column 29",Net Current Expenditure (C7 = C3 - C6)
2014/15,E7044,,nan,YH,Archives,0,0.0,Revenue_Outturn__RO5__data_2014-15_by_LA_-_02-Feb-2016.xlsx,RO5 LA Data 2014-15 (3),"row 449, column 7",Net Current Expenditure (C7 = C3 - C6)
2014/15,E7044,,nan,YH,Arts development and support,0,0.0,Revenue_Outturn__RO5__data_2014-15_by_LA_-_02-Feb-2016.xlsx,RO5 LA Data 2014-15 (3),"row 449, column 9",Net Current Expenditure (C7 = C3 - C6)
2014/15,E7044,,nan,YH,Heritage,0,0.0,Revenue_Outturn__RO5__data_2014-15_by_LA_-_02-Feb-2016.xlsx,RO5 LA Data 2014-15 (3),"row 449, column 11",Net Current Expenditure (C7 = C3 - C6)
2014/15,E7044,,nan,YH,Museums and galleries,0,0.0,Revenue_Outturn__RO5__data_2014-15_by_LA_-_02-Feb-2016.xlsx,RO5 LA Data 2014-15 (3),"row 449, column 13",Net Current Expenditure (C7 = C3 - C6)
2014/15,E7044,,nan,YH,Theatres and public entertainment,0,0.0,Revenue_Outturn__RO5__data_2014-15_by_LA_-_02-Feb-2016.xlsx,RO5 LA Data 2014-15 (3),"row 449, column 15",Net Current Expenditure (C7 = C3 - C6)
2014/15,E7044,,nan,YH,Library service,0,0.0,Revenue_Outturn__RO5__data_2014-15_by_LA_-_02-Feb-2016.xlsx,RO5 LA Data 2014-15 (3),"row 449, column 29",Net Current Expenditure (C7 = C3 - C6)
2014/15,E7045,,nan,NE,Archives,0,0.0,Revenue_Outturn__RO5__data_2014-15_by_LA_-_02-Feb-2016.xlsx,RO5 LA Data 2014-15 (3),"row 450, column 7",Net Current Expenditure (C7 = C3 - C6)
2014/15,E7045,,nan,NE,Arts development and support,0,0.0,Revenue_Outturn__RO5__data_2014-15_by_LA_-_02-Feb-2016.xlsx,RO5 LA Data 2014-15 (3),"row 450, column 9",Net Current Expenditure (C7 = C3 - C6)
2014/15,E7045,,nan,NE,Heritage,0,0.0,Revenue_Outturn__RO5__data_2014-15_by_LA_-_02-Feb-2016.xlsx,RO5 LA Data 2014-15 (3),"row 450, column 11",Net Current Expenditure (C7 = C3 - C6)
2014/15,E7045,,nan,NE,Museums and galleries,0,0.0,Revenue_Outturn__RO5__data_2014-15_by_LA_-_02-Feb-2016.xlsx,RO5 LA Data 2014-15 (3),"row 450, column 13",Net Current Expenditure (C7 = C3 - C6)
2014/15,E7045,,nan,NE,Theatres and public entertainment,0,0.0,Revenue_Outturn__RO5__data_2014-15_by_LA_-_02-Feb-2016.xlsx,RO5 LA Data 2014-15 (3),"row 450, column 15",Net Current Expenditure (C7 = C3 - C6)
2014/15,E7045,,nan,NE,Library service,0,0.0,Revenue_Outturn__RO5__data_2014-15_by_LA_-_02-Feb-2016.xlsx,RO5 LA Data 2014-15 (3),"row 450, column 29",Net Current Expenditure (C7 = C3 - C6)
2014/15,E7046,,nan,WM,Archives,0,0.0,Revenue_Outturn__RO5__data_2014-15_by_LA_-_02-Feb-2016.xlsx,RO5 LA Data 2014-15 (3),"row 451, column 7",Net Current Expenditure (C7 = C3 - C6)
2014/15,E7046,,nan,WM,Arts development and support,0,0.0,Revenue_Outturn__RO5__data_2014-15_by_LA_-_02-Feb-2016.xlsx,RO5 LA Data 2014-15 (3),"row 451, column 9",Net Current Expenditure (C7 = C3 - C6)
2014/15,E7046,,nan,WM,Heritage,0,0.0,Revenue_Outturn__RO5__data_2014-15_by_LA_-_02-Feb-2016.xlsx,RO5 LA Data 2014-15 (3),"row 451, column 11",Net Current Expenditure (C7 = C3 - C6)
2014/15,E7046,,nan,WM,Museums and galleries,0,0.0,Revenue_Outturn__RO5__data_2014-15_by_LA_-_02-Feb-2016.xlsx,RO5 LA Data 2014-15 (3),"row 451, column 13",Net Current Expenditure (C7 = C3 - C6)
2014/15,E7046,,nan,WM,Theatres and public entertainment,0,0.0,Revenue_Outturn__RO5__data_2014-15_by_LA_-_02-Feb-2016.xlsx,RO5 LA Data 2014-15 (3),"row 451, column 15",Net Current Expenditure (C7 = C3 - C6)
2014/15,E7046,,nan,WM,Library service,0,0.0,Revenue_Outturn__RO5__data_2014-15_by_LA_-_02-Feb-2016.xlsx,RO5 LA Data 2014-15 (3),"row 451, column 29",Net Current Expenditure (C7 = C3 - C6)
2014/15,E7047,,nan,YH,Archives,0,0.0,Revenue_Outturn__RO5__data_2014-15_by_LA_-_02-Feb-2016.xlsx,RO5 LA Data 2014-15 (3),"row 452, column 7",Net Current Expenditure (C7 = C3 - C6)
2014/15,E7047,,nan,YH,Arts development and support,0,0.0,Revenue_Outturn__RO5__data_2014-15_by_LA_-_02-Feb-2016.xlsx,RO5 LA Data 2014-15 (3),"row 452, column 9",Net Current Expenditure (C7 = C3 - C6)
2014/15,E7047,,nan,YH,Heritage,0,0.0,Revenue_Outturn__RO5__data_2014-15_by_LA_-_02-Feb-2016.xlsx,RO5 LA Data 2014-15 (3),"row 452, column 11",Net Current Expenditure (C7 = C3 - C6)
2014/15,E7047,,nan,YH,Museums and galleries,0,0.0,Revenue_Outturn__RO5__data_2014-15_by_LA_-_02-Feb-2016.xlsx,RO5 LA Data 2014-15 (3),"row 452, column 13",Net Current Expenditure (C7 = C3 - C6)
2014/15,E7047,,nan,YH,Theatres and public entertainment,0,0.0,Revenue_Outturn__RO5__data_2014-15_by_LA_-_02-Feb-2016.xlsx,RO5 LA Data 2014-15 (3),"row 452, column 15",Net Current Expenditure (C7 = C3 - C6)
2014/15,E7047,,nan,YH,Library service,0,0.0,Revenue_Outturn__RO5__data_2014-15_by_LA_-_02-Feb-2016.xlsx,RO5 LA Data 2014-15 (3),"row 452, column 29",Net Current Expenditure (C7 = C3 - C6)
2014/15,E7050,,nan,SW,Archives,0,0.0,Revenue_Outturn__RO5__data_2014-15_by_LA_-_02-Feb-2016.xlsx,RO5 LA Data 2014-15 (3),"row 453, column 7",Net Current Expenditure (C7 = C3 - C6)
2014/15,E7050,,nan,SW,Arts development and support,0,0.0,Revenue_Outturn__RO5__data_2014-15_by_LA_-_02-Feb-2016.xlsx,RO5 LA Data 2014-15 (3),"row 453, column 9",Net Current Expenditure (C7 = C3 - C6)
2014/15,E7050,,nan,SW,Heritage,0,0.0,Revenue_Outturn__RO5__data_2014-15_by_LA_-_02-Feb-2016.xlsx,RO5 LA Data 2014-15 (3),"row 453, column 11",Net Current Expenditure (C7 = C3 - C6)
2014/15,E7050,,nan,SW,Museums and galleries,0,0.0,Revenue_Outturn__RO5__data_2014-15_by_LA_-_02-Feb-2016.xlsx,RO5 LA Data 2014-15 (3),"row 453, column 13",Net Current Expenditure (C7 = C3 - C6)
2014/15,E7050,,nan,SW,Theatres and public entertainment,0,0.0,Revenue_Outturn__RO5__data_2014-15_by_LA_-_02-Feb-2016.xlsx,RO5 LA Data 2014-15 (3),"row 453, column 15",Net Current Expenditure (C7 = C3 - C6)
2014/15,E7050,,nan,SW,Library service,0,0.0,Revenue_Outturn__RO5__data_2014-15_by_LA_-_02-Feb-2016.xlsx,RO5 LA Data 2014-15 (3),"row 453, column 29",Net Current Expenditure (C7 = C3 - C6)
2014/15,E7051,,nan,SW,Archives,0,0.0,Revenue_Outturn__RO5__data_2014-15_by_LA_-_02-Feb-2016.xlsx,RO5 LA Data 2014-15 (3),"row 454, column 7",Net Current Expenditure (C7 = C3 - C6)
2014/15,E7051,,nan,SW,Arts development and support,0,0.0,Revenue_Outturn__RO5__data_2014-15_by_LA_-_02-Feb-2016.xlsx,RO5 LA Data 2014-15 (3),"row 454, column 9",Net Current Expenditure (C7 = C3 - C6)
2014/15,E7051,,nan,SW,Heritage,0,0.0,Revenue_Outturn__RO5__data_2014-15_by_LA_-_02-Feb-2016.xlsx,RO5 LA Data 2014-15 (3),"row 454, column 11",Net Current Expenditure (C7 = C3 - C6)
2014/15,E7051,,nan,SW,Museums and galleries,0,0.0,Revenue_Outturn__RO5__data_2014-15_by_LA_-_02-Feb-2016.xlsx,RO5 LA Data 2014-15 (3),"row 454, column 13",Net Current Expenditure (C7 = C3 - C6)
2014/15,E7051,,nan,SW,Theatres and public entertainment,0,0.0,Revenue_Outturn__RO5__data_2014-15_by_LA_-_02-Feb-2016.xlsx,RO5 LA Data 2014-15 (3),"row 454, column 15",Net Current Expenditure (C7 = C3 - C6)
2014/15,E7051,,nan,SW,Library service,0,0.0,Revenue_Outturn__RO5__data_2014-15_by_LA_-_02-Feb-2016.xlsx,RO5 LA Data 2014-15 (3),"row 454, column 29",Net Current Expenditure (C7 = C3 - C6)
2014/15,E7052,,nan,SE,Archives,0,0.0,Revenue_Outturn__RO5__data_2014-15_by_LA_-_02-Feb-2016.xlsx,RO5 LA Data 2014-15 (3),"row 455, column 7",Net Current Expenditure (C7 = C3 - C6)
2014/15,E7052,,nan,SE,Arts development and support,0,0.0,Revenue_Outturn__RO5__data_2014-15_by_LA_-_02-Feb-2016.xlsx,RO5 LA Data 2014-15 (3),"row 455, column 9",Net Current Expenditure (C7 = C3 - C6)
2014/15,E7052,,nan,SE,Heritage,0,0.0,Revenue_Outturn__RO5__data_2014-15_by_LA_-_02-Feb-2016.xlsx,RO5 LA Data 2014-15 (3),"row 455, column 11",Net Current Expenditure (C7 = C3 - C6)
2014/15,E7052,,nan,SE,Museums and galleries,0,0.0,Revenue_Outturn__RO5__data_2014-15_by_LA_-_02-Feb-2016.xlsx,RO5 LA Data 2014-15 (3),"row 455, column 13",Net Current Expenditure (C7 = C3 - C6)
2014/15,E7052,,nan,SE,Theatres and public entertainment,0,0.0,Revenue_Outturn__RO5__data_2014-15_by_LA_-_02-Feb-2016.xlsx,RO5 LA Data 2014-15 (3),"row 455, column 15",Net Current Expenditure (C7 = C3 - C6)
2014/15,E7052,,nan,SE,Library service,0,0.0,Revenue_Outturn__RO5__data_2014-15_by_LA_-_02-Feb-2016.xlsx,RO5 LA Data 2014-15 (3),"row 455, column 29",Net Current Expenditure (C7 = C3 - C6)
2014/15,E7053,,nan,SE,Archives,0,0.0,Revenue_Outturn__RO5__data_2014-15_by_LA_-_02-Feb-2016.xlsx,RO5 LA Data 2014-15 (3),"row 456, column 7",Net Current Expenditure (C7 = C3 - C6)
2014/15,E7053,,nan,SE,Arts development and support,0,0.0,Revenue_Outturn__RO5__data_2014-15_by_LA_-_02-Feb-2016.xlsx,RO5 LA Data 2014-15 (3),"row 456, column 9",Net Current Expenditure (C7 = C3 - C6)
2014/15,E7053,,nan,SE,Heritage,0,0.0,Revenue_Outturn__RO5__data_2014-15_by_LA_-_02-Feb-2016.xlsx,RO5 LA Data 2014-15 (3),"row 456, column 11",Net Current Expenditure (C7 = C3 - C6)
2014/15,E7053,,nan,SE,Museums and galleries,0,0.0,Revenue_Outturn__RO5__data_2014-15_by_LA_-_02-Feb-2016.xlsx,RO5 LA Data 2014-15 (3),"row 456, column 13",Net Current Expenditure (C7 = C3 - C6)
2014/15,E7053,,nan,SE,Theatres and public entertainment,0,0.0,Revenue_Outturn__RO5__data_2014-15_by_LA_-_02-Feb-2016.xlsx,RO5 LA Data 2014-15 (3),"row 456, column 15",Net Current Expenditure (C7 = C3 - C6)
2014/15,E7053,,nan,SE,Library service,0,0.0,Revenue_Outturn__RO5__data_2014-15_by_LA_-_02-Feb-2016.xlsx,RO5 LA Data 2014-15 (3),"row 456, column 29",Net Current Expenditure (C7 = C3 - C6)
2014/15,E7054,,nan,SE,Archives,0,0.0,Revenue_Outturn__RO5__data_2014-15_by_LA_-_02-Feb-2016.xlsx,RO5 LA Data 2014-15 (3),"row 457, column 7",Net Current Expenditure (C7 = C3 - C6)
2014/15,E7054,,nan,SE,Arts development and support,0,0.0,Revenue_Outturn__RO5__data_2014-15_by_LA_-_02-Feb-2016.xlsx,RO5 LA Data 2014-15 (3),"row 457, column 9",Net Current Expenditure (C7 = C3 - C6)
2014/15,E7054,,nan,SE,Heritage,0,0.0,Revenue_Outturn__RO5__data_2014-15_by_LA_-_02-Feb-2016.xlsx,RO5 LA Data 2014-15 (3),"row 457, column 11",Net Current Expenditure (C7 = C3 - C6)
2014/15,E7054,,nan,SE,Museums and galleries,0,0.0,Revenue_Outturn__RO5__data_2014-15_by_LA_-_02-Feb-2016.xlsx,RO5 LA Data 2014-15 (3),"row 457, column 13",Net Current Expenditure (C7 = C3 - C6)
2014/15,E7054,,nan,SE,Theatres and public entertainment,0,0.0,Revenue_Outturn__RO5__data_2014-15_by_LA_-_02-Feb-2016.xlsx,RO5 LA Data 2014-15 (3),"row 457, column 15",Net Current Expenditure (C7 = C3 - C6)
2014/15,E7054,,nan,SE,Library service,0,0.0,Revenue_Outturn__RO5__data_2014-15_by_LA_-_02-Feb-2016.xlsx,RO5 LA Data 2014-15 (3),"row 457, column 29",Net Current Expenditure (C7 = C3 - C6)
2014/15,E7055,,nan,WM,Archives,0,0.0,Revenue_Outturn__RO5__data_2014-15_by_LA_-_02-Feb-2016.xlsx,RO5 LA Data 2014-15 (3),"row 458, column 7",Net Current Expenditure (C7 = C3 - C6)
2014/15,E7055,,nan,WM,Arts development and support,0,0.0,Revenue_Outturn__RO5__data_2014-15_by_LA_-_02-Feb-2016.xlsx,RO5 LA Data 2014-15 (3),"row 458, column 9",Net Current Expenditure (C7 = C3 - C6)
2014/15,E7055,,nan,WM,Heritage,0,0.0,Revenue_Outturn__RO5__data_2014-15_by_LA_-_02-Feb-2016.xlsx,RO5 LA Data 2014-15 (3),"row 458, column 11",Net Current Expenditure (C7 = C3 - C6)
2014/15,E7055,,nan,WM,Museums and galleries,0,0.0,Revenue_Outturn__RO5__data_2014-15_by_LA_-_02-Feb-2016.xlsx,RO5 LA Data 2014-15 (3),"row 458, column 13",Net Current Expenditure (C7 = C3 - C6)
2014/15,E7055,,nan,WM,Theatres and public entertainment,0,0.0,Revenue_Outturn__RO5__data_2014-15_by_LA_-_02-Feb-2016.xlsx,RO5 LA Data 2014-15 (3),"row 458, column 15",Net Current Expenditure (C7 = C3 - C6)
2014/15,E7055,,nan,WM,Library service,0,0.0,Revenue_Outturn__RO5__data_2014-15_by_LA_-_02-Feb-2016.xlsx,RO5 LA Data 2014-15 (3),"row 458, column 29",Net Current Expenditure (C7 = C3 - C6)
