financial_year,legacy_e_code,ons_code,local_authority,class,original_service_label,original_value_thousand_gbp,value_gbp,source_file,source_sheet,source_locator,original_measure_heading
2015/16,E0101,E06000022,Bath & North East Somerset UA,UA,Archives,203.4282668671805,203428.2668671805,RO5_2015-16_data_by_LA_-_Revision.xlsx,RO5 LA Data 2015-16,"row 8, column 12","Net Current Expenditure
 (C7 = C3 - C6)"
2015/16,E0101,E06000022,Bath & North East Somerset UA,UA,Arts development and support,624.118711997894,624118.711997894,RO5_2015-16_data_by_LA_-_Revision.xlsx,RO5 LA Data 2015-16,"row 8, column 19","Net Current Expenditure
 (C7 = C3 - C6)"
2015/16,E0101,E06000022,Bath & North East Somerset UA,UA,Heritage,-5310.292980030128,-5310292.980030128,RO5_2015-16_data_by_LA_-_Revision.xlsx,RO5 LA Data 2015-16,"row 8, column 26","Net Current Expenditure
 (C7 = C3 - C6)"
2015/16,E0101,E06000022,Bath & North East Somerset UA,UA,Museums and galleries,0,0.0,RO5_2015-16_data_by_LA_-_Revision.xlsx,RO5 LA Data 2015-16,"row 8, column 33","Net Current Expenditure
 (C7 = C3 - C6)"
2015/16,E0101,E06000022,Bath & North East Somerset UA,UA,Theatres and public entertainment,0,0.0,RO5_2015-16_data_by_LA_-_Revision.xlsx,RO5 LA Data 2015-16,"row 8, column 40","Net Current Expenditure
 (C7 = C3 - C6)"
2015/16,E0101,E06000022,Bath & North East Somerset UA,UA,Library service,2340.0075099999995,2340007.5099999993,RO5_2015-16_data_by_LA_-_Revision.xlsx,RO5 LA Data 2015-16,"row 8, column 89","Net Current Expenditure
 (C7 = C3 - C6)"
2015/16,E0102,E06000023,Bristol UA,UA,Archives,425,425000.0,RO5_2015-16_data_by_LA_-_Revision.xlsx,RO5 LA Data 2015-16,"row 9, column 12","Net Current Expenditure
 (C7 = C3 - C6)"
2015/16,E0102,E06000023,Bristol UA,UA,Arts development and support,1690,1690000.0,RO5_2015-16_data_by_LA_-_Revision.xlsx,RO5 LA Data 2015-16,"row 9, column 19","Net Current Expenditure
 (C7 = C3 - C6)"
2015/16,E0102,E06000023,Bristol UA,UA,Heritage,4658,4658000.0,RO5_2015-16_data_by_LA_-_Revision.xlsx,RO5 LA Data 2015-16,"row 9, column 26","Net Current Expenditure
 (C7 = C3 - C6)"
2015/16,E0102,E06000023,Bristol UA,UA,Museums and galleries,1642,1642000.0,RO5_2015-16_data_by_LA_-_Revision.xlsx,RO5 LA Data 2015-16,"row 9, column 33","Net Current Expenditure
 (C7 = C3 - C6)"
2015/16,E0102,E06000023,Bristol UA,UA,Theatres and public entertainment,1168,1168000.0,RO5_2015-16_data_by_LA_-_Revision.xlsx,RO5 LA Data 2015-16,"row 9, column 40","Net Current Expenditure
 (C7 = C3 - C6)"
2015/16,E0102,E06000023,Bristol UA,UA,Library service,5684,5684000.0,RO5_2015-16_data_by_LA_-_Revision.xlsx,RO5 LA Data 2015-16,"row 9, column 89","Net Current Expenditure
 (C7 = C3 - C6)"
2015/16,E0103,E06000025,South Gloucestershire UA,UA,Archives,143,143000.0,RO5_2015-16_data_by_LA_-_Revision.xlsx,RO5 LA Data 2015-16,"row 10, column 12","Net Current Expenditure
 (C7 = C3 - C6)"
2015/16,E0103,E06000025,South Gloucestershire UA,UA,Arts development and support,69,69000.0,RO5_2015-16_data_by_LA_-_Revision.xlsx,RO5 LA Data 2015-16,"row 10, column 19","Net Current Expenditure
 (C7 = C3 - C6)"
2015/16,E0103,E06000025,South Gloucestershire UA,UA,Heritage,160,160000.0,RO5_2015-16_data_by_LA_-_Revision.xlsx,RO5 LA Data 2015-16,"row 10, column 26","Net Current Expenditure
 (C7 = C3 - C6)"
2015/16,E0103,E06000025,South Gloucestershire UA,UA,Museums and galleries,0,0.0,RO5_2015-16_data_by_LA_-_Revision.xlsx,RO5 LA Data 2015-16,"row 10, column 33","Net Current Expenditure
 (C7 = C3 - C6)"
2015/16,E0103,E06000025,South Gloucestershire UA,UA,Theatres and public entertainment,8,8000.0,RO5_2015-16_data_by_LA_-_Revision.xlsx,RO5 LA Data 2015-16,"row 10, column 40","Net Current Expenditure
 (C7 = C3 - C6)"
2015/16,E0103,E06000025,South Gloucestershire UA,UA,Library service,2773,2773000.0,RO5_2015-16_data_by_LA_-_Revision.xlsx,RO5 LA Data 2015-16,"row 10, column 89","Net Current Expenditure
 (C7 = C3 - C6)"
2015/16,E0104,E06000024,North Somerset UA,UA,Archives,-139,-139000.0,RO5_2015-16_data_by_LA_-_Revision.xlsx,RO5 LA Data 2015-16,"row 11, column 12","Net Current Expenditure
 (C7 = C3 - C6)"
2015/16,E0104,E06000024,North Somerset UA,UA,Arts development and support,0,0.0,RO5_2015-16_data_by_LA_-_Revision.xlsx,RO5 LA Data 2015-16,"row 11, column 19","Net Current Expenditure
 (C7 = C3 - C6)"
2015/16,E0104,E06000024,North Somerset UA,UA,Heritage,61,61000.0,RO5_2015-16_data_by_LA_-_Revision.xlsx,RO5 LA Data 2015-16,"row 11, column 26","Net Current Expenditure
 (C7 = C3 - C6)"
2015/16,E0104,E06000024,North Somerset UA,UA,Museums and galleries,1,1000.0,RO5_2015-16_data_by_LA_-_Revision.xlsx,RO5 LA Data 2015-16,"row 11, column 33","Net Current Expenditure
 (C7 = C3 - C6)"
2015/16,E0104,E06000024,North Somerset UA,UA,Theatres and public entertainment,359,359000.0,RO5_2015-16_data_by_LA_-_Revision.xlsx,RO5 LA Data 2015-16,"row 11, column 40","Net Current Expenditure
 (C7 = C3 - C6)"
2015/16,E0104,E06000024,North Somerset UA,UA,Library service,2910,2910000.0,RO5_2015-16_data_by_LA_-_Revision.xlsx,RO5 LA Data 2015-16,"row 11, column 89","Net Current Expenditure
 (C7 = C3 - C6)"
2015/16,E0201,E06000032,Luton UA,UA,Archives,0,0.0,RO5_2015-16_data_by_LA_-_Revision.xlsx,RO5 LA Data 2015-16,"row 12, column 12","Net Current Expenditure
 (C7 = C3 - C6)"
2015/16,E0201,E06000032,Luton UA,UA,Arts development and support,39,39000.0,RO5_2015-16_data_by_LA_-_Revision.xlsx,RO5 LA Data 2015-16,"row 12, column 19","Net Current Expenditure
 (C7 = C3 - C6)"
2015/16,E0201,E06000032,Luton UA,UA,Heritage,2,2000.0,RO5_2015-16_data_by_LA_-_Revision.xlsx,RO5 LA Data 2015-16,"row 12, column 26","Net Current Expenditure
 (C7 = C3 - C6)"
2015/16,E0201,E06000032,Luton UA,UA,Museums and galleries,300,300000.0,RO5_2015-16_data_by_LA_-_Revision.xlsx,RO5 LA Data 2015-16,"row 12, column 33","Net Current Expenditure
 (C7 = C3 - C6)"
2015/16,E0201,E06000032,Luton UA,UA,Theatres and public entertainment,0,0.0,RO5_2015-16_data_by_LA_-_Revision.xlsx,RO5 LA Data 2015-16,"row 12, column 40","Net Current Expenditure
 (C7 = C3 - C6)"
2015/16,E0201,E06000032,Luton UA,UA,Library service,1148,1148000.0,RO5_2015-16_data_by_LA_-_Revision.xlsx,RO5 LA Data 2015-16,"row 12, column 89","Net Current Expenditure
 (C7 = C3 - C6)"
2015/16,E0202,E06000055,Bedford UA,UA,Archives,337,337000.0,RO5_2015-16_data_by_LA_-_Revision.xlsx,RO5 LA Data 2015-16,"row 13, column 12","Net Current Expenditure
 (C7 = C3 - C6)"
2015/16,E0202,E06000055,Bedford UA,UA,Arts development and support,0,0.0,RO5_2015-16_data_by_LA_-_Revision.xlsx,RO5 LA Data 2015-16,"row 13, column 19","Net Current Expenditure
 (C7 = C3 - C6)"
2015/16,E0202,E06000055,Bedford UA,UA,Heritage,0,0.0,RO5_2015-16_data_by_LA_-_Revision.xlsx,RO5 LA Data 2015-16,"row 13, column 26","Net Current Expenditure
 (C7 = C3 - C6)"
2015/16,E0202,E06000055,Bedford UA,UA,Museums and galleries,799,799000.0,RO5_2015-16_data_by_LA_-_Revision.xlsx,RO5 LA Data 2015-16,"row 13, column 33","Net Current Expenditure
 (C7 = C3 - C6)"
2015/16,E0202,E06000055,Bedford UA,UA,Theatres and public entertainment,491,491000.0,RO5_2015-16_data_by_LA_-_Revision.xlsx,RO5 LA Data 2015-16,"row 13, column 40","Net Current Expenditure
 (C7 = C3 - C6)"
2015/16,E0202,E06000055,Bedford UA,UA,Library service,2086,2086000.0,RO5_2015-16_data_by_LA_-_Revision.xlsx,RO5 LA Data 2015-16,"row 13, column 89","Net Current Expenditure
 (C7 = C3 - C6)"
2015/16,E0203,E06000056,Central Bedfordshire UA,UA,Archives,204,204000.0,RO5_2015-16_data_by_LA_-_Revision.xlsx,RO5 LA Data 2015-16,"row 14, column 12","Net Current Expenditure
 (C7 = C3 - C6)"
2015/16,E0203,E06000056,Central Bedfordshire UA,UA,Arts development and support,0,0.0,RO5_2015-16_data_by_LA_-_Revision.xlsx,RO5 LA Data 2015-16,"row 14, column 19","Net Current Expenditure
 (C7 = C3 - C6)"
2015/16,E0203,E06000056,Central Bedfordshire UA,UA,Heritage,0,0.0,RO5_2015-16_data_by_LA_-_Revision.xlsx,RO5 LA Data 2015-16,"row 14, column 26","Net Current Expenditure
 (C7 = C3 - C6)"
2015/16,E0203,E06000056,Central Bedfordshire UA,UA,Museums and galleries,0,0.0,RO5_2015-16_data_by_LA_-_Revision.xlsx,RO5 LA Data 2015-16,"row 14, column 33","Net Current Expenditure
 (C7 = C3 - C6)"
2015/16,E0203,E06000056,Central Bedfordshire UA,UA,Theatres and public entertainment,430,430000.0,RO5_2015-16_data_by_LA_-_Revision.xlsx,RO5 LA Data 2015-16,"row 14, column 40","Net Current Expenditure
 (C7 = C3 - C6)"
2015/16,E0203,E06000056,Central Bedfordshire UA,UA,Library service,3626,3626000.0,RO5_2015-16_data_by_LA_-_Revision.xlsx,RO5 LA Data 2015-16,"row 14, column 89","Net Current Expenditure
 (C7 = C3 - C6)"
2015/16,E0301,E06000036,Bracknell Forest UA,UA,Archives,95,95000.0,RO5_2015-16_data_by_LA_-_Revision.xlsx,RO5 LA Data 2015-16,"row 15, column 12","Net Current Expenditure
 (C7 = C3 - C6)"
2015/16,E0301,E06000036,Bracknell Forest UA,UA,Arts development and support,491,491000.0,RO5_2015-16_data_by_LA_-_Revision.xlsx,RO5 LA Data 2015-16,"row 15, column 19","Net Current Expenditure
 (C7 = C3 - C6)"
2015/16,E0301,E06000036,Bracknell Forest UA,UA,Heritage,0,0.0,RO5_2015-16_data_by_LA_-_Revision.xlsx,RO5 LA Data 2015-16,"row 15, column 26","Net Current Expenditure
 (C7 = C3 - C6)"
2015/16,E0301,E06000036,Bracknell Forest UA,UA,Museums and galleries,19,19000.0,RO5_2015-16_data_by_LA_-_Revision.xlsx,RO5 LA Data 2015-16,"row 15, column 33","Net Current Expenditure
 (C7 = C3 - C6)"
2015/16,E0301,E06000036,Bracknell Forest UA,UA,Theatres and public entertainment,0,0.0,RO5_2015-16_data_by_LA_-_Revision.xlsx,RO5 LA Data 2015-16,"row 15, column 40","Net Current Expenditure
 (C7 = C3 - C6)"
2015/16,E0301,E06000036,Bracknell Forest UA,UA,Library service,2119,2119000.0,RO5_2015-16_data_by_LA_-_Revision.xlsx,RO5 LA Data 2015-16,"row 15, column 89","Net Current Expenditure
 (C7 = C3 - C6)"
2015/16,E0302,E06000037,West Berkshire UA,UA,Archives,145,145000.0,RO5_2015-16_data_by_LA_-_Revision.xlsx,RO5 LA Data 2015-16,"row 16, column 12","Net Current Expenditure
 (C7 = C3 - C6)"
2015/16,E0302,E06000037,West Berkshire UA,UA,Arts development and support,47,47000.0,RO5_2015-16_data_by_LA_-_Revision.xlsx,RO5 LA Data 2015-16,"row 16, column 19","Net Current Expenditure
 (C7 = C3 - C6)"
2015/16,E0302,E06000037,West Berkshire UA,UA,Heritage,251,251000.0,RO5_2015-16_data_by_LA_-_Revision.xlsx,RO5 LA Data 2015-16,"row 16, column 26","Net Current Expenditure
 (C7 = C3 - C6)"
2015/16,E0302,E06000037,West Berkshire UA,UA,Museums and galleries,232,232000.0,RO5_2015-16_data_by_LA_-_Revision.xlsx,RO5 LA Data 2015-16,"row 16, column 33","Net Current Expenditure
 (C7 = C3 - C6)"
2015/16,E0302,E06000037,West Berkshire UA,UA,Theatres and public entertainment,338,338000.0,RO5_2015-16_data_by_LA_-_Revision.xlsx,RO5 LA Data 2015-16,"row 16, column 40","Net Current Expenditure
 (C7 = C3 - C6)"
2015/16,E0302,E06000037,West Berkshire UA,UA,Library service,1872,1872000.0,RO5_2015-16_data_by_LA_-_Revision.xlsx,RO5 LA Data 2015-16,"row 16, column 89","Net Current Expenditure
 (C7 = C3 - C6)"
2015/16,E0303,E06000038,Reading UA,UA,Archives,334.1472562484415,334147.2562484415,RO5_2015-16_data_by_LA_-_Revision.xlsx,RO5 LA Data 2015-16,"row 17, column 12","Net Current Expenditure
 (C7 = C3 - C6)"
2015/16,E0303,E06000038,Reading UA,UA,Arts development and support,48.58512106905573,48585.121069055735,RO5_2015-16_data_by_LA_-_Revision.xlsx,RO5 LA Data 2015-16,"row 17, column 19","Net Current Expenditure
 (C7 = C3 - C6)"
2015/16,E0303,E06000038,Reading UA,UA,Heritage,-0.9717024213811101,-971.7024213811101,RO5_2015-16_data_by_LA_-_Revision.xlsx,RO5 LA Data 2015-16,"row 17, column 26","Net Current Expenditure
 (C7 = C3 - C6)"
2015/16,E0303,E06000038,Reading UA,UA,Museums and galleries,577.1912383003822,577191.2383003823,RO5_2015-16_data_by_LA_-_Revision.xlsx,RO5 LA Data 2015-16,"row 17, column 33","Net Current Expenditure
 (C7 = C3 - C6)"
2015/16,E0303,E06000038,Reading UA,UA,Theatres and public entertainment,1485.733002291723,1485733.0022917232,RO5_2015-16_data_by_LA_-_Revision.xlsx,RO5 LA Data 2015-16,"row 17, column 40","Net Current Expenditure
 (C7 = C3 - C6)"
2015/16,E0303,E06000038,Reading UA,UA,Library service,1822.9137425109714,1822913.7425109714,RO5_2015-16_data_by_LA_-_Revision.xlsx,RO5 LA Data 2015-16,"row 17, column 89","Net Current Expenditure
 (C7 = C3 - C6)"
2015/16,E0304,E06000039,Slough UA,UA,Archives,83.118,83118.0,RO5_2015-16_data_by_LA_-_Revision.xlsx,RO5 LA Data 2015-16,"row 18, column 12","Net Current Expenditure
 (C7 = C3 - C6)"
2015/16,E0304,E06000039,Slough UA,UA,Arts development and support,253.38989000000015,253389.89000000016,RO5_2015-16_data_by_LA_-_Revision.xlsx,RO5 LA Data 2015-16,"row 18, column 19","Net Current Expenditure
 (C7 = C3 - C6)"
2015/16,E0304,E06000039,Slough UA,UA,Heritage,0,0.0,RO5_2015-16_data_by_LA_-_Revision.xlsx,RO5 LA Data 2015-16,"row 18, column 26","Net Current Expenditure
 (C7 = C3 - C6)"
2015/16,E0304,E06000039,Slough UA,UA,Museums and galleries,0,0.0,RO5_2015-16_data_by_LA_-_Revision.xlsx,RO5 LA Data 2015-16,"row 18, column 33","Net Current Expenditure
 (C7 = C3 - C6)"
2015/16,E0304,E06000039,Slough UA,UA,Theatres and public entertainment,-8.781859999999995,-8781.859999999995,RO5_2015-16_data_by_LA_-_Revision.xlsx,RO5 LA Data 2015-16,"row 18, column 40","Net Current Expenditure
 (C7 = C3 - C6)"
2015/16,E0304,E06000039,Slough UA,UA,Library service,1875.2789299999997,1875278.9299999997,RO5_2015-16_data_by_LA_-_Revision.xlsx,RO5 LA Data 2015-16,"row 18, column 89","Net Current Expenditure
 (C7 = C3 - C6)"
2015/16,E0305,E06000040,Windsor & Maidenhead UA,UA,Archives,21,21000.0,RO5_2015-16_data_by_LA_-_Revision.xlsx,RO5 LA Data 2015-16,"row 19, column 12","Net Current Expenditure
 (C7 = C3 - C6)"
2015/16,E0305,E06000040,Windsor & Maidenhead UA,UA,Arts development and support,247,247000.0,RO5_2015-16_data_by_LA_-_Revision.xlsx,RO5 LA Data 2015-16,"row 19, column 19","Net Current Expenditure
 (C7 = C3 - C6)"
2015/16,E0305,E06000040,Windsor & Maidenhead UA,UA,Heritage,161,161000.0,RO5_2015-16_data_by_LA_-_Revision.xlsx,RO5 LA Data 2015-16,"row 19, column 26","Net Current Expenditure
 (C7 = C3 - C6)"
2015/16,E0305,E06000040,Windsor & Maidenhead UA,UA,Museums and galleries,0,0.0,RO5_2015-16_data_by_LA_-_Revision.xlsx,RO5 LA Data 2015-16,"row 19, column 33","Net Current Expenditure
 (C7 = C3 - C6)"
2015/16,E0305,E06000040,Windsor & Maidenhead UA,UA,Theatres and public entertainment,0,0.0,RO5_2015-16_data_by_LA_-_Revision.xlsx,RO5 LA Data 2015-16,"row 19, column 40","Net Current Expenditure
 (C7 = C3 - C6)"
2015/16,E0305,E06000040,Windsor & Maidenhead UA,UA,Library service,3057,3057000.0,RO5_2015-16_data_by_LA_-_Revision.xlsx,RO5 LA Data 2015-16,"row 19, column 89","Net Current Expenditure
 (C7 = C3 - C6)"
2015/16,E0306,E06000041,Wokingham UA,UA,Archives,151,151000.0,RO5_2015-16_data_by_LA_-_Revision.xlsx,RO5 LA Data 2015-16,"row 20, column 12","Net Current Expenditure
 (C7 = C3 - C6)"
2015/16,E0306,E06000041,Wokingham UA,UA,Arts development and support,0,0.0,RO5_2015-16_data_by_LA_-_Revision.xlsx,RO5 LA Data 2015-16,"row 20, column 19","Net Current Expenditure
 (C7 = C3 - C6)"
2015/16,E0306,E06000041,Wokingham UA,UA,Heritage,0,0.0,RO5_2015-16_data_by_LA_-_Revision.xlsx,RO5 LA Data 2015-16,"row 20, column 26","Net Current Expenditure
 (C7 = C3 - C6)"
2015/16,E0306,E06000041,Wokingham UA,UA,Museums and galleries,0,0.0,RO5_2015-16_data_by_LA_-_Revision.xlsx,RO5 LA Data 2015-16,"row 20, column 33","Net Current Expenditure
 (C7 = C3 - C6)"
2015/16,E0306,E06000041,Wokingham UA,UA,Theatres and public entertainment,0,0.0,RO5_2015-16_data_by_LA_-_Revision.xlsx,RO5 LA Data 2015-16,"row 20, column 40","Net Current Expenditure
 (C7 = C3 - C6)"
2015/16,E0306,E06000041,Wokingham UA,UA,Library service,1755,1755000.0,RO5_2015-16_data_by_LA_-_Revision.xlsx,RO5 LA Data 2015-16,"row 20, column 89","Net Current Expenditure
 (C7 = C3 - C6)"
2015/16,E0401,E06000042,Milton Keynes UA,UA,Archives,0,0.0,RO5_2015-16_data_by_LA_-_Revision.xlsx,RO5 LA Data 2015-16,"row 21, column 12","Net Current Expenditure
 (C7 = C3 - C6)"
2015/16,E0401,E06000042,Milton Keynes UA,UA,Arts development and support,409,409000.0,RO5_2015-16_data_by_LA_-_Revision.xlsx,RO5 LA Data 2015-16,"row 21, column 19","Net Current Expenditure
 (C7 = C3 - C6)"
2015/16,E0401,E06000042,Milton Keynes UA,UA,Heritage,551,551000.0,RO5_2015-16_data_by_LA_-_Revision.xlsx,RO5 LA Data 2015-16,"row 21, column 26","Net Current Expenditure
 (C7 = C3 - C6)"
2015/16,E0401,E06000042,Milton Keynes UA,UA,Museums and galleries,340,340000.0,RO5_2015-16_data_by_LA_-_Revision.xlsx,RO5 LA Data 2015-16,"row 21, column 33","Net Current Expenditure
 (C7 = C3 - C6)"
2015/16,E0401,E06000042,Milton Keynes UA,UA,Theatres and public entertainment,0,0.0,RO5_2015-16_data_by_LA_-_Revision.xlsx,RO5 LA Data 2015-16,"row 21, column 40","Net Current Expenditure
 (C7 = C3 - C6)"
2015/16,E0401,E06000042,Milton Keynes UA,UA,Library service,2688,2688000.0,RO5_2015-16_data_by_LA_-_Revision.xlsx,RO5 LA Data 2015-16,"row 21, column 89","Net Current Expenditure
 (C7 = C3 - C6)"
2015/16,E0421,E10000002,Buckinghamshire,SC,Archives,363,363000.0,RO5_2015-16_data_by_LA_-_Revision.xlsx,RO5 LA Data 2015-16,"row 22, column 12","Net Current Expenditure
 (C7 = C3 - C6)"
2015/16,E0421,E10000002,Buckinghamshire,SC,Arts development and support,0,0.0,RO5_2015-16_data_by_LA_-_Revision.xlsx,RO5 LA Data 2015-16,"row 22, column 19","Net Current Expenditure
 (C7 = C3 - C6)"
2015/16,E0421,E10000002,Buckinghamshire,SC,Heritage,0,0.0,RO5_2015-16_data_by_LA_-_Revision.xlsx,RO5 LA Data 2015-16,"row 22, column 26","Net Current Expenditure
 (C7 = C3 - C6)"
2015/16,E0421,E10000002,Buckinghamshire,SC,Museums and galleries,460,460000.0,RO5_2015-16_data_by_LA_-_Revision.xlsx,RO5 LA Data 2015-16,"row 22, column 33","Net Current Expenditure
 (C7 = C3 - C6)"
2015/16,E0421,E10000002,Buckinghamshire,SC,Theatres and public entertainment,0,0.0,RO5_2015-16_data_by_LA_-_Revision.xlsx,RO5 LA Data 2015-16,"row 22, column 40","Net Current Expenditure
 (C7 = C3 - C6)"
2015/16,E0421,E10000002,Buckinghamshire,SC,Library service,6007,6007000.0,RO5_2015-16_data_by_LA_-_Revision.xlsx,RO5 LA Data 2015-16,"row 22, column 89","Net Current Expenditure
 (C7 = C3 - C6)"
2015/16,E0431,E07000004,Aylesbury Vale,SD,Archives,0,0.0,RO5_2015-16_data_by_LA_-_Revision.xlsx,RO5 LA Data 2015-16,"row 23, column 12","Net Current Expenditure
 (C7 = C3 - C6)"
2015/16,E0431,E07000004,Aylesbury Vale,SD,Arts development and support,0,0.0,RO5_2015-16_data_by_LA_-_Revision.xlsx,RO5 LA Data 2015-16,"row 23, column 19","Net Current Expenditure
 (C7 = C3 - C6)"
2015/16,E0431,E07000004,Aylesbury Vale,SD,Heritage,269,269000.0,RO5_2015-16_data_by_LA_-_Revision.xlsx,RO5 LA Data 2015-16,"row 23, column 26","Net Current Expenditure
 (C7 = C3 - C6)"
2015/16,E0431,E07000004,Aylesbury Vale,SD,Museums and galleries,0,0.0,RO5_2015-16_data_by_LA_-_Revision.xlsx,RO5 LA Data 2015-16,"row 23, column 33","Net Current Expenditure
 (C7 = C3 - C6)"
2015/16,E0431,E07000004,Aylesbury Vale,SD,Theatres and public entertainment,527,527000.0,RO5_2015-16_data_by_LA_-_Revision.xlsx,RO5 LA Data 2015-16,"row 23, column 40","Net Current Expenditure
 (C7 = C3 - C6)"
2015/16,E0431,E07000004,Aylesbury Vale,SD,Library service,0,0.0,RO5_2015-16_data_by_LA_-_Revision.xlsx,RO5 LA Data 2015-16,"row 23, column 89","Net Current Expenditure
 (C7 = C3 - C6)"
2015/16,E0432,E07000005,Chiltern,SD,Archives,0,0.0,RO5_2015-16_data_by_LA_-_Revision.xlsx,RO5 LA Data 2015-16,"row 24, column 12","Net Current Expenditure
 (C7 = C3 - C6)"
2015/16,E0432,E07000005,Chiltern,SD,Arts development and support,0,0.0,RO5_2015-16_data_by_LA_-_Revision.xlsx,RO5 LA Data 2015-16,"row 24, column 19","Net Current Expenditure
 (C7 = C3 - C6)"
2015/16,E0432,E07000005,Chiltern,SD,Heritage,0,0.0,RO5_2015-16_data_by_LA_-_Revision.xlsx,RO5 LA Data 2015-16,"row 24, column 26","Net Current Expenditure
 (C7 = C3 - C6)"
2015/16,E0432,E07000005,Chiltern,SD,Museums and galleries,0,0.0,RO5_2015-16_data_by_LA_-_Revision.xlsx,RO5 LA Data 2015-16,"row 24, column 33","Net Current Expenditure
 (C7 = C3 - C6)"
2015/16,E0432,E07000005,Chiltern,SD,Theatres and public entertainment,0,0.0,RO5_2015-16_data_by_LA_-_Revision.xlsx,RO5 LA Data 2015-16,"row 24, column 40","Net Current Expenditure
 (C7 = C3 - C6)"
2015/16,E0432,E07000005,Chiltern,SD,Library service,0,0.0,RO5_2015-16_data_by_LA_-_Revision.xlsx,RO5 LA Data 2015-16,"row 24, column 89","Net Current Expenditure
 (C7 = C3 - C6)"
2015/16,E0434,E07000006,South Bucks,SD,Archives,0,0.0,RO5_2015-16_data_by_LA_-_Revision.xlsx,RO5 LA Data 2015-16,"row 25, column 12","Net Current Expenditure
 (C7 = C3 - C6)"
2015/16,E0434,E07000006,South Bucks,SD,Arts development and support,0,0.0,RO5_2015-16_data_by_LA_-_Revision.xlsx,RO5 LA Data 2015-16,"row 25, column 19","Net Current Expenditure
 (C7 = C3 - C6)"
2015/16,E0434,E07000006,South Bucks,SD,Heritage,0,0.0,RO5_2015-16_data_by_LA_-_Revision.xlsx,RO5 LA Data 2015-16,"row 25, column 26","Net Current Expenditure
 (C7 = C3 - C6)"
2015/16,E0434,E07000006,South Bucks,SD,Museums and galleries,0,0.0,RO5_2015-16_data_by_LA_-_Revision.xlsx,RO5 LA Data 2015-16,"row 25, column 33","Net Current Expenditure
 (C7 = C3 - C6)"
2015/16,E0434,E07000006,South Bucks,SD,Theatres and public entertainment,0,0.0,RO5_2015-16_data_by_LA_-_Revision.xlsx,RO5 LA Data 2015-16,"row 25, column 40","Net Current Expenditure
 (C7 = C3 - C6)"
2015/16,E0434,E07000006,South Bucks,SD,Library service,0,0.0,RO5_2015-16_data_by_LA_-_Revision.xlsx,RO5 LA Data 2015-16,"row 25, column 89","Net Current Expenditure
 (C7 = C3 - C6)"
2015/16,E0435,E07000007,Wycombe,SD,Archives,0,0.0,RO5_2015-16_data_by_LA_-_Revision.xlsx,RO5 LA Data 2015-16,"row 26, column 12","Net Current Expenditure
 (C7 = C3 - C6)"
2015/16,E0435,E07000007,Wycombe,SD,Arts development and support,30,30000.0,RO5_2015-16_data_by_LA_-_Revision.xlsx,RO5 LA Data 2015-16,"row 26, column 19","Net Current Expenditure
 (C7 = C3 - C6)"
2015/16,E0435,E07000007,Wycombe,SD,Heritage,0,0.0,RO5_2015-16_data_by_LA_-_Revision.xlsx,RO5 LA Data 2015-16,"row 26, column 26","Net Current Expenditure
 (C7 = C3 - C6)"
2015/16,E0435,E07000007,Wycombe,SD,Museums and galleries,553,553000.0,RO5_2015-16_data_by_LA_-_Revision.xlsx,RO5 LA Data 2015-16,"row 26, column 33","Net Current Expenditure
 (C7 = C3 - C6)"
2015/16,E0435,E07000007,Wycombe,SD,Theatres and public entertainment,289,289000.0,RO5_2015-16_data_by_LA_-_Revision.xlsx,RO5 LA Data 2015-16,"row 26, column 40","Net Current Expenditure
 (C7 = C3 - C6)"
2015/16,E0435,E07000007,Wycombe,SD,Library service,0,0.0,RO5_2015-16_data_by_LA_-_Revision.xlsx,RO5 LA Data 2015-16,"row 26, column 89","Net Current Expenditure
 (C7 = C3 - C6)"
2015/16,E0501,E06000031,Peterborough UA,UA,Archives,0,0.0,RO5_2015-16_data_by_LA_-_Revision.xlsx,RO5 LA Data 2015-16,"row 27, column 12","Net Current Expenditure
 (C7 = C3 - C6)"
2015/16,E0501,E06000031,Peterborough UA,UA,Arts development and support,0,0.0,RO5_2015-16_data_by_LA_-_Revision.xlsx,RO5 LA Data 2015-16,"row 27, column 19","Net Current Expenditure
 (C7 = C3 - C6)"
2015/16,E0501,E06000031,Peterborough UA,UA,Heritage,58,58000.0,RO5_2015-16_data_by_LA_-_Revision.xlsx,RO5 LA Data 2015-16,"row 27, column 26","Net Current Expenditure
 (C7 = C3 - C6)"
2015/16,E0501,E06000031,Peterborough UA,UA,Museums and galleries,623,623000.0,RO5_2015-16_data_by_LA_-_Revision.xlsx,RO5 LA Data 2015-16,"row 27, column 33","Net Current Expenditure
 (C7 = C3 - C6)"
2015/16,E0501,E06000031,Peterborough UA,UA,Theatres and public entertainment,189,189000.0,RO5_2015-16_data_by_LA_-_Revision.xlsx,RO5 LA Data 2015-16,"row 27, column 40","Net Current Expenditure
 (C7 = C3 - C6)"
2015/16,E0501,E06000031,Peterborough UA,UA,Library service,1220,1220000.0,RO5_2015-16_data_by_LA_-_Revision.xlsx,RO5 LA Data 2015-16,"row 27, column 89","Net Current Expenditure
 (C7 = C3 - C6)"
2015/16,E0521,E10000003,Cambridgeshire,SC,Archives,872,872000.0,RO5_2015-16_data_by_LA_-_Revision.xlsx,RO5 LA Data 2015-16,"row 28, column 12","Net Current Expenditure
 (C7 = C3 - C6)"
2015/16,E0521,E10000003,Cambridgeshire,SC,Arts development and support,9,9000.0,RO5_2015-16_data_by_LA_-_Revision.xlsx,RO5 LA Data 2015-16,"row 28, column 19","Net Current Expenditure
 (C7 = C3 - C6)"
2015/16,E0521,E10000003,Cambridgeshire,SC,Heritage,151,151000.0,RO5_2015-16_data_by_LA_-_Revision.xlsx,RO5 LA Data 2015-16,"row 28, column 26","Net Current Expenditure
 (C7 = C3 - C6)"
2015/16,E0521,E10000003,Cambridgeshire,SC,Museums and galleries,111,111000.0,RO5_2015-16_data_by_LA_-_Revision.xlsx,RO5 LA Data 2015-16,"row 28, column 33","Net Current Expenditure
 (C7 = C3 - C6)"
2015/16,E0521,E10000003,Cambridgeshire,SC,Theatres and public entertainment,0,0.0,RO5_2015-16_data_by_LA_-_Revision.xlsx,RO5 LA Data 2015-16,"row 28, column 40","Net Current Expenditure
 (C7 = C3 - C6)"
2015/16,E0521,E10000003,Cambridgeshire,SC,Library service,6029,6029000.0,RO5_2015-16_data_by_LA_-_Revision.xlsx,RO5 LA Data 2015-16,"row 28, column 89","Net Current Expenditure
 (C7 = C3 - C6)"
2015/16,E0531,E07000008,Cambridge,SD,Archives,0,0.0,RO5_2015-16_data_by_LA_-_Revision.xlsx,RO5 LA Data 2015-16,"row 29, column 12","Net Current Expenditure
 (C7 = C3 - C6)"
2015/16,E0531,E07000008,Cambridge,SD,Arts development and support,208,208000.0,RO5_2015-16_data_by_LA_-_Revision.xlsx,RO5 LA Data 2015-16,"row 29, column 19","Net Current Expenditure
 (C7 = C3 - C6)"
2015/16,E0531,E07000008,Cambridge,SD,Heritage,0,0.0,RO5_2015-16_data_by_LA_-_Revision.xlsx,RO5 LA Data 2015-16,"row 29, column 26","Net Current Expenditure
 (C7 = C3 - C6)"
2015/16,E0531,E07000008,Cambridge,SD,Museums and galleries,87,87000.0,RO5_2015-16_data_by_LA_-_Revision.xlsx,RO5 LA Data 2015-16,"row 29, column 33","Net Current Expenditure
 (C7 = C3 - C6)"
2015/16,E0531,E07000008,Cambridge,SD,Theatres and public entertainment,596,596000.0,RO5_2015-16_data_by_LA_-_Revision.xlsx,RO5 LA Data 2015-16,"row 29, column 40","Net Current Expenditure
 (C7 = C3 - C6)"
2015/16,E0531,E07000008,Cambridge,SD,Library service,0,0.0,RO5_2015-16_data_by_LA_-_Revision.xlsx,RO5 LA Data 2015-16,"row 29, column 89","Net Current Expenditure
 (C7 = C3 - C6)"
2015/16,E0532,E07000009,East Cambridgeshire,SD,Archives,0,0.0,RO5_2015-16_data_by_LA_-_Revision.xlsx,RO5 LA Data 2015-16,"row 30, column 12","Net Current Expenditure
 (C7 = C3 - C6)"
2015/16,E0532,E07000009,East Cambridgeshire,SD,Arts development and support,0,0.0,RO5_2015-16_data_by_LA_-_Revision.xlsx,RO5 LA Data 2015-16,"row 30, column 19","Net Current Expenditure
 (C7 = C3 - C6)"
2015/16,E0532,E07000009,East Cambridgeshire,SD,Heritage,0,0.0,RO5_2015-16_data_by_LA_-_Revision.xlsx,RO5 LA Data 2015-16,"row 30, column 26","Net Current Expenditure
 (C7 = C3 - C6)"
2015/16,E0532,E07000009,East Cambridgeshire,SD,Museums and galleries,28,28000.0,RO5_2015-16_data_by_LA_-_Revision.xlsx,RO5 LA Data 2015-16,"row 30, column 33","Net Current Expenditure
 (C7 = C3 - C6)"
2015/16,E0532,E07000009,East Cambridgeshire,SD,Theatres and public entertainment,0,0.0,RO5_2015-16_data_by_LA_-_Revision.xlsx,RO5 LA Data 2015-16,"row 30, column 40","Net Current Expenditure
 (C7 = C3 - C6)"
2015/16,E0532,E07000009,East Cambridgeshire,SD,Library service,0,0.0,RO5_2015-16_data_by_LA_-_Revision.xlsx,RO5 LA Data 2015-16,"row 30, column 89","Net Current Expenditure
 (C7 = C3 - C6)"
2015/16,E0533,E07000010,Fenland,SD,Archives,0,0.0,RO5_2015-16_data_by_LA_-_Revision.xlsx,RO5 LA Data 2015-16,"row 31, column 12","Net Current Expenditure
 (C7 = C3 - C6)"
2015/16,E0533,E07000010,Fenland,SD,Arts development and support,8,8000.0,RO5_2015-16_data_by_LA_-_Revision.xlsx,RO5 LA Data 2015-16,"row 31, column 19","Net Current Expenditure
 (C7 = C3 - C6)"
2015/16,E0533,E07000010,Fenland,SD,Heritage,0,0.0,RO5_2015-16_data_by_LA_-_Revision.xlsx,RO5 LA Data 2015-16,"row 31, column 26","Net Current Expenditure
 (C7 = C3 - C6)"
2015/16,E0533,E07000010,Fenland,SD,Museums and galleries,46,46000.0,RO5_2015-16_data_by_LA_-_Revision.xlsx,RO5 LA Data 2015-16,"row 31, column 33","Net Current Expenditure
 (C7 = C3 - C6)"
2015/16,E0533,E07000010,Fenland,SD,Theatres and public entertainment,0,0.0,RO5_2015-16_data_by_LA_-_Revision.xlsx,RO5 LA Data 2015-16,"row 31, column 40","Net Current Expenditure
 (C7 = C3 - C6)"
2015/16,E0533,E07000010,Fenland,SD,Library service,0,0.0,RO5_2015-16_data_by_LA_-_Revision.xlsx,RO5 LA Data 2015-16,"row 31, column 89","Net Current Expenditure
 (C7 = C3 - C6)"
2015/16,E0536,E07000012,South Cambridgeshire,SD,Archives,0,0.0,RO5_2015-16_data_by_LA_-_Revision.xlsx,RO5 LA Data 2015-16,"row 32, column 12","Net Current Expenditure
 (C7 = C3 - C6)"
2015/16,E0536,E07000012,South Cambridgeshire,SD,Arts development and support,0,0.0,RO5_2015-16_data_by_LA_-_Revision.xlsx,RO5 LA Data 2015-16,"row 32, column 19","Net Current Expenditure
 (C7 = C3 - C6)"
2015/16,E0536,E07000012,South Cambridgeshire,SD,Heritage,0,0.0,RO5_2015-16_data_by_LA_-_Revision.xlsx,RO5 LA Data 2015-16,"row 32, column 26","Net Current Expenditure
 (C7 = C3 - C6)"
2015/16,E0536,E07000012,South Cambridgeshire,SD,Museums and galleries,9,9000.0,RO5_2015-16_data_by_LA_-_Revision.xlsx,RO5 LA Data 2015-16,"row 32, column 33","Net Current Expenditure
 (C7 = C3 - C6)"
2015/16,E0536,E07000012,South Cambridgeshire,SD,Theatres and public entertainment,0,0.0,RO5_2015-16_data_by_LA_-_Revision.xlsx,RO5 LA Data 2015-16,"row 32, column 40","Net Current Expenditure
 (C7 = C3 - C6)"
2015/16,E0536,E07000012,South Cambridgeshire,SD,Library service,0,0.0,RO5_2015-16_data_by_LA_-_Revision.xlsx,RO5 LA Data 2015-16,"row 32, column 89","Net Current Expenditure
 (C7 = C3 - C6)"
2015/16,E0551,E07000011,Huntingdonshire,SD,Archives,0,0.0,RO5_2015-16_data_by_LA_-_Revision.xlsx,RO5 LA Data 2015-16,"row 33, column 12","Net Current Expenditure
 (C7 = C3 - C6)"
2015/16,E0551,E07000011,Huntingdonshire,SD,Arts development and support,0,0.0,RO5_2015-16_data_by_LA_-_Revision.xlsx,RO5 LA Data 2015-16,"row 33, column 19","Net Current Expenditure
 (C7 = C3 - C6)"
2015/16,E0551,E07000011,Huntingdonshire,SD,Heritage,0,0.0,RO5_2015-16_data_by_LA_-_Revision.xlsx,RO5 LA Data 2015-16,"row 33, column 26","Net Current Expenditure
 (C7 = C3 - C6)"
2015/16,E0551,E07000011,Huntingdonshire,SD,Museums and galleries,0,0.0,RO5_2015-16_data_by_LA_-_Revision.xlsx,RO5 LA Data 2015-16,"row 33, column 33","Net Current Expenditure
 (C7 = C3 - C6)"
2015/16,E0551,E07000011,Huntingdonshire,SD,Theatres and public entertainment,33,33000.0,RO5_2015-16_data_by_LA_-_Revision.xlsx,RO5 LA Data 2015-16,"row 33, column 40","Net Current Expenditure
 (C7 = C3 - C6)"
2015/16,E0551,E07000011,Huntingdonshire,SD,Library service,0,0.0,RO5_2015-16_data_by_LA_-_Revision.xlsx,RO5 LA Data 2015-16,"row 33, column 89","Net Current Expenditure
 (C7 = C3 - C6)"
2015/16,E0601,E06000006,Halton UA,UA,Archives,0,0.0,RO5_2015-16_data_by_LA_-_Revision.xlsx,RO5 LA Data 2015-16,"row 34, column 12","Net Current Expenditure
 (C7 = C3 - C6)"
2015/16,E0601,E06000006,Halton UA,UA,Arts development and support,71,71000.0,RO5_2015-16_data_by_LA_-_Revision.xlsx,RO5 LA Data 2015-16,"row 34, column 19","Net Current Expenditure
 (C7 = C3 - C6)"
2015/16,E0601,E06000006,Halton UA,UA,Heritage,6,6000.0,RO5_2015-16_data_by_LA_-_Revision.xlsx,RO5 LA Data 2015-16,"row 34, column 26","Net Current Expenditure
 (C7 = C3 - C6)"
2015/16,E0601,E06000006,Halton UA,UA,Museums and galleries,237,237000.0,RO5_2015-16_data_by_LA_-_Revision.xlsx,RO5 LA Data 2015-16,"row 34, column 33","Net Current Expenditure
 (C7 = C3 - C6)"
2015/16,E0601,E06000006,Halton UA,UA,Theatres and public entertainment,615,615000.0,RO5_2015-16_data_by_LA_-_Revision.xlsx,RO5 LA Data 2015-16,"row 34, column 40","Net Current Expenditure
 (C7 = C3 - C6)"
2015/16,E0601,E06000006,Halton UA,UA,Library service,1752,1752000.0,RO5_2015-16_data_by_LA_-_Revision.xlsx,RO5 LA Data 2015-16,"row 34, column 89","Net Current Expenditure
 (C7 = C3 - C6)"
2015/16,E0602,E06000007,Warrington UA,UA,Archives,0,0.0,RO5_2015-16_data_by_LA_-_Revision.xlsx,RO5 LA Data 2015-16,"row 35, column 12","Net Current Expenditure
 (C7 = C3 - C6)"
2015/16,E0602,E06000007,Warrington UA,UA,Arts development and support,60,60000.0,RO5_2015-16_data_by_LA_-_Revision.xlsx,RO5 LA Data 2015-16,"row 35, column 19","Net Current Expenditure
 (C7 = C3 - C6)"
2015/16,E0602,E06000007,Warrington UA,UA,Heritage,0,0.0,RO5_2015-16_data_by_LA_-_Revision.xlsx,RO5 LA Data 2015-16,"row 35, column 26","Net Current Expenditure
 (C7 = C3 - C6)"
2015/16,E0602,E06000007,Warrington UA,UA,Museums and galleries,579,579000.0,RO5_2015-16_data_by_LA_-_Revision.xlsx,RO5 LA Data 2015-16,"row 35, column 33","Net Current Expenditure
 (C7 = C3 - C6)"
2015/16,E0602,E06000007,Warrington UA,UA,Theatres and public entertainment,676,676000.0,RO5_2015-16_data_by_LA_-_Revision.xlsx,RO5 LA Data 2015-16,"row 35, column 40","Net Current Expenditure
 (C7 = C3 - C6)"
2015/16,E0602,E06000007,Warrington UA,UA,Library service,2772,2772000.0,RO5_2015-16_data_by_LA_-_Revision.xlsx,RO5 LA Data 2015-16,"row 35, column 89","Net Current Expenditure
 (C7 = C3 - C6)"
2015/16,E0603,E06000049,Cheshire East UA,UA,Archives,208,208000.0,RO5_2015-16_data_by_LA_-_Revision.xlsx,RO5 LA Data 2015-16,"row 36, column 12","Net Current Expenditure
 (C7 = C3 - C6)"
2015/16,E0603,E06000049,Cheshire East UA,UA,Arts development and support,0,0.0,RO5_2015-16_data_by_LA_-_Revision.xlsx,RO5 LA Data 2015-16,"row 36, column 19","Net Current Expenditure
 (C7 = C3 - C6)"
2015/16,E0603,E06000049,Cheshire East UA,UA,Heritage,566,566000.0,RO5_2015-16_data_by_LA_-_Revision.xlsx,RO5 LA Data 2015-16,"row 36, column 26","Net Current Expenditure
 (C7 = C3 - C6)"
2015/16,E0603,E06000049,Cheshire East UA,UA,Museums and galleries,13,13000.0,RO5_2015-16_data_by_LA_-_Revision.xlsx,RO5 LA Data 2015-16,"row 36, column 33","Net Current Expenditure
 (C7 = C3 - C6)"
2015/16,E0603,E06000049,Cheshire East UA,UA,Theatres and public entertainment,318,318000.0,RO5_2015-16_data_by_LA_-_Revision.xlsx,RO5 LA Data 2015-16,"row 36, column 40","Net Current Expenditure
 (C7 = C3 - C6)"
2015/16,E0603,E06000049,Cheshire East UA,UA,Library service,4418,4418000.0,RO5_2015-16_data_by_LA_-_Revision.xlsx,RO5 LA Data 2015-16,"row 36, column 89","Net Current Expenditure
 (C7 = C3 - C6)"
2015/16,E0604,E06000050,Cheshire West and Chester UA,UA,Archives,272.6298190730239,272629.8190730239,RO5_2015-16_data_by_LA_-_Revision.xlsx,RO5 LA Data 2015-16,"row 37, column 12","Net Current Expenditure
 (C7 = C3 - C6)"
2015/16,E0604,E06000050,Cheshire West and Chester UA,UA,Arts development and support,1181.6679977243507,1181667.9977243508,RO5_2015-16_data_by_LA_-_Revision.xlsx,RO5 LA Data 2015-16,"row 37, column 19","Net Current Expenditure
 (C7 = C3 - C6)"
2015/16,E0604,E06000050,Cheshire West and Chester UA,UA,Heritage,550.1574927123173,550157.4927123173,RO5_2015-16_data_by_LA_-_Revision.xlsx,RO5 LA Data 2015-16,"row 37, column 26","Net Current Expenditure
 (C7 = C3 - C6)"
2015/16,E0604,E06000050,Cheshire West and Chester UA,UA,Museums and galleries,1444.5265670538101,1444526.5670538102,RO5_2015-16_data_by_LA_-_Revision.xlsx,RO5 LA Data 2015-16,"row 37, column 33","Net Current Expenditure
 (C7 = C3 - C6)"
2015/16,E0604,E06000050,Cheshire West and Chester UA,UA,Theatres and public entertainment,842.6055309598913,842605.5309598913,RO5_2015-16_data_by_LA_-_Revision.xlsx,RO5 LA Data 2015-16,"row 37, column 40","Net Current Expenditure
 (C7 = C3 - C6)"
2015/16,E0604,E06000050,Cheshire West and Chester UA,UA,Library service,4605.89557183532,4605895.5718353195,RO5_2015-16_data_by_LA_-_Revision.xlsx,RO5 LA Data 2015-16,"row 37, column 89","Net Current Expenditure
 (C7 = C3 - C6)"
2015/16,E0701,E06000001,Hartlepool UA,UA,Archives,36,36000.0,RO5_2015-16_data_by_LA_-_Revision.xlsx,RO5 LA Data 2015-16,"row 38, column 12","Net Current Expenditure
 (C7 = C3 - C6)"
2015/16,E0701,E06000001,Hartlepool UA,UA,Arts development and support,73,73000.0,RO5_2015-16_data_by_LA_-_Revision.xlsx,RO5 LA Data 2015-16,"row 38, column 19","Net Current Expenditure
 (C7 = C3 - C6)"
2015/16,E0701,E06000001,Hartlepool UA,UA,Heritage,38,38000.0,RO5_2015-16_data_by_LA_-_Revision.xlsx,RO5 LA Data 2015-16,"row 38, column 26","Net Current Expenditure
 (C7 = C3 - C6)"
2015/16,E0701,E06000001,Hartlepool UA,UA,Museums and galleries,285,285000.0,RO5_2015-16_data_by_LA_-_Revision.xlsx,RO5 LA Data 2015-16,"row 38, column 33","Net Current Expenditure
 (C7 = C3 - C6)"
2015/16,E0701,E06000001,Hartlepool UA,UA,Theatres and public entertainment,124,124000.0,RO5_2015-16_data_by_LA_-_Revision.xlsx,RO5 LA Data 2015-16,"row 38, column 40","Net Current Expenditure
 (C7 = C3 - C6)"
2015/16,E0701,E06000001,Hartlepool UA,UA,Library service,1097,1097000.0,RO5_2015-16_data_by_LA_-_Revision.xlsx,RO5 LA Data 2015-16,"row 38, column 89","Net Current Expenditure
 (C7 = C3 - C6)"
2015/16,E0702,E06000002,Middlesbrough UA,UA,Archives,66,66000.0,RO5_2015-16_data_by_LA_-_Revision.xlsx,RO5 LA Data 2015-16,"row 39, column 12","Net Current Expenditure
 (C7 = C3 - C6)"
2015/16,E0702,E06000002,Middlesbrough UA,UA,Arts development and support,308,308000.0,RO5_2015-16_data_by_LA_-_Revision.xlsx,RO5 LA Data 2015-16,"row 39, column 19","Net Current Expenditure
 (C7 = C3 - C6)"
2015/16,E0702,E06000002,Middlesbrough UA,UA,Heritage,0,0.0,RO5_2015-16_data_by_LA_-_Revision.xlsx,RO5 LA Data 2015-16,"row 39, column 26","Net Current Expenditure
 (C7 = C3 - C6)"
2015/16,E0702,E06000002,Middlesbrough UA,UA,Museums and galleries,1111,1111000.0,RO5_2015-16_data_by_LA_-_Revision.xlsx,RO5 LA Data 2015-16,"row 39, column 33","Net Current Expenditure
 (C7 = C3 - C6)"
2015/16,E0702,E06000002,Middlesbrough UA,UA,Theatres and public entertainment,625,625000.0,RO5_2015-16_data_by_LA_-_Revision.xlsx,RO5 LA Data 2015-16,"row 39, column 40","Net Current Expenditure
 (C7 = C3 - C6)"
2015/16,E0702,E06000002,Middlesbrough UA,UA,Library service,1048,1048000.0,RO5_2015-16_data_by_LA_-_Revision.xlsx,RO5 LA Data 2015-16,"row 39, column 89","Net Current Expenditure
 (C7 = C3 - C6)"
2015/16,E0703,E06000003,Redcar & Cleveland UA,UA,Archives,55,55000.0,RO5_2015-16_data_by_LA_-_Revision.xlsx,RO5 LA Data 2015-16,"row 40, column 12","Net Current Expenditure
 (C7 = C3 - C6)"
2015/16,E0703,E06000003,Redcar & Cleveland UA,UA,Arts development and support,55,55000.0,RO5_2015-16_data_by_LA_-_Revision.xlsx,RO5 LA Data 2015-16,"row 40, column 19","Net Current Expenditure
 (C7 = C3 - C6)"
2015/16,E0703,E06000003,Redcar & Cleveland UA,UA,Heritage,2,2000.0,RO5_2015-16_data_by_LA_-_Revision.xlsx,RO5 LA Data 2015-16,"row 40, column 26","Net Current Expenditure
 (C7 = C3 - C6)"
2015/16,E0703,E06000003,Redcar & Cleveland UA,UA,Museums and galleries,799,799000.0,RO5_2015-16_data_by_LA_-_Revision.xlsx,RO5 LA Data 2015-16,"row 40, column 33","Net Current Expenditure
 (C7 = C3 - C6)"
2015/16,E0703,E06000003,Redcar & Cleveland UA,UA,Theatres and public entertainment,17,17000.0,RO5_2015-16_data_by_LA_-_Revision.xlsx,RO5 LA Data 2015-16,"row 40, column 40","Net Current Expenditure
 (C7 = C3 - C6)"
2015/16,E0703,E06000003,Redcar & Cleveland UA,UA,Library service,1931,1931000.0,RO5_2015-16_data_by_LA_-_Revision.xlsx,RO5 LA Data 2015-16,"row 40, column 89","Net Current Expenditure
 (C7 = C3 - C6)"
2015/16,E0704,E06000004,Stockton-on-Tees UA,UA,Archives,0,0.0,RO5_2015-16_data_by_LA_-_Revision.xlsx,RO5 LA Data 2015-16,"row 41, column 12","Net Current Expenditure
 (C7 = C3 - C6)"
2015/16,E0704,E06000004,Stockton-on-Tees UA,UA,Arts development and support,0,0.0,RO5_2015-16_data_by_LA_-_Revision.xlsx,RO5 LA Data 2015-16,"row 41, column 19","Net Current Expenditure
 (C7 = C3 - C6)"
2015/16,E0704,E06000004,Stockton-on-Tees UA,UA,Heritage,0,0.0,RO5_2015-16_data_by_LA_-_Revision.xlsx,RO5 LA Data 2015-16,"row 41, column 26","Net Current Expenditure
 (C7 = C3 - C6)"
2015/16,E0704,E06000004,Stockton-on-Tees UA,UA,Museums and galleries,656,656000.0,RO5_2015-16_data_by_LA_-_Revision.xlsx,RO5 LA Data 2015-16,"row 41, column 33","Net Current Expenditure
 (C7 = C3 - C6)"
2015/16,E0704,E06000004,Stockton-on-Tees UA,UA,Theatres and public entertainment,1391,1391000.0,RO5_2015-16_data_by_LA_-_Revision.xlsx,RO5 LA Data 2015-16,"row 41, column 40","Net Current Expenditure
 (C7 = C3 - C6)"
2015/16,E0704,E06000004,Stockton-on-Tees UA,UA,Library service,2702,2702000.0,RO5_2015-16_data_by_LA_-_Revision.xlsx,RO5 LA Data 2015-16,"row 41, column 89","Net Current Expenditure
 (C7 = C3 - C6)"
2015/16,E0801,E06000052,Cornwall UA,UA,Archives,634,634000.0,RO5_2015-16_data_by_LA_-_Revision.xlsx,RO5 LA Data 2015-16,"row 42, column 12","Net Current Expenditure
 (C7 = C3 - C6)"
2015/16,E0801,E06000052,Cornwall UA,UA,Arts development and support,428,428000.0,RO5_2015-16_data_by_LA_-_Revision.xlsx,RO5 LA Data 2015-16,"row 42, column 19","Net Current Expenditure
 (C7 = C3 - C6)"
2015/16,E0801,E06000052,Cornwall UA,UA,Heritage,910,910000.0,RO5_2015-16_data_by_LA_-_Revision.xlsx,RO5 LA Data 2015-16,"row 42, column 26","Net Current Expenditure
 (C7 = C3 - C6)"
2015/16,E0801,E06000052,Cornwall UA,UA,Museums and galleries,400,400000.0,RO5_2015-16_data_by_LA_-_Revision.xlsx,RO5 LA Data 2015-16,"row 42, column 33","Net Current Expenditure
 (C7 = C3 - C6)"
2015/16,E0801,E06000052,Cornwall UA,UA,Theatres and public entertainment,0,0.0,RO5_2015-16_data_by_LA_-_Revision.xlsx,RO5 LA Data 2015-16,"row 42, column 40","Net Current Expenditure
 (C7 = C3 - C6)"
2015/16,E0801,E06000052,Cornwall UA,UA,Library service,4081,4081000.0,RO5_2015-16_data_by_LA_-_Revision.xlsx,RO5 LA Data 2015-16,"row 42, column 89","Net Current Expenditure
 (C7 = C3 - C6)"
2015/16,E0920,E10000006,Cumbria,SC,Archives,1386,1386000.0,RO5_2015-16_data_by_LA_-_Revision.xlsx,RO5 LA Data 2015-16,"row 43, column 12","Net Current Expenditure
 (C7 = C3 - C6)"
2015/16,E0920,E10000006,Cumbria,SC,Arts development and support,162,162000.0,RO5_2015-16_data_by_LA_-_Revision.xlsx,RO5 LA Data 2015-16,"row 43, column 19","Net Current Expenditure
 (C7 = C3 - C6)"
2015/16,E0920,E10000006,Cumbria,SC,Heritage,0,0.0,RO5_2015-16_data_by_LA_-_Revision.xlsx,RO5 LA Data 2015-16,"row 43, column 26","Net Current Expenditure
 (C7 = C3 - C6)"
2015/16,E0920,E10000006,Cumbria,SC,Museums and galleries,0,0.0,RO5_2015-16_data_by_LA_-_Revision.xlsx,RO5 LA Data 2015-16,"row 43, column 33","Net Current Expenditure
 (C7 = C3 - C6)"
2015/16,E0920,E10000006,Cumbria,SC,Theatres and public entertainment,0,0.0,RO5_2015-16_data_by_LA_-_Revision.xlsx,RO5 LA Data 2015-16,"row 43, column 40","Net Current Expenditure
 (C7 = C3 - C6)"
2015/16,E0920,E10000006,Cumbria,SC,Library service,6044,6044000.0,RO5_2015-16_data_by_LA_-_Revision.xlsx,RO5 LA Data 2015-16,"row 43, column 89","Net Current Expenditure
 (C7 = C3 - C6)"
2015/16,E0931,E07000026,Allerdale,SD,Archives,0,0.0,RO5_2015-16_data_by_LA_-_Revision.xlsx,RO5 LA Data 2015-16,"row 44, column 12","Net Current Expenditure
 (C7 = C3 - C6)"
2015/16,E0931,E07000026,Allerdale,SD,Arts development and support,45,45000.0,RO5_2015-16_data_by_LA_-_Revision.xlsx,RO5 LA Data 2015-16,"row 44, column 19","Net Current Expenditure
 (C7 = C3 - C6)"
2015/16,E0931,E07000026,Allerdale,SD,Heritage,0,0.0,RO5_2015-16_data_by_LA_-_Revision.xlsx,RO5 LA Data 2015-16,"row 44, column 26","Net Current Expenditure
 (C7 = C3 - C6)"
2015/16,E0931,E07000026,Allerdale,SD,Museums and galleries,358,358000.0,RO5_2015-16_data_by_LA_-_Revision.xlsx,RO5 LA Data 2015-16,"row 44, column 33","Net Current Expenditure
 (C7 = C3 - C6)"
2015/16,E0931,E07000026,Allerdale,SD,Theatres and public entertainment,248,248000.0,RO5_2015-16_data_by_LA_-_Revision.xlsx,RO5 LA Data 2015-16,"row 44, column 40","Net Current Expenditure
 (C7 = C3 - C6)"
2015/16,E0931,E07000026,Allerdale,SD,Library service,0,0.0,RO5_2015-16_data_by_LA_-_Revision.xlsx,RO5 LA Data 2015-16,"row 44, column 89","Net Current Expenditure
 (C7 = C3 - C6)"
2015/16,E0932,E07000027,Barrow-in-Furness,SD,Archives,0,0.0,RO5_2015-16_data_by_LA_-_Revision.xlsx,RO5 LA Data 2015-16,"row 45, column 12","Net Current Expenditure
 (C7 = C3 - C6)"
2015/16,E0932,E07000027,Barrow-in-Furness,SD,Arts development and support,0,0.0,RO5_2015-16_data_by_LA_-_Revision.xlsx,RO5 LA Data 2015-16,"row 45, column 19","Net Current Expenditure
 (C7 = C3 - C6)"
2015/16,E0932,E07000027,Barrow-in-Furness,SD,Heritage,4,4000.0,RO5_2015-16_data_by_LA_-_Revision.xlsx,RO5 LA Data 2015-16,"row 45, column 26","Net Current Expenditure
 (C7 = C3 - C6)"
2015/16,E0932,E07000027,Barrow-in-Furness,SD,Museums and galleries,339,339000.0,RO5_2015-16_data_by_LA_-_Revision.xlsx,RO5 LA Data 2015-16,"row 45, column 33","Net Current Expenditure
 (C7 = C3 - C6)"
2015/16,E0932,E07000027,Barrow-in-Furness,SD,Theatres and public entertainment,541,541000.0,RO5_2015-16_data_by_LA_-_Revision.xlsx,RO5 LA Data 2015-16,"row 45, column 40","Net Current Expenditure
 (C7 = C3 - C6)"
2015/16,E0932,E07000027,Barrow-in-Furness,SD,Library service,0,0.0,RO5_2015-16_data_by_LA_-_Revision.xlsx,RO5 LA Data 2015-16,"row 45, column 89","Net Current Expenditure
 (C7 = C3 - C6)"
2015/16,E0933,E07000028,Carlisle,SD,Archives,0,0.0,RO5_2015-16_data_by_LA_-_Revision.xlsx,RO5 LA Data 2015-16,"row 46, column 12","Net Current Expenditure
 (C7 = C3 - C6)"
2015/16,E0933,E07000028,Carlisle,SD,Arts development and support,0,0.0,RO5_2015-16_data_by_LA_-_Revision.xlsx,RO5 LA Data 2015-16,"row 46, column 19","Net Current Expenditure
 (C7 = C3 - C6)"
2015/16,E0933,E07000028,Carlisle,SD,Heritage,0,0.0,RO5_2015-16_data_by_LA_-_Revision.xlsx,RO5 LA Data 2015-16,"row 46, column 26","Net Current Expenditure
 (C7 = C3 - C6)"
2015/16,E0933,E07000028,Carlisle,SD,Museums and galleries,1250,1250000.0,RO5_2015-16_data_by_LA_-_Revision.xlsx,RO5 LA Data 2015-16,"row 46, column 33","Net Current Expenditure
 (C7 = C3 - C6)"
2015/16,E0933,E07000028,Carlisle,SD,Theatres and public entertainment,999,999000.0,RO5_2015-16_data_by_LA_-_Revision.xlsx,RO5 LA Data 2015-16,"row 46, column 40","Net Current Expenditure
 (C7 = C3 - C6)"
2015/16,E0933,E07000028,Carlisle,SD,Library service,0,0.0,RO5_2015-16_data_by_LA_-_Revision.xlsx,RO5 LA Data 2015-16,"row 46, column 89","Net Current Expenditure
 (C7 = C3 - C6)"
2015/16,E0934,E07000029,Copeland,SD,Archives,0,0.0,RO5_2015-16_data_by_LA_-_Revision.xlsx,RO5 LA Data 2015-16,"row 47, column 12","Net Current Expenditure
 (C7 = C3 - C6)"
2015/16,E0934,E07000029,Copeland,SD,Arts development and support,0,0.0,RO5_2015-16_data_by_LA_-_Revision.xlsx,RO5 LA Data 2015-16,"row 47, column 19","Net Current Expenditure
 (C7 = C3 - C6)"
2015/16,E0934,E07000029,Copeland,SD,Heritage,-6.782000000000039,-6782.000000000039,RO5_2015-16_data_by_LA_-_Revision.xlsx,RO5 LA Data 2015-16,"row 47, column 26","Net Current Expenditure
 (C7 = C3 - C6)"
2015/16,E0934,E07000029,Copeland,SD,Museums and galleries,132.518,132518.0,RO5_2015-16_data_by_LA_-_Revision.xlsx,RO5 LA Data 2015-16,"row 47, column 33","Net Current Expenditure
 (C7 = C3 - C6)"
2015/16,E0934,E07000029,Copeland,SD,Theatres and public entertainment,0,0.0,RO5_2015-16_data_by_LA_-_Revision.xlsx,RO5 LA Data 2015-16,"row 47, column 40","Net Current Expenditure
 (C7 = C3 - C6)"
2015/16,E0934,E07000029,Copeland,SD,Library service,0,0.0,RO5_2015-16_data_by_LA_-_Revision.xlsx,RO5 LA Data 2015-16,"row 47, column 89","Net Current Expenditure
 (C7 = C3 - C6)"
2015/16,E0935,E07000030,Eden,SD,Archives,0,0.0,RO5_2015-16_data_by_LA_-_Revision.xlsx,RO5 LA Data 2015-16,"row 48, column 12","Net Current Expenditure
 (C7 = C3 - C6)"
2015/16,E0935,E07000030,Eden,SD,Arts development and support,67,67000.0,RO5_2015-16_data_by_LA_-_Revision.xlsx,RO5 LA Data 2015-16,"row 48, column 19","Net Current Expenditure
 (C7 = C3 - C6)"
2015/16,E0935,E07000030,Eden,SD,Heritage,0,0.0,RO5_2015-16_data_by_LA_-_Revision.xlsx,RO5 LA Data 2015-16,"row 48, column 26","Net Current Expenditure
 (C7 = C3 - C6)"
2015/16,E0935,E07000030,Eden,SD,Museums and galleries,91,91000.0,RO5_2015-16_data_by_LA_-_Revision.xlsx,RO5 LA Data 2015-16,"row 48, column 33","Net Current Expenditure
 (C7 = C3 - C6)"
2015/16,E0935,E07000030,Eden,SD,Theatres and public entertainment,0,0.0,RO5_2015-16_data_by_LA_-_Revision.xlsx,RO5 LA Data 2015-16,"row 48, column 40","Net Current Expenditure
 (C7 = C3 - C6)"
2015/16,E0935,E07000030,Eden,SD,Library service,0,0.0,RO5_2015-16_data_by_LA_-_Revision.xlsx,RO5 LA Data 2015-16,"row 48, column 89","Net Current Expenditure
 (C7 = C3 - C6)"
2015/16,E0936,E07000031,South Lakeland,SD,Archives,0,0.0,RO5_2015-16_data_by_LA_-_Revision.xlsx,RO5 LA Data 2015-16,"row 49, column 12","Net Current Expenditure
 (C7 = C3 - C6)"
2015/16,E0936,E07000031,South Lakeland,SD,Arts development and support,0,0.0,RO5_2015-16_data_by_LA_-_Revision.xlsx,RO5 LA Data 2015-16,"row 49, column 19","Net Current Expenditure
 (C7 = C3 - C6)"
2015/16,E0936,E07000031,South Lakeland,SD,Heritage,0,0.0,RO5_2015-16_data_by_LA_-_Revision.xlsx,RO5 LA Data 2015-16,"row 49, column 26","Net Current Expenditure
 (C7 = C3 - C6)"
2015/16,E0936,E07000031,South Lakeland,SD,Museums and galleries,132,132000.0,RO5_2015-16_data_by_LA_-_Revision.xlsx,RO5 LA Data 2015-16,"row 49, column 33","Net Current Expenditure
 (C7 = C3 - C6)"
2015/16,E0936,E07000031,South Lakeland,SD,Theatres and public entertainment,81,81000.0,RO5_2015-16_data_by_LA_-_Revision.xlsx,RO5 LA Data 2015-16,"row 49, column 40","Net Current Expenditure
 (C7 = C3 - C6)"
2015/16,E0936,E07000031,South Lakeland,SD,Library service,0,0.0,RO5_2015-16_data_by_LA_-_Revision.xlsx,RO5 LA Data 2015-16,"row 49, column 89","Net Current Expenditure
 (C7 = C3 - C6)"
2015/16,E1001,E06000015,Derby City UA,UA,Archives,0,0.0,RO5_2015-16_data_by_LA_-_Revision.xlsx,RO5 LA Data 2015-16,"row 50, column 12","Net Current Expenditure
 (C7 = C3 - C6)"
2015/16,E1001,E06000015,Derby City UA,UA,Arts development and support,2095,2095000.0,RO5_2015-16_data_by_LA_-_Revision.xlsx,RO5 LA Data 2015-16,"row 50, column 19","Net Current Expenditure
 (C7 = C3 - C6)"
2015/16,E1001,E06000015,Derby City UA,UA,Heritage,0,0.0,RO5_2015-16_data_by_LA_-_Revision.xlsx,RO5 LA Data 2015-16,"row 50, column 26","Net Current Expenditure
 (C7 = C3 - C6)"
2015/16,E1001,E06000015,Derby City UA,UA,Museums and galleries,1151,1151000.0,RO5_2015-16_data_by_LA_-_Revision.xlsx,RO5 LA Data 2015-16,"row 50, column 33","Net Current Expenditure
 (C7 = C3 - C6)"
2015/16,E1001,E06000015,Derby City UA,UA,Theatres and public entertainment,441,441000.0,RO5_2015-16_data_by_LA_-_Revision.xlsx,RO5 LA Data 2015-16,"row 50, column 40","Net Current Expenditure
 (C7 = C3 - C6)"
2015/16,E1001,E06000015,Derby City UA,UA,Library service,2770,2770000.0,RO5_2015-16_data_by_LA_-_Revision.xlsx,RO5 LA Data 2015-16,"row 50, column 89","Net Current Expenditure
 (C7 = C3 - C6)"
2015/16,E1021,E10000007,Derbyshire,SC,Archives,604.98992,604989.9199999999,RO5_2015-16_data_by_LA_-_Revision.xlsx,RO5 LA Data 2015-16,"row 51, column 12","Net Current Expenditure
 (C7 = C3 - C6)"
2015/16,E1021,E10000007,Derbyshire,SC,Arts development and support,415.80619,415806.19,RO5_2015-16_data_by_LA_-_Revision.xlsx,RO5 LA Data 2015-16,"row 51, column 19","Net Current Expenditure
 (C7 = C3 - C6)"
2015/16,E1021,E10000007,Derbyshire,SC,Heritage,233,233000.0,RO5_2015-16_data_by_LA_-_Revision.xlsx,RO5 LA Data 2015-16,"row 51, column 26","Net Current Expenditure
 (C7 = C3 - C6)"
2015/16,E1021,E10000007,Derbyshire,SC,Museums and galleries,398.95682999999997,398956.82999999996,RO5_2015-16_data_by_LA_-_Revision.xlsx,RO5 LA Data 2015-16,"row 51, column 33","Net Current Expenditure
 (C7 = C3 - C6)"
2015/16,E1021,E10000007,Derbyshire,SC,Theatres and public entertainment,0,0.0,RO5_2015-16_data_by_LA_-_Revision.xlsx,RO5 LA Data 2015-16,"row 51, column 40","Net Current Expenditure
 (C7 = C3 - C6)"
2015/16,E1021,E10000007,Derbyshire,SC,Library service,10952.852160000002,10952852.160000002,RO5_2015-16_data_by_LA_-_Revision.xlsx,RO5 LA Data 2015-16,"row 51, column 89","Net Current Expenditure
 (C7 = C3 - C6)"
2015/16,E1031,E07000032,Amber Valley,SD,Archives,0,0.0,RO5_2015-16_data_by_LA_-_Revision.xlsx,RO5 LA Data 2015-16,"row 52, column 12","Net Current Expenditure
 (C7 = C3 - C6)"
2015/16,E1031,E07000032,Amber Valley,SD,Arts development and support,0,0.0,RO5_2015-16_data_by_LA_-_Revision.xlsx,RO5 LA Data 2015-16,"row 52, column 19","Net Current Expenditure
 (C7 = C3 - C6)"
2015/16,E1031,E07000032,Amber Valley,SD,Heritage,0,0.0,RO5_2015-16_data_by_LA_-_Revision.xlsx,RO5 LA Data 2015-16,"row 52, column 26","Net Current Expenditure
 (C7 = C3 - C6)"
2015/16,E1031,E07000032,Amber Valley,SD,Museums and galleries,44,44000.0,RO5_2015-16_data_by_LA_-_Revision.xlsx,RO5 LA Data 2015-16,"row 52, column 33","Net Current Expenditure
 (C7 = C3 - C6)"
2015/16,E1031,E07000032,Amber Valley,SD,Theatres and public entertainment,0,0.0,RO5_2015-16_data_by_LA_-_Revision.xlsx,RO5 LA Data 2015-16,"row 52, column 40","Net Current Expenditure
 (C7 = C3 - C6)"
2015/16,E1031,E07000032,Amber Valley,SD,Library service,0,0.0,RO5_2015-16_data_by_LA_-_Revision.xlsx,RO5 LA Data 2015-16,"row 52, column 89","Net Current Expenditure
 (C7 = C3 - C6)"
2015/16,E1032,E07000033,Bolsover,SD,Archives,0,0.0,RO5_2015-16_data_by_LA_-_Revision.xlsx,RO5 LA Data 2015-16,"row 53, column 12","Net Current Expenditure
 (C7 = C3 - C6)"
2015/16,E1032,E07000033,Bolsover,SD,Arts development and support,0,0.0,RO5_2015-16_data_by_LA_-_Revision.xlsx,RO5 LA Data 2015-16,"row 53, column 19","Net Current Expenditure
 (C7 = C3 - C6)"
2015/16,E1032,E07000033,Bolsover,SD,Heritage,62,62000.0,RO5_2015-16_data_by_LA_-_Revision.xlsx,RO5 LA Data 2015-16,"row 53, column 26","Net Current Expenditure
 (C7 = C3 - C6)"
2015/16,E1032,E07000033,Bolsover,SD,Museums and galleries,0,0.0,RO5_2015-16_data_by_LA_-_Revision.xlsx,RO5 LA Data 2015-16,"row 53, column 33","Net Current Expenditure
 (C7 = C3 - C6)"
2015/16,E1032,E07000033,Bolsover,SD,Theatres and public entertainment,0,0.0,RO5_2015-16_data_by_LA_-_Revision.xlsx,RO5 LA Data 2015-16,"row 53, column 40","Net Current Expenditure
 (C7 = C3 - C6)"
2015/16,E1032,E07000033,Bolsover,SD,Library service,0,0.0,RO5_2015-16_data_by_LA_-_Revision.xlsx,RO5 LA Data 2015-16,"row 53, column 89","Net Current Expenditure
 (C7 = C3 - C6)"
2015/16,E1033,E07000034,Chesterfield,SD,Archives,0,0.0,RO5_2015-16_data_by_LA_-_Revision.xlsx,RO5 LA Data 2015-16,"row 54, column 12","Net Current Expenditure
 (C7 = C3 - C6)"
2015/16,E1033,E07000034,Chesterfield,SD,Arts development and support,31,31000.0,RO5_2015-16_data_by_LA_-_Revision.xlsx,RO5 LA Data 2015-16,"row 54, column 19","Net Current Expenditure
 (C7 = C3 - C6)"
2015/16,E1033,E07000034,Chesterfield,SD,Heritage,0,0.0,RO5_2015-16_data_by_LA_-_Revision.xlsx,RO5 LA Data 2015-16,"row 54, column 26","Net Current Expenditure
 (C7 = C3 - C6)"
2015/16,E1033,E07000034,Chesterfield,SD,Museums and galleries,278,278000.0,RO5_2015-16_data_by_LA_-_Revision.xlsx,RO5 LA Data 2015-16,"row 54, column 33","Net Current Expenditure
 (C7 = C3 - C6)"
2015/16,E1033,E07000034,Chesterfield,SD,Theatres and public entertainment,15,15000.0,RO5_2015-16_data_by_LA_-_Revision.xlsx,RO5 LA Data 2015-16,"row 54, column 40","Net Current Expenditure
 (C7 = C3 - C6)"
2015/16,E1033,E07000034,Chesterfield,SD,Library service,0,0.0,RO5_2015-16_data_by_LA_-_Revision.xlsx,RO5 LA Data 2015-16,"row 54, column 89","Net Current Expenditure
 (C7 = C3 - C6)"
2015/16,E1035,E07000035,Derbyshire Dales,SD,Archives,0,0.0,RO5_2015-16_data_by_LA_-_Revision.xlsx,RO5 LA Data 2015-16,"row 55, column 12","Net Current Expenditure
 (C7 = C3 - C6)"
2015/16,E1035,E07000035,Derbyshire Dales,SD,Arts development and support,3,3000.0,RO5_2015-16_data_by_LA_-_Revision.xlsx,RO5 LA Data 2015-16,"row 55, column 19","Net Current Expenditure
 (C7 = C3 - C6)"
2015/16,E1035,E07000035,Derbyshire Dales,SD,Heritage,25,25000.0,RO5_2015-16_data_by_LA_-_Revision.xlsx,RO5 LA Data 2015-16,"row 55, column 26","Net Current Expenditure
 (C7 = C3 - C6)"
2015/16,E1035,E07000035,Derbyshire Dales,SD,Museums and galleries,11,11000.0,RO5_2015-16_data_by_LA_-_Revision.xlsx,RO5 LA Data 2015-16,"row 55, column 33","Net Current Expenditure
 (C7 = C3 - C6)"
2015/16,E1035,E07000035,Derbyshire Dales,SD,Theatres and public entertainment,-3,-3000.0,RO5_2015-16_data_by_LA_-_Revision.xlsx,RO5 LA Data 2015-16,"row 55, column 40","Net Current Expenditure
 (C7 = C3 - C6)"
2015/16,E1035,E07000035,Derbyshire Dales,SD,Library service,0,0.0,RO5_2015-16_data_by_LA_-_Revision.xlsx,RO5 LA Data 2015-16,"row 55, column 89","Net Current Expenditure
 (C7 = C3 - C6)"
2015/16,E1036,E07000036,Erewash,SD,Archives,0,0.0,RO5_2015-16_data_by_LA_-_Revision.xlsx,RO5 LA Data 2015-16,"row 56, column 12","Net Current Expenditure
 (C7 = C3 - C6)"
2015/16,E1036,E07000036,Erewash,SD,Arts development and support,63,63000.0,RO5_2015-16_data_by_LA_-_Revision.xlsx,RO5 LA Data 2015-16,"row 56, column 19","Net Current Expenditure
 (C7 = C3 - C6)"
2015/16,E1036,E07000036,Erewash,SD,Heritage,0,0.0,RO5_2015-16_data_by_LA_-_Revision.xlsx,RO5 LA Data 2015-16,"row 56, column 26","Net Current Expenditure
 (C7 = C3 - C6)"
2015/16,E1036,E07000036,Erewash,SD,Museums and galleries,221,221000.0,RO5_2015-16_data_by_LA_-_Revision.xlsx,RO5 LA Data 2015-16,"row 56, column 33","Net Current Expenditure
 (C7 = C3 - C6)"
2015/16,E1036,E07000036,Erewash,SD,Theatres and public entertainment,52,52000.0,RO5_2015-16_data_by_LA_-_Revision.xlsx,RO5 LA Data 2015-16,"row 56, column 40","Net Current Expenditure
 (C7 = C3 - C6)"
2015/16,E1036,E07000036,Erewash,SD,Library service,0,0.0,RO5_2015-16_data_by_LA_-_Revision.xlsx,RO5 LA Data 2015-16,"row 56, column 89","Net Current Expenditure
 (C7 = C3 - C6)"
2015/16,E1037,E07000037,High Peak,SD,Archives,0,0.0,RO5_2015-16_data_by_LA_-_Revision.xlsx,RO5 LA Data 2015-16,"row 57, column 12","Net Current Expenditure
 (C7 = C3 - C6)"
2015/16,E1037,E07000037,High Peak,SD,Arts development and support,0,0.0,RO5_2015-16_data_by_LA_-_Revision.xlsx,RO5 LA Data 2015-16,"row 57, column 19","Net Current Expenditure
 (C7 = C3 - C6)"
2015/16,E1037,E07000037,High Peak,SD,Heritage,26,26000.0,RO5_2015-16_data_by_LA_-_Revision.xlsx,RO5 LA Data 2015-16,"row 57, column 26","Net Current Expenditure
 (C7 = C3 - C6)"
2015/16,E1037,E07000037,High Peak,SD,Museums and galleries,30,30000.0,RO5_2015-16_data_by_LA_-_Revision.xlsx,RO5 LA Data 2015-16,"row 57, column 33","Net Current Expenditure
 (C7 = C3 - C6)"
2015/16,E1037,E07000037,High Peak,SD,Theatres and public entertainment,164,164000.0,RO5_2015-16_data_by_LA_-_Revision.xlsx,RO5 LA Data 2015-16,"row 57, column 40","Net Current Expenditure
 (C7 = C3 - C6)"
2015/16,E1037,E07000037,High Peak,SD,Library service,0,0.0,RO5_2015-16_data_by_LA_-_Revision.xlsx,RO5 LA Data 2015-16,"row 57, column 89","Net Current Expenditure
 (C7 = C3 - C6)"
2015/16,E1038,E07000038,North East Derbyshire,SD,Archives,0,0.0,RO5_2015-16_data_by_LA_-_Revision.xlsx,RO5 LA Data 2015-16,"row 58, column 12","Net Current Expenditure
 (C7 = C3 - C6)"
2015/16,E1038,E07000038,North East Derbyshire,SD,Arts development and support,8,8000.0,RO5_2015-16_data_by_LA_-_Revision.xlsx,RO5 LA Data 2015-16,"row 58, column 19","Net Current Expenditure
 (C7 = C3 - C6)"
2015/16,E1038,E07000038,North East Derbyshire,SD,Heritage,0,0.0,RO5_2015-16_data_by_LA_-_Revision.xlsx,RO5 LA Data 2015-16,"row 58, column 26","Net Current Expenditure
 (C7 = C3 - C6)"
2015/16,E1038,E07000038,North East Derbyshire,SD,Museums and galleries,0,0.0,RO5_2015-16_data_by_LA_-_Revision.xlsx,RO5 LA Data 2015-16,"row 58, column 33","Net Current Expenditure
 (C7 = C3 - C6)"
2015/16,E1038,E07000038,North East Derbyshire,SD,Theatres and public entertainment,3,3000.0,RO5_2015-16_data_by_LA_-_Revision.xlsx,RO5 LA Data 2015-16,"row 58, column 40","Net Current Expenditure
 (C7 = C3 - C6)"
2015/16,E1038,E07000038,North East Derbyshire,SD,Library service,0,0.0,RO5_2015-16_data_by_LA_-_Revision.xlsx,RO5 LA Data 2015-16,"row 58, column 89","Net Current Expenditure
 (C7 = C3 - C6)"
2015/16,E1039,E07000039,South Derbyshire,SD,Archives,0,0.0,RO5_2015-16_data_by_LA_-_Revision.xlsx,RO5 LA Data 2015-16,"row 59, column 12","Net Current Expenditure
 (C7 = C3 - C6)"
2015/16,E1039,E07000039,South Derbyshire,SD,Arts development and support,23,23000.0,RO5_2015-16_data_by_LA_-_Revision.xlsx,RO5 LA Data 2015-16,"row 59, column 19","Net Current Expenditure
 (C7 = C3 - C6)"
2015/16,E1039,E07000039,South Derbyshire,SD,Heritage,0,0.0,RO5_2015-16_data_by_LA_-_Revision.xlsx,RO5 LA Data 2015-16,"row 59, column 26","Net Current Expenditure
 (C7 = C3 - C6)"
2015/16,E1039,E07000039,South Derbyshire,SD,Museums and galleries,0,0.0,RO5_2015-16_data_by_LA_-_Revision.xlsx,RO5 LA Data 2015-16,"row 59, column 33","Net Current Expenditure
 (C7 = C3 - C6)"
2015/16,E1039,E07000039,South Derbyshire,SD,Theatres and public entertainment,193,193000.0,RO5_2015-16_data_by_LA_-_Revision.xlsx,RO5 LA Data 2015-16,"row 59, column 40","Net Current Expenditure
 (C7 = C3 - C6)"
2015/16,E1039,E07000039,South Derbyshire,SD,Library service,0,0.0,RO5_2015-16_data_by_LA_-_Revision.xlsx,RO5 LA Data 2015-16,"row 59, column 89","Net Current Expenditure
 (C7 = C3 - C6)"
2015/16,E1101,E06000026,Plymouth UA,UA,Archives,365,365000.0,RO5_2015-16_data_by_LA_-_Revision.xlsx,RO5 LA Data 2015-16,"row 60, column 12","Net Current Expenditure
 (C7 = C3 - C6)"
2015/16,E1101,E06000026,Plymouth UA,UA,Arts development and support,0,0.0,RO5_2015-16_data_by_LA_-_Revision.xlsx,RO5 LA Data 2015-16,"row 60, column 19","Net Current Expenditure
 (C7 = C3 - C6)"
2015/16,E1101,E06000026,Plymouth UA,UA,Heritage,65,65000.0,RO5_2015-16_data_by_LA_-_Revision.xlsx,RO5 LA Data 2015-16,"row 60, column 26","Net Current Expenditure
 (C7 = C3 - C6)"
2015/16,E1101,E06000026,Plymouth UA,UA,Museums and galleries,1948,1948000.0,RO5_2015-16_data_by_LA_-_Revision.xlsx,RO5 LA Data 2015-16,"row 60, column 33","Net Current Expenditure
 (C7 = C3 - C6)"
2015/16,E1101,E06000026,Plymouth UA,UA,Theatres and public entertainment,500,500000.0,RO5_2015-16_data_by_LA_-_Revision.xlsx,RO5 LA Data 2015-16,"row 60, column 40","Net Current Expenditure
 (C7 = C3 - C6)"
2015/16,E1101,E06000026,Plymouth UA,UA,Library service,3413,3413000.0,RO5_2015-16_data_by_LA_-_Revision.xlsx,RO5 LA Data 2015-16,"row 60, column 89","Net Current Expenditure
 (C7 = C3 - C6)"
2015/16,E1102,E06000027,Torbay UA,UA,Archives,99,99000.0,RO5_2015-16_data_by_LA_-_Revision.xlsx,RO5 LA Data 2015-16,"row 61, column 12","Net Current Expenditure
 (C7 = C3 - C6)"
2015/16,E1102,E06000027,Torbay UA,UA,Arts development and support,233,233000.0,RO5_2015-16_data_by_LA_-_Revision.xlsx,RO5 LA Data 2015-16,"row 61, column 19","Net Current Expenditure
 (C7 = C3 - C6)"
2015/16,E1102,E06000027,Torbay UA,UA,Heritage,0,0.0,RO5_2015-16_data_by_LA_-_Revision.xlsx,RO5 LA Data 2015-16,"row 61, column 26","Net Current Expenditure
 (C7 = C3 - C6)"
2015/16,E1102,E06000027,Torbay UA,UA,Museums and galleries,427,427000.0,RO5_2015-16_data_by_LA_-_Revision.xlsx,RO5 LA Data 2015-16,"row 61, column 33","Net Current Expenditure
 (C7 = C3 - C6)"
2015/16,E1102,E06000027,Torbay UA,UA,Theatres and public entertainment,255,255000.0,RO5_2015-16_data_by_LA_-_Revision.xlsx,RO5 LA Data 2015-16,"row 61, column 40","Net Current Expenditure
 (C7 = C3 - C6)"
2015/16,E1102,E06000027,Torbay UA,UA,Library service,1648,1648000.0,RO5_2015-16_data_by_LA_-_Revision.xlsx,RO5 LA Data 2015-16,"row 61, column 89","Net Current Expenditure
 (C7 = C3 - C6)"
2015/16,E1121,E10000008,Devon,SC,Archives,774,774000.0,RO5_2015-16_data_by_LA_-_Revision.xlsx,RO5 LA Data 2015-16,"row 62, column 12","Net Current Expenditure
 (C7 = C3 - C6)"
2015/16,E1121,E10000008,Devon,SC,Arts development and support,247,247000.0,RO5_2015-16_data_by_LA_-_Revision.xlsx,RO5 LA Data 2015-16,"row 62, column 19","Net Current Expenditure
 (C7 = C3 - C6)"
2015/16,E1121,E10000008,Devon,SC,Heritage,161,161000.0,RO5_2015-16_data_by_LA_-_Revision.xlsx,RO5 LA Data 2015-16,"row 62, column 26","Net Current Expenditure
 (C7 = C3 - C6)"
2015/16,E1121,E10000008,Devon,SC,Museums and galleries,0,0.0,RO5_2015-16_data_by_LA_-_Revision.xlsx,RO5 LA Data 2015-16,"row 62, column 33","Net Current Expenditure
 (C7 = C3 - C6)"
2015/16,E1121,E10000008,Devon,SC,Theatres and public entertainment,0,0.0,RO5_2015-16_data_by_LA_-_Revision.xlsx,RO5 LA Data 2015-16,"row 62, column 40","Net Current Expenditure
 (C7 = C3 - C6)"
2015/16,E1121,E10000008,Devon,SC,Library service,8400,8400000.0,RO5_2015-16_data_by_LA_-_Revision.xlsx,RO5 LA Data 2015-16,"row 62, column 89","Net Current Expenditure
 (C7 = C3 - C6)"
2015/16,E1131,E07000040,East Devon,SD,Archives,0,0.0,RO5_2015-16_data_by_LA_-_Revision.xlsx,RO5 LA Data 2015-16,"row 63, column 12","Net Current Expenditure
 (C7 = C3 - C6)"
2015/16,E1131,E07000040,East Devon,SD,Arts development and support,25,25000.0,RO5_2015-16_data_by_LA_-_Revision.xlsx,RO5 LA Data 2015-16,"row 63, column 19","Net Current Expenditure
 (C7 = C3 - C6)"
2015/16,E1131,E07000040,East Devon,SD,Heritage,0,0.0,RO5_2015-16_data_by_LA_-_Revision.xlsx,RO5 LA Data 2015-16,"row 63, column 26","Net Current Expenditure
 (C7 = C3 - C6)"
2015/16,E1131,E07000040,East Devon,SD,Museums and galleries,161,161000.0,RO5_2015-16_data_by_LA_-_Revision.xlsx,RO5 LA Data 2015-16,"row 63, column 33","Net Current Expenditure
 (C7 = C3 - C6)"
2015/16,E1131,E07000040,East Devon,SD,Theatres and public entertainment,52,52000.0,RO5_2015-16_data_by_LA_-_Revision.xlsx,RO5 LA Data 2015-16,"row 63, column 40","Net Current Expenditure
 (C7 = C3 - C6)"
2015/16,E1131,E07000040,East Devon,SD,Library service,0,0.0,RO5_2015-16_data_by_LA_-_Revision.xlsx,RO5 LA Data 2015-16,"row 63, column 89","Net Current Expenditure
 (C7 = C3 - C6)"
2015/16,E1132,E07000041,Exeter,SD,Archives,0,0.0,RO5_2015-16_data_by_LA_-_Revision.xlsx,RO5 LA Data 2015-16,"row 64, column 12","Net Current Expenditure
 (C7 = C3 - C6)"
2015/16,E1132,E07000041,Exeter,SD,Arts development and support,0,0.0,RO5_2015-16_data_by_LA_-_Revision.xlsx,RO5 LA Data 2015-16,"row 64, column 19","Net Current Expenditure
 (C7 = C3 - C6)"
2015/16,E1132,E07000041,Exeter,SD,Heritage,0,0.0,RO5_2015-16_data_by_LA_-_Revision.xlsx,RO5 LA Data 2015-16,"row 64, column 26","Net Current Expenditure
 (C7 = C3 - C6)"
2015/16,E1132,E07000041,Exeter,SD,Museums and galleries,2358,2358000.0,RO5_2015-16_data_by_LA_-_Revision.xlsx,RO5 LA Data 2015-16,"row 64, column 33","Net Current Expenditure
 (C7 = C3 - C6)"
2015/16,E1132,E07000041,Exeter,SD,Theatres and public entertainment,490,490000.0,RO5_2015-16_data_by_LA_-_Revision.xlsx,RO5 LA Data 2015-16,"row 64, column 40","Net Current Expenditure
 (C7 = C3 - C6)"
2015/16,E1132,E07000041,Exeter,SD,Library service,0,0.0,RO5_2015-16_data_by_LA_-_Revision.xlsx,RO5 LA Data 2015-16,"row 64, column 89","Net Current Expenditure
 (C7 = C3 - C6)"
2015/16,E1133,E07000042,Mid Devon,SD,Archives,0,0.0,RO5_2015-16_data_by_LA_-_Revision.xlsx,RO5 LA Data 2015-16,"row 65, column 12","Net Current Expenditure
 (C7 = C3 - C6)"
2015/16,E1133,E07000042,Mid Devon,SD,Arts development and support,0,0.0,RO5_2015-16_data_by_LA_-_Revision.xlsx,RO5 LA Data 2015-16,"row 65, column 19","Net Current Expenditure
 (C7 = C3 - C6)"
2015/16,E1133,E07000042,Mid Devon,SD,Heritage,0,0.0,RO5_2015-16_data_by_LA_-_Revision.xlsx,RO5 LA Data 2015-16,"row 65, column 26","Net Current Expenditure
 (C7 = C3 - C6)"
2015/16,E1133,E07000042,Mid Devon,SD,Museums and galleries,0,0.0,RO5_2015-16_data_by_LA_-_Revision.xlsx,RO5 LA Data 2015-16,"row 65, column 33","Net Current Expenditure
 (C7 = C3 - C6)"
2015/16,E1133,E07000042,Mid Devon,SD,Theatres and public entertainment,0,0.0,RO5_2015-16_data_by_LA_-_Revision.xlsx,RO5 LA Data 2015-16,"row 65, column 40","Net Current Expenditure
 (C7 = C3 - C6)"
2015/16,E1133,E07000042,Mid Devon,SD,Library service,0,0.0,RO5_2015-16_data_by_LA_-_Revision.xlsx,RO5 LA Data 2015-16,"row 65, column 89","Net Current Expenditure
 (C7 = C3 - C6)"
2015/16,E1134,E07000043,North Devon,SD,Archives,0,0.0,RO5_2015-16_data_by_LA_-_Revision.xlsx,RO5 LA Data 2015-16,"row 66, column 12","Net Current Expenditure
 (C7 = C3 - C6)"
2015/16,E1134,E07000043,North Devon,SD,Arts development and support,0,0.0,RO5_2015-16_data_by_LA_-_Revision.xlsx,RO5 LA Data 2015-16,"row 66, column 19","Net Current Expenditure
 (C7 = C3 - C6)"
2015/16,E1134,E07000043,North Devon,SD,Heritage,0,0.0,RO5_2015-16_data_by_LA_-_Revision.xlsx,RO5 LA Data 2015-16,"row 66, column 26","Net Current Expenditure
 (C7 = C3 - C6)"
2015/16,E1134,E07000043,North Devon,SD,Museums and galleries,191,191000.0,RO5_2015-16_data_by_LA_-_Revision.xlsx,RO5 LA Data 2015-16,"row 66, column 33","Net Current Expenditure
 (C7 = C3 - C6)"
2015/16,E1134,E07000043,North Devon,SD,Theatres and public entertainment,379,379000.0,RO5_2015-16_data_by_LA_-_Revision.xlsx,RO5 LA Data 2015-16,"row 66, column 40","Net Current Expenditure
 (C7 = C3 - C6)"
2015/16,E1134,E07000043,North Devon,SD,Library service,0,0.0,RO5_2015-16_data_by_LA_-_Revision.xlsx,RO5 LA Data 2015-16,"row 66, column 89","Net Current Expenditure
 (C7 = C3 - C6)"
2015/16,E1136,E07000044,South Hams,SD,Archives,0,0.0,RO5_2015-16_data_by_LA_-_Revision.xlsx,RO5 LA Data 2015-16,"row 67, column 12","Net Current Expenditure
 (C7 = C3 - C6)"
2015/16,E1136,E07000044,South Hams,SD,Arts development and support,0,0.0,RO5_2015-16_data_by_LA_-_Revision.xlsx,RO5 LA Data 2015-16,"row 67, column 19","Net Current Expenditure
 (C7 = C3 - C6)"
2015/16,E1136,E07000044,South Hams,SD,Heritage,0,0.0,RO5_2015-16_data_by_LA_-_Revision.xlsx,RO5 LA Data 2015-16,"row 67, column 26","Net Current Expenditure
 (C7 = C3 - C6)"
2015/16,E1136,E07000044,South Hams,SD,Museums and galleries,0,0.0,RO5_2015-16_data_by_LA_-_Revision.xlsx,RO5 LA Data 2015-16,"row 67, column 33","Net Current Expenditure
 (C7 = C3 - C6)"
2015/16,E1136,E07000044,South Hams,SD,Theatres and public entertainment,0,0.0,RO5_2015-16_data_by_LA_-_Revision.xlsx,RO5 LA Data 2015-16,"row 67, column 40","Net Current Expenditure
 (C7 = C3 - C6)"
2015/16,E1136,E07000044,South Hams,SD,Library service,0,0.0,RO5_2015-16_data_by_LA_-_Revision.xlsx,RO5 LA Data 2015-16,"row 67, column 89","Net Current Expenditure
 (C7 = C3 - C6)"
2015/16,E1137,E07000045,Teignbridge,SD,Archives,0,0.0,RO5_2015-16_data_by_LA_-_Revision.xlsx,RO5 LA Data 2015-16,"row 68, column 12","Net Current Expenditure
 (C7 = C3 - C6)"
2015/16,E1137,E07000045,Teignbridge,SD,Arts development and support,0,0.0,RO5_2015-16_data_by_LA_-_Revision.xlsx,RO5 LA Data 2015-16,"row 68, column 19","Net Current Expenditure
 (C7 = C3 - C6)"
2015/16,E1137,E07000045,Teignbridge,SD,Heritage,0,0.0,RO5_2015-16_data_by_LA_-_Revision.xlsx,RO5 LA Data 2015-16,"row 68, column 26","Net Current Expenditure
 (C7 = C3 - C6)"
2015/16,E1137,E07000045,Teignbridge,SD,Museums and galleries,0,0.0,RO5_2015-16_data_by_LA_-_Revision.xlsx,RO5 LA Data 2015-16,"row 68, column 33","Net Current Expenditure
 (C7 = C3 - C6)"
2015/16,E1137,E07000045,Teignbridge,SD,Theatres and public entertainment,142,142000.0,RO5_2015-16_data_by_LA_-_Revision.xlsx,RO5 LA Data 2015-16,"row 68, column 40","Net Current Expenditure
 (C7 = C3 - C6)"
2015/16,E1137,E07000045,Teignbridge,SD,Library service,0,0.0,RO5_2015-16_data_by_LA_-_Revision.xlsx,RO5 LA Data 2015-16,"row 68, column 89","Net Current Expenditure
 (C7 = C3 - C6)"
2015/16,E1139,E07000046,Torridge,SD,Archives,0,0.0,RO5_2015-16_data_by_LA_-_Revision.xlsx,RO5 LA Data 2015-16,"row 69, column 12","Net Current Expenditure
 (C7 = C3 - C6)"
2015/16,E1139,E07000046,Torridge,SD,Arts development and support,18,18000.0,RO5_2015-16_data_by_LA_-_Revision.xlsx,RO5 LA Data 2015-16,"row 69, column 19","Net Current Expenditure
 (C7 = C3 - C6)"
2015/16,E1139,E07000046,Torridge,SD,Heritage,0,0.0,RO5_2015-16_data_by_LA_-_Revision.xlsx,RO5 LA Data 2015-16,"row 69, column 26","Net Current Expenditure
 (C7 = C3 - C6)"
2015/16,E1139,E07000046,Torridge,SD,Museums and galleries,341,341000.0,RO5_2015-16_data_by_LA_-_Revision.xlsx,RO5 LA Data 2015-16,"row 69, column 33","Net Current Expenditure
 (C7 = C3 - C6)"
2015/16,E1139,E07000046,Torridge,SD,Theatres and public entertainment,0,0.0,RO5_2015-16_data_by_LA_-_Revision.xlsx,RO5 LA Data 2015-16,"row 69, column 40","Net Current Expenditure
 (C7 = C3 - C6)"
2015/16,E1139,E07000046,Torridge,SD,Library service,0,0.0,RO5_2015-16_data_by_LA_-_Revision.xlsx,RO5 LA Data 2015-16,"row 69, column 89","Net Current Expenditure
 (C7 = C3 - C6)"
2015/16,E1140,E07000047,West Devon,SD,Archives,0,0.0,RO5_2015-16_data_by_LA_-_Revision.xlsx,RO5 LA Data 2015-16,"row 70, column 12","Net Current Expenditure
 (C7 = C3 - C6)"
2015/16,E1140,E07000047,West Devon,SD,Arts development and support,0,0.0,RO5_2015-16_data_by_LA_-_Revision.xlsx,RO5 LA Data 2015-16,"row 70, column 19","Net Current Expenditure
 (C7 = C3 - C6)"
2015/16,E1140,E07000047,West Devon,SD,Heritage,0,0.0,RO5_2015-16_data_by_LA_-_Revision.xlsx,RO5 LA Data 2015-16,"row 70, column 26","Net Current Expenditure
 (C7 = C3 - C6)"
2015/16,E1140,E07000047,West Devon,SD,Museums and galleries,0,0.0,RO5_2015-16_data_by_LA_-_Revision.xlsx,RO5 LA Data 2015-16,"row 70, column 33","Net Current Expenditure
 (C7 = C3 - C6)"
2015/16,E1140,E07000047,West Devon,SD,Theatres and public entertainment,0,0.0,RO5_2015-16_data_by_LA_-_Revision.xlsx,RO5 LA Data 2015-16,"row 70, column 40","Net Current Expenditure
 (C7 = C3 - C6)"
2015/16,E1140,E07000047,West Devon,SD,Library service,0,0.0,RO5_2015-16_data_by_LA_-_Revision.xlsx,RO5 LA Data 2015-16,"row 70, column 89","Net Current Expenditure
 (C7 = C3 - C6)"
2015/16,E1201,E06000029,Poole UA,UA,Archives,108,108000.0,RO5_2015-16_data_by_LA_-_Revision.xlsx,RO5 LA Data 2015-16,"row 71, column 12","Net Current Expenditure
 (C7 = C3 - C6)"
2015/16,E1201,E06000029,Poole UA,UA,Arts development and support,642,642000.0,RO5_2015-16_data_by_LA_-_Revision.xlsx,RO5 LA Data 2015-16,"row 71, column 19","Net Current Expenditure
 (C7 = C3 - C6)"
2015/16,E1201,E06000029,Poole UA,UA,Heritage,0,0.0,RO5_2015-16_data_by_LA_-_Revision.xlsx,RO5 LA Data 2015-16,"row 71, column 26","Net Current Expenditure
 (C7 = C3 - C6)"
2015/16,E1201,E06000029,Poole UA,UA,Museums and galleries,738,738000.0,RO5_2015-16_data_by_LA_-_Revision.xlsx,RO5 LA Data 2015-16,"row 71, column 33","Net Current Expenditure
 (C7 = C3 - C6)"
2015/16,E1201,E06000029,Poole UA,UA,Theatres and public entertainment,0,0.0,RO5_2015-16_data_by_LA_-_Revision.xlsx,RO5 LA Data 2015-16,"row 71, column 40","Net Current Expenditure
 (C7 = C3 - C6)"
2015/16,E1201,E06000029,Poole UA,UA,Library service,2497,2497000.0,RO5_2015-16_data_by_LA_-_Revision.xlsx,RO5 LA Data 2015-16,"row 71, column 89","Net Current Expenditure
 (C7 = C3 - C6)"
2015/16,E1202,E06000028,Bournemouth UA,UA,Archives,0,0.0,RO5_2015-16_data_by_LA_-_Revision.xlsx,RO5 LA Data 2015-16,"row 72, column 12","Net Current Expenditure
 (C7 = C3 - C6)"
2015/16,E1202,E06000028,Bournemouth UA,UA,Arts development and support,377,377000.0,RO5_2015-16_data_by_LA_-_Revision.xlsx,RO5 LA Data 2015-16,"row 72, column 19","Net Current Expenditure
 (C7 = C3 - C6)"
2015/16,E1202,E06000028,Bournemouth UA,UA,Heritage,0,0.0,RO5_2015-16_data_by_LA_-_Revision.xlsx,RO5 LA Data 2015-16,"row 72, column 26","Net Current Expenditure
 (C7 = C3 - C6)"
2015/16,E1202,E06000028,Bournemouth UA,UA,Museums and galleries,358,358000.0,RO5_2015-16_data_by_LA_-_Revision.xlsx,RO5 LA Data 2015-16,"row 72, column 33","Net Current Expenditure
 (C7 = C3 - C6)"
2015/16,E1202,E06000028,Bournemouth UA,UA,Theatres and public entertainment,1360,1360000.0,RO5_2015-16_data_by_LA_-_Revision.xlsx,RO5 LA Data 2015-16,"row 72, column 40","Net Current Expenditure
 (C7 = C3 - C6)"
2015/16,E1202,E06000028,Bournemouth UA,UA,Library service,5368,5368000.0,RO5_2015-16_data_by_LA_-_Revision.xlsx,RO5 LA Data 2015-16,"row 72, column 89","Net Current Expenditure
 (C7 = C3 - C6)"
2015/16,E1221,E10000009,Dorset,SC,Archives,0,0.0,RO5_2015-16_data_by_LA_-_Revision.xlsx,RO5 LA Data 2015-16,"row 73, column 12","Net Current Expenditure
 (C7 = C3 - C6)"
2015/16,E1221,E10000009,Dorset,SC,Arts development and support,0,0.0,RO5_2015-16_data_by_LA_-_Revision.xlsx,RO5 LA Data 2015-16,"row 73, column 19","Net Current Expenditure
 (C7 = C3 - C6)"
2015/16,E1221,E10000009,Dorset,SC,Heritage,134.69799999999998,134697.99999999997,RO5_2015-16_data_by_LA_-_Revision.xlsx,RO5 LA Data 2015-16,"row 73, column 26","Net Current Expenditure
 (C7 = C3 - C6)"
2015/16,E1221,E10000009,Dorset,SC,Museums and galleries,0,0.0,RO5_2015-16_data_by_LA_-_Revision.xlsx,RO5 LA Data 2015-16,"row 73, column 33","Net Current Expenditure
 (C7 = C3 - C6)"
2015/16,E1221,E10000009,Dorset,SC,Theatres and public entertainment,0,0.0,RO5_2015-16_data_by_LA_-_Revision.xlsx,RO5 LA Data 2015-16,"row 73, column 40","Net Current Expenditure
 (C7 = C3 - C6)"
2015/16,E1221,E10000009,Dorset,SC,Library service,5546.841,5546841.0,RO5_2015-16_data_by_LA_-_Revision.xlsx,RO5 LA Data 2015-16,"row 73, column 89","Net Current Expenditure
 (C7 = C3 - C6)"
2015/16,E1232,E07000048,Christchurch,SD,Archives,0,0.0,RO5_2015-16_data_by_LA_-_Revision.xlsx,RO5 LA Data 2015-16,"row 74, column 12","Net Current Expenditure
 (C7 = C3 - C6)"
2015/16,E1232,E07000048,Christchurch,SD,Arts development and support,0,0.0,RO5_2015-16_data_by_LA_-_Revision.xlsx,RO5 LA Data 2015-16,"row 74, column 19","Net Current Expenditure
 (C7 = C3 - C6)"
2015/16,E1232,E07000048,Christchurch,SD,Heritage,100,100000.0,RO5_2015-16_data_by_LA_-_Revision.xlsx,RO5 LA Data 2015-16,"row 74, column 26","Net Current Expenditure
 (C7 = C3 - C6)"
2015/16,E1232,E07000048,Christchurch,SD,Museums and galleries,50,50000.0,RO5_2015-16_data_by_LA_-_Revision.xlsx,RO5 LA Data 2015-16,"row 74, column 33","Net Current Expenditure
 (C7 = C3 - C6)"
2015/16,E1232,E07000048,Christchurch,SD,Theatres and public entertainment,91,91000.0,RO5_2015-16_data_by_LA_-_Revision.xlsx,RO5 LA Data 2015-16,"row 74, column 40","Net Current Expenditure
 (C7 = C3 - C6)"
2015/16,E1232,E07000048,Christchurch,SD,Library service,0,0.0,RO5_2015-16_data_by_LA_-_Revision.xlsx,RO5 LA Data 2015-16,"row 74, column 89","Net Current Expenditure
 (C7 = C3 - C6)"
2015/16,E1233,E07000049,East Dorset,SD,Archives,0,0.0,RO5_2015-16_data_by_LA_-_Revision.xlsx,RO5 LA Data 2015-16,"row 75, column 12","Net Current Expenditure
 (C7 = C3 - C6)"
2015/16,E1233,E07000049,East Dorset,SD,Arts development and support,1,1000.0,RO5_2015-16_data_by_LA_-_Revision.xlsx,RO5 LA Data 2015-16,"row 75, column 19","Net Current Expenditure
 (C7 = C3 - C6)"
2015/16,E1233,E07000049,East Dorset,SD,Heritage,-24,-24000.0,RO5_2015-16_data_by_LA_-_Revision.xlsx,RO5 LA Data 2015-16,"row 75, column 26","Net Current Expenditure
 (C7 = C3 - C6)"
2015/16,E1233,E07000049,East Dorset,SD,Museums and galleries,168,168000.0,RO5_2015-16_data_by_LA_-_Revision.xlsx,RO5 LA Data 2015-16,"row 75, column 33","Net Current Expenditure
 (C7 = C3 - C6)"
2015/16,E1233,E07000049,East Dorset,SD,Theatres and public entertainment,0,0.0,RO5_2015-16_data_by_LA_-_Revision.xlsx,RO5 LA Data 2015-16,"row 75, column 40","Net Current Expenditure
 (C7 = C3 - C6)"
2015/16,E1233,E07000049,East Dorset,SD,Library service,0,0.0,RO5_2015-16_data_by_LA_-_Revision.xlsx,RO5 LA Data 2015-16,"row 75, column 89","Net Current Expenditure
 (C7 = C3 - C6)"
2015/16,E1234,E07000050,North Dorset,SD,Archives,0,0.0,RO5_2015-16_data_by_LA_-_Revision.xlsx,RO5 LA Data 2015-16,"row 76, column 12","Net Current Expenditure
 (C7 = C3 - C6)"
2015/16,E1234,E07000050,North Dorset,SD,Arts development and support,16,16000.0,RO5_2015-16_data_by_LA_-_Revision.xlsx,RO5 LA Data 2015-16,"row 76, column 19","Net Current Expenditure
 (C7 = C3 - C6)"
2015/16,E1234,E07000050,North Dorset,SD,Heritage,0,0.0,RO5_2015-16_data_by_LA_-_Revision.xlsx,RO5 LA Data 2015-16,"row 76, column 26","Net Current Expenditure
 (C7 = C3 - C6)"
2015/16,E1234,E07000050,North Dorset,SD,Museums and galleries,0,0.0,RO5_2015-16_data_by_LA_-_Revision.xlsx,RO5 LA Data 2015-16,"row 76, column 33","Net Current Expenditure
 (C7 = C3 - C6)"
2015/16,E1234,E07000050,North Dorset,SD,Theatres and public entertainment,0,0.0,RO5_2015-16_data_by_LA_-_Revision.xlsx,RO5 LA Data 2015-16,"row 76, column 40","Net Current Expenditure
 (C7 = C3 - C6)"
2015/16,E1234,E07000050,North Dorset,SD,Library service,0,0.0,RO5_2015-16_data_by_LA_-_Revision.xlsx,RO5 LA Data 2015-16,"row 76, column 89","Net Current Expenditure
 (C7 = C3 - C6)"
2015/16,E1236,E07000051,Purbeck,SD,Archives,0,0.0,RO5_2015-16_data_by_LA_-_Revision.xlsx,RO5 LA Data 2015-16,"row 77, column 12","Net Current Expenditure
 (C7 = C3 - C6)"
2015/16,E1236,E07000051,Purbeck,SD,Arts development and support,6,6000.0,RO5_2015-16_data_by_LA_-_Revision.xlsx,RO5 LA Data 2015-16,"row 77, column 19","Net Current Expenditure
 (C7 = C3 - C6)"
2015/16,E1236,E07000051,Purbeck,SD,Heritage,0,0.0,RO5_2015-16_data_by_LA_-_Revision.xlsx,RO5 LA Data 2015-16,"row 77, column 26","Net Current Expenditure
 (C7 = C3 - C6)"
2015/16,E1236,E07000051,Purbeck,SD,Museums and galleries,0,0.0,RO5_2015-16_data_by_LA_-_Revision.xlsx,RO5 LA Data 2015-16,"row 77, column 33","Net Current Expenditure
 (C7 = C3 - C6)"
2015/16,E1236,E07000051,Purbeck,SD,Theatres and public entertainment,0,0.0,RO5_2015-16_data_by_LA_-_Revision.xlsx,RO5 LA Data 2015-16,"row 77, column 40","Net Current Expenditure
 (C7 = C3 - C6)"
2015/16,E1236,E07000051,Purbeck,SD,Library service,0,0.0,RO5_2015-16_data_by_LA_-_Revision.xlsx,RO5 LA Data 2015-16,"row 77, column 89","Net Current Expenditure
 (C7 = C3 - C6)"
2015/16,E1237,E07000052,West Dorset,SD,Archives,0,0.0,RO5_2015-16_data_by_LA_-_Revision.xlsx,RO5 LA Data 2015-16,"row 78, column 12","Net Current Expenditure
 (C7 = C3 - C6)"
2015/16,E1237,E07000052,West Dorset,SD,Arts development and support,269,269000.0,RO5_2015-16_data_by_LA_-_Revision.xlsx,RO5 LA Data 2015-16,"row 78, column 19","Net Current Expenditure
 (C7 = C3 - C6)"
2015/16,E1237,E07000052,West Dorset,SD,Heritage,0,0.0,RO5_2015-16_data_by_LA_-_Revision.xlsx,RO5 LA Data 2015-16,"row 78, column 26","Net Current Expenditure
 (C7 = C3 - C6)"
2015/16,E1237,E07000052,West Dorset,SD,Museums and galleries,0,0.0,RO5_2015-16_data_by_LA_-_Revision.xlsx,RO5 LA Data 2015-16,"row 78, column 33","Net Current Expenditure
 (C7 = C3 - C6)"
2015/16,E1237,E07000052,West Dorset,SD,Theatres and public entertainment,0,0.0,RO5_2015-16_data_by_LA_-_Revision.xlsx,RO5 LA Data 2015-16,"row 78, column 40","Net Current Expenditure
 (C7 = C3 - C6)"
2015/16,E1237,E07000052,West Dorset,SD,Library service,0,0.0,RO5_2015-16_data_by_LA_-_Revision.xlsx,RO5 LA Data 2015-16,"row 78, column 89","Net Current Expenditure
 (C7 = C3 - C6)"
2015/16,E1238,E07000053,Weymouth & Portland,SD,Archives,0,0.0,RO5_2015-16_data_by_LA_-_Revision.xlsx,RO5 LA Data 2015-16,"row 79, column 12","Net Current Expenditure
 (C7 = C3 - C6)"
2015/16,E1238,E07000053,Weymouth & Portland,SD,Arts development and support,4,4000.0,RO5_2015-16_data_by_LA_-_Revision.xlsx,RO5 LA Data 2015-16,"row 79, column 19","Net Current Expenditure
 (C7 = C3 - C6)"
2015/16,E1238,E07000053,Weymouth & Portland,SD,Heritage,24,24000.0,RO5_2015-16_data_by_LA_-_Revision.xlsx,RO5 LA Data 2015-16,"row 79, column 26","Net Current Expenditure
 (C7 = C3 - C6)"
2015/16,E1238,E07000053,Weymouth & Portland,SD,Museums and galleries,18,18000.0,RO5_2015-16_data_by_LA_-_Revision.xlsx,RO5 LA Data 2015-16,"row 79, column 33","Net Current Expenditure
 (C7 = C3 - C6)"
2015/16,E1238,E07000053,Weymouth & Portland,SD,Theatres and public entertainment,0,0.0,RO5_2015-16_data_by_LA_-_Revision.xlsx,RO5 LA Data 2015-16,"row 79, column 40","Net Current Expenditure
 (C7 = C3 - C6)"
2015/16,E1238,E07000053,Weymouth & Portland,SD,Library service,0,0.0,RO5_2015-16_data_by_LA_-_Revision.xlsx,RO5 LA Data 2015-16,"row 79, column 89","Net Current Expenditure
 (C7 = C3 - C6)"
2015/16,E1301,E06000005,Darlington UA,UA,Archives,65,65000.0,RO5_2015-16_data_by_LA_-_Revision.xlsx,RO5 LA Data 2015-16,"row 80, column 12","Net Current Expenditure
 (C7 = C3 - C6)"
2015/16,E1301,E06000005,Darlington UA,UA,Arts development and support,203,203000.0,RO5_2015-16_data_by_LA_-_Revision.xlsx,RO5 LA Data 2015-16,"row 80, column 19","Net Current Expenditure
 (C7 = C3 - C6)"
2015/16,E1301,E06000005,Darlington UA,UA,Heritage,0,0.0,RO5_2015-16_data_by_LA_-_Revision.xlsx,RO5 LA Data 2015-16,"row 80, column 26","Net Current Expenditure
 (C7 = C3 - C6)"
2015/16,E1301,E06000005,Darlington UA,UA,Museums and galleries,343,343000.0,RO5_2015-16_data_by_LA_-_Revision.xlsx,RO5 LA Data 2015-16,"row 80, column 33","Net Current Expenditure
 (C7 = C3 - C6)"
2015/16,E1301,E06000005,Darlington UA,UA,Theatres and public entertainment,372,372000.0,RO5_2015-16_data_by_LA_-_Revision.xlsx,RO5 LA Data 2015-16,"row 80, column 40","Net Current Expenditure
 (C7 = C3 - C6)"
2015/16,E1301,E06000005,Darlington UA,UA,Library service,1036,1036000.0,RO5_2015-16_data_by_LA_-_Revision.xlsx,RO5 LA Data 2015-16,"row 80, column 89","Net Current Expenditure
 (C7 = C3 - C6)"
2015/16,E1302,E06000047,Durham UA,UA,Archives,288,288000.0,RO5_2015-16_data_by_LA_-_Revision.xlsx,RO5 LA Data 2015-16,"row 81, column 12","Net Current Expenditure
 (C7 = C3 - C6)"
2015/16,E1302,E06000047,Durham UA,UA,Arts development and support,237,237000.0,RO5_2015-16_data_by_LA_-_Revision.xlsx,RO5 LA Data 2015-16,"row 81, column 19","Net Current Expenditure
 (C7 = C3 - C6)"
2015/16,E1302,E06000047,Durham UA,UA,Heritage,103,103000.0,RO5_2015-16_data_by_LA_-_Revision.xlsx,RO5 LA Data 2015-16,"row 81, column 26","Net Current Expenditure
 (C7 = C3 - C6)"
2015/16,E1302,E06000047,Durham UA,UA,Museums and galleries,1246,1246000.0,RO5_2015-16_data_by_LA_-_Revision.xlsx,RO5 LA Data 2015-16,"row 81, column 33","Net Current Expenditure
 (C7 = C3 - C6)"
2015/16,E1302,E06000047,Durham UA,UA,Theatres and public entertainment,2126,2126000.0,RO5_2015-16_data_by_LA_-_Revision.xlsx,RO5 LA Data 2015-16,"row 81, column 40","Net Current Expenditure
 (C7 = C3 - C6)"
2015/16,E1302,E06000047,Durham UA,UA,Library service,5122,5122000.0,RO5_2015-16_data_by_LA_-_Revision.xlsx,RO5 LA Data 2015-16,"row 81, column 89","Net Current Expenditure
 (C7 = C3 - C6)"
2015/16,E1401,E06000043,Brighton & Hove UA,UA,Archives,0,0.0,RO5_2015-16_data_by_LA_-_Revision.xlsx,RO5 LA Data 2015-16,"row 82, column 12","Net Current Expenditure
 (C7 = C3 - C6)"
2015/16,E1401,E06000043,Brighton & Hove UA,UA,Arts development and support,0,0.0,RO5_2015-16_data_by_LA_-_Revision.xlsx,RO5 LA Data 2015-16,"row 82, column 19","Net Current Expenditure
 (C7 = C3 - C6)"
2015/16,E1401,E06000043,Brighton & Hove UA,UA,Heritage,911,911000.0,RO5_2015-16_data_by_LA_-_Revision.xlsx,RO5 LA Data 2015-16,"row 82, column 26","Net Current Expenditure
 (C7 = C3 - C6)"
2015/16,E1401,E06000043,Brighton & Hove UA,UA,Museums and galleries,1899,1899000.0,RO5_2015-16_data_by_LA_-_Revision.xlsx,RO5 LA Data 2015-16,"row 82, column 33","Net Current Expenditure
 (C7 = C3 - C6)"
2015/16,E1401,E06000043,Brighton & Hove UA,UA,Theatres and public entertainment,1457,1457000.0,RO5_2015-16_data_by_LA_-_Revision.xlsx,RO5 LA Data 2015-16,"row 82, column 40","Net Current Expenditure
 (C7 = C3 - C6)"
2015/16,E1401,E06000043,Brighton & Hove UA,UA,Library service,4485,4485000.0,RO5_2015-16_data_by_LA_-_Revision.xlsx,RO5 LA Data 2015-16,"row 82, column 89","Net Current Expenditure
 (C7 = C3 - C6)"
2015/16,E1421,E10000011,East Sussex,SC,Archives,845,845000.0,RO5_2015-16_data_by_LA_-_Revision.xlsx,RO5 LA Data 2015-16,"row 83, column 12","Net Current Expenditure
 (C7 = C3 - C6)"
2015/16,E1421,E10000011,East Sussex,SC,Arts development and support,63,63000.0,RO5_2015-16_data_by_LA_-_Revision.xlsx,RO5 LA Data 2015-16,"row 83, column 19","Net Current Expenditure
 (C7 = C3 - C6)"
2015/16,E1421,E10000011,East Sussex,SC,Heritage,0,0.0,RO5_2015-16_data_by_LA_-_Revision.xlsx,RO5 LA Data 2015-16,"row 83, column 26","Net Current Expenditure
 (C7 = C3 - C6)"
2015/16,E1421,E10000011,East Sussex,SC,Museums and galleries,0,0.0,RO5_2015-16_data_by_LA_-_Revision.xlsx,RO5 LA Data 2015-16,"row 83, column 33","Net Current Expenditure
 (C7 = C3 - C6)"
2015/16,E1421,E10000011,East Sussex,SC,Theatres and public entertainment,0,0.0,RO5_2015-16_data_by_LA_-_Revision.xlsx,RO5 LA Data 2015-16,"row 83, column 40","Net Current Expenditure
 (C7 = C3 - C6)"
2015/16,E1421,E10000011,East Sussex,SC,Library service,6260,6260000.0,RO5_2015-16_data_by_LA_-_Revision.xlsx,RO5 LA Data 2015-16,"row 83, column 89","Net Current Expenditure
 (C7 = C3 - C6)"
2015/16,E1432,E07000061,Eastbourne,SD,Archives,0,0.0,RO5_2015-16_data_by_LA_-_Revision.xlsx,RO5 LA Data 2015-16,"row 84, column 12","Net Current Expenditure
 (C7 = C3 - C6)"
2015/16,E1432,E07000061,Eastbourne,SD,Arts development and support,0,0.0,RO5_2015-16_data_by_LA_-_Revision.xlsx,RO5 LA Data 2015-16,"row 84, column 19","Net Current Expenditure
 (C7 = C3 - C6)"
2015/16,E1432,E07000061,Eastbourne,SD,Heritage,346,346000.0,RO5_2015-16_data_by_LA_-_Revision.xlsx,RO5 LA Data 2015-16,"row 84, column 26","Net Current Expenditure
 (C7 = C3 - C6)"
2015/16,E1432,E07000061,Eastbourne,SD,Museums and galleries,862,862000.0,RO5_2015-16_data_by_LA_-_Revision.xlsx,RO5 LA Data 2015-16,"row 84, column 33","Net Current Expenditure
 (C7 = C3 - C6)"
2015/16,E1432,E07000061,Eastbourne,SD,Theatres and public entertainment,1420,1420000.0,RO5_2015-16_data_by_LA_-_Revision.xlsx,RO5 LA Data 2015-16,"row 84, column 40","Net Current Expenditure
 (C7 = C3 - C6)"
2015/16,E1432,E07000061,Eastbourne,SD,Library service,0,0.0,RO5_2015-16_data_by_LA_-_Revision.xlsx,RO5 LA Data 2015-16,"row 84, column 89","Net Current Expenditure
 (C7 = C3 - C6)"
2015/16,E1433,E07000062,Hastings,SD,Archives,0,0.0,RO5_2015-16_data_by_LA_-_Revision.xlsx,RO5 LA Data 2015-16,"row 85, column 12","Net Current Expenditure
 (C7 = C3 - C6)"
2015/16,E1433,E07000062,Hastings,SD,Arts development and support,0,0.0,RO5_2015-16_data_by_LA_-_Revision.xlsx,RO5 LA Data 2015-16,"row 85, column 19","Net Current Expenditure
 (C7 = C3 - C6)"
2015/16,E1433,E07000062,Hastings,SD,Heritage,22,22000.0,RO5_2015-16_data_by_LA_-_Revision.xlsx,RO5 LA Data 2015-16,"row 85, column 26","Net Current Expenditure
 (C7 = C3 - C6)"
2015/16,E1433,E07000062,Hastings,SD,Museums and galleries,475,475000.0,RO5_2015-16_data_by_LA_-_Revision.xlsx,RO5 LA Data 2015-16,"row 85, column 33","Net Current Expenditure
 (C7 = C3 - C6)"
2015/16,E1433,E07000062,Hastings,SD,Theatres and public entertainment,715,715000.0,RO5_2015-16_data_by_LA_-_Revision.xlsx,RO5 LA Data 2015-16,"row 85, column 40","Net Current Expenditure
 (C7 = C3 - C6)"
2015/16,E1433,E07000062,Hastings,SD,Library service,0,0.0,RO5_2015-16_data_by_LA_-_Revision.xlsx,RO5 LA Data 2015-16,"row 85, column 89","Net Current Expenditure
 (C7 = C3 - C6)"
2015/16,E1435,E07000063,Lewes,SD,Archives,0,0.0,RO5_2015-16_data_by_LA_-_Revision.xlsx,RO5 LA Data 2015-16,"row 86, column 12","Net Current Expenditure
 (C7 = C3 - C6)"
2015/16,E1435,E07000063,Lewes,SD,Arts development and support,34,34000.0,RO5_2015-16_data_by_LA_-_Revision.xlsx,RO5 LA Data 2015-16,"row 86, column 19","Net Current Expenditure
 (C7 = C3 - C6)"
2015/16,E1435,E07000063,Lewes,SD,Heritage,0,0.0,RO5_2015-16_data_by_LA_-_Revision.xlsx,RO5 LA Data 2015-16,"row 86, column 26","Net Current Expenditure
 (C7 = C3 - C6)"
2015/16,E1435,E07000063,Lewes,SD,Museums and galleries,116,116000.0,RO5_2015-16_data_by_LA_-_Revision.xlsx,RO5 LA Data 2015-16,"row 86, column 33","Net Current Expenditure
 (C7 = C3 - C6)"
2015/16,E1435,E07000063,Lewes,SD,Theatres and public entertainment,0,0.0,RO5_2015-16_data_by_LA_-_Revision.xlsx,RO5 LA Data 2015-16,"row 86, column 40","Net Current Expenditure
 (C7 = C3 - C6)"
2015/16,E1435,E07000063,Lewes,SD,Library service,0,0.0,RO5_2015-16_data_by_LA_-_Revision.xlsx,RO5 LA Data 2015-16,"row 86, column 89","Net Current Expenditure
 (C7 = C3 - C6)"
2015/16,E1436,E07000064,Rother,SD,Archives,0,0.0,RO5_2015-16_data_by_LA_-_Revision.xlsx,RO5 LA Data 2015-16,"row 87, column 12","Net Current Expenditure
 (C7 = C3 - C6)"
2015/16,E1436,E07000064,Rother,SD,Arts development and support,58,58000.0,RO5_2015-16_data_by_LA_-_Revision.xlsx,RO5 LA Data 2015-16,"row 87, column 19","Net Current Expenditure
 (C7 = C3 - C6)"
2015/16,E1436,E07000064,Rother,SD,Heritage,5,5000.0,RO5_2015-16_data_by_LA_-_Revision.xlsx,RO5 LA Data 2015-16,"row 87, column 26","Net Current Expenditure
 (C7 = C3 - C6)"
2015/16,E1436,E07000064,Rother,SD,Museums and galleries,68,68000.0,RO5_2015-16_data_by_LA_-_Revision.xlsx,RO5 LA Data 2015-16,"row 87, column 33","Net Current Expenditure
 (C7 = C3 - C6)"
2015/16,E1436,E07000064,Rother,SD,Theatres and public entertainment,518,518000.0,RO5_2015-16_data_by_LA_-_Revision.xlsx,RO5 LA Data 2015-16,"row 87, column 40","Net Current Expenditure
 (C7 = C3 - C6)"
2015/16,E1436,E07000064,Rother,SD,Library service,0,0.0,RO5_2015-16_data_by_LA_-_Revision.xlsx,RO5 LA Data 2015-16,"row 87, column 89","Net Current Expenditure
 (C7 = C3 - C6)"
2015/16,E1437,E07000065,Wealden,SD,Archives,0,0.0,RO5_2015-16_data_by_LA_-_Revision.xlsx,RO5 LA Data 2015-16,"row 88, column 12","Net Current Expenditure
 (C7 = C3 - C6)"
2015/16,E1437,E07000065,Wealden,SD,Arts development and support,33,33000.0,RO5_2015-16_data_by_LA_-_Revision.xlsx,RO5 LA Data 2015-16,"row 88, column 19","Net Current Expenditure
 (C7 = C3 - C6)"
2015/16,E1437,E07000065,Wealden,SD,Heritage,0,0.0,RO5_2015-16_data_by_LA_-_Revision.xlsx,RO5 LA Data 2015-16,"row 88, column 26","Net Current Expenditure
 (C7 = C3 - C6)"
2015/16,E1437,E07000065,Wealden,SD,Museums and galleries,0,0.0,RO5_2015-16_data_by_LA_-_Revision.xlsx,RO5 LA Data 2015-16,"row 88, column 33","Net Current Expenditure
 (C7 = C3 - C6)"
2015/16,E1437,E07000065,Wealden,SD,Theatres and public entertainment,0,0.0,RO5_2015-16_data_by_LA_-_Revision.xlsx,RO5 LA Data 2015-16,"row 88, column 40","Net Current Expenditure
 (C7 = C3 - C6)"
2015/16,E1437,E07000065,Wealden,SD,Library service,0,0.0,RO5_2015-16_data_by_LA_-_Revision.xlsx,RO5 LA Data 2015-16,"row 88, column 89","Net Current Expenditure
 (C7 = C3 - C6)"
2015/16,E1501,E06000033,Southend-on-Sea UA,UA,Archives,0,0.0,RO5_2015-16_data_by_LA_-_Revision.xlsx,RO5 LA Data 2015-16,"row 89, column 12","Net Current Expenditure
 (C7 = C3 - C6)"
2015/16,E1501,E06000033,Southend-on-Sea UA,UA,Arts development and support,176,176000.0,RO5_2015-16_data_by_LA_-_Revision.xlsx,RO5 LA Data 2015-16,"row 89, column 19","Net Current Expenditure
 (C7 = C3 - C6)"
2015/16,E1501,E06000033,Southend-on-Sea UA,UA,Heritage,0,0.0,RO5_2015-16_data_by_LA_-_Revision.xlsx,RO5 LA Data 2015-16,"row 89, column 26","Net Current Expenditure
 (C7 = C3 - C6)"
2015/16,E1501,E06000033,Southend-on-Sea UA,UA,Museums and galleries,1216,1216000.0,RO5_2015-16_data_by_LA_-_Revision.xlsx,RO5 LA Data 2015-16,"row 89, column 33","Net Current Expenditure
 (C7 = C3 - C6)"
2015/16,E1501,E06000033,Southend-on-Sea UA,UA,Theatres and public entertainment,292,292000.0,RO5_2015-16_data_by_LA_-_Revision.xlsx,RO5 LA Data 2015-16,"row 89, column 40","Net Current Expenditure
 (C7 = C3 - C6)"
2015/16,E1501,E06000033,Southend-on-Sea UA,UA,Library service,3064,3064000.0,RO5_2015-16_data_by_LA_-_Revision.xlsx,RO5 LA Data 2015-16,"row 89, column 89","Net Current Expenditure
 (C7 = C3 - C6)"
2015/16,E1502,E06000034,Thurrock UA,UA,Archives,33,33000.0,RO5_2015-16_data_by_LA_-_Revision.xlsx,RO5 LA Data 2015-16,"row 90, column 12","Net Current Expenditure
 (C7 = C3 - C6)"
2015/16,E1502,E06000034,Thurrock UA,UA,Arts development and support,10,10000.0,RO5_2015-16_data_by_LA_-_Revision.xlsx,RO5 LA Data 2015-16,"row 90, column 19","Net Current Expenditure
 (C7 = C3 - C6)"
2015/16,E1502,E06000034,Thurrock UA,UA,Heritage,0,0.0,RO5_2015-16_data_by_LA_-_Revision.xlsx,RO5 LA Data 2015-16,"row 90, column 26","Net Current Expenditure
 (C7 = C3 - C6)"
2015/16,E1502,E06000034,Thurrock UA,UA,Museums and galleries,100,100000.0,RO5_2015-16_data_by_LA_-_Revision.xlsx,RO5 LA Data 2015-16,"row 90, column 33","Net Current Expenditure
 (C7 = C3 - C6)"
2015/16,E1502,E06000034,Thurrock UA,UA,Theatres and public entertainment,128,128000.0,RO5_2015-16_data_by_LA_-_Revision.xlsx,RO5 LA Data 2015-16,"row 90, column 40","Net Current Expenditure
 (C7 = C3 - C6)"
2015/16,E1502,E06000034,Thurrock UA,UA,Library service,1600,1600000.0,RO5_2015-16_data_by_LA_-_Revision.xlsx,RO5 LA Data 2015-16,"row 90, column 89","Net Current Expenditure
 (C7 = C3 - C6)"
2015/16,E1521,E10000012,Essex,SC,Archives,1125,1125000.0,RO5_2015-16_data_by_LA_-_Revision.xlsx,RO5 LA Data 2015-16,"row 91, column 12","Net Current Expenditure
 (C7 = C3 - C6)"
2015/16,E1521,E10000012,Essex,SC,Arts development and support,890,890000.0,RO5_2015-16_data_by_LA_-_Revision.xlsx,RO5 LA Data 2015-16,"row 91, column 19","Net Current Expenditure
 (C7 = C3 - C6)"
2015/16,E1521,E10000012,Essex,SC,Heritage,0,0.0,RO5_2015-16_data_by_LA_-_Revision.xlsx,RO5 LA Data 2015-16,"row 91, column 26","Net Current Expenditure
 (C7 = C3 - C6)"
2015/16,E1521,E10000012,Essex,SC,Museums and galleries,99,99000.0,RO5_2015-16_data_by_LA_-_Revision.xlsx,RO5 LA Data 2015-16,"row 91, column 33","Net Current Expenditure
 (C7 = C3 - C6)"
2015/16,E1521,E10000012,Essex,SC,Theatres and public entertainment,0,0.0,RO5_2015-16_data_by_LA_-_Revision.xlsx,RO5 LA Data 2015-16,"row 91, column 40","Net Current Expenditure
 (C7 = C3 - C6)"
2015/16,E1521,E10000012,Essex,SC,Library service,18344,18344000.0,RO5_2015-16_data_by_LA_-_Revision.xlsx,RO5 LA Data 2015-16,"row 91, column 89","Net Current Expenditure
 (C7 = C3 - C6)"
2015/16,E1531,E07000066,Basildon,SD,Archives,0,0.0,RO5_2015-16_data_by_LA_-_Revision.xlsx,RO5 LA Data 2015-16,"row 92, column 12","Net Current Expenditure
 (C7 = C3 - C6)"
2015/16,E1531,E07000066,Basildon,SD,Arts development and support,0,0.0,RO5_2015-16_data_by_LA_-_Revision.xlsx,RO5 LA Data 2015-16,"row 92, column 19","Net Current Expenditure
 (C7 = C3 - C6)"
2015/16,E1531,E07000066,Basildon,SD,Heritage,0,0.0,RO5_2015-16_data_by_LA_-_Revision.xlsx,RO5 LA Data 2015-16,"row 92, column 26","Net Current Expenditure
 (C7 = C3 - C6)"
2015/16,E1531,E07000066,Basildon,SD,Museums and galleries,0,0.0,RO5_2015-16_data_by_LA_-_Revision.xlsx,RO5 LA Data 2015-16,"row 92, column 33","Net Current Expenditure
 (C7 = C3 - C6)"
2015/16,E1531,E07000066,Basildon,SD,Theatres and public entertainment,634,634000.0,RO5_2015-16_data_by_LA_-_Revision.xlsx,RO5 LA Data 2015-16,"row 92, column 40","Net Current Expenditure
 (C7 = C3 - C6)"
2015/16,E1531,E07000066,Basildon,SD,Library service,0,0.0,RO5_2015-16_data_by_LA_-_Revision.xlsx,RO5 LA Data 2015-16,"row 92, column 89","Net Current Expenditure
 (C7 = C3 - C6)"
2015/16,E1532,E07000067,Braintree,SD,Archives,0,0.0,RO5_2015-16_data_by_LA_-_Revision.xlsx,RO5 LA Data 2015-16,"row 93, column 12","Net Current Expenditure
 (C7 = C3 - C6)"
2015/16,E1532,E07000067,Braintree,SD,Arts development and support,82,82000.0,RO5_2015-16_data_by_LA_-_Revision.xlsx,RO5 LA Data 2015-16,"row 93, column 19","Net Current Expenditure
 (C7 = C3 - C6)"
2015/16,E1532,E07000067,Braintree,SD,Heritage,21,21000.0,RO5_2015-16_data_by_LA_-_Revision.xlsx,RO5 LA Data 2015-16,"row 93, column 26","Net Current Expenditure
 (C7 = C3 - C6)"
2015/16,E1532,E07000067,Braintree,SD,Museums and galleries,264,264000.0,RO5_2015-16_data_by_LA_-_Revision.xlsx,RO5 LA Data 2015-16,"row 93, column 33","Net Current Expenditure
 (C7 = C3 - C6)"
2015/16,E1532,E07000067,Braintree,SD,Theatres and public entertainment,0,0.0,RO5_2015-16_data_by_LA_-_Revision.xlsx,RO5 LA Data 2015-16,"row 93, column 40","Net Current Expenditure
 (C7 = C3 - C6)"
2015/16,E1532,E07000067,Braintree,SD,Library service,0,0.0,RO5_2015-16_data_by_LA_-_Revision.xlsx,RO5 LA Data 2015-16,"row 93, column 89","Net Current Expenditure
 (C7 = C3 - C6)"
2015/16,E1533,E07000068,Brentwood,SD,Archives,0,0.0,RO5_2015-16_data_by_LA_-_Revision.xlsx,RO5 LA Data 2015-16,"row 94, column 12","Net Current Expenditure
 (C7 = C3 - C6)"
2015/16,E1533,E07000068,Brentwood,SD,Arts development and support,0,0.0,RO5_2015-16_data_by_LA_-_Revision.xlsx,RO5 LA Data 2015-16,"row 94, column 19","Net Current Expenditure
 (C7 = C3 - C6)"
2015/16,E1533,E07000068,Brentwood,SD,Heritage,4,4000.0,RO5_2015-16_data_by_LA_-_Revision.xlsx,RO5 LA Data 2015-16,"row 94, column 26","Net Current Expenditure
 (C7 = C3 - C6)"
2015/16,E1533,E07000068,Brentwood,SD,Museums and galleries,0,0.0,RO5_2015-16_data_by_LA_-_Revision.xlsx,RO5 LA Data 2015-16,"row 94, column 33","Net Current Expenditure
 (C7 = C3 - C6)"
2015/16,E1533,E07000068,Brentwood,SD,Theatres and public entertainment,104,104000.0,RO5_2015-16_data_by_LA_-_Revision.xlsx,RO5 LA Data 2015-16,"row 94, column 40","Net Current Expenditure
 (C7 = C3 - C6)"
2015/16,E1533,E07000068,Brentwood,SD,Library service,0,0.0,RO5_2015-16_data_by_LA_-_Revision.xlsx,RO5 LA Data 2015-16,"row 94, column 89","Net Current Expenditure
 (C7 = C3 - C6)"
2015/16,E1534,E07000069,Castle Point,SD,Archives,0,0.0,RO5_2015-16_data_by_LA_-_Revision.xlsx,RO5 LA Data 2015-16,"row 95, column 12","Net Current Expenditure
 (C7 = C3 - C6)"
2015/16,E1534,E07000069,Castle Point,SD,Arts development and support,1,1000.0,RO5_2015-16_data_by_LA_-_Revision.xlsx,RO5 LA Data 2015-16,"row 95, column 19","Net Current Expenditure
 (C7 = C3 - C6)"
2015/16,E1534,E07000069,Castle Point,SD,Heritage,0,0.0,RO5_2015-16_data_by_LA_-_Revision.xlsx,RO5 LA Data 2015-16,"row 95, column 26","Net Current Expenditure
 (C7 = C3 - C6)"
2015/16,E1534,E07000069,Castle Point,SD,Museums and galleries,0,0.0,RO5_2015-16_data_by_LA_-_Revision.xlsx,RO5 LA Data 2015-16,"row 95, column 33","Net Current Expenditure
 (C7 = C3 - C6)"
2015/16,E1534,E07000069,Castle Point,SD,Theatres and public entertainment,0,0.0,RO5_2015-16_data_by_LA_-_Revision.xlsx,RO5 LA Data 2015-16,"row 95, column 40","Net Current Expenditure
 (C7 = C3 - C6)"
2015/16,E1534,E07000069,Castle Point,SD,Library service,0,0.0,RO5_2015-16_data_by_LA_-_Revision.xlsx,RO5 LA Data 2015-16,"row 95, column 89","Net Current Expenditure
 (C7 = C3 - C6)"
2015/16,E1535,E07000070,Chelmsford,SD,Archives,0,0.0,RO5_2015-16_data_by_LA_-_Revision.xlsx,RO5 LA Data 2015-16,"row 96, column 12","Net Current Expenditure
 (C7 = C3 - C6)"
2015/16,E1535,E07000070,Chelmsford,SD,Arts development and support,0,0.0,RO5_2015-16_data_by_LA_-_Revision.xlsx,RO5 LA Data 2015-16,"row 96, column 19","Net Current Expenditure
 (C7 = C3 - C6)"
2015/16,E1535,E07000070,Chelmsford,SD,Heritage,223,223000.0,RO5_2015-16_data_by_LA_-_Revision.xlsx,RO5 LA Data 2015-16,"row 96, column 26","Net Current Expenditure
 (C7 = C3 - C6)"
2015/16,E1535,E07000070,Chelmsford,SD,Museums and galleries,764,764000.0,RO5_2015-16_data_by_LA_-_Revision.xlsx,RO5 LA Data 2015-16,"row 96, column 33","Net Current Expenditure
 (C7 = C3 - C6)"
2015/16,E1535,E07000070,Chelmsford,SD,Theatres and public entertainment,771,771000.0,RO5_2015-16_data_by_LA_-_Revision.xlsx,RO5 LA Data 2015-16,"row 96, column 40","Net Current Expenditure
 (C7 = C3 - C6)"
2015/16,E1535,E07000070,Chelmsford,SD,Library service,0,0.0,RO5_2015-16_data_by_LA_-_Revision.xlsx,RO5 LA Data 2015-16,"row 96, column 89","Net Current Expenditure
 (C7 = C3 - C6)"
2015/16,E1536,E07000071,Colchester,SD,Archives,0,0.0,RO5_2015-16_data_by_LA_-_Revision.xlsx,RO5 LA Data 2015-16,"row 97, column 12","Net Current Expenditure
 (C7 = C3 - C6)"
2015/16,E1536,E07000071,Colchester,SD,Arts development and support,247,247000.0,RO5_2015-16_data_by_LA_-_Revision.xlsx,RO5 LA Data 2015-16,"row 97, column 19","Net Current Expenditure
 (C7 = C3 - C6)"
2015/16,E1536,E07000071,Colchester,SD,Heritage,-1,-1000.0,RO5_2015-16_data_by_LA_-_Revision.xlsx,RO5 LA Data 2015-16,"row 97, column 26","Net Current Expenditure
 (C7 = C3 - C6)"
2015/16,E1536,E07000071,Colchester,SD,Museums and galleries,1105,1105000.0,RO5_2015-16_data_by_LA_-_Revision.xlsx,RO5 LA Data 2015-16,"row 97, column 33","Net Current Expenditure
 (C7 = C3 - C6)"
2015/16,E1536,E07000071,Colchester,SD,Theatres and public entertainment,331,331000.0,RO5_2015-16_data_by_LA_-_Revision.xlsx,RO5 LA Data 2015-16,"row 97, column 40","Net Current Expenditure
 (C7 = C3 - C6)"
2015/16,E1536,E07000071,Colchester,SD,Library service,0,0.0,RO5_2015-16_data_by_LA_-_Revision.xlsx,RO5 LA Data 2015-16,"row 97, column 89","Net Current Expenditure
 (C7 = C3 - C6)"
2015/16,E1537,E07000072,Epping Forest,SD,Archives,0,0.0,RO5_2015-16_data_by_LA_-_Revision.xlsx,RO5 LA Data 2015-16,"row 98, column 12","Net Current Expenditure
 (C7 = C3 - C6)"
2015/16,E1537,E07000072,Epping Forest,SD,Arts development and support,324,324000.0,RO5_2015-16_data_by_LA_-_Revision.xlsx,RO5 LA Data 2015-16,"row 98, column 19","Net Current Expenditure
 (C7 = C3 - C6)"
2015/16,E1537,E07000072,Epping Forest,SD,Heritage,0,0.0,RO5_2015-16_data_by_LA_-_Revision.xlsx,RO5 LA Data 2015-16,"row 98, column 26","Net Current Expenditure
 (C7 = C3 - C6)"
2015/16,E1537,E07000072,Epping Forest,SD,Museums and galleries,480,480000.0,RO5_2015-16_data_by_LA_-_Revision.xlsx,RO5 LA Data 2015-16,"row 98, column 33","Net Current Expenditure
 (C7 = C3 - C6)"
2015/16,E1537,E07000072,Epping Forest,SD,Theatres and public entertainment,0,0.0,RO5_2015-16_data_by_LA_-_Revision.xlsx,RO5 LA Data 2015-16,"row 98, column 40","Net Current Expenditure
 (C7 = C3 - C6)"
2015/16,E1537,E07000072,Epping Forest,SD,Library service,0,0.0,RO5_2015-16_data_by_LA_-_Revision.xlsx,RO5 LA Data 2015-16,"row 98, column 89","Net Current Expenditure
 (C7 = C3 - C6)"
2015/16,E1538,E07000073,Harlow,SD,Archives,0,0.0,RO5_2015-16_data_by_LA_-_Revision.xlsx,RO5 LA Data 2015-16,"row 99, column 12","Net Current Expenditure
 (C7 = C3 - C6)"
2015/16,E1538,E07000073,Harlow,SD,Arts development and support,3,3000.0,RO5_2015-16_data_by_LA_-_Revision.xlsx,RO5 LA Data 2015-16,"row 99, column 19","Net Current Expenditure
 (C7 = C3 - C6)"
2015/16,E1538,E07000073,Harlow,SD,Heritage,0,0.0,RO5_2015-16_data_by_LA_-_Revision.xlsx,RO5 LA Data 2015-16,"row 99, column 26","Net Current Expenditure
 (C7 = C3 - C6)"
2015/16,E1538,E07000073,Harlow,SD,Museums and galleries,64,64000.0,RO5_2015-16_data_by_LA_-_Revision.xlsx,RO5 LA Data 2015-16,"row 99, column 33","Net Current Expenditure
 (C7 = C3 - C6)"
2015/16,E1538,E07000073,Harlow,SD,Theatres and public entertainment,576,576000.0,RO5_2015-16_data_by_LA_-_Revision.xlsx,RO5 LA Data 2015-16,"row 99, column 40","Net Current Expenditure
 (C7 = C3 - C6)"
2015/16,E1538,E07000073,Harlow,SD,Library service,0,0.0,RO5_2015-16_data_by_LA_-_Revision.xlsx,RO5 LA Data 2015-16,"row 99, column 89","Net Current Expenditure
 (C7 = C3 - C6)"
2015/16,E1539,E07000074,Maldon,SD,Archives,0,0.0,RO5_2015-16_data_by_LA_-_Revision.xlsx,RO5 LA Data 2015-16,"row 100, column 12","Net Current Expenditure
 (C7 = C3 - C6)"
2015/16,E1539,E07000074,Maldon,SD,Arts development and support,129,129000.0,RO5_2015-16_data_by_LA_-_Revision.xlsx,RO5 LA Data 2015-16,"row 100, column 19","Net Current Expenditure
 (C7 = C3 - C6)"
2015/16,E1539,E07000074,Maldon,SD,Heritage,0,0.0,RO5_2015-16_data_by_LA_-_Revision.xlsx,RO5 LA Data 2015-16,"row 100, column 26","Net Current Expenditure
 (C7 = C3 - C6)"
2015/16,E1539,E07000074,Maldon,SD,Museums and galleries,13,13000.0,RO5_2015-16_data_by_LA_-_Revision.xlsx,RO5 LA Data 2015-16,"row 100, column 33","Net Current Expenditure
 (C7 = C3 - C6)"
2015/16,E1539,E07000074,Maldon,SD,Theatres and public entertainment,0,0.0,RO5_2015-16_data_by_LA_-_Revision.xlsx,RO5 LA Data 2015-16,"row 100, column 40","Net Current Expenditure
 (C7 = C3 - C6)"
2015/16,E1539,E07000074,Maldon,SD,Library service,0,0.0,RO5_2015-16_data_by_LA_-_Revision.xlsx,RO5 LA Data 2015-16,"row 100, column 89","Net Current Expenditure
 (C7 = C3 - C6)"
2015/16,E1540,E07000075,Rochford,SD,Archives,0,0.0,RO5_2015-16_data_by_LA_-_Revision.xlsx,RO5 LA Data 2015-16,"row 101, column 12","Net Current Expenditure
 (C7 = C3 - C6)"
2015/16,E1540,E07000075,Rochford,SD,Arts development and support,25,25000.0,RO5_2015-16_data_by_LA_-_Revision.xlsx,RO5 LA Data 2015-16,"row 101, column 19","Net Current Expenditure
 (C7 = C3 - C6)"
2015/16,E1540,E07000075,Rochford,SD,Heritage,0,0.0,RO5_2015-16_data_by_LA_-_Revision.xlsx,RO5 LA Data 2015-16,"row 101, column 26","Net Current Expenditure
 (C7 = C3 - C6)"
2015/16,E1540,E07000075,Rochford,SD,Museums and galleries,0,0.0,RO5_2015-16_data_by_LA_-_Revision.xlsx,RO5 LA Data 2015-16,"row 101, column 33","Net Current Expenditure
 (C7 = C3 - C6)"
2015/16,E1540,E07000075,Rochford,SD,Theatres and public entertainment,0,0.0,RO5_2015-16_data_by_LA_-_Revision.xlsx,RO5 LA Data 2015-16,"row 101, column 40","Net Current Expenditure
 (C7 = C3 - C6)"
2015/16,E1540,E07000075,Rochford,SD,Library service,0,0.0,RO5_2015-16_data_by_LA_-_Revision.xlsx,RO5 LA Data 2015-16,"row 101, column 89","Net Current Expenditure
 (C7 = C3 - C6)"
2015/16,E1542,E07000076,Tendring,SD,Archives,0,0.0,RO5_2015-16_data_by_LA_-_Revision.xlsx,RO5 LA Data 2015-16,"row 102, column 12","Net Current Expenditure
 (C7 = C3 - C6)"
2015/16,E1542,E07000076,Tendring,SD,Arts development and support,0,0.0,RO5_2015-16_data_by_LA_-_Revision.xlsx,RO5 LA Data 2015-16,"row 102, column 19","Net Current Expenditure
 (C7 = C3 - C6)"
2015/16,E1542,E07000076,Tendring,SD,Heritage,0,0.0,RO5_2015-16_data_by_LA_-_Revision.xlsx,RO5 LA Data 2015-16,"row 102, column 26","Net Current Expenditure
 (C7 = C3 - C6)"
2015/16,E1542,E07000076,Tendring,SD,Museums and galleries,0,0.0,RO5_2015-16_data_by_LA_-_Revision.xlsx,RO5 LA Data 2015-16,"row 102, column 33","Net Current Expenditure
 (C7 = C3 - C6)"
2015/16,E1542,E07000076,Tendring,SD,Theatres and public entertainment,214,214000.0,RO5_2015-16_data_by_LA_-_Revision.xlsx,RO5 LA Data 2015-16,"row 102, column 40","Net Current Expenditure
 (C7 = C3 - C6)"
2015/16,E1542,E07000076,Tendring,SD,Library service,0,0.0,RO5_2015-16_data_by_LA_-_Revision.xlsx,RO5 LA Data 2015-16,"row 102, column 89","Net Current Expenditure
 (C7 = C3 - C6)"
2015/16,E1544,E07000077,Uttlesford,SD,Archives,0,0.0,RO5_2015-16_data_by_LA_-_Revision.xlsx,RO5 LA Data 2015-16,"row 103, column 12","Net Current Expenditure
 (C7 = C3 - C6)"
2015/16,E1544,E07000077,Uttlesford,SD,Arts development and support,3,3000.0,RO5_2015-16_data_by_LA_-_Revision.xlsx,RO5 LA Data 2015-16,"row 103, column 19","Net Current Expenditure
 (C7 = C3 - C6)"
2015/16,E1544,E07000077,Uttlesford,SD,Heritage,0,0.0,RO5_2015-16_data_by_LA_-_Revision.xlsx,RO5 LA Data 2015-16,"row 103, column 26","Net Current Expenditure
 (C7 = C3 - C6)"
2015/16,E1544,E07000077,Uttlesford,SD,Museums and galleries,252,252000.0,RO5_2015-16_data_by_LA_-_Revision.xlsx,RO5 LA Data 2015-16,"row 103, column 33","Net Current Expenditure
 (C7 = C3 - C6)"
2015/16,E1544,E07000077,Uttlesford,SD,Theatres and public entertainment,0,0.0,RO5_2015-16_data_by_LA_-_Revision.xlsx,RO5 LA Data 2015-16,"row 103, column 40","Net Current Expenditure
 (C7 = C3 - C6)"
2015/16,E1544,E07000077,Uttlesford,SD,Library service,0,0.0,RO5_2015-16_data_by_LA_-_Revision.xlsx,RO5 LA Data 2015-16,"row 103, column 89","Net Current Expenditure
 (C7 = C3 - C6)"
2015/16,E1620,E10000013,Gloucestershire,SC,Archives,1203,1203000.0,RO5_2015-16_data_by_LA_-_Revision.xlsx,RO5 LA Data 2015-16,"row 104, column 12","Net Current Expenditure
 (C7 = C3 - C6)"
2015/16,E1620,E10000013,Gloucestershire,SC,Arts development and support,0,0.0,RO5_2015-16_data_by_LA_-_Revision.xlsx,RO5 LA Data 2015-16,"row 104, column 19","Net Current Expenditure
 (C7 = C3 - C6)"
2015/16,E1620,E10000013,Gloucestershire,SC,Heritage,0,0.0,RO5_2015-16_data_by_LA_-_Revision.xlsx,RO5 LA Data 2015-16,"row 104, column 26","Net Current Expenditure
 (C7 = C3 - C6)"
2015/16,E1620,E10000013,Gloucestershire,SC,Museums and galleries,0,0.0,RO5_2015-16_data_by_LA_-_Revision.xlsx,RO5 LA Data 2015-16,"row 104, column 33","Net Current Expenditure
 (C7 = C3 - C6)"
2015/16,E1620,E10000013,Gloucestershire,SC,Theatres and public entertainment,0,0.0,RO5_2015-16_data_by_LA_-_Revision.xlsx,RO5 LA Data 2015-16,"row 104, column 40","Net Current Expenditure
 (C7 = C3 - C6)"
2015/16,E1620,E10000013,Gloucestershire,SC,Library service,5002,5002000.0,RO5_2015-16_data_by_LA_-_Revision.xlsx,RO5 LA Data 2015-16,"row 104, column 89","Net Current Expenditure
 (C7 = C3 - C6)"
2015/16,E1631,E07000078,Cheltenham,SD,Archives,0,0.0,RO5_2015-16_data_by_LA_-_Revision.xlsx,RO5 LA Data 2015-16,"row 105, column 12","Net Current Expenditure
 (C7 = C3 - C6)"
2015/16,E1631,E07000078,Cheltenham,SD,Arts development and support,158,158000.0,RO5_2015-16_data_by_LA_-_Revision.xlsx,RO5 LA Data 2015-16,"row 105, column 19","Net Current Expenditure
 (C7 = C3 - C6)"
2015/16,E1631,E07000078,Cheltenham,SD,Heritage,35,35000.0,RO5_2015-16_data_by_LA_-_Revision.xlsx,RO5 LA Data 2015-16,"row 105, column 26","Net Current Expenditure
 (C7 = C3 - C6)"
2015/16,E1631,E07000078,Cheltenham,SD,Museums and galleries,122,122000.0,RO5_2015-16_data_by_LA_-_Revision.xlsx,RO5 LA Data 2015-16,"row 105, column 33","Net Current Expenditure
 (C7 = C3 - C6)"
2015/16,E1631,E07000078,Cheltenham,SD,Theatres and public entertainment,170,170000.0,RO5_2015-16_data_by_LA_-_Revision.xlsx,RO5 LA Data 2015-16,"row 105, column 40","Net Current Expenditure
 (C7 = C3 - C6)"
2015/16,E1631,E07000078,Cheltenham,SD,Library service,0,0.0,RO5_2015-16_data_by_LA_-_Revision.xlsx,RO5 LA Data 2015-16,"row 105, column 89","Net Current Expenditure
 (C7 = C3 - C6)"
2015/16,E1632,E07000079,Cotswold,SD,Archives,0,0.0,RO5_2015-16_data_by_LA_-_Revision.xlsx,RO5 LA Data 2015-16,"row 106, column 12","Net Current Expenditure
 (C7 = C3 - C6)"
2015/16,E1632,E07000079,Cotswold,SD,Arts development and support,0,0.0,RO5_2015-16_data_by_LA_-_Revision.xlsx,RO5 LA Data 2015-16,"row 106, column 19","Net Current Expenditure
 (C7 = C3 - C6)"
2015/16,E1632,E07000079,Cotswold,SD,Heritage,0,0.0,RO5_2015-16_data_by_LA_-_Revision.xlsx,RO5 LA Data 2015-16,"row 106, column 26","Net Current Expenditure
 (C7 = C3 - C6)"
2015/16,E1632,E07000079,Cotswold,SD,Museums and galleries,62,62000.0,RO5_2015-16_data_by_LA_-_Revision.xlsx,RO5 LA Data 2015-16,"row 106, column 33","Net Current Expenditure
 (C7 = C3 - C6)"
2015/16,E1632,E07000079,Cotswold,SD,Theatres and public entertainment,0,0.0,RO5_2015-16_data_by_LA_-_Revision.xlsx,RO5 LA Data 2015-16,"row 106, column 40","Net Current Expenditure
 (C7 = C3 - C6)"
2015/16,E1632,E07000079,Cotswold,SD,Library service,0,0.0,RO5_2015-16_data_by_LA_-_Revision.xlsx,RO5 LA Data 2015-16,"row 106, column 89","Net Current Expenditure
 (C7 = C3 - C6)"
2015/16,E1633,E07000080,Forest of Dean,SD,Archives,0,0.0,RO5_2015-16_data_by_LA_-_Revision.xlsx,RO5 LA Data 2015-16,"row 107, column 12","Net Current Expenditure
 (C7 = C3 - C6)"
2015/16,E1633,E07000080,Forest of Dean,SD,Arts development and support,0,0.0,RO5_2015-16_data_by_LA_-_Revision.xlsx,RO5 LA Data 2015-16,"row 107, column 19","Net Current Expenditure
 (C7 = C3 - C6)"
2015/16,E1633,E07000080,Forest of Dean,SD,Heritage,0,0.0,RO5_2015-16_data_by_LA_-_Revision.xlsx,RO5 LA Data 2015-16,"row 107, column 26","Net Current Expenditure
 (C7 = C3 - C6)"
2015/16,E1633,E07000080,Forest of Dean,SD,Museums and galleries,0,0.0,RO5_2015-16_data_by_LA_-_Revision.xlsx,RO5 LA Data 2015-16,"row 107, column 33","Net Current Expenditure
 (C7 = C3 - C6)"
2015/16,E1633,E07000080,Forest of Dean,SD,Theatres and public entertainment,0,0.0,RO5_2015-16_data_by_LA_-_Revision.xlsx,RO5 LA Data 2015-16,"row 107, column 40","Net Current Expenditure
 (C7 = C3 - C6)"
2015/16,E1633,E07000080,Forest of Dean,SD,Library service,0,0.0,RO5_2015-16_data_by_LA_-_Revision.xlsx,RO5 LA Data 2015-16,"row 107, column 89","Net Current Expenditure
 (C7 = C3 - C6)"
2015/16,E1634,E07000081,Gloucester,SD,Archives,0,0.0,RO5_2015-16_data_by_LA_-_Revision.xlsx,RO5 LA Data 2015-16,"row 108, column 12","Net Current Expenditure
 (C7 = C3 - C6)"
2015/16,E1634,E07000081,Gloucester,SD,Arts development and support,864,864000.0,RO5_2015-16_data_by_LA_-_Revision.xlsx,RO5 LA Data 2015-16,"row 108, column 19","Net Current Expenditure
 (C7 = C3 - C6)"
2015/16,E1634,E07000081,Gloucester,SD,Heritage,23,23000.0,RO5_2015-16_data_by_LA_-_Revision.xlsx,RO5 LA Data 2015-16,"row 108, column 26","Net Current Expenditure
 (C7 = C3 - C6)"
2015/16,E1634,E07000081,Gloucester,SD,Museums and galleries,910,910000.0,RO5_2015-16_data_by_LA_-_Revision.xlsx,RO5 LA Data 2015-16,"row 108, column 33","Net Current Expenditure
 (C7 = C3 - C6)"
2015/16,E1634,E07000081,Gloucester,SD,Theatres and public entertainment,27,27000.0,RO5_2015-16_data_by_LA_-_Revision.xlsx,RO5 LA Data 2015-16,"row 108, column 40","Net Current Expenditure
 (C7 = C3 - C6)"
2015/16,E1634,E07000081,Gloucester,SD,Library service,0,0.0,RO5_2015-16_data_by_LA_-_Revision.xlsx,RO5 LA Data 2015-16,"row 108, column 89","Net Current Expenditure
 (C7 = C3 - C6)"
2015/16,E1635,E07000082,Stroud,SD,Archives,0,0.0,RO5_2015-16_data_by_LA_-_Revision.xlsx,RO5 LA Data 2015-16,"row 109, column 12","Net Current Expenditure
 (C7 = C3 - C6)"
2015/16,E1635,E07000082,Stroud,SD,Arts development and support,3,3000.0,RO5_2015-16_data_by_LA_-_Revision.xlsx,RO5 LA Data 2015-16,"row 109, column 19","Net Current Expenditure
 (C7 = C3 - C6)"
2015/16,E1635,E07000082,Stroud,SD,Heritage,0,0.0,RO5_2015-16_data_by_LA_-_Revision.xlsx,RO5 LA Data 2015-16,"row 109, column 26","Net Current Expenditure
 (C7 = C3 - C6)"
2015/16,E1635,E07000082,Stroud,SD,Museums and galleries,483,483000.0,RO5_2015-16_data_by_LA_-_Revision.xlsx,RO5 LA Data 2015-16,"row 109, column 33","Net Current Expenditure
 (C7 = C3 - C6)"
2015/16,E1635,E07000082,Stroud,SD,Theatres and public entertainment,333,333000.0,RO5_2015-16_data_by_LA_-_Revision.xlsx,RO5 LA Data 2015-16,"row 109, column 40","Net Current Expenditure
 (C7 = C3 - C6)"
2015/16,E1635,E07000082,Stroud,SD,Library service,0,0.0,RO5_2015-16_data_by_LA_-_Revision.xlsx,RO5 LA Data 2015-16,"row 109, column 89","Net Current Expenditure
 (C7 = C3 - C6)"
2015/16,E1636,E07000083,Tewkesbury,SD,Archives,0,0.0,RO5_2015-16_data_by_LA_-_Revision.xlsx,RO5 LA Data 2015-16,"row 110, column 12","Net Current Expenditure
 (C7 = C3 - C6)"
2015/16,E1636,E07000083,Tewkesbury,SD,Arts development and support,2,2000.0,RO5_2015-16_data_by_LA_-_Revision.xlsx,RO5 LA Data 2015-16,"row 110, column 19","Net Current Expenditure
 (C7 = C3 - C6)"
2015/16,E1636,E07000083,Tewkesbury,SD,Heritage,0,0.0,RO5_2015-16_data_by_LA_-_Revision.xlsx,RO5 LA Data 2015-16,"row 110, column 26","Net Current Expenditure
 (C7 = C3 - C6)"
2015/16,E1636,E07000083,Tewkesbury,SD,Museums and galleries,2,2000.0,RO5_2015-16_data_by_LA_-_Revision.xlsx,RO5 LA Data 2015-16,"row 110, column 33","Net Current Expenditure
 (C7 = C3 - C6)"
2015/16,E1636,E07000083,Tewkesbury,SD,Theatres and public entertainment,23,23000.0,RO5_2015-16_data_by_LA_-_Revision.xlsx,RO5 LA Data 2015-16,"row 110, column 40","Net Current Expenditure
 (C7 = C3 - C6)"
2015/16,E1636,E07000083,Tewkesbury,SD,Library service,0,0.0,RO5_2015-16_data_by_LA_-_Revision.xlsx,RO5 LA Data 2015-16,"row 110, column 89","Net Current Expenditure
 (C7 = C3 - C6)"
2015/16,E1701,E06000044,Portsmouth UA,UA,Archives,301,301000.0,RO5_2015-16_data_by_LA_-_Revision.xlsx,RO5 LA Data 2015-16,"row 111, column 12","Net Current Expenditure
 (C7 = C3 - C6)"
2015/16,E1701,E06000044,Portsmouth UA,UA,Arts development and support,1193,1193000.0,RO5_2015-16_data_by_LA_-_Revision.xlsx,RO5 LA Data 2015-16,"row 111, column 19","Net Current Expenditure
 (C7 = C3 - C6)"
2015/16,E1701,E06000044,Portsmouth UA,UA,Heritage,-561,-561000.0,RO5_2015-16_data_by_LA_-_Revision.xlsx,RO5 LA Data 2015-16,"row 111, column 26","Net Current Expenditure
 (C7 = C3 - C6)"
2015/16,E1701,E06000044,Portsmouth UA,UA,Museums and galleries,1182,1182000.0,RO5_2015-16_data_by_LA_-_Revision.xlsx,RO5 LA Data 2015-16,"row 111, column 33","Net Current Expenditure
 (C7 = C3 - C6)"
2015/16,E1701,E06000044,Portsmouth UA,UA,Theatres and public entertainment,359,359000.0,RO5_2015-16_data_by_LA_-_Revision.xlsx,RO5 LA Data 2015-16,"row 111, column 40","Net Current Expenditure
 (C7 = C3 - C6)"
2015/16,E1701,E06000044,Portsmouth UA,UA,Library service,2603,2603000.0,RO5_2015-16_data_by_LA_-_Revision.xlsx,RO5 LA Data 2015-16,"row 111, column 89","Net Current Expenditure
 (C7 = C3 - C6)"
2015/16,E1702,E06000045,Southampton UA,UA,Archives,85,85000.0,RO5_2015-16_data_by_LA_-_Revision.xlsx,RO5 LA Data 2015-16,"row 112, column 12","Net Current Expenditure
 (C7 = C3 - C6)"
2015/16,E1702,E06000045,Southampton UA,UA,Arts development and support,1034,1034000.0,RO5_2015-16_data_by_LA_-_Revision.xlsx,RO5 LA Data 2015-16,"row 112, column 19","Net Current Expenditure
 (C7 = C3 - C6)"
2015/16,E1702,E06000045,Southampton UA,UA,Heritage,301,301000.0,RO5_2015-16_data_by_LA_-_Revision.xlsx,RO5 LA Data 2015-16,"row 112, column 26","Net Current Expenditure
 (C7 = C3 - C6)"
2015/16,E1702,E06000045,Southampton UA,UA,Museums and galleries,1777,1777000.0,RO5_2015-16_data_by_LA_-_Revision.xlsx,RO5 LA Data 2015-16,"row 112, column 33","Net Current Expenditure
 (C7 = C3 - C6)"
2015/16,E1702,E06000045,Southampton UA,UA,Theatres and public entertainment,712,712000.0,RO5_2015-16_data_by_LA_-_Revision.xlsx,RO5 LA Data 2015-16,"row 112, column 40","Net Current Expenditure
 (C7 = C3 - C6)"
2015/16,E1702,E06000045,Southampton UA,UA,Library service,4474,4474000.0,RO5_2015-16_data_by_LA_-_Revision.xlsx,RO5 LA Data 2015-16,"row 112, column 89","Net Current Expenditure
 (C7 = C3 - C6)"
2015/16,E1721,E10000014,Hampshire,SC,Archives,1046,1046000.0,RO5_2015-16_data_by_LA_-_Revision.xlsx,RO5 LA Data 2015-16,"row 113, column 12","Net Current Expenditure
 (C7 = C3 - C6)"
2015/16,E1721,E10000014,Hampshire,SC,Arts development and support,169,169000.0,RO5_2015-16_data_by_LA_-_Revision.xlsx,RO5 LA Data 2015-16,"row 113, column 19","Net Current Expenditure
 (C7 = C3 - C6)"
2015/16,E1721,E10000014,Hampshire,SC,Heritage,0,0.0,RO5_2015-16_data_by_LA_-_Revision.xlsx,RO5 LA Data 2015-16,"row 113, column 26","Net Current Expenditure
 (C7 = C3 - C6)"
2015/16,E1721,E10000014,Hampshire,SC,Museums and galleries,3742,3742000.0,RO5_2015-16_data_by_LA_-_Revision.xlsx,RO5 LA Data 2015-16,"row 113, column 33","Net Current Expenditure
 (C7 = C3 - C6)"
2015/16,E1721,E10000014,Hampshire,SC,Theatres and public entertainment,132,132000.0,RO5_2015-16_data_by_LA_-_Revision.xlsx,RO5 LA Data 2015-16,"row 113, column 40","Net Current Expenditure
 (C7 = C3 - C6)"
2015/16,E1721,E10000014,Hampshire,SC,Library service,14397,14397000.0,RO5_2015-16_data_by_LA_-_Revision.xlsx,RO5 LA Data 2015-16,"row 113, column 89","Net Current Expenditure
 (C7 = C3 - C6)"
2015/16,E1731,E07000084,Basingstoke & Deane,SD,Archives,0,0.0,RO5_2015-16_data_by_LA_-_Revision.xlsx,RO5 LA Data 2015-16,"row 114, column 12","Net Current Expenditure
 (C7 = C3 - C6)"
2015/16,E1731,E07000084,Basingstoke & Deane,SD,Arts development and support,1441,1441000.0,RO5_2015-16_data_by_LA_-_Revision.xlsx,RO5 LA Data 2015-16,"row 114, column 19","Net Current Expenditure
 (C7 = C3 - C6)"
2015/16,E1731,E07000084,Basingstoke & Deane,SD,Heritage,0,0.0,RO5_2015-16_data_by_LA_-_Revision.xlsx,RO5 LA Data 2015-16,"row 114, column 26","Net Current Expenditure
 (C7 = C3 - C6)"
2015/16,E1731,E07000084,Basingstoke & Deane,SD,Museums and galleries,23,23000.0,RO5_2015-16_data_by_LA_-_Revision.xlsx,RO5 LA Data 2015-16,"row 114, column 33","Net Current Expenditure
 (C7 = C3 - C6)"
2015/16,E1731,E07000084,Basingstoke & Deane,SD,Theatres and public entertainment,527,527000.0,RO5_2015-16_data_by_LA_-_Revision.xlsx,RO5 LA Data 2015-16,"row 114, column 40","Net Current Expenditure
 (C7 = C3 - C6)"
2015/16,E1731,E07000084,Basingstoke & Deane,SD,Library service,0,0.0,RO5_2015-16_data_by_LA_-_Revision.xlsx,RO5 LA Data 2015-16,"row 114, column 89","Net Current Expenditure
 (C7 = C3 - C6)"
2015/16,E1732,E07000085,East Hampshire,SD,Archives,0,0.0,RO5_2015-16_data_by_LA_-_Revision.xlsx,RO5 LA Data 2015-16,"row 115, column 12","Net Current Expenditure
 (C7 = C3 - C6)"
2015/16,E1732,E07000085,East Hampshire,SD,Arts development and support,0,0.0,RO5_2015-16_data_by_LA_-_Revision.xlsx,RO5 LA Data 2015-16,"row 115, column 19","Net Current Expenditure
 (C7 = C3 - C6)"
2015/16,E1732,E07000085,East Hampshire,SD,Heritage,98,98000.0,RO5_2015-16_data_by_LA_-_Revision.xlsx,RO5 LA Data 2015-16,"row 115, column 26","Net Current Expenditure
 (C7 = C3 - C6)"
2015/16,E1732,E07000085,East Hampshire,SD,Museums and galleries,0,0.0,RO5_2015-16_data_by_LA_-_Revision.xlsx,RO5 LA Data 2015-16,"row 115, column 33","Net Current Expenditure
 (C7 = C3 - C6)"
2015/16,E1732,E07000085,East Hampshire,SD,Theatres and public entertainment,136,136000.0,RO5_2015-16_data_by_LA_-_Revision.xlsx,RO5 LA Data 2015-16,"row 115, column 40","Net Current Expenditure
 (C7 = C3 - C6)"
2015/16,E1732,E07000085,East Hampshire,SD,Library service,0,0.0,RO5_2015-16_data_by_LA_-_Revision.xlsx,RO5 LA Data 2015-16,"row 115, column 89","Net Current Expenditure
 (C7 = C3 - C6)"
2015/16,E1733,E07000086,Eastleigh,SD,Archives,0,0.0,RO5_2015-16_data_by_LA_-_Revision.xlsx,RO5 LA Data 2015-16,"row 116, column 12","Net Current Expenditure
 (C7 = C3 - C6)"
2015/16,E1733,E07000086,Eastleigh,SD,Arts development and support,635,635000.0,RO5_2015-16_data_by_LA_-_Revision.xlsx,RO5 LA Data 2015-16,"row 116, column 19","Net Current Expenditure
 (C7 = C3 - C6)"
2015/16,E1733,E07000086,Eastleigh,SD,Heritage,0,0.0,RO5_2015-16_data_by_LA_-_Revision.xlsx,RO5 LA Data 2015-16,"row 116, column 26","Net Current Expenditure
 (C7 = C3 - C6)"
2015/16,E1733,E07000086,Eastleigh,SD,Museums and galleries,0,0.0,RO5_2015-16_data_by_LA_-_Revision.xlsx,RO5 LA Data 2015-16,"row 116, column 33","Net Current Expenditure
 (C7 = C3 - C6)"
2015/16,E1733,E07000086,Eastleigh,SD,Theatres and public entertainment,0,0.0,RO5_2015-16_data_by_LA_-_Revision.xlsx,RO5 LA Data 2015-16,"row 116, column 40","Net Current Expenditure
 (C7 = C3 - C6)"
2015/16,E1733,E07000086,Eastleigh,SD,Library service,0,0.0,RO5_2015-16_data_by_LA_-_Revision.xlsx,RO5 LA Data 2015-16,"row 116, column 89","Net Current Expenditure
 (C7 = C3 - C6)"
2015/16,E1734,E07000087,Fareham,SD,Archives,0,0.0,RO5_2015-16_data_by_LA_-_Revision.xlsx,RO5 LA Data 2015-16,"row 117, column 12","Net Current Expenditure
 (C7 = C3 - C6)"
2015/16,E1734,E07000087,Fareham,SD,Arts development and support,0,0.0,RO5_2015-16_data_by_LA_-_Revision.xlsx,RO5 LA Data 2015-16,"row 117, column 19","Net Current Expenditure
 (C7 = C3 - C6)"
2015/16,E1734,E07000087,Fareham,SD,Heritage,2.602000000000004,2602.0000000000036,RO5_2015-16_data_by_LA_-_Revision.xlsx,RO5 LA Data 2015-16,"row 117, column 26","Net Current Expenditure
 (C7 = C3 - C6)"
2015/16,E1734,E07000087,Fareham,SD,Museums and galleries,77.391,77391.0,RO5_2015-16_data_by_LA_-_Revision.xlsx,RO5 LA Data 2015-16,"row 117, column 33","Net Current Expenditure
 (C7 = C3 - C6)"
2015/16,E1734,E07000087,Fareham,SD,Theatres and public entertainment,394.6830000000001,394683.0000000001,RO5_2015-16_data_by_LA_-_Revision.xlsx,RO5 LA Data 2015-16,"row 117, column 40","Net Current Expenditure
 (C7 = C3 - C6)"
2015/16,E1734,E07000087,Fareham,SD,Library service,0,0.0,RO5_2015-16_data_by_LA_-_Revision.xlsx,RO5 LA Data 2015-16,"row 117, column 89","Net Current Expenditure
 (C7 = C3 - C6)"
2015/16,E1735,E07000088,Gosport,SD,Archives,0,0.0,RO5_2015-16_data_by_LA_-_Revision.xlsx,RO5 LA Data 2015-16,"row 118, column 12","Net Current Expenditure
 (C7 = C3 - C6)"
2015/16,E1735,E07000088,Gosport,SD,Arts development and support,42,42000.0,RO5_2015-16_data_by_LA_-_Revision.xlsx,RO5 LA Data 2015-16,"row 118, column 19","Net Current Expenditure
 (C7 = C3 - C6)"
2015/16,E1735,E07000088,Gosport,SD,Heritage,0,0.0,RO5_2015-16_data_by_LA_-_Revision.xlsx,RO5 LA Data 2015-16,"row 118, column 26","Net Current Expenditure
 (C7 = C3 - C6)"
2015/16,E1735,E07000088,Gosport,SD,Museums and galleries,66,66000.0,RO5_2015-16_data_by_LA_-_Revision.xlsx,RO5 LA Data 2015-16,"row 118, column 33","Net Current Expenditure
 (C7 = C3 - C6)"
2015/16,E1735,E07000088,Gosport,SD,Theatres and public entertainment,0,0.0,RO5_2015-16_data_by_LA_-_Revision.xlsx,RO5 LA Data 2015-16,"row 118, column 40","Net Current Expenditure
 (C7 = C3 - C6)"
2015/16,E1735,E07000088,Gosport,SD,Library service,0,0.0,RO5_2015-16_data_by_LA_-_Revision.xlsx,RO5 LA Data 2015-16,"row 118, column 89","Net Current Expenditure
 (C7 = C3 - C6)"
2015/16,E1736,E07000089,Hart,SD,Archives,0,0.0,RO5_2015-16_data_by_LA_-_Revision.xlsx,RO5 LA Data 2015-16,"row 119, column 12","Net Current Expenditure
 (C7 = C3 - C6)"
2015/16,E1736,E07000089,Hart,SD,Arts development and support,0,0.0,RO5_2015-16_data_by_LA_-_Revision.xlsx,RO5 LA Data 2015-16,"row 119, column 19","Net Current Expenditure
 (C7 = C3 - C6)"
2015/16,E1736,E07000089,Hart,SD,Heritage,0,0.0,RO5_2015-16_data_by_LA_-_Revision.xlsx,RO5 LA Data 2015-16,"row 119, column 26","Net Current Expenditure
 (C7 = C3 - C6)"
2015/16,E1736,E07000089,Hart,SD,Museums and galleries,0,0.0,RO5_2015-16_data_by_LA_-_Revision.xlsx,RO5 LA Data 2015-16,"row 119, column 33","Net Current Expenditure
 (C7 = C3 - C6)"
2015/16,E1736,E07000089,Hart,SD,Theatres and public entertainment,0,0.0,RO5_2015-16_data_by_LA_-_Revision.xlsx,RO5 LA Data 2015-16,"row 119, column 40","Net Current Expenditure
 (C7 = C3 - C6)"
2015/16,E1736,E07000089,Hart,SD,Library service,0,0.0,RO5_2015-16_data_by_LA_-_Revision.xlsx,RO5 LA Data 2015-16,"row 119, column 89","Net Current Expenditure
 (C7 = C3 - C6)"
2015/16,E1737,E07000090,Havant,SD,Archives,0,0.0,RO5_2015-16_data_by_LA_-_Revision.xlsx,RO5 LA Data 2015-16,"row 120, column 12","Net Current Expenditure
 (C7 = C3 - C6)"
2015/16,E1737,E07000090,Havant,SD,Arts development and support,16,16000.0,RO5_2015-16_data_by_LA_-_Revision.xlsx,RO5 LA Data 2015-16,"row 120, column 19","Net Current Expenditure
 (C7 = C3 - C6)"
2015/16,E1737,E07000090,Havant,SD,Heritage,0,0.0,RO5_2015-16_data_by_LA_-_Revision.xlsx,RO5 LA Data 2015-16,"row 120, column 26","Net Current Expenditure
 (C7 = C3 - C6)"
2015/16,E1737,E07000090,Havant,SD,Museums and galleries,18,18000.0,RO5_2015-16_data_by_LA_-_Revision.xlsx,RO5 LA Data 2015-16,"row 120, column 33","Net Current Expenditure
 (C7 = C3 - C6)"
2015/16,E1737,E07000090,Havant,SD,Theatres and public entertainment,0,0.0,RO5_2015-16_data_by_LA_-_Revision.xlsx,RO5 LA Data 2015-16,"row 120, column 40","Net Current Expenditure
 (C7 = C3 - C6)"
2015/16,E1737,E07000090,Havant,SD,Library service,0,0.0,RO5_2015-16_data_by_LA_-_Revision.xlsx,RO5 LA Data 2015-16,"row 120, column 89","Net Current Expenditure
 (C7 = C3 - C6)"
2015/16,E1738,E07000091,New Forest,SD,Archives,0,0.0,RO5_2015-16_data_by_LA_-_Revision.xlsx,RO5 LA Data 2015-16,"row 121, column 12","Net Current Expenditure
 (C7 = C3 - C6)"
2015/16,E1738,E07000091,New Forest,SD,Arts development and support,155,155000.0,RO5_2015-16_data_by_LA_-_Revision.xlsx,RO5 LA Data 2015-16,"row 121, column 19","Net Current Expenditure
 (C7 = C3 - C6)"
2015/16,E1738,E07000091,New Forest,SD,Heritage,0,0.0,RO5_2015-16_data_by_LA_-_Revision.xlsx,RO5 LA Data 2015-16,"row 121, column 26","Net Current Expenditure
 (C7 = C3 - C6)"
2015/16,E1738,E07000091,New Forest,SD,Museums and galleries,0,0.0,RO5_2015-16_data_by_LA_-_Revision.xlsx,RO5 LA Data 2015-16,"row 121, column 33","Net Current Expenditure
 (C7 = C3 - C6)"
2015/16,E1738,E07000091,New Forest,SD,Theatres and public entertainment,0,0.0,RO5_2015-16_data_by_LA_-_Revision.xlsx,RO5 LA Data 2015-16,"row 121, column 40","Net Current Expenditure
 (C7 = C3 - C6)"
2015/16,E1738,E07000091,New Forest,SD,Library service,0,0.0,RO5_2015-16_data_by_LA_-_Revision.xlsx,RO5 LA Data 2015-16,"row 121, column 89","Net Current Expenditure
 (C7 = C3 - C6)"
2015/16,E1740,E07000092,Rushmoor,SD,Archives,0,0.0,RO5_2015-16_data_by_LA_-_Revision.xlsx,RO5 LA Data 2015-16,"row 122, column 12","Net Current Expenditure
 (C7 = C3 - C6)"
2015/16,E1740,E07000092,Rushmoor,SD,Arts development and support,18,18000.0,RO5_2015-16_data_by_LA_-_Revision.xlsx,RO5 LA Data 2015-16,"row 122, column 19","Net Current Expenditure
 (C7 = C3 - C6)"
2015/16,E1740,E07000092,Rushmoor,SD,Heritage,0,0.0,RO5_2015-16_data_by_LA_-_Revision.xlsx,RO5 LA Data 2015-16,"row 122, column 26","Net Current Expenditure
 (C7 = C3 - C6)"
2015/16,E1740,E07000092,Rushmoor,SD,Museums and galleries,41,41000.0,RO5_2015-16_data_by_LA_-_Revision.xlsx,RO5 LA Data 2015-16,"row 122, column 33","Net Current Expenditure
 (C7 = C3 - C6)"
2015/16,E1740,E07000092,Rushmoor,SD,Theatres and public entertainment,291,291000.0,RO5_2015-16_data_by_LA_-_Revision.xlsx,RO5 LA Data 2015-16,"row 122, column 40","Net Current Expenditure
 (C7 = C3 - C6)"
2015/16,E1740,E07000092,Rushmoor,SD,Library service,0,0.0,RO5_2015-16_data_by_LA_-_Revision.xlsx,RO5 LA Data 2015-16,"row 122, column 89","Net Current Expenditure
 (C7 = C3 - C6)"
2015/16,E1742,E07000093,Test Valley,SD,Archives,0,0.0,RO5_2015-16_data_by_LA_-_Revision.xlsx,RO5 LA Data 2015-16,"row 123, column 12","Net Current Expenditure
 (C7 = C3 - C6)"
2015/16,E1742,E07000093,Test Valley,SD,Arts development and support,27,27000.0,RO5_2015-16_data_by_LA_-_Revision.xlsx,RO5 LA Data 2015-16,"row 123, column 19","Net Current Expenditure
 (C7 = C3 - C6)"
2015/16,E1742,E07000093,Test Valley,SD,Heritage,49,49000.0,RO5_2015-16_data_by_LA_-_Revision.xlsx,RO5 LA Data 2015-16,"row 123, column 26","Net Current Expenditure
 (C7 = C3 - C6)"
2015/16,E1742,E07000093,Test Valley,SD,Museums and galleries,0,0.0,RO5_2015-16_data_by_LA_-_Revision.xlsx,RO5 LA Data 2015-16,"row 123, column 33","Net Current Expenditure
 (C7 = C3 - C6)"
2015/16,E1742,E07000093,Test Valley,SD,Theatres and public entertainment,378,378000.0,RO5_2015-16_data_by_LA_-_Revision.xlsx,RO5 LA Data 2015-16,"row 123, column 40","Net Current Expenditure
 (C7 = C3 - C6)"
2015/16,E1742,E07000093,Test Valley,SD,Library service,0,0.0,RO5_2015-16_data_by_LA_-_Revision.xlsx,RO5 LA Data 2015-16,"row 123, column 89","Net Current Expenditure
 (C7 = C3 - C6)"
2015/16,E1743,E07000094,Winchester,SD,Archives,0,0.0,RO5_2015-16_data_by_LA_-_Revision.xlsx,RO5 LA Data 2015-16,"row 124, column 12","Net Current Expenditure
 (C7 = C3 - C6)"
2015/16,E1743,E07000094,Winchester,SD,Arts development and support,136,136000.0,RO5_2015-16_data_by_LA_-_Revision.xlsx,RO5 LA Data 2015-16,"row 124, column 19","Net Current Expenditure
 (C7 = C3 - C6)"
2015/16,E1743,E07000094,Winchester,SD,Heritage,7,7000.0,RO5_2015-16_data_by_LA_-_Revision.xlsx,RO5 LA Data 2015-16,"row 124, column 26","Net Current Expenditure
 (C7 = C3 - C6)"
2015/16,E1743,E07000094,Winchester,SD,Museums and galleries,456,456000.0,RO5_2015-16_data_by_LA_-_Revision.xlsx,RO5 LA Data 2015-16,"row 124, column 33","Net Current Expenditure
 (C7 = C3 - C6)"
2015/16,E1743,E07000094,Winchester,SD,Theatres and public entertainment,186,186000.0,RO5_2015-16_data_by_LA_-_Revision.xlsx,RO5 LA Data 2015-16,"row 124, column 40","Net Current Expenditure
 (C7 = C3 - C6)"
2015/16,E1743,E07000094,Winchester,SD,Library service,0,0.0,RO5_2015-16_data_by_LA_-_Revision.xlsx,RO5 LA Data 2015-16,"row 124, column 89","Net Current Expenditure
 (C7 = C3 - C6)"
2015/16,E1801,E06000019,Herefordshire UA,UA,Archives,479,479000.0,RO5_2015-16_data_by_LA_-_Revision.xlsx,RO5 LA Data 2015-16,"row 125, column 12","Net Current Expenditure
 (C7 = C3 - C6)"
2015/16,E1801,E06000019,Herefordshire UA,UA,Arts development and support,267,267000.0,RO5_2015-16_data_by_LA_-_Revision.xlsx,RO5 LA Data 2015-16,"row 125, column 19","Net Current Expenditure
 (C7 = C3 - C6)"
2015/16,E1801,E06000019,Herefordshire UA,UA,Heritage,118,118000.0,RO5_2015-16_data_by_LA_-_Revision.xlsx,RO5 LA Data 2015-16,"row 125, column 26","Net Current Expenditure
 (C7 = C3 - C6)"
2015/16,E1801,E06000019,Herefordshire UA,UA,Museums and galleries,173,173000.0,RO5_2015-16_data_by_LA_-_Revision.xlsx,RO5 LA Data 2015-16,"row 125, column 33","Net Current Expenditure
 (C7 = C3 - C6)"
2015/16,E1801,E06000019,Herefordshire UA,UA,Theatres and public entertainment,132,132000.0,RO5_2015-16_data_by_LA_-_Revision.xlsx,RO5 LA Data 2015-16,"row 125, column 40","Net Current Expenditure
 (C7 = C3 - C6)"
2015/16,E1801,E06000019,Herefordshire UA,UA,Library service,987,987000.0,RO5_2015-16_data_by_LA_-_Revision.xlsx,RO5 LA Data 2015-16,"row 125, column 89","Net Current Expenditure
 (C7 = C3 - C6)"
2015/16,E1821,E10000034,Worcestershire,SC,Archives,551,551000.0,RO5_2015-16_data_by_LA_-_Revision.xlsx,RO5 LA Data 2015-16,"row 126, column 12","Net Current Expenditure
 (C7 = C3 - C6)"
2015/16,E1821,E10000034,Worcestershire,SC,Arts development and support,153,153000.0,RO5_2015-16_data_by_LA_-_Revision.xlsx,RO5 LA Data 2015-16,"row 126, column 19","Net Current Expenditure
 (C7 = C3 - C6)"
2015/16,E1821,E10000034,Worcestershire,SC,Heritage,196,196000.0,RO5_2015-16_data_by_LA_-_Revision.xlsx,RO5 LA Data 2015-16,"row 126, column 26","Net Current Expenditure
 (C7 = C3 - C6)"
2015/16,E1821,E10000034,Worcestershire,SC,Museums and galleries,636,636000.0,RO5_2015-16_data_by_LA_-_Revision.xlsx,RO5 LA Data 2015-16,"row 126, column 33","Net Current Expenditure
 (C7 = C3 - C6)"
2015/16,E1821,E10000034,Worcestershire,SC,Theatres and public entertainment,0,0.0,RO5_2015-16_data_by_LA_-_Revision.xlsx,RO5 LA Data 2015-16,"row 126, column 40","Net Current Expenditure
 (C7 = C3 - C6)"
2015/16,E1821,E10000034,Worcestershire,SC,Library service,9965,9965000.0,RO5_2015-16_data_by_LA_-_Revision.xlsx,RO5 LA Data 2015-16,"row 126, column 89","Net Current Expenditure
 (C7 = C3 - C6)"
2015/16,E1831,E07000234,Bromsgrove,SD,Archives,0,0.0,RO5_2015-16_data_by_LA_-_Revision.xlsx,RO5 LA Data 2015-16,"row 127, column 12","Net Current Expenditure
 (C7 = C3 - C6)"
2015/16,E1831,E07000234,Bromsgrove,SD,Arts development and support,229,229000.0,RO5_2015-16_data_by_LA_-_Revision.xlsx,RO5 LA Data 2015-16,"row 127, column 19","Net Current Expenditure
 (C7 = C3 - C6)"
2015/16,E1831,E07000234,Bromsgrove,SD,Heritage,0,0.0,RO5_2015-16_data_by_LA_-_Revision.xlsx,RO5 LA Data 2015-16,"row 127, column 26","Net Current Expenditure
 (C7 = C3 - C6)"
2015/16,E1831,E07000234,Bromsgrove,SD,Museums and galleries,10,10000.0,RO5_2015-16_data_by_LA_-_Revision.xlsx,RO5 LA Data 2015-16,"row 127, column 33","Net Current Expenditure
 (C7 = C3 - C6)"
2015/16,E1831,E07000234,Bromsgrove,SD,Theatres and public entertainment,41,41000.0,RO5_2015-16_data_by_LA_-_Revision.xlsx,RO5 LA Data 2015-16,"row 127, column 40","Net Current Expenditure
 (C7 = C3 - C6)"
2015/16,E1831,E07000234,Bromsgrove,SD,Library service,0,0.0,RO5_2015-16_data_by_LA_-_Revision.xlsx,RO5 LA Data 2015-16,"row 127, column 89","Net Current Expenditure
 (C7 = C3 - C6)"
2015/16,E1835,E07000236,Redditch,SD,Archives,0,0.0,RO5_2015-16_data_by_LA_-_Revision.xlsx,RO5 LA Data 2015-16,"row 128, column 12","Net Current Expenditure
 (C7 = C3 - C6)"
2015/16,E1835,E07000236,Redditch,SD,Arts development and support,0,0.0,RO5_2015-16_data_by_LA_-_Revision.xlsx,RO5 LA Data 2015-16,"row 128, column 19","Net Current Expenditure
 (C7 = C3 - C6)"
2015/16,E1835,E07000236,Redditch,SD,Heritage,320,320000.0,RO5_2015-16_data_by_LA_-_Revision.xlsx,RO5 LA Data 2015-16,"row 128, column 26","Net Current Expenditure
 (C7 = C3 - C6)"
2015/16,E1835,E07000236,Redditch,SD,Museums and galleries,0,0.0,RO5_2015-16_data_by_LA_-_Revision.xlsx,RO5 LA Data 2015-16,"row 128, column 33","Net Current Expenditure
 (C7 = C3 - C6)"
2015/16,E1835,E07000236,Redditch,SD,Theatres and public entertainment,0,0.0,RO5_2015-16_data_by_LA_-_Revision.xlsx,RO5 LA Data 2015-16,"row 128, column 40","Net Current Expenditure
 (C7 = C3 - C6)"
2015/16,E1835,E07000236,Redditch,SD,Library service,0,0.0,RO5_2015-16_data_by_LA_-_Revision.xlsx,RO5 LA Data 2015-16,"row 128, column 89","Net Current Expenditure
 (C7 = C3 - C6)"
2015/16,E1837,E07000237,Worcester,SD,Archives,0,0.0,RO5_2015-16_data_by_LA_-_Revision.xlsx,RO5 LA Data 2015-16,"row 129, column 12","Net Current Expenditure
 (C7 = C3 - C6)"
2015/16,E1837,E07000237,Worcester,SD,Arts development and support,0,0.0,RO5_2015-16_data_by_LA_-_Revision.xlsx,RO5 LA Data 2015-16,"row 129, column 19","Net Current Expenditure
 (C7 = C3 - C6)"
2015/16,E1837,E07000237,Worcester,SD,Heritage,0,0.0,RO5_2015-16_data_by_LA_-_Revision.xlsx,RO5 LA Data 2015-16,"row 129, column 26","Net Current Expenditure
 (C7 = C3 - C6)"
2015/16,E1837,E07000237,Worcester,SD,Museums and galleries,904,904000.0,RO5_2015-16_data_by_LA_-_Revision.xlsx,RO5 LA Data 2015-16,"row 129, column 33","Net Current Expenditure
 (C7 = C3 - C6)"
2015/16,E1837,E07000237,Worcester,SD,Theatres and public entertainment,0,0.0,RO5_2015-16_data_by_LA_-_Revision.xlsx,RO5 LA Data 2015-16,"row 129, column 40","Net Current Expenditure
 (C7 = C3 - C6)"
2015/16,E1837,E07000237,Worcester,SD,Library service,0,0.0,RO5_2015-16_data_by_LA_-_Revision.xlsx,RO5 LA Data 2015-16,"row 129, column 89","Net Current Expenditure
 (C7 = C3 - C6)"
2015/16,E1838,E07000238,Wychavon,SD,Archives,0,0.0,RO5_2015-16_data_by_LA_-_Revision.xlsx,RO5 LA Data 2015-16,"row 130, column 12","Net Current Expenditure
 (C7 = C3 - C6)"
2015/16,E1838,E07000238,Wychavon,SD,Arts development and support,74,74000.0,RO5_2015-16_data_by_LA_-_Revision.xlsx,RO5 LA Data 2015-16,"row 130, column 19","Net Current Expenditure
 (C7 = C3 - C6)"
2015/16,E1838,E07000238,Wychavon,SD,Heritage,0,0.0,RO5_2015-16_data_by_LA_-_Revision.xlsx,RO5 LA Data 2015-16,"row 130, column 26","Net Current Expenditure
 (C7 = C3 - C6)"
2015/16,E1838,E07000238,Wychavon,SD,Museums and galleries,0,0.0,RO5_2015-16_data_by_LA_-_Revision.xlsx,RO5 LA Data 2015-16,"row 130, column 33","Net Current Expenditure
 (C7 = C3 - C6)"
2015/16,E1838,E07000238,Wychavon,SD,Theatres and public entertainment,0,0.0,RO5_2015-16_data_by_LA_-_Revision.xlsx,RO5 LA Data 2015-16,"row 130, column 40","Net Current Expenditure
 (C7 = C3 - C6)"
2015/16,E1838,E07000238,Wychavon,SD,Library service,0,0.0,RO5_2015-16_data_by_LA_-_Revision.xlsx,RO5 LA Data 2015-16,"row 130, column 89","Net Current Expenditure
 (C7 = C3 - C6)"
2015/16,E1839,E07000239,Wyre Forest,SD,Archives,0,0.0,RO5_2015-16_data_by_LA_-_Revision.xlsx,RO5 LA Data 2015-16,"row 131, column 12","Net Current Expenditure
 (C7 = C3 - C6)"
2015/16,E1839,E07000239,Wyre Forest,SD,Arts development and support,83,83000.0,RO5_2015-16_data_by_LA_-_Revision.xlsx,RO5 LA Data 2015-16,"row 131, column 19","Net Current Expenditure
 (C7 = C3 - C6)"
2015/16,E1839,E07000239,Wyre Forest,SD,Heritage,168,168000.0,RO5_2015-16_data_by_LA_-_Revision.xlsx,RO5 LA Data 2015-16,"row 131, column 26","Net Current Expenditure
 (C7 = C3 - C6)"
2015/16,E1839,E07000239,Wyre Forest,SD,Museums and galleries,246,246000.0,RO5_2015-16_data_by_LA_-_Revision.xlsx,RO5 LA Data 2015-16,"row 131, column 33","Net Current Expenditure
 (C7 = C3 - C6)"
2015/16,E1839,E07000239,Wyre Forest,SD,Theatres and public entertainment,115,115000.0,RO5_2015-16_data_by_LA_-_Revision.xlsx,RO5 LA Data 2015-16,"row 131, column 40","Net Current Expenditure
 (C7 = C3 - C6)"
2015/16,E1839,E07000239,Wyre Forest,SD,Library service,0,0.0,RO5_2015-16_data_by_LA_-_Revision.xlsx,RO5 LA Data 2015-16,"row 131, column 89","Net Current Expenditure
 (C7 = C3 - C6)"
2015/16,E1851,E07000235,Malvern Hills,SD,Archives,0,0.0,RO5_2015-16_data_by_LA_-_Revision.xlsx,RO5 LA Data 2015-16,"row 132, column 12","Net Current Expenditure
 (C7 = C3 - C6)"
2015/16,E1851,E07000235,Malvern Hills,SD,Arts development and support,0,0.0,RO5_2015-16_data_by_LA_-_Revision.xlsx,RO5 LA Data 2015-16,"row 132, column 19","Net Current Expenditure
 (C7 = C3 - C6)"
2015/16,E1851,E07000235,Malvern Hills,SD,Heritage,0,0.0,RO5_2015-16_data_by_LA_-_Revision.xlsx,RO5 LA Data 2015-16,"row 132, column 26","Net Current Expenditure
 (C7 = C3 - C6)"
2015/16,E1851,E07000235,Malvern Hills,SD,Museums and galleries,0,0.0,RO5_2015-16_data_by_LA_-_Revision.xlsx,RO5 LA Data 2015-16,"row 132, column 33","Net Current Expenditure
 (C7 = C3 - C6)"
2015/16,E1851,E07000235,Malvern Hills,SD,Theatres and public entertainment,12,12000.0,RO5_2015-16_data_by_LA_-_Revision.xlsx,RO5 LA Data 2015-16,"row 132, column 40","Net Current Expenditure
 (C7 = C3 - C6)"
2015/16,E1851,E07000235,Malvern Hills,SD,Library service,0,0.0,RO5_2015-16_data_by_LA_-_Revision.xlsx,RO5 LA Data 2015-16,"row 132, column 89","Net Current Expenditure
 (C7 = C3 - C6)"
2015/16,E1920,E10000015,Hertfordshire,SC,Archives,803,803000.0,RO5_2015-16_data_by_LA_-_Revision.xlsx,RO5 LA Data 2015-16,"row 133, column 12","Net Current Expenditure
 (C7 = C3 - C6)"
2015/16,E1920,E10000015,Hertfordshire,SC,Arts development and support,0,0.0,RO5_2015-16_data_by_LA_-_Revision.xlsx,RO5 LA Data 2015-16,"row 133, column 19","Net Current Expenditure
 (C7 = C3 - C6)"
2015/16,E1920,E10000015,Hertfordshire,SC,Heritage,249,249000.0,RO5_2015-16_data_by_LA_-_Revision.xlsx,RO5 LA Data 2015-16,"row 133, column 26","Net Current Expenditure
 (C7 = C3 - C6)"
2015/16,E1920,E10000015,Hertfordshire,SC,Museums and galleries,58,58000.0,RO5_2015-16_data_by_LA_-_Revision.xlsx,RO5 LA Data 2015-16,"row 133, column 33","Net Current Expenditure
 (C7 = C3 - C6)"
2015/16,E1920,E10000015,Hertfordshire,SC,Theatres and public entertainment,0,0.0,RO5_2015-16_data_by_LA_-_Revision.xlsx,RO5 LA Data 2015-16,"row 133, column 40","Net Current Expenditure
 (C7 = C3 - C6)"
2015/16,E1920,E10000015,Hertfordshire,SC,Library service,15964,15964000.0,RO5_2015-16_data_by_LA_-_Revision.xlsx,RO5 LA Data 2015-16,"row 133, column 89","Net Current Expenditure
 (C7 = C3 - C6)"
2015/16,E1931,E07000095,Broxbourne,SD,Archives,0,0.0,RO5_2015-16_data_by_LA_-_Revision.xlsx,RO5 LA Data 2015-16,"row 134, column 12","Net Current Expenditure
 (C7 = C3 - C6)"
2015/16,E1931,E07000095,Broxbourne,SD,Arts development and support,0,0.0,RO5_2015-16_data_by_LA_-_Revision.xlsx,RO5 LA Data 2015-16,"row 134, column 19","Net Current Expenditure
 (C7 = C3 - C6)"
2015/16,E1931,E07000095,Broxbourne,SD,Heritage,0,0.0,RO5_2015-16_data_by_LA_-_Revision.xlsx,RO5 LA Data 2015-16,"row 134, column 26","Net Current Expenditure
 (C7 = C3 - C6)"
2015/16,E1931,E07000095,Broxbourne,SD,Museums and galleries,106,106000.0,RO5_2015-16_data_by_LA_-_Revision.xlsx,RO5 LA Data 2015-16,"row 134, column 33","Net Current Expenditure
 (C7 = C3 - C6)"
2015/16,E1931,E07000095,Broxbourne,SD,Theatres and public entertainment,79,79000.0,RO5_2015-16_data_by_LA_-_Revision.xlsx,RO5 LA Data 2015-16,"row 134, column 40","Net Current Expenditure
 (C7 = C3 - C6)"
2015/16,E1931,E07000095,Broxbourne,SD,Library service,0,0.0,RO5_2015-16_data_by_LA_-_Revision.xlsx,RO5 LA Data 2015-16,"row 134, column 89","Net Current Expenditure
 (C7 = C3 - C6)"
2015/16,E1932,E07000096,Dacorum,SD,Archives,0,0.0,RO5_2015-16_data_by_LA_-_Revision.xlsx,RO5 LA Data 2015-16,"row 135, column 12","Net Current Expenditure
 (C7 = C3 - C6)"
2015/16,E1932,E07000096,Dacorum,SD,Arts development and support,0,0.0,RO5_2015-16_data_by_LA_-_Revision.xlsx,RO5 LA Data 2015-16,"row 135, column 19","Net Current Expenditure
 (C7 = C3 - C6)"
2015/16,E1932,E07000096,Dacorum,SD,Heritage,58,58000.0,RO5_2015-16_data_by_LA_-_Revision.xlsx,RO5 LA Data 2015-16,"row 135, column 26","Net Current Expenditure
 (C7 = C3 - C6)"
2015/16,E1932,E07000096,Dacorum,SD,Museums and galleries,0,0.0,RO5_2015-16_data_by_LA_-_Revision.xlsx,RO5 LA Data 2015-16,"row 135, column 33","Net Current Expenditure
 (C7 = C3 - C6)"
2015/16,E1932,E07000096,Dacorum,SD,Theatres and public entertainment,419,419000.0,RO5_2015-16_data_by_LA_-_Revision.xlsx,RO5 LA Data 2015-16,"row 135, column 40","Net Current Expenditure
 (C7 = C3 - C6)"
2015/16,E1932,E07000096,Dacorum,SD,Library service,0,0.0,RO5_2015-16_data_by_LA_-_Revision.xlsx,RO5 LA Data 2015-16,"row 135, column 89","Net Current Expenditure
 (C7 = C3 - C6)"
2015/16,E1933,E07000242,East Hertfordshire,SD,Archives,0,0.0,RO5_2015-16_data_by_LA_-_Revision.xlsx,RO5 LA Data 2015-16,"row 136, column 12","Net Current Expenditure
 (C7 = C3 - C6)"
2015/16,E1933,E07000242,East Hertfordshire,SD,Arts development and support,60,60000.0,RO5_2015-16_data_by_LA_-_Revision.xlsx,RO5 LA Data 2015-16,"row 136, column 19","Net Current Expenditure
 (C7 = C3 - C6)"
2015/16,E1933,E07000242,East Hertfordshire,SD,Heritage,0,0.0,RO5_2015-16_data_by_LA_-_Revision.xlsx,RO5 LA Data 2015-16,"row 136, column 26","Net Current Expenditure
 (C7 = C3 - C6)"
2015/16,E1933,E07000242,East Hertfordshire,SD,Museums and galleries,7,7000.0,RO5_2015-16_data_by_LA_-_Revision.xlsx,RO5 LA Data 2015-16,"row 136, column 33","Net Current Expenditure
 (C7 = C3 - C6)"
2015/16,E1933,E07000242,East Hertfordshire,SD,Theatres and public entertainment,375,375000.0,RO5_2015-16_data_by_LA_-_Revision.xlsx,RO5 LA Data 2015-16,"row 136, column 40","Net Current Expenditure
 (C7 = C3 - C6)"
2015/16,E1933,E07000242,East Hertfordshire,SD,Library service,0,0.0,RO5_2015-16_data_by_LA_-_Revision.xlsx,RO5 LA Data 2015-16,"row 136, column 89","Net Current Expenditure
 (C7 = C3 - C6)"
2015/16,E1934,E07000098,Hertsmere,SD,Archives,0,0.0,RO5_2015-16_data_by_LA_-_Revision.xlsx,RO5 LA Data 2015-16,"row 137, column 12","Net Current Expenditure
 (C7 = C3 - C6)"
2015/16,E1934,E07000098,Hertsmere,SD,Arts development and support,-716,-716000.0,RO5_2015-16_data_by_LA_-_Revision.xlsx,RO5 LA Data 2015-16,"row 137, column 19","Net Current Expenditure
 (C7 = C3 - C6)"
2015/16,E1934,E07000098,Hertsmere,SD,Heritage,0,0.0,RO5_2015-16_data_by_LA_-_Revision.xlsx,RO5 LA Data 2015-16,"row 137, column 26","Net Current Expenditure
 (C7 = C3 - C6)"
2015/16,E1934,E07000098,Hertsmere,SD,Museums and galleries,47,47000.0,RO5_2015-16_data_by_LA_-_Revision.xlsx,RO5 LA Data 2015-16,"row 137, column 33","Net Current Expenditure
 (C7 = C3 - C6)"
2015/16,E1934,E07000098,Hertsmere,SD,Theatres and public entertainment,0,0.0,RO5_2015-16_data_by_LA_-_Revision.xlsx,RO5 LA Data 2015-16,"row 137, column 40","Net Current Expenditure
 (C7 = C3 - C6)"
2015/16,E1934,E07000098,Hertsmere,SD,Library service,0,0.0,RO5_2015-16_data_by_LA_-_Revision.xlsx,RO5 LA Data 2015-16,"row 137, column 89","Net Current Expenditure
 (C7 = C3 - C6)"
2015/16,E1935,E07000099,North Hertfordshire,SD,Archives,0,0.0,RO5_2015-16_data_by_LA_-_Revision.xlsx,RO5 LA Data 2015-16,"row 138, column 12","Net Current Expenditure
 (C7 = C3 - C6)"
2015/16,E1935,E07000099,North Hertfordshire,SD,Arts development and support,0,0.0,RO5_2015-16_data_by_LA_-_Revision.xlsx,RO5 LA Data 2015-16,"row 138, column 19","Net Current Expenditure
 (C7 = C3 - C6)"
2015/16,E1935,E07000099,North Hertfordshire,SD,Heritage,0,0.0,RO5_2015-16_data_by_LA_-_Revision.xlsx,RO5 LA Data 2015-16,"row 138, column 26","Net Current Expenditure
 (C7 = C3 - C6)"
2015/16,E1935,E07000099,North Hertfordshire,SD,Museums and galleries,737,737000.0,RO5_2015-16_data_by_LA_-_Revision.xlsx,RO5 LA Data 2015-16,"row 138, column 33","Net Current Expenditure
 (C7 = C3 - C6)"
2015/16,E1935,E07000099,North Hertfordshire,SD,Theatres and public entertainment,23,23000.0,RO5_2015-16_data_by_LA_-_Revision.xlsx,RO5 LA Data 2015-16,"row 138, column 40","Net Current Expenditure
 (C7 = C3 - C6)"
2015/16,E1935,E07000099,North Hertfordshire,SD,Library service,0,0.0,RO5_2015-16_data_by_LA_-_Revision.xlsx,RO5 LA Data 2015-16,"row 138, column 89","Net Current Expenditure
 (C7 = C3 - C6)"
2015/16,E1936,E07000240,St Albans,SD,Archives,0,0.0,RO5_2015-16_data_by_LA_-_Revision.xlsx,RO5 LA Data 2015-16,"row 139, column 12","Net Current Expenditure
 (C7 = C3 - C6)"
2015/16,E1936,E07000240,St Albans,SD,Arts development and support,40,40000.0,RO5_2015-16_data_by_LA_-_Revision.xlsx,RO5 LA Data 2015-16,"row 139, column 19","Net Current Expenditure
 (C7 = C3 - C6)"
2015/16,E1936,E07000240,St Albans,SD,Heritage,697,697000.0,RO5_2015-16_data_by_LA_-_Revision.xlsx,RO5 LA Data 2015-16,"row 139, column 26","Net Current Expenditure
 (C7 = C3 - C6)"
2015/16,E1936,E07000240,St Albans,SD,Museums and galleries,342,342000.0,RO5_2015-16_data_by_LA_-_Revision.xlsx,RO5 LA Data 2015-16,"row 139, column 33","Net Current Expenditure
 (C7 = C3 - C6)"
2015/16,E1936,E07000240,St Albans,SD,Theatres and public entertainment,63,63000.0,RO5_2015-16_data_by_LA_-_Revision.xlsx,RO5 LA Data 2015-16,"row 139, column 40","Net Current Expenditure
 (C7 = C3 - C6)"
2015/16,E1936,E07000240,St Albans,SD,Library service,0,0.0,RO5_2015-16_data_by_LA_-_Revision.xlsx,RO5 LA Data 2015-16,"row 139, column 89","Net Current Expenditure
 (C7 = C3 - C6)"
2015/16,E1937,E07000243,Stevenage,SD,Archives,0,0.0,RO5_2015-16_data_by_LA_-_Revision.xlsx,RO5 LA Data 2015-16,"row 140, column 12","Net Current Expenditure
 (C7 = C3 - C6)"
2015/16,E1937,E07000243,Stevenage,SD,Arts development and support,12,12000.0,RO5_2015-16_data_by_LA_-_Revision.xlsx,RO5 LA Data 2015-16,"row 140, column 19","Net Current Expenditure
 (C7 = C3 - C6)"
2015/16,E1937,E07000243,Stevenage,SD,Heritage,0,0.0,RO5_2015-16_data_by_LA_-_Revision.xlsx,RO5 LA Data 2015-16,"row 140, column 26","Net Current Expenditure
 (C7 = C3 - C6)"
2015/16,E1937,E07000243,Stevenage,SD,Museums and galleries,270,270000.0,RO5_2015-16_data_by_LA_-_Revision.xlsx,RO5 LA Data 2015-16,"row 140, column 33","Net Current Expenditure
 (C7 = C3 - C6)"
2015/16,E1937,E07000243,Stevenage,SD,Theatres and public entertainment,0,0.0,RO5_2015-16_data_by_LA_-_Revision.xlsx,RO5 LA Data 2015-16,"row 140, column 40","Net Current Expenditure
 (C7 = C3 - C6)"
2015/16,E1937,E07000243,Stevenage,SD,Library service,0,0.0,RO5_2015-16_data_by_LA_-_Revision.xlsx,RO5 LA Data 2015-16,"row 140, column 89","Net Current Expenditure
 (C7 = C3 - C6)"
2015/16,E1938,E07000102,Three Rivers,SD,Archives,0,0.0,RO5_2015-16_data_by_LA_-_Revision.xlsx,RO5 LA Data 2015-16,"row 141, column 12","Net Current Expenditure
 (C7 = C3 - C6)"
2015/16,E1938,E07000102,Three Rivers,SD,Arts development and support,69,69000.0,RO5_2015-16_data_by_LA_-_Revision.xlsx,RO5 LA Data 2015-16,"row 141, column 19","Net Current Expenditure
 (C7 = C3 - C6)"
2015/16,E1938,E07000102,Three Rivers,SD,Heritage,0,0.0,RO5_2015-16_data_by_LA_-_Revision.xlsx,RO5 LA Data 2015-16,"row 141, column 26","Net Current Expenditure
 (C7 = C3 - C6)"
2015/16,E1938,E07000102,Three Rivers,SD,Museums and galleries,7,7000.0,RO5_2015-16_data_by_LA_-_Revision.xlsx,RO5 LA Data 2015-16,"row 141, column 33","Net Current Expenditure
 (C7 = C3 - C6)"
2015/16,E1938,E07000102,Three Rivers,SD,Theatres and public entertainment,82,82000.0,RO5_2015-16_data_by_LA_-_Revision.xlsx,RO5 LA Data 2015-16,"row 141, column 40","Net Current Expenditure
 (C7 = C3 - C6)"
2015/16,E1938,E07000102,Three Rivers,SD,Library service,0,0.0,RO5_2015-16_data_by_LA_-_Revision.xlsx,RO5 LA Data 2015-16,"row 141, column 89","Net Current Expenditure
 (C7 = C3 - C6)"
2015/16,E1939,E07000103,Watford,SD,Archives,0,0.0,RO5_2015-16_data_by_LA_-_Revision.xlsx,RO5 LA Data 2015-16,"row 142, column 12","Net Current Expenditure
 (C7 = C3 - C6)"
2015/16,E1939,E07000103,Watford,SD,Arts development and support,317,317000.0,RO5_2015-16_data_by_LA_-_Revision.xlsx,RO5 LA Data 2015-16,"row 142, column 19","Net Current Expenditure
 (C7 = C3 - C6)"
2015/16,E1939,E07000103,Watford,SD,Heritage,0,0.0,RO5_2015-16_data_by_LA_-_Revision.xlsx,RO5 LA Data 2015-16,"row 142, column 26","Net Current Expenditure
 (C7 = C3 - C6)"
2015/16,E1939,E07000103,Watford,SD,Museums and galleries,300,300000.0,RO5_2015-16_data_by_LA_-_Revision.xlsx,RO5 LA Data 2015-16,"row 142, column 33","Net Current Expenditure
 (C7 = C3 - C6)"
2015/16,E1939,E07000103,Watford,SD,Theatres and public entertainment,467,467000.0,RO5_2015-16_data_by_LA_-_Revision.xlsx,RO5 LA Data 2015-16,"row 142, column 40","Net Current Expenditure
 (C7 = C3 - C6)"
2015/16,E1939,E07000103,Watford,SD,Library service,0,0.0,RO5_2015-16_data_by_LA_-_Revision.xlsx,RO5 LA Data 2015-16,"row 142, column 89","Net Current Expenditure
 (C7 = C3 - C6)"
2015/16,E1940,E07000241,Welwyn Hatfield,SD,Archives,0,0.0,RO5_2015-16_data_by_LA_-_Revision.xlsx,RO5 LA Data 2015-16,"row 143, column 12","Net Current Expenditure
 (C7 = C3 - C6)"
2015/16,E1940,E07000241,Welwyn Hatfield,SD,Arts development and support,3,3000.0,RO5_2015-16_data_by_LA_-_Revision.xlsx,RO5 LA Data 2015-16,"row 143, column 19","Net Current Expenditure
 (C7 = C3 - C6)"
2015/16,E1940,E07000241,Welwyn Hatfield,SD,Heritage,24,24000.0,RO5_2015-16_data_by_LA_-_Revision.xlsx,RO5 LA Data 2015-16,"row 143, column 26","Net Current Expenditure
 (C7 = C3 - C6)"
2015/16,E1940,E07000241,Welwyn Hatfield,SD,Museums and galleries,294,294000.0,RO5_2015-16_data_by_LA_-_Revision.xlsx,RO5 LA Data 2015-16,"row 143, column 33","Net Current Expenditure
 (C7 = C3 - C6)"
2015/16,E1940,E07000241,Welwyn Hatfield,SD,Theatres and public entertainment,1594,1594000.0,RO5_2015-16_data_by_LA_-_Revision.xlsx,RO5 LA Data 2015-16,"row 143, column 40","Net Current Expenditure
 (C7 = C3 - C6)"
2015/16,E1940,E07000241,Welwyn Hatfield,SD,Library service,0,0.0,RO5_2015-16_data_by_LA_-_Revision.xlsx,RO5 LA Data 2015-16,"row 143, column 89","Net Current Expenditure
 (C7 = C3 - C6)"
2015/16,E2001,E06000011,East Riding of Yorkshire UA,UA,Archives,549,549000.0,RO5_2015-16_data_by_LA_-_Revision.xlsx,RO5 LA Data 2015-16,"row 144, column 12","Net Current Expenditure
 (C7 = C3 - C6)"
2015/16,E2001,E06000011,East Riding of Yorkshire UA,UA,Arts development and support,1250,1250000.0,RO5_2015-16_data_by_LA_-_Revision.xlsx,RO5 LA Data 2015-16,"row 144, column 19","Net Current Expenditure
 (C7 = C3 - C6)"
2015/16,E2001,E06000011,East Riding of Yorkshire UA,UA,Heritage,172,172000.0,RO5_2015-16_data_by_LA_-_Revision.xlsx,RO5 LA Data 2015-16,"row 144, column 26","Net Current Expenditure
 (C7 = C3 - C6)"
2015/16,E2001,E06000011,East Riding of Yorkshire UA,UA,Museums and galleries,901,901000.0,RO5_2015-16_data_by_LA_-_Revision.xlsx,RO5 LA Data 2015-16,"row 144, column 33","Net Current Expenditure
 (C7 = C3 - C6)"
2015/16,E2001,E06000011,East Riding of Yorkshire UA,UA,Theatres and public entertainment,797,797000.0,RO5_2015-16_data_by_LA_-_Revision.xlsx,RO5 LA Data 2015-16,"row 144, column 40","Net Current Expenditure
 (C7 = C3 - C6)"
2015/16,E2001,E06000011,East Riding of Yorkshire UA,UA,Library service,4529,4529000.0,RO5_2015-16_data_by_LA_-_Revision.xlsx,RO5 LA Data 2015-16,"row 144, column 89","Net Current Expenditure
 (C7 = C3 - C6)"
2015/16,E2002,E06000010,Kingston upon Hull UA,UA,Archives,312,312000.0,RO5_2015-16_data_by_LA_-_Revision.xlsx,RO5 LA Data 2015-16,"row 145, column 12","Net Current Expenditure
 (C7 = C3 - C6)"
2015/16,E2002,E06000010,Kingston upon Hull UA,UA,Arts development and support,657,657000.0,RO5_2015-16_data_by_LA_-_Revision.xlsx,RO5 LA Data 2015-16,"row 145, column 19","Net Current Expenditure
 (C7 = C3 - C6)"
2015/16,E2002,E06000010,Kingston upon Hull UA,UA,Heritage,1220,1220000.0,RO5_2015-16_data_by_LA_-_Revision.xlsx,RO5 LA Data 2015-16,"row 145, column 26","Net Current Expenditure
 (C7 = C3 - C6)"
2015/16,E2002,E06000010,Kingston upon Hull UA,UA,Museums and galleries,2078,2078000.0,RO5_2015-16_data_by_LA_-_Revision.xlsx,RO5 LA Data 2015-16,"row 145, column 33","Net Current Expenditure
 (C7 = C3 - C6)"
2015/16,E2002,E06000010,Kingston upon Hull UA,UA,Theatres and public entertainment,-5,-5000.0,RO5_2015-16_data_by_LA_-_Revision.xlsx,RO5 LA Data 2015-16,"row 145, column 40","Net Current Expenditure
 (C7 = C3 - C6)"
2015/16,E2002,E06000010,Kingston upon Hull UA,UA,Library service,4076,4076000.0,RO5_2015-16_data_by_LA_-_Revision.xlsx,RO5 LA Data 2015-16,"row 145, column 89","Net Current Expenditure
 (C7 = C3 - C6)"
2015/16,E2003,E06000012,North East Lincolnshire UA,UA,Archives,0,0.0,RO5_2015-16_data_by_LA_-_Revision.xlsx,RO5 LA Data 2015-16,"row 146, column 12","Net Current Expenditure
 (C7 = C3 - C6)"
2015/16,E2003,E06000012,North East Lincolnshire UA,UA,Arts development and support,0,0.0,RO5_2015-16_data_by_LA_-_Revision.xlsx,RO5 LA Data 2015-16,"row 146, column 19","Net Current Expenditure
 (C7 = C3 - C6)"
2015/16,E2003,E06000012,North East Lincolnshire UA,UA,Heritage,0,0.0,RO5_2015-16_data_by_LA_-_Revision.xlsx,RO5 LA Data 2015-16,"row 146, column 26","Net Current Expenditure
 (C7 = C3 - C6)"
2015/16,E2003,E06000012,North East Lincolnshire UA,UA,Museums and galleries,685,685000.0,RO5_2015-16_data_by_LA_-_Revision.xlsx,RO5 LA Data 2015-16,"row 146, column 33","Net Current Expenditure
 (C7 = C3 - C6)"
2015/16,E2003,E06000012,North East Lincolnshire UA,UA,Theatres and public entertainment,436,436000.0,RO5_2015-16_data_by_LA_-_Revision.xlsx,RO5 LA Data 2015-16,"row 146, column 40","Net Current Expenditure
 (C7 = C3 - C6)"
2015/16,E2003,E06000012,North East Lincolnshire UA,UA,Library service,1763,1763000.0,RO5_2015-16_data_by_LA_-_Revision.xlsx,RO5 LA Data 2015-16,"row 146, column 89","Net Current Expenditure
 (C7 = C3 - C6)"
2015/16,E2004,E06000013,North Lincolnshire UA,UA,Archives,42,42000.0,RO5_2015-16_data_by_LA_-_Revision.xlsx,RO5 LA Data 2015-16,"row 147, column 12","Net Current Expenditure
 (C7 = C3 - C6)"
2015/16,E2004,E06000013,North Lincolnshire UA,UA,Arts development and support,105,105000.0,RO5_2015-16_data_by_LA_-_Revision.xlsx,RO5 LA Data 2015-16,"row 147, column 19","Net Current Expenditure
 (C7 = C3 - C6)"
2015/16,E2004,E06000013,North Lincolnshire UA,UA,Heritage,413,413000.0,RO5_2015-16_data_by_LA_-_Revision.xlsx,RO5 LA Data 2015-16,"row 147, column 26","Net Current Expenditure
 (C7 = C3 - C6)"
2015/16,E2004,E06000013,North Lincolnshire UA,UA,Museums and galleries,458,458000.0,RO5_2015-16_data_by_LA_-_Revision.xlsx,RO5 LA Data 2015-16,"row 147, column 33","Net Current Expenditure
 (C7 = C3 - C6)"
2015/16,E2004,E06000013,North Lincolnshire UA,UA,Theatres and public entertainment,1357,1357000.0,RO5_2015-16_data_by_LA_-_Revision.xlsx,RO5 LA Data 2015-16,"row 147, column 40","Net Current Expenditure
 (C7 = C3 - C6)"
2015/16,E2004,E06000013,North Lincolnshire UA,UA,Library service,2072,2072000.0,RO5_2015-16_data_by_LA_-_Revision.xlsx,RO5 LA Data 2015-16,"row 147, column 89","Net Current Expenditure
 (C7 = C3 - C6)"
2015/16,E2101,E06000046,Isle of Wight UA,UA,Archives,190,190000.0,RO5_2015-16_data_by_LA_-_Revision.xlsx,RO5 LA Data 2015-16,"row 148, column 12","Net Current Expenditure
 (C7 = C3 - C6)"
2015/16,E2101,E06000046,Isle of Wight UA,UA,Arts development and support,18,18000.0,RO5_2015-16_data_by_LA_-_Revision.xlsx,RO5 LA Data 2015-16,"row 148, column 19","Net Current Expenditure
 (C7 = C3 - C6)"
2015/16,E2101,E06000046,Isle of Wight UA,UA,Heritage,289,289000.0,RO5_2015-16_data_by_LA_-_Revision.xlsx,RO5 LA Data 2015-16,"row 148, column 26","Net Current Expenditure
 (C7 = C3 - C6)"
2015/16,E2101,E06000046,Isle of Wight UA,UA,Museums and galleries,267,267000.0,RO5_2015-16_data_by_LA_-_Revision.xlsx,RO5 LA Data 2015-16,"row 148, column 33","Net Current Expenditure
 (C7 = C3 - C6)"
2015/16,E2101,E06000046,Isle of Wight UA,UA,Theatres and public entertainment,73,73000.0,RO5_2015-16_data_by_LA_-_Revision.xlsx,RO5 LA Data 2015-16,"row 148, column 40","Net Current Expenditure
 (C7 = C3 - C6)"
2015/16,E2101,E06000046,Isle of Wight UA,UA,Library service,1206,1206000.0,RO5_2015-16_data_by_LA_-_Revision.xlsx,RO5 LA Data 2015-16,"row 148, column 89","Net Current Expenditure
 (C7 = C3 - C6)"
2015/16,E2201,E06000035,The Medway Towns UA,UA,Archives,284,284000.0,RO5_2015-16_data_by_LA_-_Revision.xlsx,RO5 LA Data 2015-16,"row 149, column 12","Net Current Expenditure
 (C7 = C3 - C6)"
2015/16,E2201,E06000035,The Medway Towns UA,UA,Arts development and support,327,327000.0,RO5_2015-16_data_by_LA_-_Revision.xlsx,RO5 LA Data 2015-16,"row 149, column 19","Net Current Expenditure
 (C7 = C3 - C6)"
2015/16,E2201,E06000035,The Medway Towns UA,UA,Heritage,206,206000.0,RO5_2015-16_data_by_LA_-_Revision.xlsx,RO5 LA Data 2015-16,"row 149, column 26","Net Current Expenditure
 (C7 = C3 - C6)"
2015/16,E2201,E06000035,The Medway Towns UA,UA,Museums and galleries,581,581000.0,RO5_2015-16_data_by_LA_-_Revision.xlsx,RO5 LA Data 2015-16,"row 149, column 33","Net Current Expenditure
 (C7 = C3 - C6)"
2015/16,E2201,E06000035,The Medway Towns UA,UA,Theatres and public entertainment,1584,1584000.0,RO5_2015-16_data_by_LA_-_Revision.xlsx,RO5 LA Data 2015-16,"row 149, column 40","Net Current Expenditure
 (C7 = C3 - C6)"
2015/16,E2201,E06000035,The Medway Towns UA,UA,Library service,3968,3968000.0,RO5_2015-16_data_by_LA_-_Revision.xlsx,RO5 LA Data 2015-16,"row 149, column 89","Net Current Expenditure
 (C7 = C3 - C6)"
2015/16,E2221,E10000016,Kent,SC,Archives,719,719000.0,RO5_2015-16_data_by_LA_-_Revision.xlsx,RO5 LA Data 2015-16,"row 150, column 12","Net Current Expenditure
 (C7 = C3 - C6)"
2015/16,E2221,E10000016,Kent,SC,Arts development and support,2287,2287000.0,RO5_2015-16_data_by_LA_-_Revision.xlsx,RO5 LA Data 2015-16,"row 150, column 19","Net Current Expenditure
 (C7 = C3 - C6)"
2015/16,E2221,E10000016,Kent,SC,Heritage,192,192000.0,RO5_2015-16_data_by_LA_-_Revision.xlsx,RO5 LA Data 2015-16,"row 150, column 26","Net Current Expenditure
 (C7 = C3 - C6)"
2015/16,E2221,E10000016,Kent,SC,Museums and galleries,36,36000.0,RO5_2015-16_data_by_LA_-_Revision.xlsx,RO5 LA Data 2015-16,"row 150, column 33","Net Current Expenditure
 (C7 = C3 - C6)"
2015/16,E2221,E10000016,Kent,SC,Theatres and public entertainment,0,0.0,RO5_2015-16_data_by_LA_-_Revision.xlsx,RO5 LA Data 2015-16,"row 150, column 40","Net Current Expenditure
 (C7 = C3 - C6)"
2015/16,E2221,E10000016,Kent,SC,Library service,19395,19395000.0,RO5_2015-16_data_by_LA_-_Revision.xlsx,RO5 LA Data 2015-16,"row 150, column 89","Net Current Expenditure
 (C7 = C3 - C6)"
2015/16,E2231,E07000105,Ashford,SD,Archives,0,0.0,RO5_2015-16_data_by_LA_-_Revision.xlsx,RO5 LA Data 2015-16,"row 151, column 12","Net Current Expenditure
 (C7 = C3 - C6)"
2015/16,E2231,E07000105,Ashford,SD,Arts development and support,404,404000.0,RO5_2015-16_data_by_LA_-_Revision.xlsx,RO5 LA Data 2015-16,"row 151, column 19","Net Current Expenditure
 (C7 = C3 - C6)"
2015/16,E2231,E07000105,Ashford,SD,Heritage,35,35000.0,RO5_2015-16_data_by_LA_-_Revision.xlsx,RO5 LA Data 2015-16,"row 151, column 26","Net Current Expenditure
 (C7 = C3 - C6)"
2015/16,E2231,E07000105,Ashford,SD,Museums and galleries,4,4000.0,RO5_2015-16_data_by_LA_-_Revision.xlsx,RO5 LA Data 2015-16,"row 151, column 33","Net Current Expenditure
 (C7 = C3 - C6)"
2015/16,E2231,E07000105,Ashford,SD,Theatres and public entertainment,0,0.0,RO5_2015-16_data_by_LA_-_Revision.xlsx,RO5 LA Data 2015-16,"row 151, column 40","Net Current Expenditure
 (C7 = C3 - C6)"
2015/16,E2231,E07000105,Ashford,SD,Library service,0,0.0,RO5_2015-16_data_by_LA_-_Revision.xlsx,RO5 LA Data 2015-16,"row 151, column 89","Net Current Expenditure
 (C7 = C3 - C6)"
2015/16,E2232,E07000106,Canterbury,SD,Archives,53,53000.0,RO5_2015-16_data_by_LA_-_Revision.xlsx,RO5 LA Data 2015-16,"row 152, column 12","Net Current Expenditure
 (C7 = C3 - C6)"
2015/16,E2232,E07000106,Canterbury,SD,Arts development and support,65,65000.0,RO5_2015-16_data_by_LA_-_Revision.xlsx,RO5 LA Data 2015-16,"row 152, column 19","Net Current Expenditure
 (C7 = C3 - C6)"
2015/16,E2232,E07000106,Canterbury,SD,Heritage,84,84000.0,RO5_2015-16_data_by_LA_-_Revision.xlsx,RO5 LA Data 2015-16,"row 152, column 26","Net Current Expenditure
 (C7 = C3 - C6)"
2015/16,E2232,E07000106,Canterbury,SD,Museums and galleries,1521,1521000.0,RO5_2015-16_data_by_LA_-_Revision.xlsx,RO5 LA Data 2015-16,"row 152, column 33","Net Current Expenditure
 (C7 = C3 - C6)"
2015/16,E2232,E07000106,Canterbury,SD,Theatres and public entertainment,742,742000.0,RO5_2015-16_data_by_LA_-_Revision.xlsx,RO5 LA Data 2015-16,"row 152, column 40","Net Current Expenditure
 (C7 = C3 - C6)"
2015/16,E2232,E07000106,Canterbury,SD,Library service,0,0.0,RO5_2015-16_data_by_LA_-_Revision.xlsx,RO5 LA Data 2015-16,"row 152, column 89","Net Current Expenditure
 (C7 = C3 - C6)"
2015/16,E2233,E07000107,Dartford,SD,Archives,0,0.0,RO5_2015-16_data_by_LA_-_Revision.xlsx,RO5 LA Data 2015-16,"row 153, column 12","Net Current Expenditure
 (C7 = C3 - C6)"
2015/16,E2233,E07000107,Dartford,SD,Arts development and support,132,132000.0,RO5_2015-16_data_by_LA_-_Revision.xlsx,RO5 LA Data 2015-16,"row 153, column 19","Net Current Expenditure
 (C7 = C3 - C6)"
2015/16,E2233,E07000107,Dartford,SD,Heritage,0,0.0,RO5_2015-16_data_by_LA_-_Revision.xlsx,RO5 LA Data 2015-16,"row 153, column 26","Net Current Expenditure
 (C7 = C3 - C6)"
2015/16,E2233,E07000107,Dartford,SD,Museums and galleries,63,63000.0,RO5_2015-16_data_by_LA_-_Revision.xlsx,RO5 LA Data 2015-16,"row 153, column 33","Net Current Expenditure
 (C7 = C3 - C6)"
2015/16,E2233,E07000107,Dartford,SD,Theatres and public entertainment,499,499000.0,RO5_2015-16_data_by_LA_-_Revision.xlsx,RO5 LA Data 2015-16,"row 153, column 40","Net Current Expenditure
 (C7 = C3 - C6)"
2015/16,E2233,E07000107,Dartford,SD,Library service,0,0.0,RO5_2015-16_data_by_LA_-_Revision.xlsx,RO5 LA Data 2015-16,"row 153, column 89","Net Current Expenditure
 (C7 = C3 - C6)"
2015/16,E2234,E07000108,Dover,SD,Archives,0,0.0,RO5_2015-16_data_by_LA_-_Revision.xlsx,RO5 LA Data 2015-16,"row 154, column 12","Net Current Expenditure
 (C7 = C3 - C6)"
2015/16,E2234,E07000108,Dover,SD,Arts development and support,0,0.0,RO5_2015-16_data_by_LA_-_Revision.xlsx,RO5 LA Data 2015-16,"row 154, column 19","Net Current Expenditure
 (C7 = C3 - C6)"
2015/16,E2234,E07000108,Dover,SD,Heritage,0,0.0,RO5_2015-16_data_by_LA_-_Revision.xlsx,RO5 LA Data 2015-16,"row 154, column 26","Net Current Expenditure
 (C7 = C3 - C6)"
2015/16,E2234,E07000108,Dover,SD,Museums and galleries,614,614000.0,RO5_2015-16_data_by_LA_-_Revision.xlsx,RO5 LA Data 2015-16,"row 154, column 33","Net Current Expenditure
 (C7 = C3 - C6)"
2015/16,E2234,E07000108,Dover,SD,Theatres and public entertainment,0,0.0,RO5_2015-16_data_by_LA_-_Revision.xlsx,RO5 LA Data 2015-16,"row 154, column 40","Net Current Expenditure
 (C7 = C3 - C6)"
2015/16,E2234,E07000108,Dover,SD,Library service,0,0.0,RO5_2015-16_data_by_LA_-_Revision.xlsx,RO5 LA Data 2015-16,"row 154, column 89","Net Current Expenditure
 (C7 = C3 - C6)"
2015/16,E2236,E07000109,Gravesham,SD,Archives,0,0.0,RO5_2015-16_data_by_LA_-_Revision.xlsx,RO5 LA Data 2015-16,"row 155, column 12","Net Current Expenditure
 (C7 = C3 - C6)"
2015/16,E2236,E07000109,Gravesham,SD,Arts development and support,27,27000.0,RO5_2015-16_data_by_LA_-_Revision.xlsx,RO5 LA Data 2015-16,"row 155, column 19","Net Current Expenditure
 (C7 = C3 - C6)"
2015/16,E2236,E07000109,Gravesham,SD,Heritage,20,20000.0,RO5_2015-16_data_by_LA_-_Revision.xlsx,RO5 LA Data 2015-16,"row 155, column 26","Net Current Expenditure
 (C7 = C3 - C6)"
2015/16,E2236,E07000109,Gravesham,SD,Museums and galleries,0,0.0,RO5_2015-16_data_by_LA_-_Revision.xlsx,RO5 LA Data 2015-16,"row 155, column 33","Net Current Expenditure
 (C7 = C3 - C6)"
2015/16,E2236,E07000109,Gravesham,SD,Theatres and public entertainment,534,534000.0,RO5_2015-16_data_by_LA_-_Revision.xlsx,RO5 LA Data 2015-16,"row 155, column 40","Net Current Expenditure
 (C7 = C3 - C6)"
2015/16,E2236,E07000109,Gravesham,SD,Library service,0,0.0,RO5_2015-16_data_by_LA_-_Revision.xlsx,RO5 LA Data 2015-16,"row 155, column 89","Net Current Expenditure
 (C7 = C3 - C6)"
2015/16,E2237,E07000110,Maidstone,SD,Archives,0,0.0,RO5_2015-16_data_by_LA_-_Revision.xlsx,RO5 LA Data 2015-16,"row 156, column 12","Net Current Expenditure
 (C7 = C3 - C6)"
2015/16,E2237,E07000110,Maidstone,SD,Arts development and support,15,15000.0,RO5_2015-16_data_by_LA_-_Revision.xlsx,RO5 LA Data 2015-16,"row 156, column 19","Net Current Expenditure
 (C7 = C3 - C6)"
2015/16,E2237,E07000110,Maidstone,SD,Heritage,-68,-68000.0,RO5_2015-16_data_by_LA_-_Revision.xlsx,RO5 LA Data 2015-16,"row 156, column 26","Net Current Expenditure
 (C7 = C3 - C6)"
2015/16,E2237,E07000110,Maidstone,SD,Museums and galleries,845,845000.0,RO5_2015-16_data_by_LA_-_Revision.xlsx,RO5 LA Data 2015-16,"row 156, column 33","Net Current Expenditure
 (C7 = C3 - C6)"
2015/16,E2237,E07000110,Maidstone,SD,Theatres and public entertainment,450,450000.0,RO5_2015-16_data_by_LA_-_Revision.xlsx,RO5 LA Data 2015-16,"row 156, column 40","Net Current Expenditure
 (C7 = C3 - C6)"
2015/16,E2237,E07000110,Maidstone,SD,Library service,0,0.0,RO5_2015-16_data_by_LA_-_Revision.xlsx,RO5 LA Data 2015-16,"row 156, column 89","Net Current Expenditure
 (C7 = C3 - C6)"
2015/16,E2239,E07000111,Sevenoaks,SD,Archives,0,0.0,RO5_2015-16_data_by_LA_-_Revision.xlsx,RO5 LA Data 2015-16,"row 157, column 12","Net Current Expenditure
 (C7 = C3 - C6)"
2015/16,E2239,E07000111,Sevenoaks,SD,Arts development and support,-216,-216000.0,RO5_2015-16_data_by_LA_-_Revision.xlsx,RO5 LA Data 2015-16,"row 157, column 19","Net Current Expenditure
 (C7 = C3 - C6)"
2015/16,E2239,E07000111,Sevenoaks,SD,Heritage,0,0.0,RO5_2015-16_data_by_LA_-_Revision.xlsx,RO5 LA Data 2015-16,"row 157, column 26","Net Current Expenditure
 (C7 = C3 - C6)"
2015/16,E2239,E07000111,Sevenoaks,SD,Museums and galleries,0,0.0,RO5_2015-16_data_by_LA_-_Revision.xlsx,RO5 LA Data 2015-16,"row 157, column 33","Net Current Expenditure
 (C7 = C3 - C6)"
2015/16,E2239,E07000111,Sevenoaks,SD,Theatres and public entertainment,0,0.0,RO5_2015-16_data_by_LA_-_Revision.xlsx,RO5 LA Data 2015-16,"row 157, column 40","Net Current Expenditure
 (C7 = C3 - C6)"
2015/16,E2239,E07000111,Sevenoaks,SD,Library service,0,0.0,RO5_2015-16_data_by_LA_-_Revision.xlsx,RO5 LA Data 2015-16,"row 157, column 89","Net Current Expenditure
 (C7 = C3 - C6)"
2015/16,E2240,E07000112,Shepway,SD,Archives,0,0.0,RO5_2015-16_data_by_LA_-_Revision.xlsx,RO5 LA Data 2015-16,"row 158, column 12","Net Current Expenditure
 (C7 = C3 - C6)"
2015/16,E2240,E07000112,Shepway,SD,Arts development and support,42,42000.0,RO5_2015-16_data_by_LA_-_Revision.xlsx,RO5 LA Data 2015-16,"row 158, column 19","Net Current Expenditure
 (C7 = C3 - C6)"
2015/16,E2240,E07000112,Shepway,SD,Heritage,176,176000.0,RO5_2015-16_data_by_LA_-_Revision.xlsx,RO5 LA Data 2015-16,"row 158, column 26","Net Current Expenditure
 (C7 = C3 - C6)"
2015/16,E2240,E07000112,Shepway,SD,Museums and galleries,0,0.0,RO5_2015-16_data_by_LA_-_Revision.xlsx,RO5 LA Data 2015-16,"row 158, column 33","Net Current Expenditure
 (C7 = C3 - C6)"
2015/16,E2240,E07000112,Shepway,SD,Theatres and public entertainment,701,701000.0,RO5_2015-16_data_by_LA_-_Revision.xlsx,RO5 LA Data 2015-16,"row 158, column 40","Net Current Expenditure
 (C7 = C3 - C6)"
2015/16,E2240,E07000112,Shepway,SD,Library service,0,0.0,RO5_2015-16_data_by_LA_-_Revision.xlsx,RO5 LA Data 2015-16,"row 158, column 89","Net Current Expenditure
 (C7 = C3 - C6)"
2015/16,E2241,E07000113,Swale,SD,Archives,0,0.0,RO5_2015-16_data_by_LA_-_Revision.xlsx,RO5 LA Data 2015-16,"row 159, column 12","Net Current Expenditure
 (C7 = C3 - C6)"
2015/16,E2241,E07000113,Swale,SD,Arts development and support,39,39000.0,RO5_2015-16_data_by_LA_-_Revision.xlsx,RO5 LA Data 2015-16,"row 159, column 19","Net Current Expenditure
 (C7 = C3 - C6)"
2015/16,E2241,E07000113,Swale,SD,Heritage,10,10000.0,RO5_2015-16_data_by_LA_-_Revision.xlsx,RO5 LA Data 2015-16,"row 159, column 26","Net Current Expenditure
 (C7 = C3 - C6)"
2015/16,E2241,E07000113,Swale,SD,Museums and galleries,25,25000.0,RO5_2015-16_data_by_LA_-_Revision.xlsx,RO5 LA Data 2015-16,"row 159, column 33","Net Current Expenditure
 (C7 = C3 - C6)"
2015/16,E2241,E07000113,Swale,SD,Theatres and public entertainment,0,0.0,RO5_2015-16_data_by_LA_-_Revision.xlsx,RO5 LA Data 2015-16,"row 159, column 40","Net Current Expenditure
 (C7 = C3 - C6)"
2015/16,E2241,E07000113,Swale,SD,Library service,0,0.0,RO5_2015-16_data_by_LA_-_Revision.xlsx,RO5 LA Data 2015-16,"row 159, column 89","Net Current Expenditure
 (C7 = C3 - C6)"
2015/16,E2242,E07000114,Thanet,SD,Archives,0,0.0,RO5_2015-16_data_by_LA_-_Revision.xlsx,RO5 LA Data 2015-16,"row 160, column 12","Net Current Expenditure
 (C7 = C3 - C6)"
2015/16,E2242,E07000114,Thanet,SD,Arts development and support,0,0.0,RO5_2015-16_data_by_LA_-_Revision.xlsx,RO5 LA Data 2015-16,"row 160, column 19","Net Current Expenditure
 (C7 = C3 - C6)"
2015/16,E2242,E07000114,Thanet,SD,Heritage,53,53000.0,RO5_2015-16_data_by_LA_-_Revision.xlsx,RO5 LA Data 2015-16,"row 160, column 26","Net Current Expenditure
 (C7 = C3 - C6)"
2015/16,E2242,E07000114,Thanet,SD,Museums and galleries,40,40000.0,RO5_2015-16_data_by_LA_-_Revision.xlsx,RO5 LA Data 2015-16,"row 160, column 33","Net Current Expenditure
 (C7 = C3 - C6)"
2015/16,E2242,E07000114,Thanet,SD,Theatres and public entertainment,678,678000.0,RO5_2015-16_data_by_LA_-_Revision.xlsx,RO5 LA Data 2015-16,"row 160, column 40","Net Current Expenditure
 (C7 = C3 - C6)"
2015/16,E2242,E07000114,Thanet,SD,Library service,0,0.0,RO5_2015-16_data_by_LA_-_Revision.xlsx,RO5 LA Data 2015-16,"row 160, column 89","Net Current Expenditure
 (C7 = C3 - C6)"
2015/16,E2243,E07000115,Tonbridge & Malling,SD,Archives,0,0.0,RO5_2015-16_data_by_LA_-_Revision.xlsx,RO5 LA Data 2015-16,"row 161, column 12","Net Current Expenditure
 (C7 = C3 - C6)"
2015/16,E2243,E07000115,Tonbridge & Malling,SD,Arts development and support,78,78000.0,RO5_2015-16_data_by_LA_-_Revision.xlsx,RO5 LA Data 2015-16,"row 161, column 19","Net Current Expenditure
 (C7 = C3 - C6)"
2015/16,E2243,E07000115,Tonbridge & Malling,SD,Heritage,6,6000.0,RO5_2015-16_data_by_LA_-_Revision.xlsx,RO5 LA Data 2015-16,"row 161, column 26","Net Current Expenditure
 (C7 = C3 - C6)"
2015/16,E2243,E07000115,Tonbridge & Malling,SD,Museums and galleries,0,0.0,RO5_2015-16_data_by_LA_-_Revision.xlsx,RO5 LA Data 2015-16,"row 161, column 33","Net Current Expenditure
 (C7 = C3 - C6)"
2015/16,E2243,E07000115,Tonbridge & Malling,SD,Theatres and public entertainment,0,0.0,RO5_2015-16_data_by_LA_-_Revision.xlsx,RO5 LA Data 2015-16,"row 161, column 40","Net Current Expenditure
 (C7 = C3 - C6)"
2015/16,E2243,E07000115,Tonbridge & Malling,SD,Library service,0,0.0,RO5_2015-16_data_by_LA_-_Revision.xlsx,RO5 LA Data 2015-16,"row 161, column 89","Net Current Expenditure
 (C7 = C3 - C6)"
2015/16,E2244,E07000116,Tunbridge Wells,SD,Archives,0,0.0,RO5_2015-16_data_by_LA_-_Revision.xlsx,RO5 LA Data 2015-16,"row 162, column 12","Net Current Expenditure
 (C7 = C3 - C6)"
2015/16,E2244,E07000116,Tunbridge Wells,SD,Arts development and support,0,0.0,RO5_2015-16_data_by_LA_-_Revision.xlsx,RO5 LA Data 2015-16,"row 162, column 19","Net Current Expenditure
 (C7 = C3 - C6)"
2015/16,E2244,E07000116,Tunbridge Wells,SD,Heritage,18,18000.0,RO5_2015-16_data_by_LA_-_Revision.xlsx,RO5 LA Data 2015-16,"row 162, column 26","Net Current Expenditure
 (C7 = C3 - C6)"
2015/16,E2244,E07000116,Tunbridge Wells,SD,Museums and galleries,734,734000.0,RO5_2015-16_data_by_LA_-_Revision.xlsx,RO5 LA Data 2015-16,"row 162, column 33","Net Current Expenditure
 (C7 = C3 - C6)"
2015/16,E2244,E07000116,Tunbridge Wells,SD,Theatres and public entertainment,752,752000.0,RO5_2015-16_data_by_LA_-_Revision.xlsx,RO5 LA Data 2015-16,"row 162, column 40","Net Current Expenditure
 (C7 = C3 - C6)"
2015/16,E2244,E07000116,Tunbridge Wells,SD,Library service,0,0.0,RO5_2015-16_data_by_LA_-_Revision.xlsx,RO5 LA Data 2015-16,"row 162, column 89","Net Current Expenditure
 (C7 = C3 - C6)"
2015/16,E2301,E06000008,Blackburn with Darwen UA,UA,Archives,38,38000.0,RO5_2015-16_data_by_LA_-_Revision.xlsx,RO5 LA Data 2015-16,"row 163, column 12","Net Current Expenditure
 (C7 = C3 - C6)"
2015/16,E2301,E06000008,Blackburn with Darwen UA,UA,Arts development and support,77,77000.0,RO5_2015-16_data_by_LA_-_Revision.xlsx,RO5 LA Data 2015-16,"row 163, column 19","Net Current Expenditure
 (C7 = C3 - C6)"
2015/16,E2301,E06000008,Blackburn with Darwen UA,UA,Heritage,5,5000.0,RO5_2015-16_data_by_LA_-_Revision.xlsx,RO5 LA Data 2015-16,"row 163, column 26","Net Current Expenditure
 (C7 = C3 - C6)"
2015/16,E2301,E06000008,Blackburn with Darwen UA,UA,Museums and galleries,422,422000.0,RO5_2015-16_data_by_LA_-_Revision.xlsx,RO5 LA Data 2015-16,"row 163, column 33","Net Current Expenditure
 (C7 = C3 - C6)"
2015/16,E2301,E06000008,Blackburn with Darwen UA,UA,Theatres and public entertainment,1251,1251000.0,RO5_2015-16_data_by_LA_-_Revision.xlsx,RO5 LA Data 2015-16,"row 163, column 40","Net Current Expenditure
 (C7 = C3 - C6)"
2015/16,E2301,E06000008,Blackburn with Darwen UA,UA,Library service,1994,1994000.0,RO5_2015-16_data_by_LA_-_Revision.xlsx,RO5 LA Data 2015-16,"row 163, column 89","Net Current Expenditure
 (C7 = C3 - C6)"
2015/16,E2302,E06000009,Blackpool UA,UA,Archives,37,37000.0,RO5_2015-16_data_by_LA_-_Revision.xlsx,RO5 LA Data 2015-16,"row 164, column 12","Net Current Expenditure
 (C7 = C3 - C6)"
2015/16,E2302,E06000009,Blackpool UA,UA,Arts development and support,247,247000.0,RO5_2015-16_data_by_LA_-_Revision.xlsx,RO5 LA Data 2015-16,"row 164, column 19","Net Current Expenditure
 (C7 = C3 - C6)"
2015/16,E2302,E06000009,Blackpool UA,UA,Heritage,208,208000.0,RO5_2015-16_data_by_LA_-_Revision.xlsx,RO5 LA Data 2015-16,"row 164, column 26","Net Current Expenditure
 (C7 = C3 - C6)"
2015/16,E2302,E06000009,Blackpool UA,UA,Museums and galleries,233,233000.0,RO5_2015-16_data_by_LA_-_Revision.xlsx,RO5 LA Data 2015-16,"row 164, column 33","Net Current Expenditure
 (C7 = C3 - C6)"
2015/16,E2302,E06000009,Blackpool UA,UA,Theatres and public entertainment,1644,1644000.0,RO5_2015-16_data_by_LA_-_Revision.xlsx,RO5 LA Data 2015-16,"row 164, column 40","Net Current Expenditure
 (C7 = C3 - C6)"
2015/16,E2302,E06000009,Blackpool UA,UA,Library service,1931,1931000.0,RO5_2015-16_data_by_LA_-_Revision.xlsx,RO5 LA Data 2015-16,"row 164, column 89","Net Current Expenditure
 (C7 = C3 - C6)"
2015/16,E2321,E10000017,Lancashire,SC,Archives,641,641000.0,RO5_2015-16_data_by_LA_-_Revision.xlsx,RO5 LA Data 2015-16,"row 165, column 12","Net Current Expenditure
 (C7 = C3 - C6)"
2015/16,E2321,E10000017,Lancashire,SC,Arts development and support,1295,1295000.0,RO5_2015-16_data_by_LA_-_Revision.xlsx,RO5 LA Data 2015-16,"row 165, column 19","Net Current Expenditure
 (C7 = C3 - C6)"
2015/16,E2321,E10000017,Lancashire,SC,Heritage,294,294000.0,RO5_2015-16_data_by_LA_-_Revision.xlsx,RO5 LA Data 2015-16,"row 165, column 26","Net Current Expenditure
 (C7 = C3 - C6)"
2015/16,E2321,E10000017,Lancashire,SC,Museums and galleries,2365,2365000.0,RO5_2015-16_data_by_LA_-_Revision.xlsx,RO5 LA Data 2015-16,"row 165, column 33","Net Current Expenditure
 (C7 = C3 - C6)"
2015/16,E2321,E10000017,Lancashire,SC,Theatres and public entertainment,0,0.0,RO5_2015-16_data_by_LA_-_Revision.xlsx,RO5 LA Data 2015-16,"row 165, column 40","Net Current Expenditure
 (C7 = C3 - C6)"
2015/16,E2321,E10000017,Lancashire,SC,Library service,14144,14144000.0,RO5_2015-16_data_by_LA_-_Revision.xlsx,RO5 LA Data 2015-16,"row 165, column 89","Net Current Expenditure
 (C7 = C3 - C6)"
2015/16,E2333,E07000117,Burnley,SD,Archives,0,0.0,RO5_2015-16_data_by_LA_-_Revision.xlsx,RO5 LA Data 2015-16,"row 166, column 12","Net Current Expenditure
 (C7 = C3 - C6)"
2015/16,E2333,E07000117,Burnley,SD,Arts development and support,0,0.0,RO5_2015-16_data_by_LA_-_Revision.xlsx,RO5 LA Data 2015-16,"row 166, column 19","Net Current Expenditure
 (C7 = C3 - C6)"
2015/16,E2333,E07000117,Burnley,SD,Heritage,1,1000.0,RO5_2015-16_data_by_LA_-_Revision.xlsx,RO5 LA Data 2015-16,"row 166, column 26","Net Current Expenditure
 (C7 = C3 - C6)"
2015/16,E2333,E07000117,Burnley,SD,Museums and galleries,412,412000.0,RO5_2015-16_data_by_LA_-_Revision.xlsx,RO5 LA Data 2015-16,"row 166, column 33","Net Current Expenditure
 (C7 = C3 - C6)"
2015/16,E2333,E07000117,Burnley,SD,Theatres and public entertainment,78,78000.0,RO5_2015-16_data_by_LA_-_Revision.xlsx,RO5 LA Data 2015-16,"row 166, column 40","Net Current Expenditure
 (C7 = C3 - C6)"
2015/16,E2333,E07000117,Burnley,SD,Library service,0,0.0,RO5_2015-16_data_by_LA_-_Revision.xlsx,RO5 LA Data 2015-16,"row 166, column 89","Net Current Expenditure
 (C7 = C3 - C6)"
2015/16,E2334,E07000118,Chorley,SD,Archives,0,0.0,RO5_2015-16_data_by_LA_-_Revision.xlsx,RO5 LA Data 2015-16,"row 167, column 12","Net Current Expenditure
 (C7 = C3 - C6)"
2015/16,E2334,E07000118,Chorley,SD,Arts development and support,16,16000.0,RO5_2015-16_data_by_LA_-_Revision.xlsx,RO5 LA Data 2015-16,"row 167, column 19","Net Current Expenditure
 (C7 = C3 - C6)"
2015/16,E2334,E07000118,Chorley,SD,Heritage,0,0.0,RO5_2015-16_data_by_LA_-_Revision.xlsx,RO5 LA Data 2015-16,"row 167, column 26","Net Current Expenditure
 (C7 = C3 - C6)"
2015/16,E2334,E07000118,Chorley,SD,Museums and galleries,303,303000.0,RO5_2015-16_data_by_LA_-_Revision.xlsx,RO5 LA Data 2015-16,"row 167, column 33","Net Current Expenditure
 (C7 = C3 - C6)"
2015/16,E2334,E07000118,Chorley,SD,Theatres and public entertainment,249,249000.0,RO5_2015-16_data_by_LA_-_Revision.xlsx,RO5 LA Data 2015-16,"row 167, column 40","Net Current Expenditure
 (C7 = C3 - C6)"
2015/16,E2334,E07000118,Chorley,SD,Library service,0,0.0,RO5_2015-16_data_by_LA_-_Revision.xlsx,RO5 LA Data 2015-16,"row 167, column 89","Net Current Expenditure
 (C7 = C3 - C6)"
2015/16,E2335,E07000119,Fylde,SD,Archives,0,0.0,RO5_2015-16_data_by_LA_-_Revision.xlsx,RO5 LA Data 2015-16,"row 168, column 12","Net Current Expenditure
 (C7 = C3 - C6)"
2015/16,E2335,E07000119,Fylde,SD,Arts development and support,49,49000.0,RO5_2015-16_data_by_LA_-_Revision.xlsx,RO5 LA Data 2015-16,"row 168, column 19","Net Current Expenditure
 (C7 = C3 - C6)"
2015/16,E2335,E07000119,Fylde,SD,Heritage,160,160000.0,RO5_2015-16_data_by_LA_-_Revision.xlsx,RO5 LA Data 2015-16,"row 168, column 26","Net Current Expenditure
 (C7 = C3 - C6)"
2015/16,E2335,E07000119,Fylde,SD,Museums and galleries,0,0.0,RO5_2015-16_data_by_LA_-_Revision.xlsx,RO5 LA Data 2015-16,"row 168, column 33","Net Current Expenditure
 (C7 = C3 - C6)"
2015/16,E2335,E07000119,Fylde,SD,Theatres and public entertainment,32,32000.0,RO5_2015-16_data_by_LA_-_Revision.xlsx,RO5 LA Data 2015-16,"row 168, column 40","Net Current Expenditure
 (C7 = C3 - C6)"
2015/16,E2335,E07000119,Fylde,SD,Library service,0,0.0,RO5_2015-16_data_by_LA_-_Revision.xlsx,RO5 LA Data 2015-16,"row 168, column 89","Net Current Expenditure
 (C7 = C3 - C6)"
2015/16,E2336,E07000120,Hyndburn,SD,Archives,0,0.0,RO5_2015-16_data_by_LA_-_Revision.xlsx,RO5 LA Data 2015-16,"row 169, column 12","Net Current Expenditure
 (C7 = C3 - C6)"
2015/16,E2336,E07000120,Hyndburn,SD,Arts development and support,0,0.0,RO5_2015-16_data_by_LA_-_Revision.xlsx,RO5 LA Data 2015-16,"row 169, column 19","Net Current Expenditure
 (C7 = C3 - C6)"
2015/16,E2336,E07000120,Hyndburn,SD,Heritage,0,0.0,RO5_2015-16_data_by_LA_-_Revision.xlsx,RO5 LA Data 2015-16,"row 169, column 26","Net Current Expenditure
 (C7 = C3 - C6)"
2015/16,E2336,E07000120,Hyndburn,SD,Museums and galleries,141,141000.0,RO5_2015-16_data_by_LA_-_Revision.xlsx,RO5 LA Data 2015-16,"row 169, column 33","Net Current Expenditure
 (C7 = C3 - C6)"
2015/16,E2336,E07000120,Hyndburn,SD,Theatres and public entertainment,187,187000.0,RO5_2015-16_data_by_LA_-_Revision.xlsx,RO5 LA Data 2015-16,"row 169, column 40","Net Current Expenditure
 (C7 = C3 - C6)"
2015/16,E2336,E07000120,Hyndburn,SD,Library service,0,0.0,RO5_2015-16_data_by_LA_-_Revision.xlsx,RO5 LA Data 2015-16,"row 169, column 89","Net Current Expenditure
 (C7 = C3 - C6)"
2015/16,E2337,E07000121,Lancaster,SD,Archives,0,0.0,RO5_2015-16_data_by_LA_-_Revision.xlsx,RO5 LA Data 2015-16,"row 170, column 12","Net Current Expenditure
 (C7 = C3 - C6)"
2015/16,E2337,E07000121,Lancaster,SD,Arts development and support,0,0.0,RO5_2015-16_data_by_LA_-_Revision.xlsx,RO5 LA Data 2015-16,"row 170, column 19","Net Current Expenditure
 (C7 = C3 - C6)"
2015/16,E2337,E07000121,Lancaster,SD,Heritage,56,56000.0,RO5_2015-16_data_by_LA_-_Revision.xlsx,RO5 LA Data 2015-16,"row 170, column 26","Net Current Expenditure
 (C7 = C3 - C6)"
2015/16,E2337,E07000121,Lancaster,SD,Museums and galleries,521,521000.0,RO5_2015-16_data_by_LA_-_Revision.xlsx,RO5 LA Data 2015-16,"row 170, column 33","Net Current Expenditure
 (C7 = C3 - C6)"
2015/16,E2337,E07000121,Lancaster,SD,Theatres and public entertainment,401,401000.0,RO5_2015-16_data_by_LA_-_Revision.xlsx,RO5 LA Data 2015-16,"row 170, column 40","Net Current Expenditure
 (C7 = C3 - C6)"
2015/16,E2337,E07000121,Lancaster,SD,Library service,0,0.0,RO5_2015-16_data_by_LA_-_Revision.xlsx,RO5 LA Data 2015-16,"row 170, column 89","Net Current Expenditure
 (C7 = C3 - C6)"
2015/16,E2338,E07000122,Pendle,SD,Archives,0,0.0,RO5_2015-16_data_by_LA_-_Revision.xlsx,RO5 LA Data 2015-16,"row 171, column 12","Net Current Expenditure
 (C7 = C3 - C6)"
2015/16,E2338,E07000122,Pendle,SD,Arts development and support,2,2000.0,RO5_2015-16_data_by_LA_-_Revision.xlsx,RO5 LA Data 2015-16,"row 171, column 19","Net Current Expenditure
 (C7 = C3 - C6)"
2015/16,E2338,E07000122,Pendle,SD,Heritage,0,0.0,RO5_2015-16_data_by_LA_-_Revision.xlsx,RO5 LA Data 2015-16,"row 171, column 26","Net Current Expenditure
 (C7 = C3 - C6)"
2015/16,E2338,E07000122,Pendle,SD,Museums and galleries,0,0.0,RO5_2015-16_data_by_LA_-_Revision.xlsx,RO5 LA Data 2015-16,"row 171, column 33","Net Current Expenditure
 (C7 = C3 - C6)"
2015/16,E2338,E07000122,Pendle,SD,Theatres and public entertainment,147,147000.0,RO5_2015-16_data_by_LA_-_Revision.xlsx,RO5 LA Data 2015-16,"row 171, column 40","Net Current Expenditure
 (C7 = C3 - C6)"
2015/16,E2338,E07000122,Pendle,SD,Library service,0,0.0,RO5_2015-16_data_by_LA_-_Revision.xlsx,RO5 LA Data 2015-16,"row 171, column 89","Net Current Expenditure
 (C7 = C3 - C6)"
2015/16,E2339,E07000123,Preston,SD,Archives,0,0.0,RO5_2015-16_data_by_LA_-_Revision.xlsx,RO5 LA Data 2015-16,"row 172, column 12","Net Current Expenditure
 (C7 = C3 - C6)"
2015/16,E2339,E07000123,Preston,SD,Arts development and support,0,0.0,RO5_2015-16_data_by_LA_-_Revision.xlsx,RO5 LA Data 2015-16,"row 172, column 19","Net Current Expenditure
 (C7 = C3 - C6)"
2015/16,E2339,E07000123,Preston,SD,Heritage,32,32000.0,RO5_2015-16_data_by_LA_-_Revision.xlsx,RO5 LA Data 2015-16,"row 172, column 26","Net Current Expenditure
 (C7 = C3 - C6)"
2015/16,E2339,E07000123,Preston,SD,Museums and galleries,1179,1179000.0,RO5_2015-16_data_by_LA_-_Revision.xlsx,RO5 LA Data 2015-16,"row 172, column 33","Net Current Expenditure
 (C7 = C3 - C6)"
2015/16,E2339,E07000123,Preston,SD,Theatres and public entertainment,324,324000.0,RO5_2015-16_data_by_LA_-_Revision.xlsx,RO5 LA Data 2015-16,"row 172, column 40","Net Current Expenditure
 (C7 = C3 - C6)"
2015/16,E2339,E07000123,Preston,SD,Library service,0,0.0,RO5_2015-16_data_by_LA_-_Revision.xlsx,RO5 LA Data 2015-16,"row 172, column 89","Net Current Expenditure
 (C7 = C3 - C6)"
2015/16,E2340,E07000124,Ribble Valley,SD,Archives,0,0.0,RO5_2015-16_data_by_LA_-_Revision.xlsx,RO5 LA Data 2015-16,"row 173, column 12","Net Current Expenditure
 (C7 = C3 - C6)"
2015/16,E2340,E07000124,Ribble Valley,SD,Arts development and support,31.7,31700.0,RO5_2015-16_data_by_LA_-_Revision.xlsx,RO5 LA Data 2015-16,"row 173, column 19","Net Current Expenditure
 (C7 = C3 - C6)"
2015/16,E2340,E07000124,Ribble Valley,SD,Heritage,0,0.0,RO5_2015-16_data_by_LA_-_Revision.xlsx,RO5 LA Data 2015-16,"row 173, column 26","Net Current Expenditure
 (C7 = C3 - C6)"
2015/16,E2340,E07000124,Ribble Valley,SD,Museums and galleries,319,319000.0,RO5_2015-16_data_by_LA_-_Revision.xlsx,RO5 LA Data 2015-16,"row 173, column 33","Net Current Expenditure
 (C7 = C3 - C6)"
2015/16,E2340,E07000124,Ribble Valley,SD,Theatres and public entertainment,0,0.0,RO5_2015-16_data_by_LA_-_Revision.xlsx,RO5 LA Data 2015-16,"row 173, column 40","Net Current Expenditure
 (C7 = C3 - C6)"
2015/16,E2340,E07000124,Ribble Valley,SD,Library service,0,0.0,RO5_2015-16_data_by_LA_-_Revision.xlsx,RO5 LA Data 2015-16,"row 173, column 89","Net Current Expenditure
 (C7 = C3 - C6)"
2015/16,E2341,E07000125,Rossendale,SD,Archives,0,0.0,RO5_2015-16_data_by_LA_-_Revision.xlsx,RO5 LA Data 2015-16,"row 174, column 12","Net Current Expenditure
 (C7 = C3 - C6)"
2015/16,E2341,E07000125,Rossendale,SD,Arts development and support,0,0.0,RO5_2015-16_data_by_LA_-_Revision.xlsx,RO5 LA Data 2015-16,"row 174, column 19","Net Current Expenditure
 (C7 = C3 - C6)"
2015/16,E2341,E07000125,Rossendale,SD,Heritage,0,0.0,RO5_2015-16_data_by_LA_-_Revision.xlsx,RO5 LA Data 2015-16,"row 174, column 26","Net Current Expenditure
 (C7 = C3 - C6)"
2015/16,E2341,E07000125,Rossendale,SD,Museums and galleries,99,99000.0,RO5_2015-16_data_by_LA_-_Revision.xlsx,RO5 LA Data 2015-16,"row 174, column 33","Net Current Expenditure
 (C7 = C3 - C6)"
2015/16,E2341,E07000125,Rossendale,SD,Theatres and public entertainment,0,0.0,RO5_2015-16_data_by_LA_-_Revision.xlsx,RO5 LA Data 2015-16,"row 174, column 40","Net Current Expenditure
 (C7 = C3 - C6)"
2015/16,E2341,E07000125,Rossendale,SD,Library service,0,0.0,RO5_2015-16_data_by_LA_-_Revision.xlsx,RO5 LA Data 2015-16,"row 174, column 89","Net Current Expenditure
 (C7 = C3 - C6)"
2015/16,E2342,E07000126,South Ribble,SD,Archives,0,0.0,RO5_2015-16_data_by_LA_-_Revision.xlsx,RO5 LA Data 2015-16,"row 175, column 12","Net Current Expenditure
 (C7 = C3 - C6)"
2015/16,E2342,E07000126,South Ribble,SD,Arts development and support,29,29000.0,RO5_2015-16_data_by_LA_-_Revision.xlsx,RO5 LA Data 2015-16,"row 175, column 19","Net Current Expenditure
 (C7 = C3 - C6)"
2015/16,E2342,E07000126,South Ribble,SD,Heritage,2,2000.0,RO5_2015-16_data_by_LA_-_Revision.xlsx,RO5 LA Data 2015-16,"row 175, column 26","Net Current Expenditure
 (C7 = C3 - C6)"
2015/16,E2342,E07000126,South Ribble,SD,Museums and galleries,82,82000.0,RO5_2015-16_data_by_LA_-_Revision.xlsx,RO5 LA Data 2015-16,"row 175, column 33","Net Current Expenditure
 (C7 = C3 - C6)"
2015/16,E2342,E07000126,South Ribble,SD,Theatres and public entertainment,141,141000.0,RO5_2015-16_data_by_LA_-_Revision.xlsx,RO5 LA Data 2015-16,"row 175, column 40","Net Current Expenditure
 (C7 = C3 - C6)"
2015/16,E2342,E07000126,South Ribble,SD,Library service,0,0.0,RO5_2015-16_data_by_LA_-_Revision.xlsx,RO5 LA Data 2015-16,"row 175, column 89","Net Current Expenditure
 (C7 = C3 - C6)"
2015/16,E2343,E07000127,West Lancashire,SD,Archives,0,0.0,RO5_2015-16_data_by_LA_-_Revision.xlsx,RO5 LA Data 2015-16,"row 176, column 12","Net Current Expenditure
 (C7 = C3 - C6)"
2015/16,E2343,E07000127,West Lancashire,SD,Arts development and support,139,139000.0,RO5_2015-16_data_by_LA_-_Revision.xlsx,RO5 LA Data 2015-16,"row 176, column 19","Net Current Expenditure
 (C7 = C3 - C6)"
2015/16,E2343,E07000127,West Lancashire,SD,Heritage,10,10000.0,RO5_2015-16_data_by_LA_-_Revision.xlsx,RO5 LA Data 2015-16,"row 176, column 26","Net Current Expenditure
 (C7 = C3 - C6)"
2015/16,E2343,E07000127,West Lancashire,SD,Museums and galleries,174,174000.0,RO5_2015-16_data_by_LA_-_Revision.xlsx,RO5 LA Data 2015-16,"row 176, column 33","Net Current Expenditure
 (C7 = C3 - C6)"
2015/16,E2343,E07000127,West Lancashire,SD,Theatres and public entertainment,10,10000.0,RO5_2015-16_data_by_LA_-_Revision.xlsx,RO5 LA Data 2015-16,"row 176, column 40","Net Current Expenditure
 (C7 = C3 - C6)"
2015/16,E2343,E07000127,West Lancashire,SD,Library service,0,0.0,RO5_2015-16_data_by_LA_-_Revision.xlsx,RO5 LA Data 2015-16,"row 176, column 89","Net Current Expenditure
 (C7 = C3 - C6)"
2015/16,E2344,E07000128,Wyre,SD,Archives,0,0.0,RO5_2015-16_data_by_LA_-_Revision.xlsx,RO5 LA Data 2015-16,"row 177, column 12","Net Current Expenditure
 (C7 = C3 - C6)"
2015/16,E2344,E07000128,Wyre,SD,Arts development and support,89,89000.0,RO5_2015-16_data_by_LA_-_Revision.xlsx,RO5 LA Data 2015-16,"row 177, column 19","Net Current Expenditure
 (C7 = C3 - C6)"
2015/16,E2344,E07000128,Wyre,SD,Heritage,174,174000.0,RO5_2015-16_data_by_LA_-_Revision.xlsx,RO5 LA Data 2015-16,"row 177, column 26","Net Current Expenditure
 (C7 = C3 - C6)"
2015/16,E2344,E07000128,Wyre,SD,Museums and galleries,0,0.0,RO5_2015-16_data_by_LA_-_Revision.xlsx,RO5 LA Data 2015-16,"row 177, column 33","Net Current Expenditure
 (C7 = C3 - C6)"
2015/16,E2344,E07000128,Wyre,SD,Theatres and public entertainment,340,340000.0,RO5_2015-16_data_by_LA_-_Revision.xlsx,RO5 LA Data 2015-16,"row 177, column 40","Net Current Expenditure
 (C7 = C3 - C6)"
2015/16,E2344,E07000128,Wyre,SD,Library service,0,0.0,RO5_2015-16_data_by_LA_-_Revision.xlsx,RO5 LA Data 2015-16,"row 177, column 89","Net Current Expenditure
 (C7 = C3 - C6)"
2015/16,E2401,E06000016,Leicester City UA,UA,Archives,182,182000.0,RO5_2015-16_data_by_LA_-_Revision.xlsx,RO5 LA Data 2015-16,"row 178, column 12","Net Current Expenditure
 (C7 = C3 - C6)"
2015/16,E2401,E06000016,Leicester City UA,UA,Arts development and support,322,322000.0,RO5_2015-16_data_by_LA_-_Revision.xlsx,RO5 LA Data 2015-16,"row 178, column 19","Net Current Expenditure
 (C7 = C3 - C6)"
2015/16,E2401,E06000016,Leicester City UA,UA,Heritage,65,65000.0,RO5_2015-16_data_by_LA_-_Revision.xlsx,RO5 LA Data 2015-16,"row 178, column 26","Net Current Expenditure
 (C7 = C3 - C6)"
2015/16,E2401,E06000016,Leicester City UA,UA,Museums and galleries,2782,2782000.0,RO5_2015-16_data_by_LA_-_Revision.xlsx,RO5 LA Data 2015-16,"row 178, column 33","Net Current Expenditure
 (C7 = C3 - C6)"
2015/16,E2401,E06000016,Leicester City UA,UA,Theatres and public entertainment,2523,2523000.0,RO5_2015-16_data_by_LA_-_Revision.xlsx,RO5 LA Data 2015-16,"row 178, column 40","Net Current Expenditure
 (C7 = C3 - C6)"
2015/16,E2401,E06000016,Leicester City UA,UA,Library service,3913,3913000.0,RO5_2015-16_data_by_LA_-_Revision.xlsx,RO5 LA Data 2015-16,"row 178, column 89","Net Current Expenditure
 (C7 = C3 - C6)"
2015/16,E2402,E06000017,Rutland UA,UA,Archives,0,0.0,RO5_2015-16_data_by_LA_-_Revision.xlsx,RO5 LA Data 2015-16,"row 179, column 12","Net Current Expenditure
 (C7 = C3 - C6)"
2015/16,E2402,E06000017,Rutland UA,UA,Arts development and support,12,12000.0,RO5_2015-16_data_by_LA_-_Revision.xlsx,RO5 LA Data 2015-16,"row 179, column 19","Net Current Expenditure
 (C7 = C3 - C6)"
2015/16,E2402,E06000017,Rutland UA,UA,Heritage,0,0.0,RO5_2015-16_data_by_LA_-_Revision.xlsx,RO5 LA Data 2015-16,"row 179, column 26","Net Current Expenditure
 (C7 = C3 - C6)"
2015/16,E2402,E06000017,Rutland UA,UA,Museums and galleries,365,365000.0,RO5_2015-16_data_by_LA_-_Revision.xlsx,RO5 LA Data 2015-16,"row 179, column 33","Net Current Expenditure
 (C7 = C3 - C6)"
2015/16,E2402,E06000017,Rutland UA,UA,Theatres and public entertainment,0,0.0,RO5_2015-16_data_by_LA_-_Revision.xlsx,RO5 LA Data 2015-16,"row 179, column 40","Net Current Expenditure
 (C7 = C3 - C6)"
2015/16,E2402,E06000017,Rutland UA,UA,Library service,476,476000.0,RO5_2015-16_data_by_LA_-_Revision.xlsx,RO5 LA Data 2015-16,"row 179, column 89","Net Current Expenditure
 (C7 = C3 - C6)"
2015/16,E2421,E10000018,Leicestershire,SC,Archives,220.96400000000006,220964.00000000006,RO5_2015-16_data_by_LA_-_Revision.xlsx,RO5 LA Data 2015-16,"row 180, column 12","Net Current Expenditure
 (C7 = C3 - C6)"
2015/16,E2421,E10000018,Leicestershire,SC,Arts development and support,0,0.0,RO5_2015-16_data_by_LA_-_Revision.xlsx,RO5 LA Data 2015-16,"row 180, column 19","Net Current Expenditure
 (C7 = C3 - C6)"
2015/16,E2421,E10000018,Leicestershire,SC,Heritage,1348.615,1348615.0,RO5_2015-16_data_by_LA_-_Revision.xlsx,RO5 LA Data 2015-16,"row 180, column 26","Net Current Expenditure
 (C7 = C3 - C6)"
2015/16,E2421,E10000018,Leicestershire,SC,Museums and galleries,1160.578,1160578.0,RO5_2015-16_data_by_LA_-_Revision.xlsx,RO5 LA Data 2015-16,"row 180, column 33","Net Current Expenditure
 (C7 = C3 - C6)"
2015/16,E2421,E10000018,Leicestershire,SC,Theatres and public entertainment,0,0.0,RO5_2015-16_data_by_LA_-_Revision.xlsx,RO5 LA Data 2015-16,"row 180, column 40","Net Current Expenditure
 (C7 = C3 - C6)"
2015/16,E2421,E10000018,Leicestershire,SC,Library service,6926,6926000.0,RO5_2015-16_data_by_LA_-_Revision.xlsx,RO5 LA Data 2015-16,"row 180, column 89","Net Current Expenditure
 (C7 = C3 - C6)"
2015/16,E2431,E07000129,Blaby,SD,Archives,0,0.0,RO5_2015-16_data_by_LA_-_Revision.xlsx,RO5 LA Data 2015-16,"row 181, column 12","Net Current Expenditure
 (C7 = C3 - C6)"
2015/16,E2431,E07000129,Blaby,SD,Arts development and support,17,17000.0,RO5_2015-16_data_by_LA_-_Revision.xlsx,RO5 LA Data 2015-16,"row 181, column 19","Net Current Expenditure
 (C7 = C3 - C6)"
2015/16,E2431,E07000129,Blaby,SD,Heritage,0,0.0,RO5_2015-16_data_by_LA_-_Revision.xlsx,RO5 LA Data 2015-16,"row 181, column 26","Net Current Expenditure
 (C7 = C3 - C6)"
2015/16,E2431,E07000129,Blaby,SD,Museums and galleries,0,0.0,RO5_2015-16_data_by_LA_-_Revision.xlsx,RO5 LA Data 2015-16,"row 181, column 33","Net Current Expenditure
 (C7 = C3 - C6)"
2015/16,E2431,E07000129,Blaby,SD,Theatres and public entertainment,0,0.0,RO5_2015-16_data_by_LA_-_Revision.xlsx,RO5 LA Data 2015-16,"row 181, column 40","Net Current Expenditure
 (C7 = C3 - C6)"
2015/16,E2431,E07000129,Blaby,SD,Library service,0,0.0,RO5_2015-16_data_by_LA_-_Revision.xlsx,RO5 LA Data 2015-16,"row 181, column 89","Net Current Expenditure
 (C7 = C3 - C6)"
2015/16,E2432,E07000130,Charnwood,SD,Archives,0,0.0,RO5_2015-16_data_by_LA_-_Revision.xlsx,RO5 LA Data 2015-16,"row 182, column 12","Net Current Expenditure
 (C7 = C3 - C6)"
2015/16,E2432,E07000130,Charnwood,SD,Arts development and support,94,94000.0,RO5_2015-16_data_by_LA_-_Revision.xlsx,RO5 LA Data 2015-16,"row 182, column 19","Net Current Expenditure
 (C7 = C3 - C6)"
2015/16,E2432,E07000130,Charnwood,SD,Heritage,19,19000.0,RO5_2015-16_data_by_LA_-_Revision.xlsx,RO5 LA Data 2015-16,"row 182, column 26","Net Current Expenditure
 (C7 = C3 - C6)"
2015/16,E2432,E07000130,Charnwood,SD,Museums and galleries,187,187000.0,RO5_2015-16_data_by_LA_-_Revision.xlsx,RO5 LA Data 2015-16,"row 182, column 33","Net Current Expenditure
 (C7 = C3 - C6)"
2015/16,E2432,E07000130,Charnwood,SD,Theatres and public entertainment,438,438000.0,RO5_2015-16_data_by_LA_-_Revision.xlsx,RO5 LA Data 2015-16,"row 182, column 40","Net Current Expenditure
 (C7 = C3 - C6)"
2015/16,E2432,E07000130,Charnwood,SD,Library service,0,0.0,RO5_2015-16_data_by_LA_-_Revision.xlsx,RO5 LA Data 2015-16,"row 182, column 89","Net Current Expenditure
 (C7 = C3 - C6)"
2015/16,E2433,E07000131,Harborough,SD,Archives,0,0.0,RO5_2015-16_data_by_LA_-_Revision.xlsx,RO5 LA Data 2015-16,"row 183, column 12","Net Current Expenditure
 (C7 = C3 - C6)"
2015/16,E2433,E07000131,Harborough,SD,Arts development and support,0,0.0,RO5_2015-16_data_by_LA_-_Revision.xlsx,RO5 LA Data 2015-16,"row 183, column 19","Net Current Expenditure
 (C7 = C3 - C6)"
2015/16,E2433,E07000131,Harborough,SD,Heritage,6,6000.0,RO5_2015-16_data_by_LA_-_Revision.xlsx,RO5 LA Data 2015-16,"row 183, column 26","Net Current Expenditure
 (C7 = C3 - C6)"
2015/16,E2433,E07000131,Harborough,SD,Museums and galleries,43,43000.0,RO5_2015-16_data_by_LA_-_Revision.xlsx,RO5 LA Data 2015-16,"row 183, column 33","Net Current Expenditure
 (C7 = C3 - C6)"
2015/16,E2433,E07000131,Harborough,SD,Theatres and public entertainment,0,0.0,RO5_2015-16_data_by_LA_-_Revision.xlsx,RO5 LA Data 2015-16,"row 183, column 40","Net Current Expenditure
 (C7 = C3 - C6)"
2015/16,E2433,E07000131,Harborough,SD,Library service,0,0.0,RO5_2015-16_data_by_LA_-_Revision.xlsx,RO5 LA Data 2015-16,"row 183, column 89","Net Current Expenditure
 (C7 = C3 - C6)"
2015/16,E2434,E07000132,Hinckley & Bosworth,SD,Archives,0,0.0,RO5_2015-16_data_by_LA_-_Revision.xlsx,RO5 LA Data 2015-16,"row 184, column 12","Net Current Expenditure
 (C7 = C3 - C6)"
2015/16,E2434,E07000132,Hinckley & Bosworth,SD,Arts development and support,81,81000.0,RO5_2015-16_data_by_LA_-_Revision.xlsx,RO5 LA Data 2015-16,"row 184, column 19","Net Current Expenditure
 (C7 = C3 - C6)"
2015/16,E2434,E07000132,Hinckley & Bosworth,SD,Heritage,0,0.0,RO5_2015-16_data_by_LA_-_Revision.xlsx,RO5 LA Data 2015-16,"row 184, column 26","Net Current Expenditure
 (C7 = C3 - C6)"
2015/16,E2434,E07000132,Hinckley & Bosworth,SD,Museums and galleries,0,0.0,RO5_2015-16_data_by_LA_-_Revision.xlsx,RO5 LA Data 2015-16,"row 184, column 33","Net Current Expenditure
 (C7 = C3 - C6)"
2015/16,E2434,E07000132,Hinckley & Bosworth,SD,Theatres and public entertainment,88,88000.0,RO5_2015-16_data_by_LA_-_Revision.xlsx,RO5 LA Data 2015-16,"row 184, column 40","Net Current Expenditure
 (C7 = C3 - C6)"
2015/16,E2434,E07000132,Hinckley & Bosworth,SD,Library service,0,0.0,RO5_2015-16_data_by_LA_-_Revision.xlsx,RO5 LA Data 2015-16,"row 184, column 89","Net Current Expenditure
 (C7 = C3 - C6)"
2015/16,E2436,E07000133,Melton,SD,Archives,0,0.0,RO5_2015-16_data_by_LA_-_Revision.xlsx,RO5 LA Data 2015-16,"row 185, column 12","Net Current Expenditure
 (C7 = C3 - C6)"
2015/16,E2436,E07000133,Melton,SD,Arts development and support,23,23000.0,RO5_2015-16_data_by_LA_-_Revision.xlsx,RO5 LA Data 2015-16,"row 185, column 19","Net Current Expenditure
 (C7 = C3 - C6)"
2015/16,E2436,E07000133,Melton,SD,Heritage,0,0.0,RO5_2015-16_data_by_LA_-_Revision.xlsx,RO5 LA Data 2015-16,"row 185, column 26","Net Current Expenditure
 (C7 = C3 - C6)"
2015/16,E2436,E07000133,Melton,SD,Museums and galleries,0,0.0,RO5_2015-16_data_by_LA_-_Revision.xlsx,RO5 LA Data 2015-16,"row 185, column 33","Net Current Expenditure
 (C7 = C3 - C6)"
2015/16,E2436,E07000133,Melton,SD,Theatres and public entertainment,0,0.0,RO5_2015-16_data_by_LA_-_Revision.xlsx,RO5 LA Data 2015-16,"row 185, column 40","Net Current Expenditure
 (C7 = C3 - C6)"
2015/16,E2436,E07000133,Melton,SD,Library service,0,0.0,RO5_2015-16_data_by_LA_-_Revision.xlsx,RO5 LA Data 2015-16,"row 185, column 89","Net Current Expenditure
 (C7 = C3 - C6)"
2015/16,E2437,E07000134,North West Leicestershire,SD,Archives,0,0.0,RO5_2015-16_data_by_LA_-_Revision.xlsx,RO5 LA Data 2015-16,"row 186, column 12","Net Current Expenditure
 (C7 = C3 - C6)"
2015/16,E2437,E07000134,North West Leicestershire,SD,Arts development and support,89,89000.0,RO5_2015-16_data_by_LA_-_Revision.xlsx,RO5 LA Data 2015-16,"row 186, column 19","Net Current Expenditure
 (C7 = C3 - C6)"
2015/16,E2437,E07000134,North West Leicestershire,SD,Heritage,54,54000.0,RO5_2015-16_data_by_LA_-_Revision.xlsx,RO5 LA Data 2015-16,"row 186, column 26","Net Current Expenditure
 (C7 = C3 - C6)"
2015/16,E2437,E07000134,North West Leicestershire,SD,Museums and galleries,0,0.0,RO5_2015-16_data_by_LA_-_Revision.xlsx,RO5 LA Data 2015-16,"row 186, column 33","Net Current Expenditure
 (C7 = C3 - C6)"
2015/16,E2437,E07000134,North West Leicestershire,SD,Theatres and public entertainment,2,2000.0,RO5_2015-16_data_by_LA_-_Revision.xlsx,RO5 LA Data 2015-16,"row 186, column 40","Net Current Expenditure
 (C7 = C3 - C6)"
2015/16,E2437,E07000134,North West Leicestershire,SD,Library service,0,0.0,RO5_2015-16_data_by_LA_-_Revision.xlsx,RO5 LA Data 2015-16,"row 186, column 89","Net Current Expenditure
 (C7 = C3 - C6)"
2015/16,E2438,E07000135,Oadby & Wigston,SD,Archives,0,0.0,RO5_2015-16_data_by_LA_-_Revision.xlsx,RO5 LA Data 2015-16,"row 187, column 12","Net Current Expenditure
 (C7 = C3 - C6)"
2015/16,E2438,E07000135,Oadby & Wigston,SD,Arts development and support,0,0.0,RO5_2015-16_data_by_LA_-_Revision.xlsx,RO5 LA Data 2015-16,"row 187, column 19","Net Current Expenditure
 (C7 = C3 - C6)"
2015/16,E2438,E07000135,Oadby & Wigston,SD,Heritage,0,0.0,RO5_2015-16_data_by_LA_-_Revision.xlsx,RO5 LA Data 2015-16,"row 187, column 26","Net Current Expenditure
 (C7 = C3 - C6)"
2015/16,E2438,E07000135,Oadby & Wigston,SD,Museums and galleries,0,0.0,RO5_2015-16_data_by_LA_-_Revision.xlsx,RO5 LA Data 2015-16,"row 187, column 33","Net Current Expenditure
 (C7 = C3 - C6)"
2015/16,E2438,E07000135,Oadby & Wigston,SD,Theatres and public entertainment,0,0.0,RO5_2015-16_data_by_LA_-_Revision.xlsx,RO5 LA Data 2015-16,"row 187, column 40","Net Current Expenditure
 (C7 = C3 - C6)"
2015/16,E2438,E07000135,Oadby & Wigston,SD,Library service,0,0.0,RO5_2015-16_data_by_LA_-_Revision.xlsx,RO5 LA Data 2015-16,"row 187, column 89","Net Current Expenditure
 (C7 = C3 - C6)"
2015/16,E2520,E10000019,Lincolnshire,SC,Archives,836,836000.0,RO5_2015-16_data_by_LA_-_Revision.xlsx,RO5 LA Data 2015-16,"row 188, column 12","Net Current Expenditure
 (C7 = C3 - C6)"
2015/16,E2520,E10000019,Lincolnshire,SC,Arts development and support,23,23000.0,RO5_2015-16_data_by_LA_-_Revision.xlsx,RO5 LA Data 2015-16,"row 188, column 19","Net Current Expenditure
 (C7 = C3 - C6)"
2015/16,E2520,E10000019,Lincolnshire,SC,Heritage,779,779000.0,RO5_2015-16_data_by_LA_-_Revision.xlsx,RO5 LA Data 2015-16,"row 188, column 26","Net Current Expenditure
 (C7 = C3 - C6)"
2015/16,E2520,E10000019,Lincolnshire,SC,Museums and galleries,2415,2415000.0,RO5_2015-16_data_by_LA_-_Revision.xlsx,RO5 LA Data 2015-16,"row 188, column 33","Net Current Expenditure
 (C7 = C3 - C6)"
2015/16,E2520,E10000019,Lincolnshire,SC,Theatres and public entertainment,0,0.0,RO5_2015-16_data_by_LA_-_Revision.xlsx,RO5 LA Data 2015-16,"row 188, column 40","Net Current Expenditure
 (C7 = C3 - C6)"
2015/16,E2520,E10000019,Lincolnshire,SC,Library service,6986,6986000.0,RO5_2015-16_data_by_LA_-_Revision.xlsx,RO5 LA Data 2015-16,"row 188, column 89","Net Current Expenditure
 (C7 = C3 - C6)"
2015/16,E2531,E07000136,Boston,SD,Archives,0,0.0,RO5_2015-16_data_by_LA_-_Revision.xlsx,RO5 LA Data 2015-16,"row 189, column 12","Net Current Expenditure
 (C7 = C3 - C6)"
2015/16,E2531,E07000136,Boston,SD,Arts development and support,0,0.0,RO5_2015-16_data_by_LA_-_Revision.xlsx,RO5 LA Data 2015-16,"row 189, column 19","Net Current Expenditure
 (C7 = C3 - C6)"
2015/16,E2531,E07000136,Boston,SD,Heritage,0,0.0,RO5_2015-16_data_by_LA_-_Revision.xlsx,RO5 LA Data 2015-16,"row 189, column 26","Net Current Expenditure
 (C7 = C3 - C6)"
2015/16,E2531,E07000136,Boston,SD,Museums and galleries,172,172000.0,RO5_2015-16_data_by_LA_-_Revision.xlsx,RO5 LA Data 2015-16,"row 189, column 33","Net Current Expenditure
 (C7 = C3 - C6)"
2015/16,E2531,E07000136,Boston,SD,Theatres and public entertainment,87,87000.0,RO5_2015-16_data_by_LA_-_Revision.xlsx,RO5 LA Data 2015-16,"row 189, column 40","Net Current Expenditure
 (C7 = C3 - C6)"
2015/16,E2531,E07000136,Boston,SD,Library service,0,0.0,RO5_2015-16_data_by_LA_-_Revision.xlsx,RO5 LA Data 2015-16,"row 189, column 89","Net Current Expenditure
 (C7 = C3 - C6)"
2015/16,E2532,E07000137,East Lindsey,SD,Archives,0,0.0,RO5_2015-16_data_by_LA_-_Revision.xlsx,RO5 LA Data 2015-16,"row 190, column 12","Net Current Expenditure
 (C7 = C3 - C6)"
2015/16,E2532,E07000137,East Lindsey,SD,Arts development and support,665,665000.0,RO5_2015-16_data_by_LA_-_Revision.xlsx,RO5 LA Data 2015-16,"row 190, column 19","Net Current Expenditure
 (C7 = C3 - C6)"
2015/16,E2532,E07000137,East Lindsey,SD,Heritage,20,20000.0,RO5_2015-16_data_by_LA_-_Revision.xlsx,RO5 LA Data 2015-16,"row 190, column 26","Net Current Expenditure
 (C7 = C3 - C6)"
2015/16,E2532,E07000137,East Lindsey,SD,Museums and galleries,0,0.0,RO5_2015-16_data_by_LA_-_Revision.xlsx,RO5 LA Data 2015-16,"row 190, column 33","Net Current Expenditure
 (C7 = C3 - C6)"
2015/16,E2532,E07000137,East Lindsey,SD,Theatres and public entertainment,242,242000.0,RO5_2015-16_data_by_LA_-_Revision.xlsx,RO5 LA Data 2015-16,"row 190, column 40","Net Current Expenditure
 (C7 = C3 - C6)"
2015/16,E2532,E07000137,East Lindsey,SD,Library service,0,0.0,RO5_2015-16_data_by_LA_-_Revision.xlsx,RO5 LA Data 2015-16,"row 190, column 89","Net Current Expenditure
 (C7 = C3 - C6)"
2015/16,E2533,E07000138,Lincoln,SD,Archives,0,0.0,RO5_2015-16_data_by_LA_-_Revision.xlsx,RO5 LA Data 2015-16,"row 191, column 12","Net Current Expenditure
 (C7 = C3 - C6)"
2015/16,E2533,E07000138,Lincoln,SD,Arts development and support,1,1000.0,RO5_2015-16_data_by_LA_-_Revision.xlsx,RO5 LA Data 2015-16,"row 191, column 19","Net Current Expenditure
 (C7 = C3 - C6)"
2015/16,E2533,E07000138,Lincoln,SD,Heritage,157,157000.0,RO5_2015-16_data_by_LA_-_Revision.xlsx,RO5 LA Data 2015-16,"row 191, column 26","Net Current Expenditure
 (C7 = C3 - C6)"
2015/16,E2533,E07000138,Lincoln,SD,Museums and galleries,0,0.0,RO5_2015-16_data_by_LA_-_Revision.xlsx,RO5 LA Data 2015-16,"row 191, column 33","Net Current Expenditure
 (C7 = C3 - C6)"
2015/16,E2533,E07000138,Lincoln,SD,Theatres and public entertainment,466,466000.0,RO5_2015-16_data_by_LA_-_Revision.xlsx,RO5 LA Data 2015-16,"row 191, column 40","Net Current Expenditure
 (C7 = C3 - C6)"
2015/16,E2533,E07000138,Lincoln,SD,Library service,0,0.0,RO5_2015-16_data_by_LA_-_Revision.xlsx,RO5 LA Data 2015-16,"row 191, column 89","Net Current Expenditure
 (C7 = C3 - C6)"
2015/16,E2534,E07000139,North Kesteven,SD,Archives,0,0.0,RO5_2015-16_data_by_LA_-_Revision.xlsx,RO5 LA Data 2015-16,"row 192, column 12","Net Current Expenditure
 (C7 = C3 - C6)"
2015/16,E2534,E07000139,North Kesteven,SD,Arts development and support,367,367000.0,RO5_2015-16_data_by_LA_-_Revision.xlsx,RO5 LA Data 2015-16,"row 192, column 19","Net Current Expenditure
 (C7 = C3 - C6)"
2015/16,E2534,E07000139,North Kesteven,SD,Heritage,17,17000.0,RO5_2015-16_data_by_LA_-_Revision.xlsx,RO5 LA Data 2015-16,"row 192, column 26","Net Current Expenditure
 (C7 = C3 - C6)"
2015/16,E2534,E07000139,North Kesteven,SD,Museums and galleries,480,480000.0,RO5_2015-16_data_by_LA_-_Revision.xlsx,RO5 LA Data 2015-16,"row 192, column 33","Net Current Expenditure
 (C7 = C3 - C6)"
2015/16,E2534,E07000139,North Kesteven,SD,Theatres and public entertainment,0,0.0,RO5_2015-16_data_by_LA_-_Revision.xlsx,RO5 LA Data 2015-16,"row 192, column 40","Net Current Expenditure
 (C7 = C3 - C6)"
2015/16,E2534,E07000139,North Kesteven,SD,Library service,0,0.0,RO5_2015-16_data_by_LA_-_Revision.xlsx,RO5 LA Data 2015-16,"row 192, column 89","Net Current Expenditure
 (C7 = C3 - C6)"
2015/16,E2535,E07000140,South Holland,SD,Archives,0,0.0,RO5_2015-16_data_by_LA_-_Revision.xlsx,RO5 LA Data 2015-16,"row 193, column 12","Net Current Expenditure
 (C7 = C3 - C6)"
2015/16,E2535,E07000140,South Holland,SD,Arts development and support,85,85000.0,RO5_2015-16_data_by_LA_-_Revision.xlsx,RO5 LA Data 2015-16,"row 193, column 19","Net Current Expenditure
 (C7 = C3 - C6)"
2015/16,E2535,E07000140,South Holland,SD,Heritage,0,0.0,RO5_2015-16_data_by_LA_-_Revision.xlsx,RO5 LA Data 2015-16,"row 193, column 26","Net Current Expenditure
 (C7 = C3 - C6)"
2015/16,E2535,E07000140,South Holland,SD,Museums and galleries,168,168000.0,RO5_2015-16_data_by_LA_-_Revision.xlsx,RO5 LA Data 2015-16,"row 193, column 33","Net Current Expenditure
 (C7 = C3 - C6)"
2015/16,E2535,E07000140,South Holland,SD,Theatres and public entertainment,423,423000.0,RO5_2015-16_data_by_LA_-_Revision.xlsx,RO5 LA Data 2015-16,"row 193, column 40","Net Current Expenditure
 (C7 = C3 - C6)"
2015/16,E2535,E07000140,South Holland,SD,Library service,0,0.0,RO5_2015-16_data_by_LA_-_Revision.xlsx,RO5 LA Data 2015-16,"row 193, column 89","Net Current Expenditure
 (C7 = C3 - C6)"
2015/16,E2536,E07000141,South Kesteven,SD,Archives,0,0.0,RO5_2015-16_data_by_LA_-_Revision.xlsx,RO5 LA Data 2015-16,"row 194, column 12","Net Current Expenditure
 (C7 = C3 - C6)"
2015/16,E2536,E07000141,South Kesteven,SD,Arts development and support,52,52000.0,RO5_2015-16_data_by_LA_-_Revision.xlsx,RO5 LA Data 2015-16,"row 194, column 19","Net Current Expenditure
 (C7 = C3 - C6)"
2015/16,E2536,E07000141,South Kesteven,SD,Heritage,0,0.0,RO5_2015-16_data_by_LA_-_Revision.xlsx,RO5 LA Data 2015-16,"row 194, column 26","Net Current Expenditure
 (C7 = C3 - C6)"
2015/16,E2536,E07000141,South Kesteven,SD,Museums and galleries,41,41000.0,RO5_2015-16_data_by_LA_-_Revision.xlsx,RO5 LA Data 2015-16,"row 194, column 33","Net Current Expenditure
 (C7 = C3 - C6)"
2015/16,E2536,E07000141,South Kesteven,SD,Theatres and public entertainment,911,911000.0,RO5_2015-16_data_by_LA_-_Revision.xlsx,RO5 LA Data 2015-16,"row 194, column 40","Net Current Expenditure
 (C7 = C3 - C6)"
2015/16,E2536,E07000141,South Kesteven,SD,Library service,0,0.0,RO5_2015-16_data_by_LA_-_Revision.xlsx,RO5 LA Data 2015-16,"row 194, column 89","Net Current Expenditure
 (C7 = C3 - C6)"
2015/16,E2537,E07000142,West Lindsey,SD,Archives,0,0.0,RO5_2015-16_data_by_LA_-_Revision.xlsx,RO5 LA Data 2015-16,"row 195, column 12","Net Current Expenditure
 (C7 = C3 - C6)"
2015/16,E2537,E07000142,West Lindsey,SD,Arts development and support,35,35000.0,RO5_2015-16_data_by_LA_-_Revision.xlsx,RO5 LA Data 2015-16,"row 195, column 19","Net Current Expenditure
 (C7 = C3 - C6)"
2015/16,E2537,E07000142,West Lindsey,SD,Heritage,0,0.0,RO5_2015-16_data_by_LA_-_Revision.xlsx,RO5 LA Data 2015-16,"row 195, column 26","Net Current Expenditure
 (C7 = C3 - C6)"
2015/16,E2537,E07000142,West Lindsey,SD,Museums and galleries,0,0.0,RO5_2015-16_data_by_LA_-_Revision.xlsx,RO5 LA Data 2015-16,"row 195, column 33","Net Current Expenditure
 (C7 = C3 - C6)"
2015/16,E2537,E07000142,West Lindsey,SD,Theatres and public entertainment,143,143000.0,RO5_2015-16_data_by_LA_-_Revision.xlsx,RO5 LA Data 2015-16,"row 195, column 40","Net Current Expenditure
 (C7 = C3 - C6)"
2015/16,E2537,E07000142,West Lindsey,SD,Library service,0,0.0,RO5_2015-16_data_by_LA_-_Revision.xlsx,RO5 LA Data 2015-16,"row 195, column 89","Net Current Expenditure
 (C7 = C3 - C6)"
2015/16,E2620,E10000020,Norfolk,SC,Archives,758,758000.0,RO5_2015-16_data_by_LA_-_Revision.xlsx,RO5 LA Data 2015-16,"row 196, column 12","Net Current Expenditure
 (C7 = C3 - C6)"
2015/16,E2620,E10000020,Norfolk,SC,Arts development and support,317,317000.0,RO5_2015-16_data_by_LA_-_Revision.xlsx,RO5 LA Data 2015-16,"row 196, column 19","Net Current Expenditure
 (C7 = C3 - C6)"
2015/16,E2620,E10000020,Norfolk,SC,Heritage,764,764000.0,RO5_2015-16_data_by_LA_-_Revision.xlsx,RO5 LA Data 2015-16,"row 196, column 26","Net Current Expenditure
 (C7 = C3 - C6)"
2015/16,E2620,E10000020,Norfolk,SC,Museums and galleries,2058,2058000.0,RO5_2015-16_data_by_LA_-_Revision.xlsx,RO5 LA Data 2015-16,"row 196, column 33","Net Current Expenditure
 (C7 = C3 - C6)"
2015/16,E2620,E10000020,Norfolk,SC,Theatres and public entertainment,0,0.0,RO5_2015-16_data_by_LA_-_Revision.xlsx,RO5 LA Data 2015-16,"row 196, column 40","Net Current Expenditure
 (C7 = C3 - C6)"
2015/16,E2620,E10000020,Norfolk,SC,Library service,9044,9044000.0,RO5_2015-16_data_by_LA_-_Revision.xlsx,RO5 LA Data 2015-16,"row 196, column 89","Net Current Expenditure
 (C7 = C3 - C6)"
2015/16,E2631,E07000143,Breckland,SD,Archives,0,0.0,RO5_2015-16_data_by_LA_-_Revision.xlsx,RO5 LA Data 2015-16,"row 197, column 12","Net Current Expenditure
 (C7 = C3 - C6)"
2015/16,E2631,E07000143,Breckland,SD,Arts development and support,59,59000.0,RO5_2015-16_data_by_LA_-_Revision.xlsx,RO5 LA Data 2015-16,"row 197, column 19","Net Current Expenditure
 (C7 = C3 - C6)"
2015/16,E2631,E07000143,Breckland,SD,Heritage,0,0.0,RO5_2015-16_data_by_LA_-_Revision.xlsx,RO5 LA Data 2015-16,"row 197, column 26","Net Current Expenditure
 (C7 = C3 - C6)"
2015/16,E2631,E07000143,Breckland,SD,Museums and galleries,0,0.0,RO5_2015-16_data_by_LA_-_Revision.xlsx,RO5 LA Data 2015-16,"row 197, column 33","Net Current Expenditure
 (C7 = C3 - C6)"
2015/16,E2631,E07000143,Breckland,SD,Theatres and public entertainment,0,0.0,RO5_2015-16_data_by_LA_-_Revision.xlsx,RO5 LA Data 2015-16,"row 197, column 40","Net Current Expenditure
 (C7 = C3 - C6)"
2015/16,E2631,E07000143,Breckland,SD,Library service,0,0.0,RO5_2015-16_data_by_LA_-_Revision.xlsx,RO5 LA Data 2015-16,"row 197, column 89","Net Current Expenditure
 (C7 = C3 - C6)"
2015/16,E2632,E07000144,Broadland,SD,Archives,0,0.0,RO5_2015-16_data_by_LA_-_Revision.xlsx,RO5 LA Data 2015-16,"row 198, column 12","Net Current Expenditure
 (C7 = C3 - C6)"
2015/16,E2632,E07000144,Broadland,SD,Arts development and support,66,66000.0,RO5_2015-16_data_by_LA_-_Revision.xlsx,RO5 LA Data 2015-16,"row 198, column 19","Net Current Expenditure
 (C7 = C3 - C6)"
2015/16,E2632,E07000144,Broadland,SD,Heritage,0,0.0,RO5_2015-16_data_by_LA_-_Revision.xlsx,RO5 LA Data 2015-16,"row 198, column 26","Net Current Expenditure
 (C7 = C3 - C6)"
2015/16,E2632,E07000144,Broadland,SD,Museums and galleries,0,0.0,RO5_2015-16_data_by_LA_-_Revision.xlsx,RO5 LA Data 2015-16,"row 198, column 33","Net Current Expenditure
 (C7 = C3 - C6)"
2015/16,E2632,E07000144,Broadland,SD,Theatres and public entertainment,1,1000.0,RO5_2015-16_data_by_LA_-_Revision.xlsx,RO5 LA Data 2015-16,"row 198, column 40","Net Current Expenditure
 (C7 = C3 - C6)"
2015/16,E2632,E07000144,Broadland,SD,Library service,0,0.0,RO5_2015-16_data_by_LA_-_Revision.xlsx,RO5 LA Data 2015-16,"row 198, column 89","Net Current Expenditure
 (C7 = C3 - C6)"
2015/16,E2633,E07000145,Great Yarmouth,SD,Archives,0,0.0,RO5_2015-16_data_by_LA_-_Revision.xlsx,RO5 LA Data 2015-16,"row 199, column 12","Net Current Expenditure
 (C7 = C3 - C6)"
2015/16,E2633,E07000145,Great Yarmouth,SD,Arts development and support,218,218000.0,RO5_2015-16_data_by_LA_-_Revision.xlsx,RO5 LA Data 2015-16,"row 199, column 19","Net Current Expenditure
 (C7 = C3 - C6)"
2015/16,E2633,E07000145,Great Yarmouth,SD,Heritage,0,0.0,RO5_2015-16_data_by_LA_-_Revision.xlsx,RO5 LA Data 2015-16,"row 199, column 26","Net Current Expenditure
 (C7 = C3 - C6)"
2015/16,E2633,E07000145,Great Yarmouth,SD,Museums and galleries,0,0.0,RO5_2015-16_data_by_LA_-_Revision.xlsx,RO5 LA Data 2015-16,"row 199, column 33","Net Current Expenditure
 (C7 = C3 - C6)"
2015/16,E2633,E07000145,Great Yarmouth,SD,Theatres and public entertainment,0,0.0,RO5_2015-16_data_by_LA_-_Revision.xlsx,RO5 LA Data 2015-16,"row 199, column 40","Net Current Expenditure
 (C7 = C3 - C6)"
2015/16,E2633,E07000145,Great Yarmouth,SD,Library service,0,0.0,RO5_2015-16_data_by_LA_-_Revision.xlsx,RO5 LA Data 2015-16,"row 199, column 89","Net Current Expenditure
 (C7 = C3 - C6)"
2015/16,E2634,E07000146,King's Lynn & West Norfolk,SD,Archives,0,0.0,RO5_2015-16_data_by_LA_-_Revision.xlsx,RO5 LA Data 2015-16,"row 200, column 12","Net Current Expenditure
 (C7 = C3 - C6)"
2015/16,E2634,E07000146,King's Lynn & West Norfolk,SD,Arts development and support,8,8000.0,RO5_2015-16_data_by_LA_-_Revision.xlsx,RO5 LA Data 2015-16,"row 200, column 19","Net Current Expenditure
 (C7 = C3 - C6)"
2015/16,E2634,E07000146,King's Lynn & West Norfolk,SD,Heritage,249,249000.0,RO5_2015-16_data_by_LA_-_Revision.xlsx,RO5 LA Data 2015-16,"row 200, column 26","Net Current Expenditure
 (C7 = C3 - C6)"
2015/16,E2634,E07000146,King's Lynn & West Norfolk,SD,Museums and galleries,124,124000.0,RO5_2015-16_data_by_LA_-_Revision.xlsx,RO5 LA Data 2015-16,"row 200, column 33","Net Current Expenditure
 (C7 = C3 - C6)"
2015/16,E2634,E07000146,King's Lynn & West Norfolk,SD,Theatres and public entertainment,325,325000.0,RO5_2015-16_data_by_LA_-_Revision.xlsx,RO5 LA Data 2015-16,"row 200, column 40","Net Current Expenditure
 (C7 = C3 - C6)"
2015/16,E2634,E07000146,King's Lynn & West Norfolk,SD,Library service,0,0.0,RO5_2015-16_data_by_LA_-_Revision.xlsx,RO5 LA Data 2015-16,"row 200, column 89","Net Current Expenditure
 (C7 = C3 - C6)"
2015/16,E2635,E07000147,North Norfolk,SD,Archives,0,0.0,RO5_2015-16_data_by_LA_-_Revision.xlsx,RO5 LA Data 2015-16,"row 201, column 12","Net Current Expenditure
 (C7 = C3 - C6)"
2015/16,E2635,E07000147,North Norfolk,SD,Arts development and support,0,0.0,RO5_2015-16_data_by_LA_-_Revision.xlsx,RO5 LA Data 2015-16,"row 201, column 19","Net Current Expenditure
 (C7 = C3 - C6)"
2015/16,E2635,E07000147,North Norfolk,SD,Heritage,153,153000.0,RO5_2015-16_data_by_LA_-_Revision.xlsx,RO5 LA Data 2015-16,"row 201, column 26","Net Current Expenditure
 (C7 = C3 - C6)"
2015/16,E2635,E07000147,North Norfolk,SD,Museums and galleries,20,20000.0,RO5_2015-16_data_by_LA_-_Revision.xlsx,RO5 LA Data 2015-16,"row 201, column 33","Net Current Expenditure
 (C7 = C3 - C6)"
2015/16,E2635,E07000147,North Norfolk,SD,Theatres and public entertainment,217,217000.0,RO5_2015-16_data_by_LA_-_Revision.xlsx,RO5 LA Data 2015-16,"row 201, column 40","Net Current Expenditure
 (C7 = C3 - C6)"
2015/16,E2635,E07000147,North Norfolk,SD,Library service,0,0.0,RO5_2015-16_data_by_LA_-_Revision.xlsx,RO5 LA Data 2015-16,"row 201, column 89","Net Current Expenditure
 (C7 = C3 - C6)"
2015/16,E2636,E07000148,Norwich,SD,Archives,0,0.0,RO5_2015-16_data_by_LA_-_Revision.xlsx,RO5 LA Data 2015-16,"row 202, column 12","Net Current Expenditure
 (C7 = C3 - C6)"
2015/16,E2636,E07000148,Norwich,SD,Arts development and support,0,0.0,RO5_2015-16_data_by_LA_-_Revision.xlsx,RO5 LA Data 2015-16,"row 202, column 19","Net Current Expenditure
 (C7 = C3 - C6)"
2015/16,E2636,E07000148,Norwich,SD,Heritage,341,341000.0,RO5_2015-16_data_by_LA_-_Revision.xlsx,RO5 LA Data 2015-16,"row 202, column 26","Net Current Expenditure
 (C7 = C3 - C6)"
2015/16,E2636,E07000148,Norwich,SD,Museums and galleries,0,0.0,RO5_2015-16_data_by_LA_-_Revision.xlsx,RO5 LA Data 2015-16,"row 202, column 33","Net Current Expenditure
 (C7 = C3 - C6)"
2015/16,E2636,E07000148,Norwich,SD,Theatres and public entertainment,568,568000.0,RO5_2015-16_data_by_LA_-_Revision.xlsx,RO5 LA Data 2015-16,"row 202, column 40","Net Current Expenditure
 (C7 = C3 - C6)"
2015/16,E2636,E07000148,Norwich,SD,Library service,0,0.0,RO5_2015-16_data_by_LA_-_Revision.xlsx,RO5 LA Data 2015-16,"row 202, column 89","Net Current Expenditure
 (C7 = C3 - C6)"
2015/16,E2637,E07000149,South Norfolk,SD,Archives,0,0.0,RO5_2015-16_data_by_LA_-_Revision.xlsx,RO5 LA Data 2015-16,"row 203, column 12","Net Current Expenditure
 (C7 = C3 - C6)"
2015/16,E2637,E07000149,South Norfolk,SD,Arts development and support,0,0.0,RO5_2015-16_data_by_LA_-_Revision.xlsx,RO5 LA Data 2015-16,"row 203, column 19","Net Current Expenditure
 (C7 = C3 - C6)"
2015/16,E2637,E07000149,South Norfolk,SD,Heritage,60,60000.0,RO5_2015-16_data_by_LA_-_Revision.xlsx,RO5 LA Data 2015-16,"row 203, column 26","Net Current Expenditure
 (C7 = C3 - C6)"
2015/16,E2637,E07000149,South Norfolk,SD,Museums and galleries,0,0.0,RO5_2015-16_data_by_LA_-_Revision.xlsx,RO5 LA Data 2015-16,"row 203, column 33","Net Current Expenditure
 (C7 = C3 - C6)"
2015/16,E2637,E07000149,South Norfolk,SD,Theatres and public entertainment,0,0.0,RO5_2015-16_data_by_LA_-_Revision.xlsx,RO5 LA Data 2015-16,"row 203, column 40","Net Current Expenditure
 (C7 = C3 - C6)"
2015/16,E2637,E07000149,South Norfolk,SD,Library service,0,0.0,RO5_2015-16_data_by_LA_-_Revision.xlsx,RO5 LA Data 2015-16,"row 203, column 89","Net Current Expenditure
 (C7 = C3 - C6)"
2015/16,E2701,E06000014,York UA,UA,Archives,0,0.0,RO5_2015-16_data_by_LA_-_Revision.xlsx,RO5 LA Data 2015-16,"row 204, column 12","Net Current Expenditure
 (C7 = C3 - C6)"
2015/16,E2701,E06000014,York UA,UA,Arts development and support,276,276000.0,RO5_2015-16_data_by_LA_-_Revision.xlsx,RO5 LA Data 2015-16,"row 204, column 19","Net Current Expenditure
 (C7 = C3 - C6)"
2015/16,E2701,E06000014,York UA,UA,Heritage,78,78000.0,RO5_2015-16_data_by_LA_-_Revision.xlsx,RO5 LA Data 2015-16,"row 204, column 26","Net Current Expenditure
 (C7 = C3 - C6)"
2015/16,E2701,E06000014,York UA,UA,Museums and galleries,638,638000.0,RO5_2015-16_data_by_LA_-_Revision.xlsx,RO5 LA Data 2015-16,"row 204, column 33","Net Current Expenditure
 (C7 = C3 - C6)"
2015/16,E2701,E06000014,York UA,UA,Theatres and public entertainment,179,179000.0,RO5_2015-16_data_by_LA_-_Revision.xlsx,RO5 LA Data 2015-16,"row 204, column 40","Net Current Expenditure
 (C7 = C3 - C6)"
2015/16,E2701,E06000014,York UA,UA,Library service,2469,2469000.0,RO5_2015-16_data_by_LA_-_Revision.xlsx,RO5 LA Data 2015-16,"row 204, column 89","Net Current Expenditure
 (C7 = C3 - C6)"
2015/16,E2721,E10000022,North Yorkshire,SC,Archives,426,426000.0,RO5_2015-16_data_by_LA_-_Revision.xlsx,RO5 LA Data 2015-16,"row 205, column 12","Net Current Expenditure
 (C7 = C3 - C6)"
2015/16,E2721,E10000022,North Yorkshire,SC,Arts development and support,0,0.0,RO5_2015-16_data_by_LA_-_Revision.xlsx,RO5 LA Data 2015-16,"row 205, column 19","Net Current Expenditure
 (C7 = C3 - C6)"
2015/16,E2721,E10000022,North Yorkshire,SC,Heritage,0,0.0,RO5_2015-16_data_by_LA_-_Revision.xlsx,RO5 LA Data 2015-16,"row 205, column 26","Net Current Expenditure
 (C7 = C3 - C6)"
2015/16,E2721,E10000022,North Yorkshire,SC,Museums and galleries,0,0.0,RO5_2015-16_data_by_LA_-_Revision.xlsx,RO5 LA Data 2015-16,"row 205, column 33","Net Current Expenditure
 (C7 = C3 - C6)"
2015/16,E2721,E10000022,North Yorkshire,SC,Theatres and public entertainment,0,0.0,RO5_2015-16_data_by_LA_-_Revision.xlsx,RO5 LA Data 2015-16,"row 205, column 40","Net Current Expenditure
 (C7 = C3 - C6)"
2015/16,E2721,E10000022,North Yorkshire,SC,Library service,7895,7895000.0,RO5_2015-16_data_by_LA_-_Revision.xlsx,RO5 LA Data 2015-16,"row 205, column 89","Net Current Expenditure
 (C7 = C3 - C6)"
2015/16,E2731,E07000163,Craven,SD,Archives,0,0.0,RO5_2015-16_data_by_LA_-_Revision.xlsx,RO5 LA Data 2015-16,"row 206, column 12","Net Current Expenditure
 (C7 = C3 - C6)"
2015/16,E2731,E07000163,Craven,SD,Arts development and support,49,49000.0,RO5_2015-16_data_by_LA_-_Revision.xlsx,RO5 LA Data 2015-16,"row 206, column 19","Net Current Expenditure
 (C7 = C3 - C6)"
2015/16,E2731,E07000163,Craven,SD,Heritage,0,0.0,RO5_2015-16_data_by_LA_-_Revision.xlsx,RO5 LA Data 2015-16,"row 206, column 26","Net Current Expenditure
 (C7 = C3 - C6)"
2015/16,E2731,E07000163,Craven,SD,Museums and galleries,222,222000.0,RO5_2015-16_data_by_LA_-_Revision.xlsx,RO5 LA Data 2015-16,"row 206, column 33","Net Current Expenditure
 (C7 = C3 - C6)"
2015/16,E2731,E07000163,Craven,SD,Theatres and public entertainment,0,0.0,RO5_2015-16_data_by_LA_-_Revision.xlsx,RO5 LA Data 2015-16,"row 206, column 40","Net Current Expenditure
 (C7 = C3 - C6)"
2015/16,E2731,E07000163,Craven,SD,Library service,0,0.0,RO5_2015-16_data_by_LA_-_Revision.xlsx,RO5 LA Data 2015-16,"row 206, column 89","Net Current Expenditure
 (C7 = C3 - C6)"
2015/16,E2732,E07000164,Hambleton,SD,Archives,0,0.0,RO5_2015-16_data_by_LA_-_Revision.xlsx,RO5 LA Data 2015-16,"row 207, column 12","Net Current Expenditure
 (C7 = C3 - C6)"
2015/16,E2732,E07000164,Hambleton,SD,Arts development and support,35,35000.0,RO5_2015-16_data_by_LA_-_Revision.xlsx,RO5 LA Data 2015-16,"row 207, column 19","Net Current Expenditure
 (C7 = C3 - C6)"
2015/16,E2732,E07000164,Hambleton,SD,Heritage,0,0.0,RO5_2015-16_data_by_LA_-_Revision.xlsx,RO5 LA Data 2015-16,"row 207, column 26","Net Current Expenditure
 (C7 = C3 - C6)"
2015/16,E2732,E07000164,Hambleton,SD,Museums and galleries,0,0.0,RO5_2015-16_data_by_LA_-_Revision.xlsx,RO5 LA Data 2015-16,"row 207, column 33","Net Current Expenditure
 (C7 = C3 - C6)"
2015/16,E2732,E07000164,Hambleton,SD,Theatres and public entertainment,0,0.0,RO5_2015-16_data_by_LA_-_Revision.xlsx,RO5 LA Data 2015-16,"row 207, column 40","Net Current Expenditure
 (C7 = C3 - C6)"
2015/16,E2732,E07000164,Hambleton,SD,Library service,0,0.0,RO5_2015-16_data_by_LA_-_Revision.xlsx,RO5 LA Data 2015-16,"row 207, column 89","Net Current Expenditure
 (C7 = C3 - C6)"
2015/16,E2734,E07000166,Richmondshire,SD,Archives,0,0.0,RO5_2015-16_data_by_LA_-_Revision.xlsx,RO5 LA Data 2015-16,"row 208, column 12","Net Current Expenditure
 (C7 = C3 - C6)"
2015/16,E2734,E07000166,Richmondshire,SD,Arts development and support,0,0.0,RO5_2015-16_data_by_LA_-_Revision.xlsx,RO5 LA Data 2015-16,"row 208, column 19","Net Current Expenditure
 (C7 = C3 - C6)"
2015/16,E2734,E07000166,Richmondshire,SD,Heritage,0,0.0,RO5_2015-16_data_by_LA_-_Revision.xlsx,RO5 LA Data 2015-16,"row 208, column 26","Net Current Expenditure
 (C7 = C3 - C6)"
2015/16,E2734,E07000166,Richmondshire,SD,Museums and galleries,0,0.0,RO5_2015-16_data_by_LA_-_Revision.xlsx,RO5 LA Data 2015-16,"row 208, column 33","Net Current Expenditure
 (C7 = C3 - C6)"
2015/16,E2734,E07000166,Richmondshire,SD,Theatres and public entertainment,0,0.0,RO5_2015-16_data_by_LA_-_Revision.xlsx,RO5 LA Data 2015-16,"row 208, column 40","Net Current Expenditure
 (C7 = C3 - C6)"
2015/16,E2734,E07000166,Richmondshire,SD,Library service,0,0.0,RO5_2015-16_data_by_LA_-_Revision.xlsx,RO5 LA Data 2015-16,"row 208, column 89","Net Current Expenditure
 (C7 = C3 - C6)"
2015/16,E2736,E07000168,Scarborough,SD,Archives,0,0.0,RO5_2015-16_data_by_LA_-_Revision.xlsx,RO5 LA Data 2015-16,"row 209, column 12","Net Current Expenditure
 (C7 = C3 - C6)"
2015/16,E2736,E07000168,Scarborough,SD,Arts development and support,0,0.0,RO5_2015-16_data_by_LA_-_Revision.xlsx,RO5 LA Data 2015-16,"row 209, column 19","Net Current Expenditure
 (C7 = C3 - C6)"
2015/16,E2736,E07000168,Scarborough,SD,Heritage,0,0.0,RO5_2015-16_data_by_LA_-_Revision.xlsx,RO5 LA Data 2015-16,"row 209, column 26","Net Current Expenditure
 (C7 = C3 - C6)"
2015/16,E2736,E07000168,Scarborough,SD,Museums and galleries,668,668000.0,RO5_2015-16_data_by_LA_-_Revision.xlsx,RO5 LA Data 2015-16,"row 209, column 33","Net Current Expenditure
 (C7 = C3 - C6)"
2015/16,E2736,E07000168,Scarborough,SD,Theatres and public entertainment,1550,1550000.0,RO5_2015-16_data_by_LA_-_Revision.xlsx,RO5 LA Data 2015-16,"row 209, column 40","Net Current Expenditure
 (C7 = C3 - C6)"
2015/16,E2736,E07000168,Scarborough,SD,Library service,0,0.0,RO5_2015-16_data_by_LA_-_Revision.xlsx,RO5 LA Data 2015-16,"row 209, column 89","Net Current Expenditure
 (C7 = C3 - C6)"
2015/16,E2753,E07000165,Harrogate,SD,Archives,0,0.0,RO5_2015-16_data_by_LA_-_Revision.xlsx,RO5 LA Data 2015-16,"row 210, column 12","Net Current Expenditure
 (C7 = C3 - C6)"
2015/16,E2753,E07000165,Harrogate,SD,Arts development and support,19,19000.0,RO5_2015-16_data_by_LA_-_Revision.xlsx,RO5 LA Data 2015-16,"row 210, column 19","Net Current Expenditure
 (C7 = C3 - C6)"
2015/16,E2753,E07000165,Harrogate,SD,Heritage,170,170000.0,RO5_2015-16_data_by_LA_-_Revision.xlsx,RO5 LA Data 2015-16,"row 210, column 26","Net Current Expenditure
 (C7 = C3 - C6)"
2015/16,E2753,E07000165,Harrogate,SD,Museums and galleries,505,505000.0,RO5_2015-16_data_by_LA_-_Revision.xlsx,RO5 LA Data 2015-16,"row 210, column 33","Net Current Expenditure
 (C7 = C3 - C6)"
2015/16,E2753,E07000165,Harrogate,SD,Theatres and public entertainment,124,124000.0,RO5_2015-16_data_by_LA_-_Revision.xlsx,RO5 LA Data 2015-16,"row 210, column 40","Net Current Expenditure
 (C7 = C3 - C6)"
2015/16,E2753,E07000165,Harrogate,SD,Library service,0,0.0,RO5_2015-16_data_by_LA_-_Revision.xlsx,RO5 LA Data 2015-16,"row 210, column 89","Net Current Expenditure
 (C7 = C3 - C6)"
2015/16,E2755,E07000167,Ryedale,SD,Archives,0,0.0,RO5_2015-16_data_by_LA_-_Revision.xlsx,RO5 LA Data 2015-16,"row 211, column 12","Net Current Expenditure
 (C7 = C3 - C6)"
2015/16,E2755,E07000167,Ryedale,SD,Arts development and support,70,70000.0,RO5_2015-16_data_by_LA_-_Revision.xlsx,RO5 LA Data 2015-16,"row 211, column 19","Net Current Expenditure
 (C7 = C3 - C6)"
2015/16,E2755,E07000167,Ryedale,SD,Heritage,0,0.0,RO5_2015-16_data_by_LA_-_Revision.xlsx,RO5 LA Data 2015-16,"row 211, column 26","Net Current Expenditure
 (C7 = C3 - C6)"
2015/16,E2755,E07000167,Ryedale,SD,Museums and galleries,46,46000.0,RO5_2015-16_data_by_LA_-_Revision.xlsx,RO5 LA Data 2015-16,"row 211, column 33","Net Current Expenditure
 (C7 = C3 - C6)"
2015/16,E2755,E07000167,Ryedale,SD,Theatres and public entertainment,0,0.0,RO5_2015-16_data_by_LA_-_Revision.xlsx,RO5 LA Data 2015-16,"row 211, column 40","Net Current Expenditure
 (C7 = C3 - C6)"
2015/16,E2755,E07000167,Ryedale,SD,Library service,0,0.0,RO5_2015-16_data_by_LA_-_Revision.xlsx,RO5 LA Data 2015-16,"row 211, column 89","Net Current Expenditure
 (C7 = C3 - C6)"
2015/16,E2757,E07000169,Selby,SD,Archives,0,0.0,RO5_2015-16_data_by_LA_-_Revision.xlsx,RO5 LA Data 2015-16,"row 212, column 12","Net Current Expenditure
 (C7 = C3 - C6)"
2015/16,E2757,E07000169,Selby,SD,Arts development and support,0,0.0,RO5_2015-16_data_by_LA_-_Revision.xlsx,RO5 LA Data 2015-16,"row 212, column 19","Net Current Expenditure
 (C7 = C3 - C6)"
2015/16,E2757,E07000169,Selby,SD,Heritage,0,0.0,RO5_2015-16_data_by_LA_-_Revision.xlsx,RO5 LA Data 2015-16,"row 212, column 26","Net Current Expenditure
 (C7 = C3 - C6)"
2015/16,E2757,E07000169,Selby,SD,Museums and galleries,0,0.0,RO5_2015-16_data_by_LA_-_Revision.xlsx,RO5 LA Data 2015-16,"row 212, column 33","Net Current Expenditure
 (C7 = C3 - C6)"
2015/16,E2757,E07000169,Selby,SD,Theatres and public entertainment,0,0.0,RO5_2015-16_data_by_LA_-_Revision.xlsx,RO5 LA Data 2015-16,"row 212, column 40","Net Current Expenditure
 (C7 = C3 - C6)"
2015/16,E2757,E07000169,Selby,SD,Library service,0,0.0,RO5_2015-16_data_by_LA_-_Revision.xlsx,RO5 LA Data 2015-16,"row 212, column 89","Net Current Expenditure
 (C7 = C3 - C6)"
2015/16,E2820,E10000021,Northamptonshire,SC,Archives,669.00849,669008.4900000001,RO5_2015-16_data_by_LA_-_Revision.xlsx,RO5 LA Data 2015-16,"row 213, column 12","Net Current Expenditure
 (C7 = C3 - C6)"
2015/16,E2820,E10000021,Northamptonshire,SC,Arts development and support,318.1694600000001,318169.4600000001,RO5_2015-16_data_by_LA_-_Revision.xlsx,RO5 LA Data 2015-16,"row 213, column 19","Net Current Expenditure
 (C7 = C3 - C6)"
2015/16,E2820,E10000021,Northamptonshire,SC,Heritage,302.40319,302403.19,RO5_2015-16_data_by_LA_-_Revision.xlsx,RO5 LA Data 2015-16,"row 213, column 26","Net Current Expenditure
 (C7 = C3 - C6)"
2015/16,E2820,E10000021,Northamptonshire,SC,Museums and galleries,0,0.0,RO5_2015-16_data_by_LA_-_Revision.xlsx,RO5 LA Data 2015-16,"row 213, column 33","Net Current Expenditure
 (C7 = C3 - C6)"
2015/16,E2820,E10000021,Northamptonshire,SC,Theatres and public entertainment,0,0.0,RO5_2015-16_data_by_LA_-_Revision.xlsx,RO5 LA Data 2015-16,"row 213, column 40","Net Current Expenditure
 (C7 = C3 - C6)"
2015/16,E2820,E10000021,Northamptonshire,SC,Library service,6984.964379999999,6984964.38,RO5_2015-16_data_by_LA_-_Revision.xlsx,RO5 LA Data 2015-16,"row 213, column 89","Net Current Expenditure
 (C7 = C3 - C6)"
2015/16,E2831,E07000150,Corby,SD,Archives,0,0.0,RO5_2015-16_data_by_LA_-_Revision.xlsx,RO5 LA Data 2015-16,"row 214, column 12","Net Current Expenditure
 (C7 = C3 - C6)"
2015/16,E2831,E07000150,Corby,SD,Arts development and support,8,8000.0,RO5_2015-16_data_by_LA_-_Revision.xlsx,RO5 LA Data 2015-16,"row 214, column 19","Net Current Expenditure
 (C7 = C3 - C6)"
2015/16,E2831,E07000150,Corby,SD,Heritage,488,488000.0,RO5_2015-16_data_by_LA_-_Revision.xlsx,RO5 LA Data 2015-16,"row 214, column 26","Net Current Expenditure
 (C7 = C3 - C6)"
2015/16,E2831,E07000150,Corby,SD,Museums and galleries,306.6,306600.0,RO5_2015-16_data_by_LA_-_Revision.xlsx,RO5 LA Data 2015-16,"row 214, column 33","Net Current Expenditure
 (C7 = C3 - C6)"
2015/16,E2831,E07000150,Corby,SD,Theatres and public entertainment,0,0.0,RO5_2015-16_data_by_LA_-_Revision.xlsx,RO5 LA Data 2015-16,"row 214, column 40","Net Current Expenditure
 (C7 = C3 - C6)"
2015/16,E2831,E07000150,Corby,SD,Library service,0,0.0,RO5_2015-16_data_by_LA_-_Revision.xlsx,RO5 LA Data 2015-16,"row 214, column 89","Net Current Expenditure
 (C7 = C3 - C6)"
2015/16,E2832,E07000151,Daventry,SD,Archives,0,0.0,RO5_2015-16_data_by_LA_-_Revision.xlsx,RO5 LA Data 2015-16,"row 215, column 12","Net Current Expenditure
 (C7 = C3 - C6)"
2015/16,E2832,E07000151,Daventry,SD,Arts development and support,0,0.0,RO5_2015-16_data_by_LA_-_Revision.xlsx,RO5 LA Data 2015-16,"row 215, column 19","Net Current Expenditure
 (C7 = C3 - C6)"
2015/16,E2832,E07000151,Daventry,SD,Heritage,0,0.0,RO5_2015-16_data_by_LA_-_Revision.xlsx,RO5 LA Data 2015-16,"row 215, column 26","Net Current Expenditure
 (C7 = C3 - C6)"
2015/16,E2832,E07000151,Daventry,SD,Museums and galleries,3,3000.0,RO5_2015-16_data_by_LA_-_Revision.xlsx,RO5 LA Data 2015-16,"row 215, column 33","Net Current Expenditure
 (C7 = C3 - C6)"
2015/16,E2832,E07000151,Daventry,SD,Theatres and public entertainment,0,0.0,RO5_2015-16_data_by_LA_-_Revision.xlsx,RO5 LA Data 2015-16,"row 215, column 40","Net Current Expenditure
 (C7 = C3 - C6)"
2015/16,E2832,E07000151,Daventry,SD,Library service,0,0.0,RO5_2015-16_data_by_LA_-_Revision.xlsx,RO5 LA Data 2015-16,"row 215, column 89","Net Current Expenditure
 (C7 = C3 - C6)"
2015/16,E2833,E07000152,East Northamptonshire,SD,Archives,0,0.0,RO5_2015-16_data_by_LA_-_Revision.xlsx,RO5 LA Data 2015-16,"row 216, column 12","Net Current Expenditure
 (C7 = C3 - C6)"
2015/16,E2833,E07000152,East Northamptonshire,SD,Arts development and support,0,0.0,RO5_2015-16_data_by_LA_-_Revision.xlsx,RO5 LA Data 2015-16,"row 216, column 19","Net Current Expenditure
 (C7 = C3 - C6)"
2015/16,E2833,E07000152,East Northamptonshire,SD,Heritage,2,2000.0,RO5_2015-16_data_by_LA_-_Revision.xlsx,RO5 LA Data 2015-16,"row 216, column 26","Net Current Expenditure
 (C7 = C3 - C6)"
2015/16,E2833,E07000152,East Northamptonshire,SD,Museums and galleries,0,0.0,RO5_2015-16_data_by_LA_-_Revision.xlsx,RO5 LA Data 2015-16,"row 216, column 33","Net Current Expenditure
 (C7 = C3 - C6)"
2015/16,E2833,E07000152,East Northamptonshire,SD,Theatres and public entertainment,0,0.0,RO5_2015-16_data_by_LA_-_Revision.xlsx,RO5 LA Data 2015-16,"row 216, column 40","Net Current Expenditure
 (C7 = C3 - C6)"
2015/16,E2833,E07000152,East Northamptonshire,SD,Library service,0,0.0,RO5_2015-16_data_by_LA_-_Revision.xlsx,RO5 LA Data 2015-16,"row 216, column 89","Net Current Expenditure
 (C7 = C3 - C6)"
2015/16,E2834,E07000153,Kettering,SD,Archives,0,0.0,RO5_2015-16_data_by_LA_-_Revision.xlsx,RO5 LA Data 2015-16,"row 217, column 12","Net Current Expenditure
 (C7 = C3 - C6)"
2015/16,E2834,E07000153,Kettering,SD,Arts development and support,0,0.0,RO5_2015-16_data_by_LA_-_Revision.xlsx,RO5 LA Data 2015-16,"row 217, column 19","Net Current Expenditure
 (C7 = C3 - C6)"
2015/16,E2834,E07000153,Kettering,SD,Heritage,0,0.0,RO5_2015-16_data_by_LA_-_Revision.xlsx,RO5 LA Data 2015-16,"row 217, column 26","Net Current Expenditure
 (C7 = C3 - C6)"
2015/16,E2834,E07000153,Kettering,SD,Museums and galleries,330,330000.0,RO5_2015-16_data_by_LA_-_Revision.xlsx,RO5 LA Data 2015-16,"row 217, column 33","Net Current Expenditure
 (C7 = C3 - C6)"
2015/16,E2834,E07000153,Kettering,SD,Theatres and public entertainment,0,0.0,RO5_2015-16_data_by_LA_-_Revision.xlsx,RO5 LA Data 2015-16,"row 217, column 40","Net Current Expenditure
 (C7 = C3 - C6)"
2015/16,E2834,E07000153,Kettering,SD,Library service,0,0.0,RO5_2015-16_data_by_LA_-_Revision.xlsx,RO5 LA Data 2015-16,"row 217, column 89","Net Current Expenditure
 (C7 = C3 - C6)"
2015/16,E2835,E07000154,Northampton,SD,Archives,0,0.0,RO5_2015-16_data_by_LA_-_Revision.xlsx,RO5 LA Data 2015-16,"row 218, column 12","Net Current Expenditure
 (C7 = C3 - C6)"
2015/16,E2835,E07000154,Northampton,SD,Arts development and support,25,25000.0,RO5_2015-16_data_by_LA_-_Revision.xlsx,RO5 LA Data 2015-16,"row 218, column 19","Net Current Expenditure
 (C7 = C3 - C6)"
2015/16,E2835,E07000154,Northampton,SD,Heritage,15,15000.0,RO5_2015-16_data_by_LA_-_Revision.xlsx,RO5 LA Data 2015-16,"row 218, column 26","Net Current Expenditure
 (C7 = C3 - C6)"
2015/16,E2835,E07000154,Northampton,SD,Museums and galleries,1107,1107000.0,RO5_2015-16_data_by_LA_-_Revision.xlsx,RO5 LA Data 2015-16,"row 218, column 33","Net Current Expenditure
 (C7 = C3 - C6)"
2015/16,E2835,E07000154,Northampton,SD,Theatres and public entertainment,922,922000.0,RO5_2015-16_data_by_LA_-_Revision.xlsx,RO5 LA Data 2015-16,"row 218, column 40","Net Current Expenditure
 (C7 = C3 - C6)"
2015/16,E2835,E07000154,Northampton,SD,Library service,0,0.0,RO5_2015-16_data_by_LA_-_Revision.xlsx,RO5 LA Data 2015-16,"row 218, column 89","Net Current Expenditure
 (C7 = C3 - C6)"
2015/16,E2836,E07000155,South Northamptonshire,SD,Archives,0,0.0,RO5_2015-16_data_by_LA_-_Revision.xlsx,RO5 LA Data 2015-16,"row 219, column 12","Net Current Expenditure
 (C7 = C3 - C6)"
2015/16,E2836,E07000155,South Northamptonshire,SD,Arts development and support,147,147000.0,RO5_2015-16_data_by_LA_-_Revision.xlsx,RO5 LA Data 2015-16,"row 219, column 19","Net Current Expenditure
 (C7 = C3 - C6)"
2015/16,E2836,E07000155,South Northamptonshire,SD,Heritage,0,0.0,RO5_2015-16_data_by_LA_-_Revision.xlsx,RO5 LA Data 2015-16,"row 219, column 26","Net Current Expenditure
 (C7 = C3 - C6)"
2015/16,E2836,E07000155,South Northamptonshire,SD,Museums and galleries,0,0.0,RO5_2015-16_data_by_LA_-_Revision.xlsx,RO5 LA Data 2015-16,"row 219, column 33","Net Current Expenditure
 (C7 = C3 - C6)"
2015/16,E2836,E07000155,South Northamptonshire,SD,Theatres and public entertainment,0,0.0,RO5_2015-16_data_by_LA_-_Revision.xlsx,RO5 LA Data 2015-16,"row 219, column 40","Net Current Expenditure
 (C7 = C3 - C6)"
2015/16,E2836,E07000155,South Northamptonshire,SD,Library service,0,0.0,RO5_2015-16_data_by_LA_-_Revision.xlsx,RO5 LA Data 2015-16,"row 219, column 89","Net Current Expenditure
 (C7 = C3 - C6)"
2015/16,E2837,E07000156,Wellingborough,SD,Archives,0,0.0,RO5_2015-16_data_by_LA_-_Revision.xlsx,RO5 LA Data 2015-16,"row 220, column 12","Net Current Expenditure
 (C7 = C3 - C6)"
2015/16,E2837,E07000156,Wellingborough,SD,Arts development and support,0,0.0,RO5_2015-16_data_by_LA_-_Revision.xlsx,RO5 LA Data 2015-16,"row 220, column 19","Net Current Expenditure
 (C7 = C3 - C6)"
2015/16,E2837,E07000156,Wellingborough,SD,Heritage,0,0.0,RO5_2015-16_data_by_LA_-_Revision.xlsx,RO5 LA Data 2015-16,"row 220, column 26","Net Current Expenditure
 (C7 = C3 - C6)"
2015/16,E2837,E07000156,Wellingborough,SD,Museums and galleries,10,10000.0,RO5_2015-16_data_by_LA_-_Revision.xlsx,RO5 LA Data 2015-16,"row 220, column 33","Net Current Expenditure
 (C7 = C3 - C6)"
2015/16,E2837,E07000156,Wellingborough,SD,Theatres and public entertainment,433,433000.0,RO5_2015-16_data_by_LA_-_Revision.xlsx,RO5 LA Data 2015-16,"row 220, column 40","Net Current Expenditure
 (C7 = C3 - C6)"
2015/16,E2837,E07000156,Wellingborough,SD,Library service,0,0.0,RO5_2015-16_data_by_LA_-_Revision.xlsx,RO5 LA Data 2015-16,"row 220, column 89","Net Current Expenditure
 (C7 = C3 - C6)"
2015/16,E2901,E06000057,Northumberland UA,UA,Archives,22,22000.0,RO5_2015-16_data_by_LA_-_Revision.xlsx,RO5 LA Data 2015-16,"row 221, column 12","Net Current Expenditure
 (C7 = C3 - C6)"
2015/16,E2901,E06000057,Northumberland UA,UA,Arts development and support,2,2000.0,RO5_2015-16_data_by_LA_-_Revision.xlsx,RO5 LA Data 2015-16,"row 221, column 19","Net Current Expenditure
 (C7 = C3 - C6)"
2015/16,E2901,E06000057,Northumberland UA,UA,Heritage,1,1000.0,RO5_2015-16_data_by_LA_-_Revision.xlsx,RO5 LA Data 2015-16,"row 221, column 26","Net Current Expenditure
 (C7 = C3 - C6)"
2015/16,E2901,E06000057,Northumberland UA,UA,Museums and galleries,1115,1115000.0,RO5_2015-16_data_by_LA_-_Revision.xlsx,RO5 LA Data 2015-16,"row 221, column 33","Net Current Expenditure
 (C7 = C3 - C6)"
2015/16,E2901,E06000057,Northumberland UA,UA,Theatres and public entertainment,481,481000.0,RO5_2015-16_data_by_LA_-_Revision.xlsx,RO5 LA Data 2015-16,"row 221, column 40","Net Current Expenditure
 (C7 = C3 - C6)"
2015/16,E2901,E06000057,Northumberland UA,UA,Library service,3607,3607000.0,RO5_2015-16_data_by_LA_-_Revision.xlsx,RO5 LA Data 2015-16,"row 221, column 89","Net Current Expenditure
 (C7 = C3 - C6)"
2015/16,E3001,E06000018,City of Nottingham UA,UA,Archives,0,0.0,RO5_2015-16_data_by_LA_-_Revision.xlsx,RO5 LA Data 2015-16,"row 222, column 12","Net Current Expenditure
 (C7 = C3 - C6)"
2015/16,E3001,E06000018,City of Nottingham UA,UA,Arts development and support,151,151000.0,RO5_2015-16_data_by_LA_-_Revision.xlsx,RO5 LA Data 2015-16,"row 222, column 19","Net Current Expenditure
 (C7 = C3 - C6)"
2015/16,E3001,E06000018,City of Nottingham UA,UA,Heritage,0,0.0,RO5_2015-16_data_by_LA_-_Revision.xlsx,RO5 LA Data 2015-16,"row 222, column 26","Net Current Expenditure
 (C7 = C3 - C6)"
2015/16,E3001,E06000018,City of Nottingham UA,UA,Museums and galleries,3098,3098000.0,RO5_2015-16_data_by_LA_-_Revision.xlsx,RO5 LA Data 2015-16,"row 222, column 33","Net Current Expenditure
 (C7 = C3 - C6)"
2015/16,E3001,E06000018,City of Nottingham UA,UA,Theatres and public entertainment,880,880000.0,RO5_2015-16_data_by_LA_-_Revision.xlsx,RO5 LA Data 2015-16,"row 222, column 40","Net Current Expenditure
 (C7 = C3 - C6)"
2015/16,E3001,E06000018,City of Nottingham UA,UA,Library service,5065,5065000.0,RO5_2015-16_data_by_LA_-_Revision.xlsx,RO5 LA Data 2015-16,"row 222, column 89","Net Current Expenditure
 (C7 = C3 - C6)"
2015/16,E3021,E10000024,Nottinghamshire,SC,Archives,1031,1031000.0,RO5_2015-16_data_by_LA_-_Revision.xlsx,RO5 LA Data 2015-16,"row 223, column 12","Net Current Expenditure
 (C7 = C3 - C6)"
2015/16,E3021,E10000024,Nottinghamshire,SC,Arts development and support,454,454000.0,RO5_2015-16_data_by_LA_-_Revision.xlsx,RO5 LA Data 2015-16,"row 223, column 19","Net Current Expenditure
 (C7 = C3 - C6)"
2015/16,E3021,E10000024,Nottinghamshire,SC,Heritage,0,0.0,RO5_2015-16_data_by_LA_-_Revision.xlsx,RO5 LA Data 2015-16,"row 223, column 26","Net Current Expenditure
 (C7 = C3 - C6)"
2015/16,E3021,E10000024,Nottinghamshire,SC,Museums and galleries,0,0.0,RO5_2015-16_data_by_LA_-_Revision.xlsx,RO5 LA Data 2015-16,"row 223, column 33","Net Current Expenditure
 (C7 = C3 - C6)"
2015/16,E3021,E10000024,Nottinghamshire,SC,Theatres and public entertainment,0,0.0,RO5_2015-16_data_by_LA_-_Revision.xlsx,RO5 LA Data 2015-16,"row 223, column 40","Net Current Expenditure
 (C7 = C3 - C6)"
2015/16,E3021,E10000024,Nottinghamshire,SC,Library service,13175,13175000.0,RO5_2015-16_data_by_LA_-_Revision.xlsx,RO5 LA Data 2015-16,"row 223, column 89","Net Current Expenditure
 (C7 = C3 - C6)"
2015/16,E3031,E07000170,Ashfield,SD,Archives,0,0.0,RO5_2015-16_data_by_LA_-_Revision.xlsx,RO5 LA Data 2015-16,"row 224, column 12","Net Current Expenditure
 (C7 = C3 - C6)"
2015/16,E3031,E07000170,Ashfield,SD,Arts development and support,0,0.0,RO5_2015-16_data_by_LA_-_Revision.xlsx,RO5 LA Data 2015-16,"row 224, column 19","Net Current Expenditure
 (C7 = C3 - C6)"
2015/16,E3031,E07000170,Ashfield,SD,Heritage,1,1000.0,RO5_2015-16_data_by_LA_-_Revision.xlsx,RO5 LA Data 2015-16,"row 224, column 26","Net Current Expenditure
 (C7 = C3 - C6)"
2015/16,E3031,E07000170,Ashfield,SD,Museums and galleries,0,0.0,RO5_2015-16_data_by_LA_-_Revision.xlsx,RO5 LA Data 2015-16,"row 224, column 33","Net Current Expenditure
 (C7 = C3 - C6)"
2015/16,E3031,E07000170,Ashfield,SD,Theatres and public entertainment,0,0.0,RO5_2015-16_data_by_LA_-_Revision.xlsx,RO5 LA Data 2015-16,"row 224, column 40","Net Current Expenditure
 (C7 = C3 - C6)"
2015/16,E3031,E07000170,Ashfield,SD,Library service,0,0.0,RO5_2015-16_data_by_LA_-_Revision.xlsx,RO5 LA Data 2015-16,"row 224, column 89","Net Current Expenditure
 (C7 = C3 - C6)"
2015/16,E3032,E07000171,Bassetlaw,SD,Archives,0,0.0,RO5_2015-16_data_by_LA_-_Revision.xlsx,RO5 LA Data 2015-16,"row 225, column 12","Net Current Expenditure
 (C7 = C3 - C6)"
2015/16,E3032,E07000171,Bassetlaw,SD,Arts development and support,9,9000.0,RO5_2015-16_data_by_LA_-_Revision.xlsx,RO5 LA Data 2015-16,"row 225, column 19","Net Current Expenditure
 (C7 = C3 - C6)"
2015/16,E3032,E07000171,Bassetlaw,SD,Heritage,0,0.0,RO5_2015-16_data_by_LA_-_Revision.xlsx,RO5 LA Data 2015-16,"row 225, column 26","Net Current Expenditure
 (C7 = C3 - C6)"
2015/16,E3032,E07000171,Bassetlaw,SD,Museums and galleries,181,181000.0,RO5_2015-16_data_by_LA_-_Revision.xlsx,RO5 LA Data 2015-16,"row 225, column 33","Net Current Expenditure
 (C7 = C3 - C6)"
2015/16,E3032,E07000171,Bassetlaw,SD,Theatres and public entertainment,-6,-6000.0,RO5_2015-16_data_by_LA_-_Revision.xlsx,RO5 LA Data 2015-16,"row 225, column 40","Net Current Expenditure
 (C7 = C3 - C6)"
2015/16,E3032,E07000171,Bassetlaw,SD,Library service,0,0.0,RO5_2015-16_data_by_LA_-_Revision.xlsx,RO5 LA Data 2015-16,"row 225, column 89","Net Current Expenditure
 (C7 = C3 - C6)"
2015/16,E3033,E07000172,Broxtowe,SD,Archives,0,0.0,RO5_2015-16_data_by_LA_-_Revision.xlsx,RO5 LA Data 2015-16,"row 226, column 12","Net Current Expenditure
 (C7 = C3 - C6)"
2015/16,E3033,E07000172,Broxtowe,SD,Arts development and support,198,198000.0,RO5_2015-16_data_by_LA_-_Revision.xlsx,RO5 LA Data 2015-16,"row 226, column 19","Net Current Expenditure
 (C7 = C3 - C6)"
2015/16,E3033,E07000172,Broxtowe,SD,Heritage,0,0.0,RO5_2015-16_data_by_LA_-_Revision.xlsx,RO5 LA Data 2015-16,"row 226, column 26","Net Current Expenditure
 (C7 = C3 - C6)"
2015/16,E3033,E07000172,Broxtowe,SD,Museums and galleries,249,249000.0,RO5_2015-16_data_by_LA_-_Revision.xlsx,RO5 LA Data 2015-16,"row 226, column 33","Net Current Expenditure
 (C7 = C3 - C6)"
2015/16,E3033,E07000172,Broxtowe,SD,Theatres and public entertainment,0,0.0,RO5_2015-16_data_by_LA_-_Revision.xlsx,RO5 LA Data 2015-16,"row 226, column 40","Net Current Expenditure
 (C7 = C3 - C6)"
2015/16,E3033,E07000172,Broxtowe,SD,Library service,0,0.0,RO5_2015-16_data_by_LA_-_Revision.xlsx,RO5 LA Data 2015-16,"row 226, column 89","Net Current Expenditure
 (C7 = C3 - C6)"
2015/16,E3034,E07000173,Gedling,SD,Archives,0,0.0,RO5_2015-16_data_by_LA_-_Revision.xlsx,RO5 LA Data 2015-16,"row 227, column 12","Net Current Expenditure
 (C7 = C3 - C6)"
2015/16,E3034,E07000173,Gedling,SD,Arts development and support,156,156000.0,RO5_2015-16_data_by_LA_-_Revision.xlsx,RO5 LA Data 2015-16,"row 227, column 19","Net Current Expenditure
 (C7 = C3 - C6)"
2015/16,E3034,E07000173,Gedling,SD,Heritage,0,0.0,RO5_2015-16_data_by_LA_-_Revision.xlsx,RO5 LA Data 2015-16,"row 227, column 26","Net Current Expenditure
 (C7 = C3 - C6)"
2015/16,E3034,E07000173,Gedling,SD,Museums and galleries,0,0.0,RO5_2015-16_data_by_LA_-_Revision.xlsx,RO5 LA Data 2015-16,"row 227, column 33","Net Current Expenditure
 (C7 = C3 - C6)"
2015/16,E3034,E07000173,Gedling,SD,Theatres and public entertainment,91,91000.0,RO5_2015-16_data_by_LA_-_Revision.xlsx,RO5 LA Data 2015-16,"row 227, column 40","Net Current Expenditure
 (C7 = C3 - C6)"
2015/16,E3034,E07000173,Gedling,SD,Library service,0,0.0,RO5_2015-16_data_by_LA_-_Revision.xlsx,RO5 LA Data 2015-16,"row 227, column 89","Net Current Expenditure
 (C7 = C3 - C6)"
2015/16,E3035,E07000174,Mansfield,SD,Archives,0,0.0,RO5_2015-16_data_by_LA_-_Revision.xlsx,RO5 LA Data 2015-16,"row 228, column 12","Net Current Expenditure
 (C7 = C3 - C6)"
2015/16,E3035,E07000174,Mansfield,SD,Arts development and support,0,0.0,RO5_2015-16_data_by_LA_-_Revision.xlsx,RO5 LA Data 2015-16,"row 228, column 19","Net Current Expenditure
 (C7 = C3 - C6)"
2015/16,E3035,E07000174,Mansfield,SD,Heritage,0,0.0,RO5_2015-16_data_by_LA_-_Revision.xlsx,RO5 LA Data 2015-16,"row 228, column 26","Net Current Expenditure
 (C7 = C3 - C6)"
2015/16,E3035,E07000174,Mansfield,SD,Museums and galleries,261,261000.0,RO5_2015-16_data_by_LA_-_Revision.xlsx,RO5 LA Data 2015-16,"row 228, column 33","Net Current Expenditure
 (C7 = C3 - C6)"
2015/16,E3035,E07000174,Mansfield,SD,Theatres and public entertainment,475,475000.0,RO5_2015-16_data_by_LA_-_Revision.xlsx,RO5 LA Data 2015-16,"row 228, column 40","Net Current Expenditure
 (C7 = C3 - C6)"
2015/16,E3035,E07000174,Mansfield,SD,Library service,0,0.0,RO5_2015-16_data_by_LA_-_Revision.xlsx,RO5 LA Data 2015-16,"row 228, column 89","Net Current Expenditure
 (C7 = C3 - C6)"
2015/16,E3036,E07000175,Newark & Sherwood,SD,Archives,0,0.0,RO5_2015-16_data_by_LA_-_Revision.xlsx,RO5 LA Data 2015-16,"row 229, column 12","Net Current Expenditure
 (C7 = C3 - C6)"
2015/16,E3036,E07000175,Newark & Sherwood,SD,Arts development and support,74,74000.0,RO5_2015-16_data_by_LA_-_Revision.xlsx,RO5 LA Data 2015-16,"row 229, column 19","Net Current Expenditure
 (C7 = C3 - C6)"
2015/16,E3036,E07000175,Newark & Sherwood,SD,Heritage,90,90000.0,RO5_2015-16_data_by_LA_-_Revision.xlsx,RO5 LA Data 2015-16,"row 229, column 26","Net Current Expenditure
 (C7 = C3 - C6)"
2015/16,E3036,E07000175,Newark & Sherwood,SD,Museums and galleries,568,568000.0,RO5_2015-16_data_by_LA_-_Revision.xlsx,RO5 LA Data 2015-16,"row 229, column 33","Net Current Expenditure
 (C7 = C3 - C6)"
2015/16,E3036,E07000175,Newark & Sherwood,SD,Theatres and public entertainment,169,169000.0,RO5_2015-16_data_by_LA_-_Revision.xlsx,RO5 LA Data 2015-16,"row 229, column 40","Net Current Expenditure
 (C7 = C3 - C6)"
2015/16,E3036,E07000175,Newark & Sherwood,SD,Library service,0,0.0,RO5_2015-16_data_by_LA_-_Revision.xlsx,RO5 LA Data 2015-16,"row 229, column 89","Net Current Expenditure
 (C7 = C3 - C6)"
2015/16,E3038,E07000176,Rushcliffe,SD,Archives,0,0.0,RO5_2015-16_data_by_LA_-_Revision.xlsx,RO5 LA Data 2015-16,"row 230, column 12","Net Current Expenditure
 (C7 = C3 - C6)"
2015/16,E3038,E07000176,Rushcliffe,SD,Arts development and support,131,131000.0,RO5_2015-16_data_by_LA_-_Revision.xlsx,RO5 LA Data 2015-16,"row 230, column 19","Net Current Expenditure
 (C7 = C3 - C6)"
2015/16,E3038,E07000176,Rushcliffe,SD,Heritage,1,1000.0,RO5_2015-16_data_by_LA_-_Revision.xlsx,RO5 LA Data 2015-16,"row 230, column 26","Net Current Expenditure
 (C7 = C3 - C6)"
2015/16,E3038,E07000176,Rushcliffe,SD,Museums and galleries,0,0.0,RO5_2015-16_data_by_LA_-_Revision.xlsx,RO5 LA Data 2015-16,"row 230, column 33","Net Current Expenditure
 (C7 = C3 - C6)"
2015/16,E3038,E07000176,Rushcliffe,SD,Theatres and public entertainment,0,0.0,RO5_2015-16_data_by_LA_-_Revision.xlsx,RO5 LA Data 2015-16,"row 230, column 40","Net Current Expenditure
 (C7 = C3 - C6)"
2015/16,E3038,E07000176,Rushcliffe,SD,Library service,0,0.0,RO5_2015-16_data_by_LA_-_Revision.xlsx,RO5 LA Data 2015-16,"row 230, column 89","Net Current Expenditure
 (C7 = C3 - C6)"
2015/16,E3120,E10000025,Oxfordshire,SC,Archives,822,822000.0,RO5_2015-16_data_by_LA_-_Revision.xlsx,RO5 LA Data 2015-16,"row 231, column 12","Net Current Expenditure
 (C7 = C3 - C6)"
2015/16,E3120,E10000025,Oxfordshire,SC,Arts development and support,141,141000.0,RO5_2015-16_data_by_LA_-_Revision.xlsx,RO5 LA Data 2015-16,"row 231, column 19","Net Current Expenditure
 (C7 = C3 - C6)"
2015/16,E3120,E10000025,Oxfordshire,SC,Heritage,90,90000.0,RO5_2015-16_data_by_LA_-_Revision.xlsx,RO5 LA Data 2015-16,"row 231, column 26","Net Current Expenditure
 (C7 = C3 - C6)"
2015/16,E3120,E10000025,Oxfordshire,SC,Museums and galleries,1341,1341000.0,RO5_2015-16_data_by_LA_-_Revision.xlsx,RO5 LA Data 2015-16,"row 231, column 33","Net Current Expenditure
 (C7 = C3 - C6)"
2015/16,E3120,E10000025,Oxfordshire,SC,Theatres and public entertainment,0,0.0,RO5_2015-16_data_by_LA_-_Revision.xlsx,RO5 LA Data 2015-16,"row 231, column 40","Net Current Expenditure
 (C7 = C3 - C6)"
2015/16,E3120,E10000025,Oxfordshire,SC,Library service,9418,9418000.0,RO5_2015-16_data_by_LA_-_Revision.xlsx,RO5 LA Data 2015-16,"row 231, column 89","Net Current Expenditure
 (C7 = C3 - C6)"
2015/16,E3131,E07000177,Cherwell,SD,Archives,0,0.0,RO5_2015-16_data_by_LA_-_Revision.xlsx,RO5 LA Data 2015-16,"row 232, column 12","Net Current Expenditure
 (C7 = C3 - C6)"
2015/16,E3131,E07000177,Cherwell,SD,Arts development and support,40,40000.0,RO5_2015-16_data_by_LA_-_Revision.xlsx,RO5 LA Data 2015-16,"row 232, column 19","Net Current Expenditure
 (C7 = C3 - C6)"
2015/16,E3131,E07000177,Cherwell,SD,Heritage,10,10000.0,RO5_2015-16_data_by_LA_-_Revision.xlsx,RO5 LA Data 2015-16,"row 232, column 26","Net Current Expenditure
 (C7 = C3 - C6)"
2015/16,E3131,E07000177,Cherwell,SD,Museums and galleries,439,439000.0,RO5_2015-16_data_by_LA_-_Revision.xlsx,RO5 LA Data 2015-16,"row 232, column 33","Net Current Expenditure
 (C7 = C3 - C6)"
2015/16,E3131,E07000177,Cherwell,SD,Theatres and public entertainment,102,102000.0,RO5_2015-16_data_by_LA_-_Revision.xlsx,RO5 LA Data 2015-16,"row 232, column 40","Net Current Expenditure
 (C7 = C3 - C6)"
2015/16,E3131,E07000177,Cherwell,SD,Library service,0,0.0,RO5_2015-16_data_by_LA_-_Revision.xlsx,RO5 LA Data 2015-16,"row 232, column 89","Net Current Expenditure
 (C7 = C3 - C6)"
2015/16,E3132,E07000178,Oxford,SD,Archives,0,0.0,RO5_2015-16_data_by_LA_-_Revision.xlsx,RO5 LA Data 2015-16,"row 233, column 12","Net Current Expenditure
 (C7 = C3 - C6)"
2015/16,E3132,E07000178,Oxford,SD,Arts development and support,196,196000.0,RO5_2015-16_data_by_LA_-_Revision.xlsx,RO5 LA Data 2015-16,"row 233, column 19","Net Current Expenditure
 (C7 = C3 - C6)"
2015/16,E3132,E07000178,Oxford,SD,Heritage,0,0.0,RO5_2015-16_data_by_LA_-_Revision.xlsx,RO5 LA Data 2015-16,"row 233, column 26","Net Current Expenditure
 (C7 = C3 - C6)"
2015/16,E3132,E07000178,Oxford,SD,Museums and galleries,165,165000.0,RO5_2015-16_data_by_LA_-_Revision.xlsx,RO5 LA Data 2015-16,"row 233, column 33","Net Current Expenditure
 (C7 = C3 - C6)"
2015/16,E3132,E07000178,Oxford,SD,Theatres and public entertainment,0,0.0,RO5_2015-16_data_by_LA_-_Revision.xlsx,RO5 LA Data 2015-16,"row 233, column 40","Net Current Expenditure
 (C7 = C3 - C6)"
2015/16,E3132,E07000178,Oxford,SD,Library service,0,0.0,RO5_2015-16_data_by_LA_-_Revision.xlsx,RO5 LA Data 2015-16,"row 233, column 89","Net Current Expenditure
 (C7 = C3 - C6)"
2015/16,E3133,E07000179,South Oxfordshire,SD,Archives,0,0.0,RO5_2015-16_data_by_LA_-_Revision.xlsx,RO5 LA Data 2015-16,"row 234, column 12","Net Current Expenditure
 (C7 = C3 - C6)"
2015/16,E3133,E07000179,South Oxfordshire,SD,Arts development and support,40,40000.0,RO5_2015-16_data_by_LA_-_Revision.xlsx,RO5 LA Data 2015-16,"row 234, column 19","Net Current Expenditure
 (C7 = C3 - C6)"
2015/16,E3133,E07000179,South Oxfordshire,SD,Heritage,0,0.0,RO5_2015-16_data_by_LA_-_Revision.xlsx,RO5 LA Data 2015-16,"row 234, column 26","Net Current Expenditure
 (C7 = C3 - C6)"
2015/16,E3133,E07000179,South Oxfordshire,SD,Museums and galleries,0,0.0,RO5_2015-16_data_by_LA_-_Revision.xlsx,RO5 LA Data 2015-16,"row 234, column 33","Net Current Expenditure
 (C7 = C3 - C6)"
2015/16,E3133,E07000179,South Oxfordshire,SD,Theatres and public entertainment,629,629000.0,RO5_2015-16_data_by_LA_-_Revision.xlsx,RO5 LA Data 2015-16,"row 234, column 40","Net Current Expenditure
 (C7 = C3 - C6)"
2015/16,E3133,E07000179,South Oxfordshire,SD,Library service,0,0.0,RO5_2015-16_data_by_LA_-_Revision.xlsx,RO5 LA Data 2015-16,"row 234, column 89","Net Current Expenditure
 (C7 = C3 - C6)"
2015/16,E3134,E07000180,Vale of White Horse,SD,Archives,0,0.0,RO5_2015-16_data_by_LA_-_Revision.xlsx,RO5 LA Data 2015-16,"row 235, column 12","Net Current Expenditure
 (C7 = C3 - C6)"
2015/16,E3134,E07000180,Vale of White Horse,SD,Arts development and support,75,75000.0,RO5_2015-16_data_by_LA_-_Revision.xlsx,RO5 LA Data 2015-16,"row 235, column 19","Net Current Expenditure
 (C7 = C3 - C6)"
2015/16,E3134,E07000180,Vale of White Horse,SD,Heritage,0,0.0,RO5_2015-16_data_by_LA_-_Revision.xlsx,RO5 LA Data 2015-16,"row 235, column 26","Net Current Expenditure
 (C7 = C3 - C6)"
2015/16,E3134,E07000180,Vale of White Horse,SD,Museums and galleries,0,0.0,RO5_2015-16_data_by_LA_-_Revision.xlsx,RO5 LA Data 2015-16,"row 235, column 33","Net Current Expenditure
 (C7 = C3 - C6)"
2015/16,E3134,E07000180,Vale of White Horse,SD,Theatres and public entertainment,0,0.0,RO5_2015-16_data_by_LA_-_Revision.xlsx,RO5 LA Data 2015-16,"row 235, column 40","Net Current Expenditure
 (C7 = C3 - C6)"
2015/16,E3134,E07000180,Vale of White Horse,SD,Library service,0,0.0,RO5_2015-16_data_by_LA_-_Revision.xlsx,RO5 LA Data 2015-16,"row 235, column 89","Net Current Expenditure
 (C7 = C3 - C6)"
2015/16,E3135,E07000181,West Oxfordshire,SD,Archives,0,0.0,RO5_2015-16_data_by_LA_-_Revision.xlsx,RO5 LA Data 2015-16,"row 236, column 12","Net Current Expenditure
 (C7 = C3 - C6)"
2015/16,E3135,E07000181,West Oxfordshire,SD,Arts development and support,140,140000.0,RO5_2015-16_data_by_LA_-_Revision.xlsx,RO5 LA Data 2015-16,"row 236, column 19","Net Current Expenditure
 (C7 = C3 - C6)"
2015/16,E3135,E07000181,West Oxfordshire,SD,Heritage,0,0.0,RO5_2015-16_data_by_LA_-_Revision.xlsx,RO5 LA Data 2015-16,"row 236, column 26","Net Current Expenditure
 (C7 = C3 - C6)"
2015/16,E3135,E07000181,West Oxfordshire,SD,Museums and galleries,6,6000.0,RO5_2015-16_data_by_LA_-_Revision.xlsx,RO5 LA Data 2015-16,"row 236, column 33","Net Current Expenditure
 (C7 = C3 - C6)"
2015/16,E3135,E07000181,West Oxfordshire,SD,Theatres and public entertainment,0,0.0,RO5_2015-16_data_by_LA_-_Revision.xlsx,RO5 LA Data 2015-16,"row 236, column 40","Net Current Expenditure
 (C7 = C3 - C6)"
2015/16,E3135,E07000181,West Oxfordshire,SD,Library service,0,0.0,RO5_2015-16_data_by_LA_-_Revision.xlsx,RO5 LA Data 2015-16,"row 236, column 89","Net Current Expenditure
 (C7 = C3 - C6)"
2015/16,E3201,E06000020,Telford and the Wrekin UA,UA,Archives,0,0.0,RO5_2015-16_data_by_LA_-_Revision.xlsx,RO5 LA Data 2015-16,"row 237, column 12","Net Current Expenditure
 (C7 = C3 - C6)"
2015/16,E3201,E06000020,Telford and the Wrekin UA,UA,Arts development and support,0,0.0,RO5_2015-16_data_by_LA_-_Revision.xlsx,RO5 LA Data 2015-16,"row 237, column 19","Net Current Expenditure
 (C7 = C3 - C6)"
2015/16,E3201,E06000020,Telford and the Wrekin UA,UA,Heritage,37,37000.0,RO5_2015-16_data_by_LA_-_Revision.xlsx,RO5 LA Data 2015-16,"row 237, column 26","Net Current Expenditure
 (C7 = C3 - C6)"
2015/16,E3201,E06000020,Telford and the Wrekin UA,UA,Museums and galleries,0,0.0,RO5_2015-16_data_by_LA_-_Revision.xlsx,RO5 LA Data 2015-16,"row 237, column 33","Net Current Expenditure
 (C7 = C3 - C6)"
2015/16,E3201,E06000020,Telford and the Wrekin UA,UA,Theatres and public entertainment,990,990000.0,RO5_2015-16_data_by_LA_-_Revision.xlsx,RO5 LA Data 2015-16,"row 237, column 40","Net Current Expenditure
 (C7 = C3 - C6)"
2015/16,E3201,E06000020,Telford and the Wrekin UA,UA,Library service,2089,2089000.0,RO5_2015-16_data_by_LA_-_Revision.xlsx,RO5 LA Data 2015-16,"row 237, column 89","Net Current Expenditure
 (C7 = C3 - C6)"
2015/16,E3202,E06000051,Shropshire UA,UA,Archives,360,360000.0,RO5_2015-16_data_by_LA_-_Revision.xlsx,RO5 LA Data 2015-16,"row 238, column 12","Net Current Expenditure
 (C7 = C3 - C6)"
2015/16,E3202,E06000051,Shropshire UA,UA,Arts development and support,220,220000.0,RO5_2015-16_data_by_LA_-_Revision.xlsx,RO5 LA Data 2015-16,"row 238, column 19","Net Current Expenditure
 (C7 = C3 - C6)"
2015/16,E3202,E06000051,Shropshire UA,UA,Heritage,25,25000.0,RO5_2015-16_data_by_LA_-_Revision.xlsx,RO5 LA Data 2015-16,"row 238, column 26","Net Current Expenditure
 (C7 = C3 - C6)"
2015/16,E3202,E06000051,Shropshire UA,UA,Museums and galleries,1011,1011000.0,RO5_2015-16_data_by_LA_-_Revision.xlsx,RO5 LA Data 2015-16,"row 238, column 33","Net Current Expenditure
 (C7 = C3 - C6)"
2015/16,E3202,E06000051,Shropshire UA,UA,Theatres and public entertainment,21,21000.0,RO5_2015-16_data_by_LA_-_Revision.xlsx,RO5 LA Data 2015-16,"row 238, column 40","Net Current Expenditure
 (C7 = C3 - C6)"
2015/16,E3202,E06000051,Shropshire UA,UA,Library service,3819,3819000.0,RO5_2015-16_data_by_LA_-_Revision.xlsx,RO5 LA Data 2015-16,"row 238, column 89","Net Current Expenditure
 (C7 = C3 - C6)"
2015/16,E3320,E10000027,Somerset,SC,Archives,1029,1029000.0,RO5_2015-16_data_by_LA_-_Revision.xlsx,RO5 LA Data 2015-16,"row 239, column 12","Net Current Expenditure
 (C7 = C3 - C6)"
2015/16,E3320,E10000027,Somerset,SC,Arts development and support,0,0.0,RO5_2015-16_data_by_LA_-_Revision.xlsx,RO5 LA Data 2015-16,"row 239, column 19","Net Current Expenditure
 (C7 = C3 - C6)"
2015/16,E3320,E10000027,Somerset,SC,Heritage,452,452000.0,RO5_2015-16_data_by_LA_-_Revision.xlsx,RO5 LA Data 2015-16,"row 239, column 26","Net Current Expenditure
 (C7 = C3 - C6)"
2015/16,E3320,E10000027,Somerset,SC,Museums and galleries,1020,1020000.0,RO5_2015-16_data_by_LA_-_Revision.xlsx,RO5 LA Data 2015-16,"row 239, column 33","Net Current Expenditure
 (C7 = C3 - C6)"
2015/16,E3320,E10000027,Somerset,SC,Theatres and public entertainment,0,0.0,RO5_2015-16_data_by_LA_-_Revision.xlsx,RO5 LA Data 2015-16,"row 239, column 40","Net Current Expenditure
 (C7 = C3 - C6)"
2015/16,E3320,E10000027,Somerset,SC,Library service,888,888000.0,RO5_2015-16_data_by_LA_-_Revision.xlsx,RO5 LA Data 2015-16,"row 239, column 89","Net Current Expenditure
 (C7 = C3 - C6)"
2015/16,E3331,E07000187,Mendip,SD,Archives,0,0.0,RO5_2015-16_data_by_LA_-_Revision.xlsx,RO5 LA Data 2015-16,"row 240, column 12","Net Current Expenditure
 (C7 = C3 - C6)"
2015/16,E3331,E07000187,Mendip,SD,Arts development and support,0,0.0,RO5_2015-16_data_by_LA_-_Revision.xlsx,RO5 LA Data 2015-16,"row 240, column 19","Net Current Expenditure
 (C7 = C3 - C6)"
2015/16,E3331,E07000187,Mendip,SD,Heritage,210.60184000000004,210601.84000000003,RO5_2015-16_data_by_LA_-_Revision.xlsx,RO5 LA Data 2015-16,"row 240, column 26","Net Current Expenditure
 (C7 = C3 - C6)"
2015/16,E3331,E07000187,Mendip,SD,Museums and galleries,0,0.0,RO5_2015-16_data_by_LA_-_Revision.xlsx,RO5 LA Data 2015-16,"row 240, column 33","Net Current Expenditure
 (C7 = C3 - C6)"
2015/16,E3331,E07000187,Mendip,SD,Theatres and public entertainment,0,0.0,RO5_2015-16_data_by_LA_-_Revision.xlsx,RO5 LA Data 2015-16,"row 240, column 40","Net Current Expenditure
 (C7 = C3 - C6)"
2015/16,E3331,E07000187,Mendip,SD,Library service,0,0.0,RO5_2015-16_data_by_LA_-_Revision.xlsx,RO5 LA Data 2015-16,"row 240, column 89","Net Current Expenditure
 (C7 = C3 - C6)"
2015/16,E3332,E07000188,Sedgemoor,SD,Archives,0,0.0,RO5_2015-16_data_by_LA_-_Revision.xlsx,RO5 LA Data 2015-16,"row 241, column 12","Net Current Expenditure
 (C7 = C3 - C6)"
2015/16,E3332,E07000188,Sedgemoor,SD,Arts development and support,0,0.0,RO5_2015-16_data_by_LA_-_Revision.xlsx,RO5 LA Data 2015-16,"row 241, column 19","Net Current Expenditure
 (C7 = C3 - C6)"
2015/16,E3332,E07000188,Sedgemoor,SD,Heritage,4,4000.0,RO5_2015-16_data_by_LA_-_Revision.xlsx,RO5 LA Data 2015-16,"row 241, column 26","Net Current Expenditure
 (C7 = C3 - C6)"
2015/16,E3332,E07000188,Sedgemoor,SD,Museums and galleries,10,10000.0,RO5_2015-16_data_by_LA_-_Revision.xlsx,RO5 LA Data 2015-16,"row 241, column 33","Net Current Expenditure
 (C7 = C3 - C6)"
2015/16,E3332,E07000188,Sedgemoor,SD,Theatres and public entertainment,9,9000.0,RO5_2015-16_data_by_LA_-_Revision.xlsx,RO5 LA Data 2015-16,"row 241, column 40","Net Current Expenditure
 (C7 = C3 - C6)"
2015/16,E3332,E07000188,Sedgemoor,SD,Library service,0,0.0,RO5_2015-16_data_by_LA_-_Revision.xlsx,RO5 LA Data 2015-16,"row 241, column 89","Net Current Expenditure
 (C7 = C3 - C6)"
2015/16,E3333,E07000190,Taunton Deane,SD,Archives,0,0.0,RO5_2015-16_data_by_LA_-_Revision.xlsx,RO5 LA Data 2015-16,"row 242, column 12","Net Current Expenditure
 (C7 = C3 - C6)"
2015/16,E3333,E07000190,Taunton Deane,SD,Arts development and support,34,34000.0,RO5_2015-16_data_by_LA_-_Revision.xlsx,RO5 LA Data 2015-16,"row 242, column 19","Net Current Expenditure
 (C7 = C3 - C6)"
2015/16,E3333,E07000190,Taunton Deane,SD,Heritage,0,0.0,RO5_2015-16_data_by_LA_-_Revision.xlsx,RO5 LA Data 2015-16,"row 242, column 26","Net Current Expenditure
 (C7 = C3 - C6)"
2015/16,E3333,E07000190,Taunton Deane,SD,Museums and galleries,0,0.0,RO5_2015-16_data_by_LA_-_Revision.xlsx,RO5 LA Data 2015-16,"row 242, column 33","Net Current Expenditure
 (C7 = C3 - C6)"
2015/16,E3333,E07000190,Taunton Deane,SD,Theatres and public entertainment,305,305000.0,RO5_2015-16_data_by_LA_-_Revision.xlsx,RO5 LA Data 2015-16,"row 242, column 40","Net Current Expenditure
 (C7 = C3 - C6)"
2015/16,E3333,E07000190,Taunton Deane,SD,Library service,0,0.0,RO5_2015-16_data_by_LA_-_Revision.xlsx,RO5 LA Data 2015-16,"row 242, column 89","Net Current Expenditure
 (C7 = C3 - C6)"
2015/16,E3334,E07000189,South Somerset,SD,Archives,0,0.0,RO5_2015-16_data_by_LA_-_Revision.xlsx,RO5 LA Data 2015-16,"row 243, column 12","Net Current Expenditure
 (C7 = C3 - C6)"
2015/16,E3334,E07000189,South Somerset,SD,Arts development and support,76,76000.0,RO5_2015-16_data_by_LA_-_Revision.xlsx,RO5 LA Data 2015-16,"row 243, column 19","Net Current Expenditure
 (C7 = C3 - C6)"
2015/16,E3334,E07000189,South Somerset,SD,Heritage,0,0.0,RO5_2015-16_data_by_LA_-_Revision.xlsx,RO5 LA Data 2015-16,"row 243, column 26","Net Current Expenditure
 (C7 = C3 - C6)"
2015/16,E3334,E07000189,South Somerset,SD,Museums and galleries,114,114000.0,RO5_2015-16_data_by_LA_-_Revision.xlsx,RO5 LA Data 2015-16,"row 243, column 33","Net Current Expenditure
 (C7 = C3 - C6)"
2015/16,E3334,E07000189,South Somerset,SD,Theatres and public entertainment,352,352000.0,RO5_2015-16_data_by_LA_-_Revision.xlsx,RO5 LA Data 2015-16,"row 243, column 40","Net Current Expenditure
 (C7 = C3 - C6)"
2015/16,E3334,E07000189,South Somerset,SD,Library service,0,0.0,RO5_2015-16_data_by_LA_-_Revision.xlsx,RO5 LA Data 2015-16,"row 243, column 89","Net Current Expenditure
 (C7 = C3 - C6)"
2015/16,E3335,E07000191,West Somerset,SD,Archives,0,0.0,RO5_2015-16_data_by_LA_-_Revision.xlsx,RO5 LA Data 2015-16,"row 244, column 12","Net Current Expenditure
 (C7 = C3 - C6)"
2015/16,E3335,E07000191,West Somerset,SD,Arts development and support,0,0.0,RO5_2015-16_data_by_LA_-_Revision.xlsx,RO5 LA Data 2015-16,"row 244, column 19","Net Current Expenditure
 (C7 = C3 - C6)"
2015/16,E3335,E07000191,West Somerset,SD,Heritage,0,0.0,RO5_2015-16_data_by_LA_-_Revision.xlsx,RO5 LA Data 2015-16,"row 244, column 26","Net Current Expenditure
 (C7 = C3 - C6)"
2015/16,E3335,E07000191,West Somerset,SD,Museums and galleries,0,0.0,RO5_2015-16_data_by_LA_-_Revision.xlsx,RO5 LA Data 2015-16,"row 244, column 33","Net Current Expenditure
 (C7 = C3 - C6)"
2015/16,E3335,E07000191,West Somerset,SD,Theatres and public entertainment,0,0.0,RO5_2015-16_data_by_LA_-_Revision.xlsx,RO5 LA Data 2015-16,"row 244, column 40","Net Current Expenditure
 (C7 = C3 - C6)"
2015/16,E3335,E07000191,West Somerset,SD,Library service,0,0.0,RO5_2015-16_data_by_LA_-_Revision.xlsx,RO5 LA Data 2015-16,"row 244, column 89","Net Current Expenditure
 (C7 = C3 - C6)"
2015/16,E3401,E06000021,Stoke-on-Trent UA,UA,Archives,183,183000.0,RO5_2015-16_data_by_LA_-_Revision.xlsx,RO5 LA Data 2015-16,"row 245, column 12","Net Current Expenditure
 (C7 = C3 - C6)"
2015/16,E3401,E06000021,Stoke-on-Trent UA,UA,Arts development and support,966,966000.0,RO5_2015-16_data_by_LA_-_Revision.xlsx,RO5 LA Data 2015-16,"row 245, column 19","Net Current Expenditure
 (C7 = C3 - C6)"
2015/16,E3401,E06000021,Stoke-on-Trent UA,UA,Heritage,0,0.0,RO5_2015-16_data_by_LA_-_Revision.xlsx,RO5 LA Data 2015-16,"row 245, column 26","Net Current Expenditure
 (C7 = C3 - C6)"
2015/16,E3401,E06000021,Stoke-on-Trent UA,UA,Museums and galleries,2246,2246000.0,RO5_2015-16_data_by_LA_-_Revision.xlsx,RO5 LA Data 2015-16,"row 245, column 33","Net Current Expenditure
 (C7 = C3 - C6)"
2015/16,E3401,E06000021,Stoke-on-Trent UA,UA,Theatres and public entertainment,379,379000.0,RO5_2015-16_data_by_LA_-_Revision.xlsx,RO5 LA Data 2015-16,"row 245, column 40","Net Current Expenditure
 (C7 = C3 - C6)"
2015/16,E3401,E06000021,Stoke-on-Trent UA,UA,Library service,2805,2805000.0,RO5_2015-16_data_by_LA_-_Revision.xlsx,RO5 LA Data 2015-16,"row 245, column 89","Net Current Expenditure
 (C7 = C3 - C6)"
2015/16,E3421,E10000028,Staffordshire,SC,Archives,1652,1652000.0,RO5_2015-16_data_by_LA_-_Revision.xlsx,RO5 LA Data 2015-16,"row 246, column 12","Net Current Expenditure
 (C7 = C3 - C6)"
2015/16,E3421,E10000028,Staffordshire,SC,Arts development and support,493,493000.0,RO5_2015-16_data_by_LA_-_Revision.xlsx,RO5 LA Data 2015-16,"row 246, column 19","Net Current Expenditure
 (C7 = C3 - C6)"
2015/16,E3421,E10000028,Staffordshire,SC,Heritage,0,0.0,RO5_2015-16_data_by_LA_-_Revision.xlsx,RO5 LA Data 2015-16,"row 246, column 26","Net Current Expenditure
 (C7 = C3 - C6)"
2015/16,E3421,E10000028,Staffordshire,SC,Museums and galleries,278,278000.0,RO5_2015-16_data_by_LA_-_Revision.xlsx,RO5 LA Data 2015-16,"row 246, column 33","Net Current Expenditure
 (C7 = C3 - C6)"
2015/16,E3421,E10000028,Staffordshire,SC,Theatres and public entertainment,0,0.0,RO5_2015-16_data_by_LA_-_Revision.xlsx,RO5 LA Data 2015-16,"row 246, column 40","Net Current Expenditure
 (C7 = C3 - C6)"
2015/16,E3421,E10000028,Staffordshire,SC,Library service,10912,10912000.0,RO5_2015-16_data_by_LA_-_Revision.xlsx,RO5 LA Data 2015-16,"row 246, column 89","Net Current Expenditure
 (C7 = C3 - C6)"
2015/16,E3431,E07000192,Cannock Chase,SD,Archives,0,0.0,RO5_2015-16_data_by_LA_-_Revision.xlsx,RO5 LA Data 2015-16,"row 247, column 12","Net Current Expenditure
 (C7 = C3 - C6)"
2015/16,E3431,E07000192,Cannock Chase,SD,Arts development and support,231,231000.0,RO5_2015-16_data_by_LA_-_Revision.xlsx,RO5 LA Data 2015-16,"row 247, column 19","Net Current Expenditure
 (C7 = C3 - C6)"
2015/16,E3431,E07000192,Cannock Chase,SD,Heritage,22,22000.0,RO5_2015-16_data_by_LA_-_Revision.xlsx,RO5 LA Data 2015-16,"row 247, column 26","Net Current Expenditure
 (C7 = C3 - C6)"
2015/16,E3431,E07000192,Cannock Chase,SD,Museums and galleries,349,349000.0,RO5_2015-16_data_by_LA_-_Revision.xlsx,RO5 LA Data 2015-16,"row 247, column 33","Net Current Expenditure
 (C7 = C3 - C6)"
2015/16,E3431,E07000192,Cannock Chase,SD,Theatres and public entertainment,371,371000.0,RO5_2015-16_data_by_LA_-_Revision.xlsx,RO5 LA Data 2015-16,"row 247, column 40","Net Current Expenditure
 (C7 = C3 - C6)"
2015/16,E3431,E07000192,Cannock Chase,SD,Library service,0,0.0,RO5_2015-16_data_by_LA_-_Revision.xlsx,RO5 LA Data 2015-16,"row 247, column 89","Net Current Expenditure
 (C7 = C3 - C6)"
2015/16,E3432,E07000193,East Staffordshire,SD,Archives,0,0.0,RO5_2015-16_data_by_LA_-_Revision.xlsx,RO5 LA Data 2015-16,"row 248, column 12","Net Current Expenditure
 (C7 = C3 - C6)"
2015/16,E3432,E07000193,East Staffordshire,SD,Arts development and support,89,89000.0,RO5_2015-16_data_by_LA_-_Revision.xlsx,RO5 LA Data 2015-16,"row 248, column 19","Net Current Expenditure
 (C7 = C3 - C6)"
2015/16,E3432,E07000193,East Staffordshire,SD,Heritage,0,0.0,RO5_2015-16_data_by_LA_-_Revision.xlsx,RO5 LA Data 2015-16,"row 248, column 26","Net Current Expenditure
 (C7 = C3 - C6)"
2015/16,E3432,E07000193,East Staffordshire,SD,Museums and galleries,0,0.0,RO5_2015-16_data_by_LA_-_Revision.xlsx,RO5 LA Data 2015-16,"row 248, column 33","Net Current Expenditure
 (C7 = C3 - C6)"
2015/16,E3432,E07000193,East Staffordshire,SD,Theatres and public entertainment,558,558000.0,RO5_2015-16_data_by_LA_-_Revision.xlsx,RO5 LA Data 2015-16,"row 248, column 40","Net Current Expenditure
 (C7 = C3 - C6)"
2015/16,E3432,E07000193,East Staffordshire,SD,Library service,0,0.0,RO5_2015-16_data_by_LA_-_Revision.xlsx,RO5 LA Data 2015-16,"row 248, column 89","Net Current Expenditure
 (C7 = C3 - C6)"
2015/16,E3433,E07000194,Lichfield,SD,Archives,0,0.0,RO5_2015-16_data_by_LA_-_Revision.xlsx,RO5 LA Data 2015-16,"row 249, column 12","Net Current Expenditure
 (C7 = C3 - C6)"
2015/16,E3433,E07000194,Lichfield,SD,Arts development and support,0,0.0,RO5_2015-16_data_by_LA_-_Revision.xlsx,RO5 LA Data 2015-16,"row 249, column 19","Net Current Expenditure
 (C7 = C3 - C6)"
2015/16,E3433,E07000194,Lichfield,SD,Heritage,0,0.0,RO5_2015-16_data_by_LA_-_Revision.xlsx,RO5 LA Data 2015-16,"row 249, column 26","Net Current Expenditure
 (C7 = C3 - C6)"
2015/16,E3433,E07000194,Lichfield,SD,Museums and galleries,6,6000.0,RO5_2015-16_data_by_LA_-_Revision.xlsx,RO5 LA Data 2015-16,"row 249, column 33","Net Current Expenditure
 (C7 = C3 - C6)"
2015/16,E3433,E07000194,Lichfield,SD,Theatres and public entertainment,520,520000.0,RO5_2015-16_data_by_LA_-_Revision.xlsx,RO5 LA Data 2015-16,"row 249, column 40","Net Current Expenditure
 (C7 = C3 - C6)"
2015/16,E3433,E07000194,Lichfield,SD,Library service,0,0.0,RO5_2015-16_data_by_LA_-_Revision.xlsx,RO5 LA Data 2015-16,"row 249, column 89","Net Current Expenditure
 (C7 = C3 - C6)"
2015/16,E3434,E07000195,Newcastle-under-Lyme,SD,Archives,0,0.0,RO5_2015-16_data_by_LA_-_Revision.xlsx,RO5 LA Data 2015-16,"row 250, column 12","Net Current Expenditure
 (C7 = C3 - C6)"
2015/16,E3434,E07000195,Newcastle-under-Lyme,SD,Arts development and support,11,11000.0,RO5_2015-16_data_by_LA_-_Revision.xlsx,RO5 LA Data 2015-16,"row 250, column 19","Net Current Expenditure
 (C7 = C3 - C6)"
2015/16,E3434,E07000195,Newcastle-under-Lyme,SD,Heritage,0,0.0,RO5_2015-16_data_by_LA_-_Revision.xlsx,RO5 LA Data 2015-16,"row 250, column 26","Net Current Expenditure
 (C7 = C3 - C6)"
2015/16,E3434,E07000195,Newcastle-under-Lyme,SD,Museums and galleries,303,303000.0,RO5_2015-16_data_by_LA_-_Revision.xlsx,RO5 LA Data 2015-16,"row 250, column 33","Net Current Expenditure
 (C7 = C3 - C6)"
2015/16,E3434,E07000195,Newcastle-under-Lyme,SD,Theatres and public entertainment,100,100000.0,RO5_2015-16_data_by_LA_-_Revision.xlsx,RO5 LA Data 2015-16,"row 250, column 40","Net Current Expenditure
 (C7 = C3 - C6)"
2015/16,E3434,E07000195,Newcastle-under-Lyme,SD,Library service,0,0.0,RO5_2015-16_data_by_LA_-_Revision.xlsx,RO5 LA Data 2015-16,"row 250, column 89","Net Current Expenditure
 (C7 = C3 - C6)"
2015/16,E3435,E07000196,South Staffordshire,SD,Archives,0,0.0,RO5_2015-16_data_by_LA_-_Revision.xlsx,RO5 LA Data 2015-16,"row 251, column 12","Net Current Expenditure
 (C7 = C3 - C6)"
2015/16,E3435,E07000196,South Staffordshire,SD,Arts development and support,0,0.0,RO5_2015-16_data_by_LA_-_Revision.xlsx,RO5 LA Data 2015-16,"row 251, column 19","Net Current Expenditure
 (C7 = C3 - C6)"
2015/16,E3435,E07000196,South Staffordshire,SD,Heritage,0,0.0,RO5_2015-16_data_by_LA_-_Revision.xlsx,RO5 LA Data 2015-16,"row 251, column 26","Net Current Expenditure
 (C7 = C3 - C6)"
2015/16,E3435,E07000196,South Staffordshire,SD,Museums and galleries,0,0.0,RO5_2015-16_data_by_LA_-_Revision.xlsx,RO5 LA Data 2015-16,"row 251, column 33","Net Current Expenditure
 (C7 = C3 - C6)"
2015/16,E3435,E07000196,South Staffordshire,SD,Theatres and public entertainment,0,0.0,RO5_2015-16_data_by_LA_-_Revision.xlsx,RO5 LA Data 2015-16,"row 251, column 40","Net Current Expenditure
 (C7 = C3 - C6)"
2015/16,E3435,E07000196,South Staffordshire,SD,Library service,0,0.0,RO5_2015-16_data_by_LA_-_Revision.xlsx,RO5 LA Data 2015-16,"row 251, column 89","Net Current Expenditure
 (C7 = C3 - C6)"
2015/16,E3436,E07000197,Stafford,SD,Archives,0,0.0,RO5_2015-16_data_by_LA_-_Revision.xlsx,RO5 LA Data 2015-16,"row 252, column 12","Net Current Expenditure
 (C7 = C3 - C6)"
2015/16,E3436,E07000197,Stafford,SD,Arts development and support,0,0.0,RO5_2015-16_data_by_LA_-_Revision.xlsx,RO5 LA Data 2015-16,"row 252, column 19","Net Current Expenditure
 (C7 = C3 - C6)"
2015/16,E3436,E07000197,Stafford,SD,Heritage,17,17000.0,RO5_2015-16_data_by_LA_-_Revision.xlsx,RO5 LA Data 2015-16,"row 252, column 26","Net Current Expenditure
 (C7 = C3 - C6)"
2015/16,E3436,E07000197,Stafford,SD,Museums and galleries,437,437000.0,RO5_2015-16_data_by_LA_-_Revision.xlsx,RO5 LA Data 2015-16,"row 252, column 33","Net Current Expenditure
 (C7 = C3 - C6)"
2015/16,E3436,E07000197,Stafford,SD,Theatres and public entertainment,724,724000.0,RO5_2015-16_data_by_LA_-_Revision.xlsx,RO5 LA Data 2015-16,"row 252, column 40","Net Current Expenditure
 (C7 = C3 - C6)"
2015/16,E3436,E07000197,Stafford,SD,Library service,0,0.0,RO5_2015-16_data_by_LA_-_Revision.xlsx,RO5 LA Data 2015-16,"row 252, column 89","Net Current Expenditure
 (C7 = C3 - C6)"
2015/16,E3437,E07000198,Staffordshire Moorlands,SD,Archives,0,0.0,RO5_2015-16_data_by_LA_-_Revision.xlsx,RO5 LA Data 2015-16,"row 253, column 12","Net Current Expenditure
 (C7 = C3 - C6)"
2015/16,E3437,E07000198,Staffordshire Moorlands,SD,Arts development and support,65,65000.0,RO5_2015-16_data_by_LA_-_Revision.xlsx,RO5 LA Data 2015-16,"row 253, column 19","Net Current Expenditure
 (C7 = C3 - C6)"
2015/16,E3437,E07000198,Staffordshire Moorlands,SD,Heritage,0,0.0,RO5_2015-16_data_by_LA_-_Revision.xlsx,RO5 LA Data 2015-16,"row 253, column 26","Net Current Expenditure
 (C7 = C3 - C6)"
2015/16,E3437,E07000198,Staffordshire Moorlands,SD,Museums and galleries,33,33000.0,RO5_2015-16_data_by_LA_-_Revision.xlsx,RO5 LA Data 2015-16,"row 253, column 33","Net Current Expenditure
 (C7 = C3 - C6)"
2015/16,E3437,E07000198,Staffordshire Moorlands,SD,Theatres and public entertainment,0,0.0,RO5_2015-16_data_by_LA_-_Revision.xlsx,RO5 LA Data 2015-16,"row 253, column 40","Net Current Expenditure
 (C7 = C3 - C6)"
2015/16,E3437,E07000198,Staffordshire Moorlands,SD,Library service,0,0.0,RO5_2015-16_data_by_LA_-_Revision.xlsx,RO5 LA Data 2015-16,"row 253, column 89","Net Current Expenditure
 (C7 = C3 - C6)"
2015/16,E3439,E07000199,Tamworth,SD,Archives,0,0.0,RO5_2015-16_data_by_LA_-_Revision.xlsx,RO5 LA Data 2015-16,"row 254, column 12","Net Current Expenditure
 (C7 = C3 - C6)"
2015/16,E3439,E07000199,Tamworth,SD,Arts development and support,30,30000.0,RO5_2015-16_data_by_LA_-_Revision.xlsx,RO5 LA Data 2015-16,"row 254, column 19","Net Current Expenditure
 (C7 = C3 - C6)"
2015/16,E3439,E07000199,Tamworth,SD,Heritage,52,52000.0,RO5_2015-16_data_by_LA_-_Revision.xlsx,RO5 LA Data 2015-16,"row 254, column 26","Net Current Expenditure
 (C7 = C3 - C6)"
2015/16,E3439,E07000199,Tamworth,SD,Museums and galleries,230,230000.0,RO5_2015-16_data_by_LA_-_Revision.xlsx,RO5 LA Data 2015-16,"row 254, column 33","Net Current Expenditure
 (C7 = C3 - C6)"
2015/16,E3439,E07000199,Tamworth,SD,Theatres and public entertainment,434,434000.0,RO5_2015-16_data_by_LA_-_Revision.xlsx,RO5 LA Data 2015-16,"row 254, column 40","Net Current Expenditure
 (C7 = C3 - C6)"
2015/16,E3439,E07000199,Tamworth,SD,Library service,0,0.0,RO5_2015-16_data_by_LA_-_Revision.xlsx,RO5 LA Data 2015-16,"row 254, column 89","Net Current Expenditure
 (C7 = C3 - C6)"
2015/16,E3520,E10000029,Suffolk,SC,Archives,838,838000.0,RO5_2015-16_data_by_LA_-_Revision.xlsx,RO5 LA Data 2015-16,"row 255, column 12","Net Current Expenditure
 (C7 = C3 - C6)"
2015/16,E3520,E10000029,Suffolk,SC,Arts development and support,967,967000.0,RO5_2015-16_data_by_LA_-_Revision.xlsx,RO5 LA Data 2015-16,"row 255, column 19","Net Current Expenditure
 (C7 = C3 - C6)"
2015/16,E3520,E10000029,Suffolk,SC,Heritage,0,0.0,RO5_2015-16_data_by_LA_-_Revision.xlsx,RO5 LA Data 2015-16,"row 255, column 26","Net Current Expenditure
 (C7 = C3 - C6)"
2015/16,E3520,E10000029,Suffolk,SC,Museums and galleries,335,335000.0,RO5_2015-16_data_by_LA_-_Revision.xlsx,RO5 LA Data 2015-16,"row 255, column 33","Net Current Expenditure
 (C7 = C3 - C6)"
2015/16,E3520,E10000029,Suffolk,SC,Theatres and public entertainment,0,0.0,RO5_2015-16_data_by_LA_-_Revision.xlsx,RO5 LA Data 2015-16,"row 255, column 40","Net Current Expenditure
 (C7 = C3 - C6)"
2015/16,E3520,E10000029,Suffolk,SC,Library service,7647,7647000.0,RO5_2015-16_data_by_LA_-_Revision.xlsx,RO5 LA Data 2015-16,"row 255, column 89","Net Current Expenditure
 (C7 = C3 - C6)"
2015/16,E3531,E07000200,Babergh,SD,Archives,0,0.0,RO5_2015-16_data_by_LA_-_Revision.xlsx,RO5 LA Data 2015-16,"row 256, column 12","Net Current Expenditure
 (C7 = C3 - C6)"
2015/16,E3531,E07000200,Babergh,SD,Arts development and support,26,26000.0,RO5_2015-16_data_by_LA_-_Revision.xlsx,RO5 LA Data 2015-16,"row 256, column 19","Net Current Expenditure
 (C7 = C3 - C6)"
2015/16,E3531,E07000200,Babergh,SD,Heritage,0,0.0,RO5_2015-16_data_by_LA_-_Revision.xlsx,RO5 LA Data 2015-16,"row 256, column 26","Net Current Expenditure
 (C7 = C3 - C6)"
2015/16,E3531,E07000200,Babergh,SD,Museums and galleries,0,0.0,RO5_2015-16_data_by_LA_-_Revision.xlsx,RO5 LA Data 2015-16,"row 256, column 33","Net Current Expenditure
 (C7 = C3 - C6)"
2015/16,E3531,E07000200,Babergh,SD,Theatres and public entertainment,0,0.0,RO5_2015-16_data_by_LA_-_Revision.xlsx,RO5 LA Data 2015-16,"row 256, column 40","Net Current Expenditure
 (C7 = C3 - C6)"
2015/16,E3531,E07000200,Babergh,SD,Library service,0,0.0,RO5_2015-16_data_by_LA_-_Revision.xlsx,RO5 LA Data 2015-16,"row 256, column 89","Net Current Expenditure
 (C7 = C3 - C6)"
2015/16,E3532,E07000201,Forest Heath,SD,Archives,0,0.0,RO5_2015-16_data_by_LA_-_Revision.xlsx,RO5 LA Data 2015-16,"row 257, column 12","Net Current Expenditure
 (C7 = C3 - C6)"
2015/16,E3532,E07000201,Forest Heath,SD,Arts development and support,68,68000.0,RO5_2015-16_data_by_LA_-_Revision.xlsx,RO5 LA Data 2015-16,"row 257, column 19","Net Current Expenditure
 (C7 = C3 - C6)"
2015/16,E3532,E07000201,Forest Heath,SD,Heritage,27,27000.0,RO5_2015-16_data_by_LA_-_Revision.xlsx,RO5 LA Data 2015-16,"row 257, column 26","Net Current Expenditure
 (C7 = C3 - C6)"
2015/16,E3532,E07000201,Forest Heath,SD,Museums and galleries,0,0.0,RO5_2015-16_data_by_LA_-_Revision.xlsx,RO5 LA Data 2015-16,"row 257, column 33","Net Current Expenditure
 (C7 = C3 - C6)"
2015/16,E3532,E07000201,Forest Heath,SD,Theatres and public entertainment,0,0.0,RO5_2015-16_data_by_LA_-_Revision.xlsx,RO5 LA Data 2015-16,"row 257, column 40","Net Current Expenditure
 (C7 = C3 - C6)"
2015/16,E3532,E07000201,Forest Heath,SD,Library service,0,0.0,RO5_2015-16_data_by_LA_-_Revision.xlsx,RO5 LA Data 2015-16,"row 257, column 89","Net Current Expenditure
 (C7 = C3 - C6)"
2015/16,E3533,E07000202,Ipswich,SD,Archives,0,0.0,RO5_2015-16_data_by_LA_-_Revision.xlsx,RO5 LA Data 2015-16,"row 258, column 12","Net Current Expenditure
 (C7 = C3 - C6)"
2015/16,E3533,E07000202,Ipswich,SD,Arts development and support,263,263000.0,RO5_2015-16_data_by_LA_-_Revision.xlsx,RO5 LA Data 2015-16,"row 258, column 19","Net Current Expenditure
 (C7 = C3 - C6)"
2015/16,E3533,E07000202,Ipswich,SD,Heritage,158,158000.0,RO5_2015-16_data_by_LA_-_Revision.xlsx,RO5 LA Data 2015-16,"row 258, column 26","Net Current Expenditure
 (C7 = C3 - C6)"
2015/16,E3533,E07000202,Ipswich,SD,Museums and galleries,1357,1357000.0,RO5_2015-16_data_by_LA_-_Revision.xlsx,RO5 LA Data 2015-16,"row 258, column 33","Net Current Expenditure
 (C7 = C3 - C6)"
2015/16,E3533,E07000202,Ipswich,SD,Theatres and public entertainment,1066,1066000.0,RO5_2015-16_data_by_LA_-_Revision.xlsx,RO5 LA Data 2015-16,"row 258, column 40","Net Current Expenditure
 (C7 = C3 - C6)"
2015/16,E3533,E07000202,Ipswich,SD,Library service,0,0.0,RO5_2015-16_data_by_LA_-_Revision.xlsx,RO5 LA Data 2015-16,"row 258, column 89","Net Current Expenditure
 (C7 = C3 - C6)"
2015/16,E3534,E07000203,Mid Suffolk,SD,Archives,0,0.0,RO5_2015-16_data_by_LA_-_Revision.xlsx,RO5 LA Data 2015-16,"row 259, column 12","Net Current Expenditure
 (C7 = C3 - C6)"
2015/16,E3534,E07000203,Mid Suffolk,SD,Arts development and support,31,31000.0,RO5_2015-16_data_by_LA_-_Revision.xlsx,RO5 LA Data 2015-16,"row 259, column 19","Net Current Expenditure
 (C7 = C3 - C6)"
2015/16,E3534,E07000203,Mid Suffolk,SD,Heritage,0,0.0,RO5_2015-16_data_by_LA_-_Revision.xlsx,RO5 LA Data 2015-16,"row 259, column 26","Net Current Expenditure
 (C7 = C3 - C6)"
2015/16,E3534,E07000203,Mid Suffolk,SD,Museums and galleries,0,0.0,RO5_2015-16_data_by_LA_-_Revision.xlsx,RO5 LA Data 2015-16,"row 259, column 33","Net Current Expenditure
 (C7 = C3 - C6)"
2015/16,E3534,E07000203,Mid Suffolk,SD,Theatres and public entertainment,0,0.0,RO5_2015-16_data_by_LA_-_Revision.xlsx,RO5 LA Data 2015-16,"row 259, column 40","Net Current Expenditure
 (C7 = C3 - C6)"
2015/16,E3534,E07000203,Mid Suffolk,SD,Library service,0,0.0,RO5_2015-16_data_by_LA_-_Revision.xlsx,RO5 LA Data 2015-16,"row 259, column 89","Net Current Expenditure
 (C7 = C3 - C6)"
2015/16,E3535,E07000204,St Edmundsbury,SD,Archives,0,0.0,RO5_2015-16_data_by_LA_-_Revision.xlsx,RO5 LA Data 2015-16,"row 260, column 12","Net Current Expenditure
 (C7 = C3 - C6)"
2015/16,E3535,E07000204,St Edmundsbury,SD,Arts development and support,100,100000.0,RO5_2015-16_data_by_LA_-_Revision.xlsx,RO5 LA Data 2015-16,"row 260, column 19","Net Current Expenditure
 (C7 = C3 - C6)"
2015/16,E3535,E07000204,St Edmundsbury,SD,Heritage,248,248000.0,RO5_2015-16_data_by_LA_-_Revision.xlsx,RO5 LA Data 2015-16,"row 260, column 26","Net Current Expenditure
 (C7 = C3 - C6)"
2015/16,E3535,E07000204,St Edmundsbury,SD,Museums and galleries,249,249000.0,RO5_2015-16_data_by_LA_-_Revision.xlsx,RO5 LA Data 2015-16,"row 260, column 33","Net Current Expenditure
 (C7 = C3 - C6)"
2015/16,E3535,E07000204,St Edmundsbury,SD,Theatres and public entertainment,1047,1047000.0,RO5_2015-16_data_by_LA_-_Revision.xlsx,RO5 LA Data 2015-16,"row 260, column 40","Net Current Expenditure
 (C7 = C3 - C6)"
2015/16,E3535,E07000204,St Edmundsbury,SD,Library service,0,0.0,RO5_2015-16_data_by_LA_-_Revision.xlsx,RO5 LA Data 2015-16,"row 260, column 89","Net Current Expenditure
 (C7 = C3 - C6)"
2015/16,E3536,E07000205,Suffolk Coastal,SD,Archives,0,0.0,RO5_2015-16_data_by_LA_-_Revision.xlsx,RO5 LA Data 2015-16,"row 261, column 12","Net Current Expenditure
 (C7 = C3 - C6)"
2015/16,E3536,E07000205,Suffolk Coastal,SD,Arts development and support,25,25000.0,RO5_2015-16_data_by_LA_-_Revision.xlsx,RO5 LA Data 2015-16,"row 261, column 19","Net Current Expenditure
 (C7 = C3 - C6)"
2015/16,E3536,E07000205,Suffolk Coastal,SD,Heritage,0,0.0,RO5_2015-16_data_by_LA_-_Revision.xlsx,RO5 LA Data 2015-16,"row 261, column 26","Net Current Expenditure
 (C7 = C3 - C6)"
2015/16,E3536,E07000205,Suffolk Coastal,SD,Museums and galleries,0,0.0,RO5_2015-16_data_by_LA_-_Revision.xlsx,RO5 LA Data 2015-16,"row 261, column 33","Net Current Expenditure
 (C7 = C3 - C6)"
2015/16,E3536,E07000205,Suffolk Coastal,SD,Theatres and public entertainment,47,47000.0,RO5_2015-16_data_by_LA_-_Revision.xlsx,RO5 LA Data 2015-16,"row 261, column 40","Net Current Expenditure
 (C7 = C3 - C6)"
2015/16,E3536,E07000205,Suffolk Coastal,SD,Library service,0,0.0,RO5_2015-16_data_by_LA_-_Revision.xlsx,RO5 LA Data 2015-16,"row 261, column 89","Net Current Expenditure
 (C7 = C3 - C6)"
2015/16,E3537,E07000206,Waveney,SD,Archives,0,0.0,RO5_2015-16_data_by_LA_-_Revision.xlsx,RO5 LA Data 2015-16,"row 262, column 12","Net Current Expenditure
 (C7 = C3 - C6)"
2015/16,E3537,E07000206,Waveney,SD,Arts development and support,5,5000.0,RO5_2015-16_data_by_LA_-_Revision.xlsx,RO5 LA Data 2015-16,"row 262, column 19","Net Current Expenditure
 (C7 = C3 - C6)"
2015/16,E3537,E07000206,Waveney,SD,Heritage,15,15000.0,RO5_2015-16_data_by_LA_-_Revision.xlsx,RO5 LA Data 2015-16,"row 262, column 26","Net Current Expenditure
 (C7 = C3 - C6)"
2015/16,E3537,E07000206,Waveney,SD,Museums and galleries,34,34000.0,RO5_2015-16_data_by_LA_-_Revision.xlsx,RO5 LA Data 2015-16,"row 262, column 33","Net Current Expenditure
 (C7 = C3 - C6)"
2015/16,E3537,E07000206,Waveney,SD,Theatres and public entertainment,216,216000.0,RO5_2015-16_data_by_LA_-_Revision.xlsx,RO5 LA Data 2015-16,"row 262, column 40","Net Current Expenditure
 (C7 = C3 - C6)"
2015/16,E3537,E07000206,Waveney,SD,Library service,0,0.0,RO5_2015-16_data_by_LA_-_Revision.xlsx,RO5 LA Data 2015-16,"row 262, column 89","Net Current Expenditure
 (C7 = C3 - C6)"
2015/16,E3620,E10000030,Surrey,SC,Archives,1404,1404000.0,RO5_2015-16_data_by_LA_-_Revision.xlsx,RO5 LA Data 2015-16,"row 263, column 12","Net Current Expenditure
 (C7 = C3 - C6)"
2015/16,E3620,E10000030,Surrey,SC,Arts development and support,474,474000.0,RO5_2015-16_data_by_LA_-_Revision.xlsx,RO5 LA Data 2015-16,"row 263, column 19","Net Current Expenditure
 (C7 = C3 - C6)"
2015/16,E3620,E10000030,Surrey,SC,Heritage,1509.33916,1509339.16,RO5_2015-16_data_by_LA_-_Revision.xlsx,RO5 LA Data 2015-16,"row 263, column 26","Net Current Expenditure
 (C7 = C3 - C6)"
2015/16,E3620,E10000030,Surrey,SC,Museums and galleries,72,72000.0,RO5_2015-16_data_by_LA_-_Revision.xlsx,RO5 LA Data 2015-16,"row 263, column 33","Net Current Expenditure
 (C7 = C3 - C6)"
2015/16,E3620,E10000030,Surrey,SC,Theatres and public entertainment,0,0.0,RO5_2015-16_data_by_LA_-_Revision.xlsx,RO5 LA Data 2015-16,"row 263, column 40","Net Current Expenditure
 (C7 = C3 - C6)"
2015/16,E3620,E10000030,Surrey,SC,Library service,17220,17220000.0,RO5_2015-16_data_by_LA_-_Revision.xlsx,RO5 LA Data 2015-16,"row 263, column 89","Net Current Expenditure
 (C7 = C3 - C6)"
2015/16,E3631,E07000207,Elmbridge,SD,Archives,0,0.0,RO5_2015-16_data_by_LA_-_Revision.xlsx,RO5 LA Data 2015-16,"row 264, column 12","Net Current Expenditure
 (C7 = C3 - C6)"
2015/16,E3631,E07000207,Elmbridge,SD,Arts development and support,92,92000.0,RO5_2015-16_data_by_LA_-_Revision.xlsx,RO5 LA Data 2015-16,"row 264, column 19","Net Current Expenditure
 (C7 = C3 - C6)"
2015/16,E3631,E07000207,Elmbridge,SD,Heritage,0,0.0,RO5_2015-16_data_by_LA_-_Revision.xlsx,RO5 LA Data 2015-16,"row 264, column 26","Net Current Expenditure
 (C7 = C3 - C6)"
2015/16,E3631,E07000207,Elmbridge,SD,Museums and galleries,269,269000.0,RO5_2015-16_data_by_LA_-_Revision.xlsx,RO5 LA Data 2015-16,"row 264, column 33","Net Current Expenditure
 (C7 = C3 - C6)"
2015/16,E3631,E07000207,Elmbridge,SD,Theatres and public entertainment,0,0.0,RO5_2015-16_data_by_LA_-_Revision.xlsx,RO5 LA Data 2015-16,"row 264, column 40","Net Current Expenditure
 (C7 = C3 - C6)"
2015/16,E3631,E07000207,Elmbridge,SD,Library service,0,0.0,RO5_2015-16_data_by_LA_-_Revision.xlsx,RO5 LA Data 2015-16,"row 264, column 89","Net Current Expenditure
 (C7 = C3 - C6)"
2015/16,E3632,E07000208,Epsom & Ewell,SD,Archives,0,0.0,RO5_2015-16_data_by_LA_-_Revision.xlsx,RO5 LA Data 2015-16,"row 265, column 12","Net Current Expenditure
 (C7 = C3 - C6)"
2015/16,E3632,E07000208,Epsom & Ewell,SD,Arts development and support,0,0.0,RO5_2015-16_data_by_LA_-_Revision.xlsx,RO5 LA Data 2015-16,"row 265, column 19","Net Current Expenditure
 (C7 = C3 - C6)"
2015/16,E3632,E07000208,Epsom & Ewell,SD,Heritage,0,0.0,RO5_2015-16_data_by_LA_-_Revision.xlsx,RO5 LA Data 2015-16,"row 265, column 26","Net Current Expenditure
 (C7 = C3 - C6)"
2015/16,E3632,E07000208,Epsom & Ewell,SD,Museums and galleries,177,177000.0,RO5_2015-16_data_by_LA_-_Revision.xlsx,RO5 LA Data 2015-16,"row 265, column 33","Net Current Expenditure
 (C7 = C3 - C6)"
2015/16,E3632,E07000208,Epsom & Ewell,SD,Theatres and public entertainment,277,277000.0,RO5_2015-16_data_by_LA_-_Revision.xlsx,RO5 LA Data 2015-16,"row 265, column 40","Net Current Expenditure
 (C7 = C3 - C6)"
2015/16,E3632,E07000208,Epsom & Ewell,SD,Library service,0,0.0,RO5_2015-16_data_by_LA_-_Revision.xlsx,RO5 LA Data 2015-16,"row 265, column 89","Net Current Expenditure
 (C7 = C3 - C6)"
2015/16,E3633,E07000209,Guildford,SD,Archives,0,0.0,RO5_2015-16_data_by_LA_-_Revision.xlsx,RO5 LA Data 2015-16,"row 266, column 12","Net Current Expenditure
 (C7 = C3 - C6)"
2015/16,E3633,E07000209,Guildford,SD,Arts development and support,77,77000.0,RO5_2015-16_data_by_LA_-_Revision.xlsx,RO5 LA Data 2015-16,"row 266, column 19","Net Current Expenditure
 (C7 = C3 - C6)"
2015/16,E3633,E07000209,Guildford,SD,Heritage,118,118000.0,RO5_2015-16_data_by_LA_-_Revision.xlsx,RO5 LA Data 2015-16,"row 266, column 26","Net Current Expenditure
 (C7 = C3 - C6)"
2015/16,E3633,E07000209,Guildford,SD,Museums and galleries,761,761000.0,RO5_2015-16_data_by_LA_-_Revision.xlsx,RO5 LA Data 2015-16,"row 266, column 33","Net Current Expenditure
 (C7 = C3 - C6)"
2015/16,E3633,E07000209,Guildford,SD,Theatres and public entertainment,1139,1139000.0,RO5_2015-16_data_by_LA_-_Revision.xlsx,RO5 LA Data 2015-16,"row 266, column 40","Net Current Expenditure
 (C7 = C3 - C6)"
2015/16,E3633,E07000209,Guildford,SD,Library service,0,0.0,RO5_2015-16_data_by_LA_-_Revision.xlsx,RO5 LA Data 2015-16,"row 266, column 89","Net Current Expenditure
 (C7 = C3 - C6)"
2015/16,E3634,E07000210,Mole Valley,SD,Archives,0,0.0,RO5_2015-16_data_by_LA_-_Revision.xlsx,RO5 LA Data 2015-16,"row 267, column 12","Net Current Expenditure
 (C7 = C3 - C6)"
2015/16,E3634,E07000210,Mole Valley,SD,Arts development and support,76,76000.0,RO5_2015-16_data_by_LA_-_Revision.xlsx,RO5 LA Data 2015-16,"row 267, column 19","Net Current Expenditure
 (C7 = C3 - C6)"
2015/16,E3634,E07000210,Mole Valley,SD,Heritage,24,24000.0,RO5_2015-16_data_by_LA_-_Revision.xlsx,RO5 LA Data 2015-16,"row 267, column 26","Net Current Expenditure
 (C7 = C3 - C6)"
2015/16,E3634,E07000210,Mole Valley,SD,Museums and galleries,0,0.0,RO5_2015-16_data_by_LA_-_Revision.xlsx,RO5 LA Data 2015-16,"row 267, column 33","Net Current Expenditure
 (C7 = C3 - C6)"
2015/16,E3634,E07000210,Mole Valley,SD,Theatres and public entertainment,258,258000.0,RO5_2015-16_data_by_LA_-_Revision.xlsx,RO5 LA Data 2015-16,"row 267, column 40","Net Current Expenditure
 (C7 = C3 - C6)"
2015/16,E3634,E07000210,Mole Valley,SD,Library service,0,0.0,RO5_2015-16_data_by_LA_-_Revision.xlsx,RO5 LA Data 2015-16,"row 267, column 89","Net Current Expenditure
 (C7 = C3 - C6)"
2015/16,E3635,E07000211,Reigate & Banstead,SD,Archives,0,0.0,RO5_2015-16_data_by_LA_-_Revision.xlsx,RO5 LA Data 2015-16,"row 268, column 12","Net Current Expenditure
 (C7 = C3 - C6)"
2015/16,E3635,E07000211,Reigate & Banstead,SD,Arts development and support,0,0.0,RO5_2015-16_data_by_LA_-_Revision.xlsx,RO5 LA Data 2015-16,"row 268, column 19","Net Current Expenditure
 (C7 = C3 - C6)"
2015/16,E3635,E07000211,Reigate & Banstead,SD,Heritage,0,0.0,RO5_2015-16_data_by_LA_-_Revision.xlsx,RO5 LA Data 2015-16,"row 268, column 26","Net Current Expenditure
 (C7 = C3 - C6)"
2015/16,E3635,E07000211,Reigate & Banstead,SD,Museums and galleries,0,0.0,RO5_2015-16_data_by_LA_-_Revision.xlsx,RO5 LA Data 2015-16,"row 268, column 33","Net Current Expenditure
 (C7 = C3 - C6)"
2015/16,E3635,E07000211,Reigate & Banstead,SD,Theatres and public entertainment,602,602000.0,RO5_2015-16_data_by_LA_-_Revision.xlsx,RO5 LA Data 2015-16,"row 268, column 40","Net Current Expenditure
 (C7 = C3 - C6)"
2015/16,E3635,E07000211,Reigate & Banstead,SD,Library service,0,0.0,RO5_2015-16_data_by_LA_-_Revision.xlsx,RO5 LA Data 2015-16,"row 268, column 89","Net Current Expenditure
 (C7 = C3 - C6)"
2015/16,E3636,E07000212,Runnymede,SD,Archives,0,0.0,RO5_2015-16_data_by_LA_-_Revision.xlsx,RO5 LA Data 2015-16,"row 269, column 12","Net Current Expenditure
 (C7 = C3 - C6)"
2015/16,E3636,E07000212,Runnymede,SD,Arts development and support,7,7000.0,RO5_2015-16_data_by_LA_-_Revision.xlsx,RO5 LA Data 2015-16,"row 269, column 19","Net Current Expenditure
 (C7 = C3 - C6)"
2015/16,E3636,E07000212,Runnymede,SD,Heritage,0,0.0,RO5_2015-16_data_by_LA_-_Revision.xlsx,RO5 LA Data 2015-16,"row 269, column 26","Net Current Expenditure
 (C7 = C3 - C6)"
2015/16,E3636,E07000212,Runnymede,SD,Museums and galleries,164,164000.0,RO5_2015-16_data_by_LA_-_Revision.xlsx,RO5 LA Data 2015-16,"row 269, column 33","Net Current Expenditure
 (C7 = C3 - C6)"
2015/16,E3636,E07000212,Runnymede,SD,Theatres and public entertainment,0,0.0,RO5_2015-16_data_by_LA_-_Revision.xlsx,RO5 LA Data 2015-16,"row 269, column 40","Net Current Expenditure
 (C7 = C3 - C6)"
2015/16,E3636,E07000212,Runnymede,SD,Library service,0,0.0,RO5_2015-16_data_by_LA_-_Revision.xlsx,RO5 LA Data 2015-16,"row 269, column 89","Net Current Expenditure
 (C7 = C3 - C6)"
2015/16,E3637,E07000213,Spelthorne,SD,Archives,0,0.0,RO5_2015-16_data_by_LA_-_Revision.xlsx,RO5 LA Data 2015-16,"row 270, column 12","Net Current Expenditure
 (C7 = C3 - C6)"
2015/16,E3637,E07000213,Spelthorne,SD,Arts development and support,36,36000.0,RO5_2015-16_data_by_LA_-_Revision.xlsx,RO5 LA Data 2015-16,"row 270, column 19","Net Current Expenditure
 (C7 = C3 - C6)"
2015/16,E3637,E07000213,Spelthorne,SD,Heritage,0,0.0,RO5_2015-16_data_by_LA_-_Revision.xlsx,RO5 LA Data 2015-16,"row 270, column 26","Net Current Expenditure
 (C7 = C3 - C6)"
2015/16,E3637,E07000213,Spelthorne,SD,Museums and galleries,-2,-2000.0,RO5_2015-16_data_by_LA_-_Revision.xlsx,RO5 LA Data 2015-16,"row 270, column 33","Net Current Expenditure
 (C7 = C3 - C6)"
2015/16,E3637,E07000213,Spelthorne,SD,Theatres and public entertainment,2,2000.0,RO5_2015-16_data_by_LA_-_Revision.xlsx,RO5 LA Data 2015-16,"row 270, column 40","Net Current Expenditure
 (C7 = C3 - C6)"
2015/16,E3637,E07000213,Spelthorne,SD,Library service,1,1000.0,RO5_2015-16_data_by_LA_-_Revision.xlsx,RO5 LA Data 2015-16,"row 270, column 89","Net Current Expenditure
 (C7 = C3 - C6)"
2015/16,E3638,E07000214,Surrey Heath,SD,Archives,0,0.0,RO5_2015-16_data_by_LA_-_Revision.xlsx,RO5 LA Data 2015-16,"row 271, column 12","Net Current Expenditure
 (C7 = C3 - C6)"
2015/16,E3638,E07000214,Surrey Heath,SD,Arts development and support,0,0.0,RO5_2015-16_data_by_LA_-_Revision.xlsx,RO5 LA Data 2015-16,"row 271, column 19","Net Current Expenditure
 (C7 = C3 - C6)"
2015/16,E3638,E07000214,Surrey Heath,SD,Heritage,4,4000.0,RO5_2015-16_data_by_LA_-_Revision.xlsx,RO5 LA Data 2015-16,"row 271, column 26","Net Current Expenditure
 (C7 = C3 - C6)"
2015/16,E3638,E07000214,Surrey Heath,SD,Museums and galleries,0,0.0,RO5_2015-16_data_by_LA_-_Revision.xlsx,RO5 LA Data 2015-16,"row 271, column 33","Net Current Expenditure
 (C7 = C3 - C6)"
2015/16,E3638,E07000214,Surrey Heath,SD,Theatres and public entertainment,0,0.0,RO5_2015-16_data_by_LA_-_Revision.xlsx,RO5 LA Data 2015-16,"row 271, column 40","Net Current Expenditure
 (C7 = C3 - C6)"
2015/16,E3638,E07000214,Surrey Heath,SD,Library service,0,0.0,RO5_2015-16_data_by_LA_-_Revision.xlsx,RO5 LA Data 2015-16,"row 271, column 89","Net Current Expenditure
 (C7 = C3 - C6)"
2015/16,E3639,E07000215,Tandridge,SD,Archives,0,0.0,RO5_2015-16_data_by_LA_-_Revision.xlsx,RO5 LA Data 2015-16,"row 272, column 12","Net Current Expenditure
 (C7 = C3 - C6)"
2015/16,E3639,E07000215,Tandridge,SD,Arts development and support,0,0.0,RO5_2015-16_data_by_LA_-_Revision.xlsx,RO5 LA Data 2015-16,"row 272, column 19","Net Current Expenditure
 (C7 = C3 - C6)"
2015/16,E3639,E07000215,Tandridge,SD,Heritage,0,0.0,RO5_2015-16_data_by_LA_-_Revision.xlsx,RO5 LA Data 2015-16,"row 272, column 26","Net Current Expenditure
 (C7 = C3 - C6)"
2015/16,E3639,E07000215,Tandridge,SD,Museums and galleries,0,0.0,RO5_2015-16_data_by_LA_-_Revision.xlsx,RO5 LA Data 2015-16,"row 272, column 33","Net Current Expenditure
 (C7 = C3 - C6)"
2015/16,E3639,E07000215,Tandridge,SD,Theatres and public entertainment,0,0.0,RO5_2015-16_data_by_LA_-_Revision.xlsx,RO5 LA Data 2015-16,"row 272, column 40","Net Current Expenditure
 (C7 = C3 - C6)"
2015/16,E3639,E07000215,Tandridge,SD,Library service,0,0.0,RO5_2015-16_data_by_LA_-_Revision.xlsx,RO5 LA Data 2015-16,"row 272, column 89","Net Current Expenditure
 (C7 = C3 - C6)"
2015/16,E3640,E07000216,Waverley,SD,Archives,0,0.0,RO5_2015-16_data_by_LA_-_Revision.xlsx,RO5 LA Data 2015-16,"row 273, column 12","Net Current Expenditure
 (C7 = C3 - C6)"
2015/16,E3640,E07000216,Waverley,SD,Arts development and support,182,182000.0,RO5_2015-16_data_by_LA_-_Revision.xlsx,RO5 LA Data 2015-16,"row 273, column 19","Net Current Expenditure
 (C7 = C3 - C6)"
2015/16,E3640,E07000216,Waverley,SD,Heritage,0,0.0,RO5_2015-16_data_by_LA_-_Revision.xlsx,RO5 LA Data 2015-16,"row 273, column 26","Net Current Expenditure
 (C7 = C3 - C6)"
2015/16,E3640,E07000216,Waverley,SD,Museums and galleries,208,208000.0,RO5_2015-16_data_by_LA_-_Revision.xlsx,RO5 LA Data 2015-16,"row 273, column 33","Net Current Expenditure
 (C7 = C3 - C6)"
2015/16,E3640,E07000216,Waverley,SD,Theatres and public entertainment,0,0.0,RO5_2015-16_data_by_LA_-_Revision.xlsx,RO5 LA Data 2015-16,"row 273, column 40","Net Current Expenditure
 (C7 = C3 - C6)"
2015/16,E3640,E07000216,Waverley,SD,Library service,0,0.0,RO5_2015-16_data_by_LA_-_Revision.xlsx,RO5 LA Data 2015-16,"row 273, column 89","Net Current Expenditure
 (C7 = C3 - C6)"
2015/16,E3641,E07000217,Woking,SD,Archives,0,0.0,RO5_2015-16_data_by_LA_-_Revision.xlsx,RO5 LA Data 2015-16,"row 274, column 12","Net Current Expenditure
 (C7 = C3 - C6)"
2015/16,E3641,E07000217,Woking,SD,Arts development and support,234,234000.0,RO5_2015-16_data_by_LA_-_Revision.xlsx,RO5 LA Data 2015-16,"row 274, column 19","Net Current Expenditure
 (C7 = C3 - C6)"
2015/16,E3641,E07000217,Woking,SD,Heritage,0,0.0,RO5_2015-16_data_by_LA_-_Revision.xlsx,RO5 LA Data 2015-16,"row 274, column 26","Net Current Expenditure
 (C7 = C3 - C6)"
2015/16,E3641,E07000217,Woking,SD,Museums and galleries,382,382000.0,RO5_2015-16_data_by_LA_-_Revision.xlsx,RO5 LA Data 2015-16,"row 274, column 33","Net Current Expenditure
 (C7 = C3 - C6)"
2015/16,E3641,E07000217,Woking,SD,Theatres and public entertainment,494,494000.0,RO5_2015-16_data_by_LA_-_Revision.xlsx,RO5 LA Data 2015-16,"row 274, column 40","Net Current Expenditure
 (C7 = C3 - C6)"
2015/16,E3641,E07000217,Woking,SD,Library service,0,0.0,RO5_2015-16_data_by_LA_-_Revision.xlsx,RO5 LA Data 2015-16,"row 274, column 89","Net Current Expenditure
 (C7 = C3 - C6)"
2015/16,E3720,E10000031,Warwickshire,SC,Archives,483,483000.0,RO5_2015-16_data_by_LA_-_Revision.xlsx,RO5 LA Data 2015-16,"row 275, column 12","Net Current Expenditure
 (C7 = C3 - C6)"
2015/16,E3720,E10000031,Warwickshire,SC,Arts development and support,102,102000.0,RO5_2015-16_data_by_LA_-_Revision.xlsx,RO5 LA Data 2015-16,"row 275, column 19","Net Current Expenditure
 (C7 = C3 - C6)"
2015/16,E3720,E10000031,Warwickshire,SC,Heritage,268,268000.0,RO5_2015-16_data_by_LA_-_Revision.xlsx,RO5 LA Data 2015-16,"row 275, column 26","Net Current Expenditure
 (C7 = C3 - C6)"
2015/16,E3720,E10000031,Warwickshire,SC,Museums and galleries,376,376000.0,RO5_2015-16_data_by_LA_-_Revision.xlsx,RO5 LA Data 2015-16,"row 275, column 33","Net Current Expenditure
 (C7 = C3 - C6)"
2015/16,E3720,E10000031,Warwickshire,SC,Theatres and public entertainment,0,0.0,RO5_2015-16_data_by_LA_-_Revision.xlsx,RO5 LA Data 2015-16,"row 275, column 40","Net Current Expenditure
 (C7 = C3 - C6)"
2015/16,E3720,E10000031,Warwickshire,SC,Library service,5194,5194000.0,RO5_2015-16_data_by_LA_-_Revision.xlsx,RO5 LA Data 2015-16,"row 275, column 89","Net Current Expenditure
 (C7 = C3 - C6)"
2015/16,E3731,E07000218,North Warwickshire,SD,Archives,0,0.0,RO5_2015-16_data_by_LA_-_Revision.xlsx,RO5 LA Data 2015-16,"row 276, column 12","Net Current Expenditure
 (C7 = C3 - C6)"
2015/16,E3731,E07000218,North Warwickshire,SD,Arts development and support,2,2000.0,RO5_2015-16_data_by_LA_-_Revision.xlsx,RO5 LA Data 2015-16,"row 276, column 19","Net Current Expenditure
 (C7 = C3 - C6)"
2015/16,E3731,E07000218,North Warwickshire,SD,Heritage,3,3000.0,RO5_2015-16_data_by_LA_-_Revision.xlsx,RO5 LA Data 2015-16,"row 276, column 26","Net Current Expenditure
 (C7 = C3 - C6)"
2015/16,E3731,E07000218,North Warwickshire,SD,Museums and galleries,0,0.0,RO5_2015-16_data_by_LA_-_Revision.xlsx,RO5 LA Data 2015-16,"row 276, column 33","Net Current Expenditure
 (C7 = C3 - C6)"
2015/16,E3731,E07000218,North Warwickshire,SD,Theatres and public entertainment,-2,-2000.0,RO5_2015-16_data_by_LA_-_Revision.xlsx,RO5 LA Data 2015-16,"row 276, column 40","Net Current Expenditure
 (C7 = C3 - C6)"
2015/16,E3731,E07000218,North Warwickshire,SD,Library service,0,0.0,RO5_2015-16_data_by_LA_-_Revision.xlsx,RO5 LA Data 2015-16,"row 276, column 89","Net Current Expenditure
 (C7 = C3 - C6)"
2015/16,E3732,E07000219,Nuneaton & Bedworth,SD,Archives,0,0.0,RO5_2015-16_data_by_LA_-_Revision.xlsx,RO5 LA Data 2015-16,"row 277, column 12","Net Current Expenditure
 (C7 = C3 - C6)"
2015/16,E3732,E07000219,Nuneaton & Bedworth,SD,Arts development and support,11,11000.0,RO5_2015-16_data_by_LA_-_Revision.xlsx,RO5 LA Data 2015-16,"row 277, column 19","Net Current Expenditure
 (C7 = C3 - C6)"
2015/16,E3732,E07000219,Nuneaton & Bedworth,SD,Heritage,0,0.0,RO5_2015-16_data_by_LA_-_Revision.xlsx,RO5 LA Data 2015-16,"row 277, column 26","Net Current Expenditure
 (C7 = C3 - C6)"
2015/16,E3732,E07000219,Nuneaton & Bedworth,SD,Museums and galleries,387,387000.0,RO5_2015-16_data_by_LA_-_Revision.xlsx,RO5 LA Data 2015-16,"row 277, column 33","Net Current Expenditure
 (C7 = C3 - C6)"
2015/16,E3732,E07000219,Nuneaton & Bedworth,SD,Theatres and public entertainment,509,509000.0,RO5_2015-16_data_by_LA_-_Revision.xlsx,RO5 LA Data 2015-16,"row 277, column 40","Net Current Expenditure
 (C7 = C3 - C6)"
2015/16,E3732,E07000219,Nuneaton & Bedworth,SD,Library service,0,0.0,RO5_2015-16_data_by_LA_-_Revision.xlsx,RO5 LA Data 2015-16,"row 277, column 89","Net Current Expenditure
 (C7 = C3 - C6)"
2015/16,E3733,E07000220,Rugby,SD,Archives,0,0.0,RO5_2015-16_data_by_LA_-_Revision.xlsx,RO5 LA Data 2015-16,"row 278, column 12","Net Current Expenditure
 (C7 = C3 - C6)"
2015/16,E3733,E07000220,Rugby,SD,Arts development and support,19,19000.0,RO5_2015-16_data_by_LA_-_Revision.xlsx,RO5 LA Data 2015-16,"row 278, column 19","Net Current Expenditure
 (C7 = C3 - C6)"
2015/16,E3733,E07000220,Rugby,SD,Heritage,0,0.0,RO5_2015-16_data_by_LA_-_Revision.xlsx,RO5 LA Data 2015-16,"row 278, column 26","Net Current Expenditure
 (C7 = C3 - C6)"
2015/16,E3733,E07000220,Rugby,SD,Museums and galleries,611,611000.0,RO5_2015-16_data_by_LA_-_Revision.xlsx,RO5 LA Data 2015-16,"row 278, column 33","Net Current Expenditure
 (C7 = C3 - C6)"
2015/16,E3733,E07000220,Rugby,SD,Theatres and public entertainment,0,0.0,RO5_2015-16_data_by_LA_-_Revision.xlsx,RO5 LA Data 2015-16,"row 278, column 40","Net Current Expenditure
 (C7 = C3 - C6)"
2015/16,E3733,E07000220,Rugby,SD,Library service,0,0.0,RO5_2015-16_data_by_LA_-_Revision.xlsx,RO5 LA Data 2015-16,"row 278, column 89","Net Current Expenditure
 (C7 = C3 - C6)"
2015/16,E3734,E07000221,Stratford-on-Avon,SD,Archives,0,0.0,RO5_2015-16_data_by_LA_-_Revision.xlsx,RO5 LA Data 2015-16,"row 279, column 12","Net Current Expenditure
 (C7 = C3 - C6)"
2015/16,E3734,E07000221,Stratford-on-Avon,SD,Arts development and support,0,0.0,RO5_2015-16_data_by_LA_-_Revision.xlsx,RO5 LA Data 2015-16,"row 279, column 19","Net Current Expenditure
 (C7 = C3 - C6)"
2015/16,E3734,E07000221,Stratford-on-Avon,SD,Heritage,73,73000.0,RO5_2015-16_data_by_LA_-_Revision.xlsx,RO5 LA Data 2015-16,"row 279, column 26","Net Current Expenditure
 (C7 = C3 - C6)"
2015/16,E3734,E07000221,Stratford-on-Avon,SD,Museums and galleries,0,0.0,RO5_2015-16_data_by_LA_-_Revision.xlsx,RO5 LA Data 2015-16,"row 279, column 33","Net Current Expenditure
 (C7 = C3 - C6)"
2015/16,E3734,E07000221,Stratford-on-Avon,SD,Theatres and public entertainment,0,0.0,RO5_2015-16_data_by_LA_-_Revision.xlsx,RO5 LA Data 2015-16,"row 279, column 40","Net Current Expenditure
 (C7 = C3 - C6)"
2015/16,E3734,E07000221,Stratford-on-Avon,SD,Library service,0,0.0,RO5_2015-16_data_by_LA_-_Revision.xlsx,RO5 LA Data 2015-16,"row 279, column 89","Net Current Expenditure
 (C7 = C3 - C6)"
2015/16,E3735,E07000222,Warwick,SD,Archives,0,0.0,RO5_2015-16_data_by_LA_-_Revision.xlsx,RO5 LA Data 2015-16,"row 280, column 12","Net Current Expenditure
 (C7 = C3 - C6)"
2015/16,E3735,E07000222,Warwick,SD,Arts development and support,0,0.0,RO5_2015-16_data_by_LA_-_Revision.xlsx,RO5 LA Data 2015-16,"row 280, column 19","Net Current Expenditure
 (C7 = C3 - C6)"
2015/16,E3735,E07000222,Warwick,SD,Heritage,0,0.0,RO5_2015-16_data_by_LA_-_Revision.xlsx,RO5 LA Data 2015-16,"row 280, column 26","Net Current Expenditure
 (C7 = C3 - C6)"
2015/16,E3735,E07000222,Warwick,SD,Museums and galleries,708,708000.0,RO5_2015-16_data_by_LA_-_Revision.xlsx,RO5 LA Data 2015-16,"row 280, column 33","Net Current Expenditure
 (C7 = C3 - C6)"
2015/16,E3735,E07000222,Warwick,SD,Theatres and public entertainment,564,564000.0,RO5_2015-16_data_by_LA_-_Revision.xlsx,RO5 LA Data 2015-16,"row 280, column 40","Net Current Expenditure
 (C7 = C3 - C6)"
2015/16,E3735,E07000222,Warwick,SD,Library service,0,0.0,RO5_2015-16_data_by_LA_-_Revision.xlsx,RO5 LA Data 2015-16,"row 280, column 89","Net Current Expenditure
 (C7 = C3 - C6)"
2015/16,E3820,E10000032,West Sussex,SC,Archives,789,789000.0,RO5_2015-16_data_by_LA_-_Revision.xlsx,RO5 LA Data 2015-16,"row 281, column 12","Net Current Expenditure
 (C7 = C3 - C6)"
2015/16,E3820,E10000032,West Sussex,SC,Arts development and support,0,0.0,RO5_2015-16_data_by_LA_-_Revision.xlsx,RO5 LA Data 2015-16,"row 281, column 19","Net Current Expenditure
 (C7 = C3 - C6)"
2015/16,E3820,E10000032,West Sussex,SC,Heritage,0,0.0,RO5_2015-16_data_by_LA_-_Revision.xlsx,RO5 LA Data 2015-16,"row 281, column 26","Net Current Expenditure
 (C7 = C3 - C6)"
2015/16,E3820,E10000032,West Sussex,SC,Museums and galleries,0,0.0,RO5_2015-16_data_by_LA_-_Revision.xlsx,RO5 LA Data 2015-16,"row 281, column 33","Net Current Expenditure
 (C7 = C3 - C6)"
2015/16,E3820,E10000032,West Sussex,SC,Theatres and public entertainment,0,0.0,RO5_2015-16_data_by_LA_-_Revision.xlsx,RO5 LA Data 2015-16,"row 281, column 40","Net Current Expenditure
 (C7 = C3 - C6)"
2015/16,E3820,E10000032,West Sussex,SC,Library service,7364,7364000.0,RO5_2015-16_data_by_LA_-_Revision.xlsx,RO5 LA Data 2015-16,"row 281, column 89","Net Current Expenditure
 (C7 = C3 - C6)"
2015/16,E3831,E07000223,Adur,SD,Archives,0,0.0,RO5_2015-16_data_by_LA_-_Revision.xlsx,RO5 LA Data 2015-16,"row 282, column 12","Net Current Expenditure
 (C7 = C3 - C6)"
2015/16,E3831,E07000223,Adur,SD,Arts development and support,30,30000.0,RO5_2015-16_data_by_LA_-_Revision.xlsx,RO5 LA Data 2015-16,"row 282, column 19","Net Current Expenditure
 (C7 = C3 - C6)"
2015/16,E3831,E07000223,Adur,SD,Heritage,0,0.0,RO5_2015-16_data_by_LA_-_Revision.xlsx,RO5 LA Data 2015-16,"row 282, column 26","Net Current Expenditure
 (C7 = C3 - C6)"
2015/16,E3831,E07000223,Adur,SD,Museums and galleries,0,0.0,RO5_2015-16_data_by_LA_-_Revision.xlsx,RO5 LA Data 2015-16,"row 282, column 33","Net Current Expenditure
 (C7 = C3 - C6)"
2015/16,E3831,E07000223,Adur,SD,Theatres and public entertainment,0,0.0,RO5_2015-16_data_by_LA_-_Revision.xlsx,RO5 LA Data 2015-16,"row 282, column 40","Net Current Expenditure
 (C7 = C3 - C6)"
2015/16,E3831,E07000223,Adur,SD,Library service,0,0.0,RO5_2015-16_data_by_LA_-_Revision.xlsx,RO5 LA Data 2015-16,"row 282, column 89","Net Current Expenditure
 (C7 = C3 - C6)"
2015/16,E3832,E07000224,Arun,SD,Archives,0,0.0,RO5_2015-16_data_by_LA_-_Revision.xlsx,RO5 LA Data 2015-16,"row 283, column 12","Net Current Expenditure
 (C7 = C3 - C6)"
2015/16,E3832,E07000224,Arun,SD,Arts development and support,0,0.0,RO5_2015-16_data_by_LA_-_Revision.xlsx,RO5 LA Data 2015-16,"row 283, column 19","Net Current Expenditure
 (C7 = C3 - C6)"
2015/16,E3832,E07000224,Arun,SD,Heritage,46,46000.0,RO5_2015-16_data_by_LA_-_Revision.xlsx,RO5 LA Data 2015-16,"row 283, column 26","Net Current Expenditure
 (C7 = C3 - C6)"
2015/16,E3832,E07000224,Arun,SD,Museums and galleries,0,0.0,RO5_2015-16_data_by_LA_-_Revision.xlsx,RO5 LA Data 2015-16,"row 283, column 33","Net Current Expenditure
 (C7 = C3 - C6)"
2015/16,E3832,E07000224,Arun,SD,Theatres and public entertainment,105,105000.0,RO5_2015-16_data_by_LA_-_Revision.xlsx,RO5 LA Data 2015-16,"row 283, column 40","Net Current Expenditure
 (C7 = C3 - C6)"
2015/16,E3832,E07000224,Arun,SD,Library service,0,0.0,RO5_2015-16_data_by_LA_-_Revision.xlsx,RO5 LA Data 2015-16,"row 283, column 89","Net Current Expenditure
 (C7 = C3 - C6)"
2015/16,E3833,E07000225,Chichester,SD,Archives,0,0.0,RO5_2015-16_data_by_LA_-_Revision.xlsx,RO5 LA Data 2015-16,"row 284, column 12","Net Current Expenditure
 (C7 = C3 - C6)"
2015/16,E3833,E07000225,Chichester,SD,Arts development and support,0.41999999999999993,419.99999999999994,RO5_2015-16_data_by_LA_-_Revision.xlsx,RO5 LA Data 2015-16,"row 284, column 19","Net Current Expenditure
 (C7 = C3 - C6)"
2015/16,E3833,E07000225,Chichester,SD,Heritage,19.65,19650.0,RO5_2015-16_data_by_LA_-_Revision.xlsx,RO5 LA Data 2015-16,"row 284, column 26","Net Current Expenditure
 (C7 = C3 - C6)"
2015/16,E3833,E07000225,Chichester,SD,Museums and galleries,1008.1799999999998,1008179.9999999999,RO5_2015-16_data_by_LA_-_Revision.xlsx,RO5 LA Data 2015-16,"row 284, column 33","Net Current Expenditure
 (C7 = C3 - C6)"
2015/16,E3833,E07000225,Chichester,SD,Theatres and public entertainment,0,0.0,RO5_2015-16_data_by_LA_-_Revision.xlsx,RO5 LA Data 2015-16,"row 284, column 40","Net Current Expenditure
 (C7 = C3 - C6)"
2015/16,E3833,E07000225,Chichester,SD,Library service,0,0.0,RO5_2015-16_data_by_LA_-_Revision.xlsx,RO5 LA Data 2015-16,"row 284, column 89","Net Current Expenditure
 (C7 = C3 - C6)"
2015/16,E3834,E07000226,Crawley,SD,Archives,0,0.0,RO5_2015-16_data_by_LA_-_Revision.xlsx,RO5 LA Data 2015-16,"row 285, column 12","Net Current Expenditure
 (C7 = C3 - C6)"
2015/16,E3834,E07000226,Crawley,SD,Arts development and support,109,109000.0,RO5_2015-16_data_by_LA_-_Revision.xlsx,RO5 LA Data 2015-16,"row 285, column 19","Net Current Expenditure
 (C7 = C3 - C6)"
2015/16,E3834,E07000226,Crawley,SD,Heritage,0,0.0,RO5_2015-16_data_by_LA_-_Revision.xlsx,RO5 LA Data 2015-16,"row 285, column 26","Net Current Expenditure
 (C7 = C3 - C6)"
2015/16,E3834,E07000226,Crawley,SD,Museums and galleries,60,60000.0,RO5_2015-16_data_by_LA_-_Revision.xlsx,RO5 LA Data 2015-16,"row 285, column 33","Net Current Expenditure
 (C7 = C3 - C6)"
2015/16,E3834,E07000226,Crawley,SD,Theatres and public entertainment,579,579000.0,RO5_2015-16_data_by_LA_-_Revision.xlsx,RO5 LA Data 2015-16,"row 285, column 40","Net Current Expenditure
 (C7 = C3 - C6)"
2015/16,E3834,E07000226,Crawley,SD,Library service,0,0.0,RO5_2015-16_data_by_LA_-_Revision.xlsx,RO5 LA Data 2015-16,"row 285, column 89","Net Current Expenditure
 (C7 = C3 - C6)"
2015/16,E3835,E07000227,Horsham,SD,Archives,0,0.0,RO5_2015-16_data_by_LA_-_Revision.xlsx,RO5 LA Data 2015-16,"row 286, column 12","Net Current Expenditure
 (C7 = C3 - C6)"
2015/16,E3835,E07000227,Horsham,SD,Arts development and support,64,64000.0,RO5_2015-16_data_by_LA_-_Revision.xlsx,RO5 LA Data 2015-16,"row 286, column 19","Net Current Expenditure
 (C7 = C3 - C6)"
2015/16,E3835,E07000227,Horsham,SD,Heritage,0,0.0,RO5_2015-16_data_by_LA_-_Revision.xlsx,RO5 LA Data 2015-16,"row 286, column 26","Net Current Expenditure
 (C7 = C3 - C6)"
2015/16,E3835,E07000227,Horsham,SD,Museums and galleries,414,414000.0,RO5_2015-16_data_by_LA_-_Revision.xlsx,RO5 LA Data 2015-16,"row 286, column 33","Net Current Expenditure
 (C7 = C3 - C6)"
2015/16,E3835,E07000227,Horsham,SD,Theatres and public entertainment,585,585000.0,RO5_2015-16_data_by_LA_-_Revision.xlsx,RO5 LA Data 2015-16,"row 286, column 40","Net Current Expenditure
 (C7 = C3 - C6)"
2015/16,E3835,E07000227,Horsham,SD,Library service,0,0.0,RO5_2015-16_data_by_LA_-_Revision.xlsx,RO5 LA Data 2015-16,"row 286, column 89","Net Current Expenditure
 (C7 = C3 - C6)"
2015/16,E3836,E07000228,Mid Sussex,SD,Archives,0,0.0,RO5_2015-16_data_by_LA_-_Revision.xlsx,RO5 LA Data 2015-16,"row 287, column 12","Net Current Expenditure
 (C7 = C3 - C6)"
2015/16,E3836,E07000228,Mid Sussex,SD,Arts development and support,38,38000.0,RO5_2015-16_data_by_LA_-_Revision.xlsx,RO5 LA Data 2015-16,"row 287, column 19","Net Current Expenditure
 (C7 = C3 - C6)"
2015/16,E3836,E07000228,Mid Sussex,SD,Heritage,0,0.0,RO5_2015-16_data_by_LA_-_Revision.xlsx,RO5 LA Data 2015-16,"row 287, column 26","Net Current Expenditure
 (C7 = C3 - C6)"
2015/16,E3836,E07000228,Mid Sussex,SD,Museums and galleries,0,0.0,RO5_2015-16_data_by_LA_-_Revision.xlsx,RO5 LA Data 2015-16,"row 287, column 33","Net Current Expenditure
 (C7 = C3 - C6)"
2015/16,E3836,E07000228,Mid Sussex,SD,Theatres and public entertainment,26,26000.0,RO5_2015-16_data_by_LA_-_Revision.xlsx,RO5 LA Data 2015-16,"row 287, column 40","Net Current Expenditure
 (C7 = C3 - C6)"
2015/16,E3836,E07000228,Mid Sussex,SD,Library service,0,0.0,RO5_2015-16_data_by_LA_-_Revision.xlsx,RO5 LA Data 2015-16,"row 287, column 89","Net Current Expenditure
 (C7 = C3 - C6)"
2015/16,E3837,E07000229,Worthing,SD,Archives,0,0.0,RO5_2015-16_data_by_LA_-_Revision.xlsx,RO5 LA Data 2015-16,"row 288, column 12","Net Current Expenditure
 (C7 = C3 - C6)"
2015/16,E3837,E07000229,Worthing,SD,Arts development and support,0,0.0,RO5_2015-16_data_by_LA_-_Revision.xlsx,RO5 LA Data 2015-16,"row 288, column 19","Net Current Expenditure
 (C7 = C3 - C6)"
2015/16,E3837,E07000229,Worthing,SD,Heritage,0,0.0,RO5_2015-16_data_by_LA_-_Revision.xlsx,RO5 LA Data 2015-16,"row 288, column 26","Net Current Expenditure
 (C7 = C3 - C6)"
2015/16,E3837,E07000229,Worthing,SD,Museums and galleries,511,511000.0,RO5_2015-16_data_by_LA_-_Revision.xlsx,RO5 LA Data 2015-16,"row 288, column 33","Net Current Expenditure
 (C7 = C3 - C6)"
2015/16,E3837,E07000229,Worthing,SD,Theatres and public entertainment,1290,1290000.0,RO5_2015-16_data_by_LA_-_Revision.xlsx,RO5 LA Data 2015-16,"row 288, column 40","Net Current Expenditure
 (C7 = C3 - C6)"
2015/16,E3837,E07000229,Worthing,SD,Library service,0,0.0,RO5_2015-16_data_by_LA_-_Revision.xlsx,RO5 LA Data 2015-16,"row 288, column 89","Net Current Expenditure
 (C7 = C3 - C6)"
2015/16,E3901,E06000030,Swindon UA,UA,Archives,0,0.0,RO5_2015-16_data_by_LA_-_Revision.xlsx,RO5 LA Data 2015-16,"row 289, column 12","Net Current Expenditure
 (C7 = C3 - C6)"
2015/16,E3901,E06000030,Swindon UA,UA,Arts development and support,769,769000.0,RO5_2015-16_data_by_LA_-_Revision.xlsx,RO5 LA Data 2015-16,"row 289, column 19","Net Current Expenditure
 (C7 = C3 - C6)"
2015/16,E3901,E06000030,Swindon UA,UA,Heritage,905,905000.0,RO5_2015-16_data_by_LA_-_Revision.xlsx,RO5 LA Data 2015-16,"row 289, column 26","Net Current Expenditure
 (C7 = C3 - C6)"
2015/16,E3901,E06000030,Swindon UA,UA,Museums and galleries,1116,1116000.0,RO5_2015-16_data_by_LA_-_Revision.xlsx,RO5 LA Data 2015-16,"row 289, column 33","Net Current Expenditure
 (C7 = C3 - C6)"
2015/16,E3901,E06000030,Swindon UA,UA,Theatres and public entertainment,0,0.0,RO5_2015-16_data_by_LA_-_Revision.xlsx,RO5 LA Data 2015-16,"row 289, column 40","Net Current Expenditure
 (C7 = C3 - C6)"
2015/16,E3901,E06000030,Swindon UA,UA,Library service,3680,3680000.0,RO5_2015-16_data_by_LA_-_Revision.xlsx,RO5 LA Data 2015-16,"row 289, column 89","Net Current Expenditure
 (C7 = C3 - C6)"
2015/16,E3902,E06000054,Wiltshire UA,UA,Archives,297,297000.0,RO5_2015-16_data_by_LA_-_Revision.xlsx,RO5 LA Data 2015-16,"row 290, column 12","Net Current Expenditure
 (C7 = C3 - C6)"
2015/16,E3902,E06000054,Wiltshire UA,UA,Arts development and support,557,557000.0,RO5_2015-16_data_by_LA_-_Revision.xlsx,RO5 LA Data 2015-16,"row 290, column 19","Net Current Expenditure
 (C7 = C3 - C6)"
2015/16,E3902,E06000054,Wiltshire UA,UA,Heritage,1092,1092000.0,RO5_2015-16_data_by_LA_-_Revision.xlsx,RO5 LA Data 2015-16,"row 290, column 26","Net Current Expenditure
 (C7 = C3 - C6)"
2015/16,E3902,E06000054,Wiltshire UA,UA,Museums and galleries,153,153000.0,RO5_2015-16_data_by_LA_-_Revision.xlsx,RO5 LA Data 2015-16,"row 290, column 33","Net Current Expenditure
 (C7 = C3 - C6)"
2015/16,E3902,E06000054,Wiltshire UA,UA,Theatres and public entertainment,327,327000.0,RO5_2015-16_data_by_LA_-_Revision.xlsx,RO5 LA Data 2015-16,"row 290, column 40","Net Current Expenditure
 (C7 = C3 - C6)"
2015/16,E3902,E06000054,Wiltshire UA,UA,Library service,5069,5069000.0,RO5_2015-16_data_by_LA_-_Revision.xlsx,RO5 LA Data 2015-16,"row 290, column 89","Net Current Expenditure
 (C7 = C3 - C6)"
2015/16,E4001,E06000053,Isles of Scilly,UA,Archives,0,0.0,RO5_2015-16_data_by_LA_-_Revision.xlsx,RO5 LA Data 2015-16,"row 291, column 12","Net Current Expenditure
 (C7 = C3 - C6)"
2015/16,E4001,E06000053,Isles of Scilly,UA,Arts development and support,0,0.0,RO5_2015-16_data_by_LA_-_Revision.xlsx,RO5 LA Data 2015-16,"row 291, column 19","Net Current Expenditure
 (C7 = C3 - C6)"
2015/16,E4001,E06000053,Isles of Scilly,UA,Heritage,0,0.0,RO5_2015-16_data_by_LA_-_Revision.xlsx,RO5 LA Data 2015-16,"row 291, column 26","Net Current Expenditure
 (C7 = C3 - C6)"
2015/16,E4001,E06000053,Isles of Scilly,UA,Museums and galleries,0,0.0,RO5_2015-16_data_by_LA_-_Revision.xlsx,RO5 LA Data 2015-16,"row 291, column 33","Net Current Expenditure
 (C7 = C3 - C6)"
2015/16,E4001,E06000053,Isles of Scilly,UA,Theatres and public entertainment,0,0.0,RO5_2015-16_data_by_LA_-_Revision.xlsx,RO5 LA Data 2015-16,"row 291, column 40","Net Current Expenditure
 (C7 = C3 - C6)"
2015/16,E4001,E06000053,Isles of Scilly,UA,Library service,48,48000.0,RO5_2015-16_data_by_LA_-_Revision.xlsx,RO5 LA Data 2015-16,"row 291, column 89","Net Current Expenditure
 (C7 = C3 - C6)"
2015/16,E4201,E08000001,Bolton,MD,Archives,23,23000.0,RO5_2015-16_data_by_LA_-_Revision.xlsx,RO5 LA Data 2015-16,"row 292, column 12","Net Current Expenditure
 (C7 = C3 - C6)"
2015/16,E4201,E08000001,Bolton,MD,Arts development and support,1,1000.0,RO5_2015-16_data_by_LA_-_Revision.xlsx,RO5 LA Data 2015-16,"row 292, column 19","Net Current Expenditure
 (C7 = C3 - C6)"
2015/16,E4201,E08000001,Bolton,MD,Heritage,0,0.0,RO5_2015-16_data_by_LA_-_Revision.xlsx,RO5 LA Data 2015-16,"row 292, column 26","Net Current Expenditure
 (C7 = C3 - C6)"
2015/16,E4201,E08000001,Bolton,MD,Museums and galleries,516,516000.0,RO5_2015-16_data_by_LA_-_Revision.xlsx,RO5 LA Data 2015-16,"row 292, column 33","Net Current Expenditure
 (C7 = C3 - C6)"
2015/16,E4201,E08000001,Bolton,MD,Theatres and public entertainment,79,79000.0,RO5_2015-16_data_by_LA_-_Revision.xlsx,RO5 LA Data 2015-16,"row 292, column 40","Net Current Expenditure
 (C7 = C3 - C6)"
2015/16,E4201,E08000001,Bolton,MD,Library service,5107,5107000.0,RO5_2015-16_data_by_LA_-_Revision.xlsx,RO5 LA Data 2015-16,"row 292, column 89","Net Current Expenditure
 (C7 = C3 - C6)"
2015/16,E4202,E08000002,Bury,MD,Archives,0,0.0,RO5_2015-16_data_by_LA_-_Revision.xlsx,RO5 LA Data 2015-16,"row 293, column 12","Net Current Expenditure
 (C7 = C3 - C6)"
2015/16,E4202,E08000002,Bury,MD,Arts development and support,350,350000.0,RO5_2015-16_data_by_LA_-_Revision.xlsx,RO5 LA Data 2015-16,"row 293, column 19","Net Current Expenditure
 (C7 = C3 - C6)"
2015/16,E4202,E08000002,Bury,MD,Heritage,38,38000.0,RO5_2015-16_data_by_LA_-_Revision.xlsx,RO5 LA Data 2015-16,"row 293, column 26","Net Current Expenditure
 (C7 = C3 - C6)"
2015/16,E4202,E08000002,Bury,MD,Museums and galleries,364,364000.0,RO5_2015-16_data_by_LA_-_Revision.xlsx,RO5 LA Data 2015-16,"row 293, column 33","Net Current Expenditure
 (C7 = C3 - C6)"
2015/16,E4202,E08000002,Bury,MD,Theatres and public entertainment,0,0.0,RO5_2015-16_data_by_LA_-_Revision.xlsx,RO5 LA Data 2015-16,"row 293, column 40","Net Current Expenditure
 (C7 = C3 - C6)"
2015/16,E4202,E08000002,Bury,MD,Library service,2202,2202000.0,RO5_2015-16_data_by_LA_-_Revision.xlsx,RO5 LA Data 2015-16,"row 293, column 89","Net Current Expenditure
 (C7 = C3 - C6)"
2015/16,E4203,E08000003,Manchester,MD,Archives,108,108000.0,RO5_2015-16_data_by_LA_-_Revision.xlsx,RO5 LA Data 2015-16,"row 294, column 12","Net Current Expenditure
 (C7 = C3 - C6)"
2015/16,E4203,E08000003,Manchester,MD,Arts development and support,3788,3788000.0,RO5_2015-16_data_by_LA_-_Revision.xlsx,RO5 LA Data 2015-16,"row 294, column 19","Net Current Expenditure
 (C7 = C3 - C6)"
2015/16,E4203,E08000003,Manchester,MD,Heritage,525,525000.0,RO5_2015-16_data_by_LA_-_Revision.xlsx,RO5 LA Data 2015-16,"row 294, column 26","Net Current Expenditure
 (C7 = C3 - C6)"
2015/16,E4203,E08000003,Manchester,MD,Museums and galleries,6211,6211000.0,RO5_2015-16_data_by_LA_-_Revision.xlsx,RO5 LA Data 2015-16,"row 294, column 33","Net Current Expenditure
 (C7 = C3 - C6)"
2015/16,E4203,E08000003,Manchester,MD,Theatres and public entertainment,2114,2114000.0,RO5_2015-16_data_by_LA_-_Revision.xlsx,RO5 LA Data 2015-16,"row 294, column 40","Net Current Expenditure
 (C7 = C3 - C6)"
2015/16,E4203,E08000003,Manchester,MD,Library service,7492,7492000.0,RO5_2015-16_data_by_LA_-_Revision.xlsx,RO5 LA Data 2015-16,"row 294, column 89","Net Current Expenditure
 (C7 = C3 - C6)"
2015/16,E4204,E08000004,Oldham,MD,Archives,0,0.0,RO5_2015-16_data_by_LA_-_Revision.xlsx,RO5 LA Data 2015-16,"row 295, column 12","Net Current Expenditure
 (C7 = C3 - C6)"
2015/16,E4204,E08000004,Oldham,MD,Arts development and support,164,164000.0,RO5_2015-16_data_by_LA_-_Revision.xlsx,RO5 LA Data 2015-16,"row 295, column 19","Net Current Expenditure
 (C7 = C3 - C6)"
2015/16,E4204,E08000004,Oldham,MD,Heritage,0,0.0,RO5_2015-16_data_by_LA_-_Revision.xlsx,RO5 LA Data 2015-16,"row 295, column 26","Net Current Expenditure
 (C7 = C3 - C6)"
2015/16,E4204,E08000004,Oldham,MD,Museums and galleries,1372,1372000.0,RO5_2015-16_data_by_LA_-_Revision.xlsx,RO5 LA Data 2015-16,"row 295, column 33","Net Current Expenditure
 (C7 = C3 - C6)"
2015/16,E4204,E08000004,Oldham,MD,Theatres and public entertainment,154,154000.0,RO5_2015-16_data_by_LA_-_Revision.xlsx,RO5 LA Data 2015-16,"row 295, column 40","Net Current Expenditure
 (C7 = C3 - C6)"
2015/16,E4204,E08000004,Oldham,MD,Library service,5518,5518000.0,RO5_2015-16_data_by_LA_-_Revision.xlsx,RO5 LA Data 2015-16,"row 295, column 89","Net Current Expenditure
 (C7 = C3 - C6)"
2015/16,E4205,E08000005,Rochdale,MD,Archives,0,0.0,RO5_2015-16_data_by_LA_-_Revision.xlsx,RO5 LA Data 2015-16,"row 296, column 12","Net Current Expenditure
 (C7 = C3 - C6)"
2015/16,E4205,E08000005,Rochdale,MD,Arts development and support,564,564000.0,RO5_2015-16_data_by_LA_-_Revision.xlsx,RO5 LA Data 2015-16,"row 296, column 19","Net Current Expenditure
 (C7 = C3 - C6)"
2015/16,E4205,E08000005,Rochdale,MD,Heritage,296,296000.0,RO5_2015-16_data_by_LA_-_Revision.xlsx,RO5 LA Data 2015-16,"row 296, column 26","Net Current Expenditure
 (C7 = C3 - C6)"
2015/16,E4205,E08000005,Rochdale,MD,Museums and galleries,1245,1245000.0,RO5_2015-16_data_by_LA_-_Revision.xlsx,RO5 LA Data 2015-16,"row 296, column 33","Net Current Expenditure
 (C7 = C3 - C6)"
2015/16,E4205,E08000005,Rochdale,MD,Theatres and public entertainment,121,121000.0,RO5_2015-16_data_by_LA_-_Revision.xlsx,RO5 LA Data 2015-16,"row 296, column 40","Net Current Expenditure
 (C7 = C3 - C6)"
2015/16,E4205,E08000005,Rochdale,MD,Library service,1844,1844000.0,RO5_2015-16_data_by_LA_-_Revision.xlsx,RO5 LA Data 2015-16,"row 296, column 89","Net Current Expenditure
 (C7 = C3 - C6)"
2015/16,E4206,E08000006,Salford,MD,Archives,0,0.0,RO5_2015-16_data_by_LA_-_Revision.xlsx,RO5 LA Data 2015-16,"row 297, column 12","Net Current Expenditure
 (C7 = C3 - C6)"
2015/16,E4206,E08000006,Salford,MD,Arts development and support,2578,2578000.0,RO5_2015-16_data_by_LA_-_Revision.xlsx,RO5 LA Data 2015-16,"row 297, column 19","Net Current Expenditure
 (C7 = C3 - C6)"
2015/16,E4206,E08000006,Salford,MD,Heritage,32,32000.0,RO5_2015-16_data_by_LA_-_Revision.xlsx,RO5 LA Data 2015-16,"row 297, column 26","Net Current Expenditure
 (C7 = C3 - C6)"
2015/16,E4206,E08000006,Salford,MD,Museums and galleries,778,778000.0,RO5_2015-16_data_by_LA_-_Revision.xlsx,RO5 LA Data 2015-16,"row 297, column 33","Net Current Expenditure
 (C7 = C3 - C6)"
2015/16,E4206,E08000006,Salford,MD,Theatres and public entertainment,76,76000.0,RO5_2015-16_data_by_LA_-_Revision.xlsx,RO5 LA Data 2015-16,"row 297, column 40","Net Current Expenditure
 (C7 = C3 - C6)"
2015/16,E4206,E08000006,Salford,MD,Library service,3013,3013000.0,RO5_2015-16_data_by_LA_-_Revision.xlsx,RO5 LA Data 2015-16,"row 297, column 89","Net Current Expenditure
 (C7 = C3 - C6)"
2015/16,E4207,E08000007,Stockport,MD,Archives,0,0.0,RO5_2015-16_data_by_LA_-_Revision.xlsx,RO5 LA Data 2015-16,"row 298, column 12","Net Current Expenditure
 (C7 = C3 - C6)"
2015/16,E4207,E08000007,Stockport,MD,Arts development and support,-14,-14000.0,RO5_2015-16_data_by_LA_-_Revision.xlsx,RO5 LA Data 2015-16,"row 298, column 19","Net Current Expenditure
 (C7 = C3 - C6)"
2015/16,E4207,E08000007,Stockport,MD,Heritage,0,0.0,RO5_2015-16_data_by_LA_-_Revision.xlsx,RO5 LA Data 2015-16,"row 298, column 26","Net Current Expenditure
 (C7 = C3 - C6)"
2015/16,E4207,E08000007,Stockport,MD,Museums and galleries,-525,-525000.0,RO5_2015-16_data_by_LA_-_Revision.xlsx,RO5 LA Data 2015-16,"row 298, column 33","Net Current Expenditure
 (C7 = C3 - C6)"
2015/16,E4207,E08000007,Stockport,MD,Theatres and public entertainment,-1,-1000.0,RO5_2015-16_data_by_LA_-_Revision.xlsx,RO5 LA Data 2015-16,"row 298, column 40","Net Current Expenditure
 (C7 = C3 - C6)"
2015/16,E4207,E08000007,Stockport,MD,Library service,3364,3364000.0,RO5_2015-16_data_by_LA_-_Revision.xlsx,RO5 LA Data 2015-16,"row 298, column 89","Net Current Expenditure
 (C7 = C3 - C6)"
2015/16,E4208,E08000008,Tameside,MD,Archives,0,0.0,RO5_2015-16_data_by_LA_-_Revision.xlsx,RO5 LA Data 2015-16,"row 299, column 12","Net Current Expenditure
 (C7 = C3 - C6)"
2015/16,E4208,E08000008,Tameside,MD,Arts development and support,5,5000.0,RO5_2015-16_data_by_LA_-_Revision.xlsx,RO5 LA Data 2015-16,"row 299, column 19","Net Current Expenditure
 (C7 = C3 - C6)"
2015/16,E4208,E08000008,Tameside,MD,Heritage,-0.04496732325729201,-44.96732325729201,RO5_2015-16_data_by_LA_-_Revision.xlsx,RO5 LA Data 2015-16,"row 299, column 26","Net Current Expenditure
 (C7 = C3 - C6)"
2015/16,E4208,E08000008,Tameside,MD,Museums and galleries,458,458000.0,RO5_2015-16_data_by_LA_-_Revision.xlsx,RO5 LA Data 2015-16,"row 299, column 33","Net Current Expenditure
 (C7 = C3 - C6)"
2015/16,E4208,E08000008,Tameside,MD,Theatres and public entertainment,283,283000.0,RO5_2015-16_data_by_LA_-_Revision.xlsx,RO5 LA Data 2015-16,"row 299, column 40","Net Current Expenditure
 (C7 = C3 - C6)"
2015/16,E4208,E08000008,Tameside,MD,Library service,2219,2219000.0,RO5_2015-16_data_by_LA_-_Revision.xlsx,RO5 LA Data 2015-16,"row 299, column 89","Net Current Expenditure
 (C7 = C3 - C6)"
2015/16,E4209,E08000009,Trafford,MD,Archives,0,0.0,RO5_2015-16_data_by_LA_-_Revision.xlsx,RO5 LA Data 2015-16,"row 300, column 12","Net Current Expenditure
 (C7 = C3 - C6)"
2015/16,E4209,E08000009,Trafford,MD,Arts development and support,359,359000.0,RO5_2015-16_data_by_LA_-_Revision.xlsx,RO5 LA Data 2015-16,"row 300, column 19","Net Current Expenditure
 (C7 = C3 - C6)"
2015/16,E4209,E08000009,Trafford,MD,Heritage,0,0.0,RO5_2015-16_data_by_LA_-_Revision.xlsx,RO5 LA Data 2015-16,"row 300, column 26","Net Current Expenditure
 (C7 = C3 - C6)"
2015/16,E4209,E08000009,Trafford,MD,Museums and galleries,20,20000.0,RO5_2015-16_data_by_LA_-_Revision.xlsx,RO5 LA Data 2015-16,"row 300, column 33","Net Current Expenditure
 (C7 = C3 - C6)"
2015/16,E4209,E08000009,Trafford,MD,Theatres and public entertainment,701,701000.0,RO5_2015-16_data_by_LA_-_Revision.xlsx,RO5 LA Data 2015-16,"row 300, column 40","Net Current Expenditure
 (C7 = C3 - C6)"
2015/16,E4209,E08000009,Trafford,MD,Library service,3111,3111000.0,RO5_2015-16_data_by_LA_-_Revision.xlsx,RO5 LA Data 2015-16,"row 300, column 89","Net Current Expenditure
 (C7 = C3 - C6)"
2015/16,E4210,E08000010,Wigan,MD,Archives,21,21000.0,RO5_2015-16_data_by_LA_-_Revision.xlsx,RO5 LA Data 2015-16,"row 301, column 12","Net Current Expenditure
 (C7 = C3 - C6)"
2015/16,E4210,E08000010,Wigan,MD,Arts development and support,0,0.0,RO5_2015-16_data_by_LA_-_Revision.xlsx,RO5 LA Data 2015-16,"row 301, column 19","Net Current Expenditure
 (C7 = C3 - C6)"
2015/16,E4210,E08000010,Wigan,MD,Heritage,435,435000.0,RO5_2015-16_data_by_LA_-_Revision.xlsx,RO5 LA Data 2015-16,"row 301, column 26","Net Current Expenditure
 (C7 = C3 - C6)"
2015/16,E4210,E08000010,Wigan,MD,Museums and galleries,0,0.0,RO5_2015-16_data_by_LA_-_Revision.xlsx,RO5 LA Data 2015-16,"row 301, column 33","Net Current Expenditure
 (C7 = C3 - C6)"
2015/16,E4210,E08000010,Wigan,MD,Theatres and public entertainment,0,0.0,RO5_2015-16_data_by_LA_-_Revision.xlsx,RO5 LA Data 2015-16,"row 301, column 40","Net Current Expenditure
 (C7 = C3 - C6)"
2015/16,E4210,E08000010,Wigan,MD,Library service,2731,2731000.0,RO5_2015-16_data_by_LA_-_Revision.xlsx,RO5 LA Data 2015-16,"row 301, column 89","Net Current Expenditure
 (C7 = C3 - C6)"
2015/16,E4301,E08000011,Knowsley,MD,Archives,0,0.0,RO5_2015-16_data_by_LA_-_Revision.xlsx,RO5 LA Data 2015-16,"row 302, column 12","Net Current Expenditure
 (C7 = C3 - C6)"
2015/16,E4301,E08000011,Knowsley,MD,Arts development and support,395,395000.0,RO5_2015-16_data_by_LA_-_Revision.xlsx,RO5 LA Data 2015-16,"row 302, column 19","Net Current Expenditure
 (C7 = C3 - C6)"
2015/16,E4301,E08000011,Knowsley,MD,Heritage,128,128000.0,RO5_2015-16_data_by_LA_-_Revision.xlsx,RO5 LA Data 2015-16,"row 302, column 26","Net Current Expenditure
 (C7 = C3 - C6)"
2015/16,E4301,E08000011,Knowsley,MD,Museums and galleries,0,0.0,RO5_2015-16_data_by_LA_-_Revision.xlsx,RO5 LA Data 2015-16,"row 302, column 33","Net Current Expenditure
 (C7 = C3 - C6)"
2015/16,E4301,E08000011,Knowsley,MD,Theatres and public entertainment,247,247000.0,RO5_2015-16_data_by_LA_-_Revision.xlsx,RO5 LA Data 2015-16,"row 302, column 40","Net Current Expenditure
 (C7 = C3 - C6)"
2015/16,E4301,E08000011,Knowsley,MD,Library service,1543,1543000.0,RO5_2015-16_data_by_LA_-_Revision.xlsx,RO5 LA Data 2015-16,"row 302, column 89","Net Current Expenditure
 (C7 = C3 - C6)"
2015/16,E4302,E08000012,Liverpool,MD,Archives,329,329000.0,RO5_2015-16_data_by_LA_-_Revision.xlsx,RO5 LA Data 2015-16,"row 303, column 12","Net Current Expenditure
 (C7 = C3 - C6)"
2015/16,E4302,E08000012,Liverpool,MD,Arts development and support,4105,4105000.0,RO5_2015-16_data_by_LA_-_Revision.xlsx,RO5 LA Data 2015-16,"row 303, column 19","Net Current Expenditure
 (C7 = C3 - C6)"
2015/16,E4302,E08000012,Liverpool,MD,Heritage,1340,1340000.0,RO5_2015-16_data_by_LA_-_Revision.xlsx,RO5 LA Data 2015-16,"row 303, column 26","Net Current Expenditure
 (C7 = C3 - C6)"
2015/16,E4302,E08000012,Liverpool,MD,Museums and galleries,0,0.0,RO5_2015-16_data_by_LA_-_Revision.xlsx,RO5 LA Data 2015-16,"row 303, column 33","Net Current Expenditure
 (C7 = C3 - C6)"
2015/16,E4302,E08000012,Liverpool,MD,Theatres and public entertainment,2352,2352000.0,RO5_2015-16_data_by_LA_-_Revision.xlsx,RO5 LA Data 2015-16,"row 303, column 40","Net Current Expenditure
 (C7 = C3 - C6)"
2015/16,E4302,E08000012,Liverpool,MD,Library service,12294,12294000.0,RO5_2015-16_data_by_LA_-_Revision.xlsx,RO5 LA Data 2015-16,"row 303, column 89","Net Current Expenditure
 (C7 = C3 - C6)"
2015/16,E4303,E08000013,St Helens,MD,Archives,154,154000.0,RO5_2015-16_data_by_LA_-_Revision.xlsx,RO5 LA Data 2015-16,"row 304, column 12","Net Current Expenditure
 (C7 = C3 - C6)"
2015/16,E4303,E08000013,St Helens,MD,Arts development and support,138,138000.0,RO5_2015-16_data_by_LA_-_Revision.xlsx,RO5 LA Data 2015-16,"row 304, column 19","Net Current Expenditure
 (C7 = C3 - C6)"
2015/16,E4303,E08000013,St Helens,MD,Heritage,305,305000.0,RO5_2015-16_data_by_LA_-_Revision.xlsx,RO5 LA Data 2015-16,"row 304, column 26","Net Current Expenditure
 (C7 = C3 - C6)"
2015/16,E4303,E08000013,St Helens,MD,Museums and galleries,-188,-188000.0,RO5_2015-16_data_by_LA_-_Revision.xlsx,RO5 LA Data 2015-16,"row 304, column 33","Net Current Expenditure
 (C7 = C3 - C6)"
2015/16,E4303,E08000013,St Helens,MD,Theatres and public entertainment,-2593,-2593000.0,RO5_2015-16_data_by_LA_-_Revision.xlsx,RO5 LA Data 2015-16,"row 304, column 40","Net Current Expenditure
 (C7 = C3 - C6)"
2015/16,E4303,E08000013,St Helens,MD,Library service,2729,2729000.0,RO5_2015-16_data_by_LA_-_Revision.xlsx,RO5 LA Data 2015-16,"row 304, column 89","Net Current Expenditure
 (C7 = C3 - C6)"
2015/16,E4304,E08000014,Sefton,MD,Archives,0,0.0,RO5_2015-16_data_by_LA_-_Revision.xlsx,RO5 LA Data 2015-16,"row 305, column 12","Net Current Expenditure
 (C7 = C3 - C6)"
2015/16,E4304,E08000014,Sefton,MD,Arts development and support,0,0.0,RO5_2015-16_data_by_LA_-_Revision.xlsx,RO5 LA Data 2015-16,"row 305, column 19","Net Current Expenditure
 (C7 = C3 - C6)"
2015/16,E4304,E08000014,Sefton,MD,Heritage,1844,1844000.0,RO5_2015-16_data_by_LA_-_Revision.xlsx,RO5 LA Data 2015-16,"row 305, column 26","Net Current Expenditure
 (C7 = C3 - C6)"
2015/16,E4304,E08000014,Sefton,MD,Museums and galleries,0,0.0,RO5_2015-16_data_by_LA_-_Revision.xlsx,RO5 LA Data 2015-16,"row 305, column 33","Net Current Expenditure
 (C7 = C3 - C6)"
2015/16,E4304,E08000014,Sefton,MD,Theatres and public entertainment,213,213000.0,RO5_2015-16_data_by_LA_-_Revision.xlsx,RO5 LA Data 2015-16,"row 305, column 40","Net Current Expenditure
 (C7 = C3 - C6)"
2015/16,E4304,E08000014,Sefton,MD,Library service,1947,1947000.0,RO5_2015-16_data_by_LA_-_Revision.xlsx,RO5 LA Data 2015-16,"row 305, column 89","Net Current Expenditure
 (C7 = C3 - C6)"
2015/16,E4305,E08000015,Wirral,MD,Archives,523,523000.0,RO5_2015-16_data_by_LA_-_Revision.xlsx,RO5 LA Data 2015-16,"row 306, column 12","Net Current Expenditure
 (C7 = C3 - C6)"
2015/16,E4305,E08000015,Wirral,MD,Arts development and support,0,0.0,RO5_2015-16_data_by_LA_-_Revision.xlsx,RO5 LA Data 2015-16,"row 306, column 19","Net Current Expenditure
 (C7 = C3 - C6)"
2015/16,E4305,E08000015,Wirral,MD,Heritage,4,4000.0,RO5_2015-16_data_by_LA_-_Revision.xlsx,RO5 LA Data 2015-16,"row 306, column 26","Net Current Expenditure
 (C7 = C3 - C6)"
2015/16,E4305,E08000015,Wirral,MD,Museums and galleries,593,593000.0,RO5_2015-16_data_by_LA_-_Revision.xlsx,RO5 LA Data 2015-16,"row 306, column 33","Net Current Expenditure
 (C7 = C3 - C6)"
2015/16,E4305,E08000015,Wirral,MD,Theatres and public entertainment,1057,1057000.0,RO5_2015-16_data_by_LA_-_Revision.xlsx,RO5 LA Data 2015-16,"row 306, column 40","Net Current Expenditure
 (C7 = C3 - C6)"
2015/16,E4305,E08000015,Wirral,MD,Library service,4028,4028000.0,RO5_2015-16_data_by_LA_-_Revision.xlsx,RO5 LA Data 2015-16,"row 306, column 89","Net Current Expenditure
 (C7 = C3 - C6)"
2015/16,E4401,E08000016,Barnsley,MD,Archives,215,215000.0,RO5_2015-16_data_by_LA_-_Revision.xlsx,RO5 LA Data 2015-16,"row 307, column 12","Net Current Expenditure
 (C7 = C3 - C6)"
2015/16,E4401,E08000016,Barnsley,MD,Arts development and support,109,109000.0,RO5_2015-16_data_by_LA_-_Revision.xlsx,RO5 LA Data 2015-16,"row 307, column 19","Net Current Expenditure
 (C7 = C3 - C6)"
2015/16,E4401,E08000016,Barnsley,MD,Heritage,810,810000.0,RO5_2015-16_data_by_LA_-_Revision.xlsx,RO5 LA Data 2015-16,"row 307, column 26","Net Current Expenditure
 (C7 = C3 - C6)"
2015/16,E4401,E08000016,Barnsley,MD,Museums and galleries,1406,1406000.0,RO5_2015-16_data_by_LA_-_Revision.xlsx,RO5 LA Data 2015-16,"row 307, column 33","Net Current Expenditure
 (C7 = C3 - C6)"
2015/16,E4401,E08000016,Barnsley,MD,Theatres and public entertainment,463,463000.0,RO5_2015-16_data_by_LA_-_Revision.xlsx,RO5 LA Data 2015-16,"row 307, column 40","Net Current Expenditure
 (C7 = C3 - C6)"
2015/16,E4401,E08000016,Barnsley,MD,Library service,1382,1382000.0,RO5_2015-16_data_by_LA_-_Revision.xlsx,RO5 LA Data 2015-16,"row 307, column 89","Net Current Expenditure
 (C7 = C3 - C6)"
2015/16,E4402,E08000017,Doncaster,MD,Archives,94,94000.0,RO5_2015-16_data_by_LA_-_Revision.xlsx,RO5 LA Data 2015-16,"row 308, column 12","Net Current Expenditure
 (C7 = C3 - C6)"
2015/16,E4402,E08000017,Doncaster,MD,Arts development and support,112,112000.0,RO5_2015-16_data_by_LA_-_Revision.xlsx,RO5 LA Data 2015-16,"row 308, column 19","Net Current Expenditure
 (C7 = C3 - C6)"
2015/16,E4402,E08000017,Doncaster,MD,Heritage,0,0.0,RO5_2015-16_data_by_LA_-_Revision.xlsx,RO5 LA Data 2015-16,"row 308, column 26","Net Current Expenditure
 (C7 = C3 - C6)"
2015/16,E4402,E08000017,Doncaster,MD,Museums and galleries,1244,1244000.0,RO5_2015-16_data_by_LA_-_Revision.xlsx,RO5 LA Data 2015-16,"row 308, column 33","Net Current Expenditure
 (C7 = C3 - C6)"
2015/16,E4402,E08000017,Doncaster,MD,Theatres and public entertainment,368,368000.0,RO5_2015-16_data_by_LA_-_Revision.xlsx,RO5 LA Data 2015-16,"row 308, column 40","Net Current Expenditure
 (C7 = C3 - C6)"
2015/16,E4402,E08000017,Doncaster,MD,Library service,2863,2863000.0,RO5_2015-16_data_by_LA_-_Revision.xlsx,RO5 LA Data 2015-16,"row 308, column 89","Net Current Expenditure
 (C7 = C3 - C6)"
2015/16,E4403,E08000018,Rotherham,MD,Archives,100,100000.0,RO5_2015-16_data_by_LA_-_Revision.xlsx,RO5 LA Data 2015-16,"row 309, column 12","Net Current Expenditure
 (C7 = C3 - C6)"
2015/16,E4403,E08000018,Rotherham,MD,Arts development and support,5,5000.0,RO5_2015-16_data_by_LA_-_Revision.xlsx,RO5 LA Data 2015-16,"row 309, column 19","Net Current Expenditure
 (C7 = C3 - C6)"
2015/16,E4403,E08000018,Rotherham,MD,Heritage,0,0.0,RO5_2015-16_data_by_LA_-_Revision.xlsx,RO5 LA Data 2015-16,"row 309, column 26","Net Current Expenditure
 (C7 = C3 - C6)"
2015/16,E4403,E08000018,Rotherham,MD,Museums and galleries,678,678000.0,RO5_2015-16_data_by_LA_-_Revision.xlsx,RO5 LA Data 2015-16,"row 309, column 33","Net Current Expenditure
 (C7 = C3 - C6)"
2015/16,E4403,E08000018,Rotherham,MD,Theatres and public entertainment,210,210000.0,RO5_2015-16_data_by_LA_-_Revision.xlsx,RO5 LA Data 2015-16,"row 309, column 40","Net Current Expenditure
 (C7 = C3 - C6)"
2015/16,E4403,E08000018,Rotherham,MD,Library service,2998,2998000.0,RO5_2015-16_data_by_LA_-_Revision.xlsx,RO5 LA Data 2015-16,"row 309, column 89","Net Current Expenditure
 (C7 = C3 - C6)"
2015/16,E4404,E08000019,Sheffield,MD,Archives,219.47664386943381,219476.6438694338,RO5_2015-16_data_by_LA_-_Revision.xlsx,RO5 LA Data 2015-16,"row 310, column 12","Net Current Expenditure
 (C7 = C3 - C6)"
2015/16,E4404,E08000019,Sheffield,MD,Arts development and support,569.4454561782488,569445.4561782489,RO5_2015-16_data_by_LA_-_Revision.xlsx,RO5 LA Data 2015-16,"row 310, column 19","Net Current Expenditure
 (C7 = C3 - C6)"
2015/16,E4404,E08000019,Sheffield,MD,Heritage,0,0.0,RO5_2015-16_data_by_LA_-_Revision.xlsx,RO5 LA Data 2015-16,"row 310, column 26","Net Current Expenditure
 (C7 = C3 - C6)"
2015/16,E4404,E08000019,Sheffield,MD,Museums and galleries,2487.4555641399274,2487455.5641399273,RO5_2015-16_data_by_LA_-_Revision.xlsx,RO5 LA Data 2015-16,"row 310, column 33","Net Current Expenditure
 (C7 = C3 - C6)"
2015/16,E4404,E08000019,Sheffield,MD,Theatres and public entertainment,961.7849595038031,961784.959503803,RO5_2015-16_data_by_LA_-_Revision.xlsx,RO5 LA Data 2015-16,"row 310, column 40","Net Current Expenditure
 (C7 = C3 - C6)"
2015/16,E4404,E08000019,Sheffield,MD,Library service,4060.345335587695,4060345.335587695,RO5_2015-16_data_by_LA_-_Revision.xlsx,RO5 LA Data 2015-16,"row 310, column 89","Net Current Expenditure
 (C7 = C3 - C6)"
2015/16,E4501,E08000037,Gateshead,MD,Archives,0,0.0,RO5_2015-16_data_by_LA_-_Revision.xlsx,RO5 LA Data 2015-16,"row 311, column 12","Net Current Expenditure
 (C7 = C3 - C6)"
2015/16,E4501,E08000037,Gateshead,MD,Arts development and support,319,319000.0,RO5_2015-16_data_by_LA_-_Revision.xlsx,RO5 LA Data 2015-16,"row 311, column 19","Net Current Expenditure
 (C7 = C3 - C6)"
2015/16,E4501,E08000037,Gateshead,MD,Heritage,122,122000.0,RO5_2015-16_data_by_LA_-_Revision.xlsx,RO5 LA Data 2015-16,"row 311, column 26","Net Current Expenditure
 (C7 = C3 - C6)"
2015/16,E4501,E08000037,Gateshead,MD,Museums and galleries,511,511000.0,RO5_2015-16_data_by_LA_-_Revision.xlsx,RO5 LA Data 2015-16,"row 311, column 33","Net Current Expenditure
 (C7 = C3 - C6)"
2015/16,E4501,E08000037,Gateshead,MD,Theatres and public entertainment,388,388000.0,RO5_2015-16_data_by_LA_-_Revision.xlsx,RO5 LA Data 2015-16,"row 311, column 40","Net Current Expenditure
 (C7 = C3 - C6)"
2015/16,E4501,E08000037,Gateshead,MD,Library service,2747,2747000.0,RO5_2015-16_data_by_LA_-_Revision.xlsx,RO5 LA Data 2015-16,"row 311, column 89","Net Current Expenditure
 (C7 = C3 - C6)"
2015/16,E4502,E08000021,Newcastle upon Tyne,MD,Archives,1013,1013000.0,RO5_2015-16_data_by_LA_-_Revision.xlsx,RO5 LA Data 2015-16,"row 312, column 12","Net Current Expenditure
 (C7 = C3 - C6)"
2015/16,E4502,E08000021,Newcastle upon Tyne,MD,Arts development and support,906,906000.0,RO5_2015-16_data_by_LA_-_Revision.xlsx,RO5 LA Data 2015-16,"row 312, column 19","Net Current Expenditure
 (C7 = C3 - C6)"
2015/16,E4502,E08000021,Newcastle upon Tyne,MD,Heritage,7,7000.0,RO5_2015-16_data_by_LA_-_Revision.xlsx,RO5 LA Data 2015-16,"row 312, column 26","Net Current Expenditure
 (C7 = C3 - C6)"
2015/16,E4502,E08000021,Newcastle upon Tyne,MD,Museums and galleries,1457,1457000.0,RO5_2015-16_data_by_LA_-_Revision.xlsx,RO5 LA Data 2015-16,"row 312, column 33","Net Current Expenditure
 (C7 = C3 - C6)"
2015/16,E4502,E08000021,Newcastle upon Tyne,MD,Theatres and public entertainment,286,286000.0,RO5_2015-16_data_by_LA_-_Revision.xlsx,RO5 LA Data 2015-16,"row 312, column 40","Net Current Expenditure
 (C7 = C3 - C6)"
2015/16,E4502,E08000021,Newcastle upon Tyne,MD,Library service,8334,8334000.0,RO5_2015-16_data_by_LA_-_Revision.xlsx,RO5 LA Data 2015-16,"row 312, column 89","Net Current Expenditure
 (C7 = C3 - C6)"
2015/16,E4503,E08000022,North Tyneside,MD,Archives,31,31000.0,RO5_2015-16_data_by_LA_-_Revision.xlsx,RO5 LA Data 2015-16,"row 313, column 12","Net Current Expenditure
 (C7 = C3 - C6)"
2015/16,E4503,E08000022,North Tyneside,MD,Arts development and support,81,81000.0,RO5_2015-16_data_by_LA_-_Revision.xlsx,RO5 LA Data 2015-16,"row 313, column 19","Net Current Expenditure
 (C7 = C3 - C6)"
2015/16,E4503,E08000022,North Tyneside,MD,Heritage,127,127000.0,RO5_2015-16_data_by_LA_-_Revision.xlsx,RO5 LA Data 2015-16,"row 313, column 26","Net Current Expenditure
 (C7 = C3 - C6)"
2015/16,E4503,E08000022,North Tyneside,MD,Museums and galleries,640,640000.0,RO5_2015-16_data_by_LA_-_Revision.xlsx,RO5 LA Data 2015-16,"row 313, column 33","Net Current Expenditure
 (C7 = C3 - C6)"
2015/16,E4503,E08000022,North Tyneside,MD,Theatres and public entertainment,288,288000.0,RO5_2015-16_data_by_LA_-_Revision.xlsx,RO5 LA Data 2015-16,"row 313, column 40","Net Current Expenditure
 (C7 = C3 - C6)"
2015/16,E4503,E08000022,North Tyneside,MD,Library service,4216,4216000.0,RO5_2015-16_data_by_LA_-_Revision.xlsx,RO5 LA Data 2015-16,"row 313, column 89","Net Current Expenditure
 (C7 = C3 - C6)"
2015/16,E4504,E08000023,South Tyneside,MD,Archives,125,125000.0,RO5_2015-16_data_by_LA_-_Revision.xlsx,RO5 LA Data 2015-16,"row 314, column 12","Net Current Expenditure
 (C7 = C3 - C6)"
2015/16,E4504,E08000023,South Tyneside,MD,Arts development and support,488,488000.0,RO5_2015-16_data_by_LA_-_Revision.xlsx,RO5 LA Data 2015-16,"row 314, column 19","Net Current Expenditure
 (C7 = C3 - C6)"
2015/16,E4504,E08000023,South Tyneside,MD,Heritage,51,51000.0,RO5_2015-16_data_by_LA_-_Revision.xlsx,RO5 LA Data 2015-16,"row 314, column 26","Net Current Expenditure
 (C7 = C3 - C6)"
2015/16,E4504,E08000023,South Tyneside,MD,Museums and galleries,595,595000.0,RO5_2015-16_data_by_LA_-_Revision.xlsx,RO5 LA Data 2015-16,"row 314, column 33","Net Current Expenditure
 (C7 = C3 - C6)"
2015/16,E4504,E08000023,South Tyneside,MD,Theatres and public entertainment,406,406000.0,RO5_2015-16_data_by_LA_-_Revision.xlsx,RO5 LA Data 2015-16,"row 314, column 40","Net Current Expenditure
 (C7 = C3 - C6)"
2015/16,E4504,E08000023,South Tyneside,MD,Library service,2466,2466000.0,RO5_2015-16_data_by_LA_-_Revision.xlsx,RO5 LA Data 2015-16,"row 314, column 89","Net Current Expenditure
 (C7 = C3 - C6)"
2015/16,E4505,E08000024,Sunderland,MD,Archives,102,102000.0,RO5_2015-16_data_by_LA_-_Revision.xlsx,RO5 LA Data 2015-16,"row 315, column 12","Net Current Expenditure
 (C7 = C3 - C6)"
2015/16,E4505,E08000024,Sunderland,MD,Arts development and support,0,0.0,RO5_2015-16_data_by_LA_-_Revision.xlsx,RO5 LA Data 2015-16,"row 315, column 19","Net Current Expenditure
 (C7 = C3 - C6)"
2015/16,E4505,E08000024,Sunderland,MD,Heritage,328,328000.0,RO5_2015-16_data_by_LA_-_Revision.xlsx,RO5 LA Data 2015-16,"row 315, column 26","Net Current Expenditure
 (C7 = C3 - C6)"
2015/16,E4505,E08000024,Sunderland,MD,Museums and galleries,1406,1406000.0,RO5_2015-16_data_by_LA_-_Revision.xlsx,RO5 LA Data 2015-16,"row 315, column 33","Net Current Expenditure
 (C7 = C3 - C6)"
2015/16,E4505,E08000024,Sunderland,MD,Theatres and public entertainment,2411,2411000.0,RO5_2015-16_data_by_LA_-_Revision.xlsx,RO5 LA Data 2015-16,"row 315, column 40","Net Current Expenditure
 (C7 = C3 - C6)"
2015/16,E4505,E08000024,Sunderland,MD,Library service,3863,3863000.0,RO5_2015-16_data_by_LA_-_Revision.xlsx,RO5 LA Data 2015-16,"row 315, column 89","Net Current Expenditure
 (C7 = C3 - C6)"
2015/16,E4601,E08000025,Birmingham,MD,Archives,0,0.0,RO5_2015-16_data_by_LA_-_Revision.xlsx,RO5 LA Data 2015-16,"row 316, column 12","Net Current Expenditure
 (C7 = C3 - C6)"
2015/16,E4601,E08000025,Birmingham,MD,Arts development and support,7577,7577000.0,RO5_2015-16_data_by_LA_-_Revision.xlsx,RO5 LA Data 2015-16,"row 316, column 19","Net Current Expenditure
 (C7 = C3 - C6)"
2015/16,E4601,E08000025,Birmingham,MD,Heritage,0,0.0,RO5_2015-16_data_by_LA_-_Revision.xlsx,RO5 LA Data 2015-16,"row 316, column 26","Net Current Expenditure
 (C7 = C3 - C6)"
2015/16,E4601,E08000025,Birmingham,MD,Museums and galleries,5279,5279000.0,RO5_2015-16_data_by_LA_-_Revision.xlsx,RO5 LA Data 2015-16,"row 316, column 33","Net Current Expenditure
 (C7 = C3 - C6)"
2015/16,E4601,E08000025,Birmingham,MD,Theatres and public entertainment,92,92000.0,RO5_2015-16_data_by_LA_-_Revision.xlsx,RO5 LA Data 2015-16,"row 316, column 40","Net Current Expenditure
 (C7 = C3 - C6)"
2015/16,E4601,E08000025,Birmingham,MD,Library service,14971,14971000.0,RO5_2015-16_data_by_LA_-_Revision.xlsx,RO5 LA Data 2015-16,"row 316, column 89","Net Current Expenditure
 (C7 = C3 - C6)"
2015/16,E4602,E08000026,Coventry,MD,Archives,0,0.0,RO5_2015-16_data_by_LA_-_Revision.xlsx,RO5 LA Data 2015-16,"row 317, column 12","Net Current Expenditure
 (C7 = C3 - C6)"
2015/16,E4602,E08000026,Coventry,MD,Arts development and support,235,235000.0,RO5_2015-16_data_by_LA_-_Revision.xlsx,RO5 LA Data 2015-16,"row 317, column 19","Net Current Expenditure
 (C7 = C3 - C6)"
2015/16,E4602,E08000026,Coventry,MD,Heritage,0,0.0,RO5_2015-16_data_by_LA_-_Revision.xlsx,RO5 LA Data 2015-16,"row 317, column 26","Net Current Expenditure
 (C7 = C3 - C6)"
2015/16,E4602,E08000026,Coventry,MD,Museums and galleries,2549,2549000.0,RO5_2015-16_data_by_LA_-_Revision.xlsx,RO5 LA Data 2015-16,"row 317, column 33","Net Current Expenditure
 (C7 = C3 - C6)"
2015/16,E4602,E08000026,Coventry,MD,Theatres and public entertainment,923,923000.0,RO5_2015-16_data_by_LA_-_Revision.xlsx,RO5 LA Data 2015-16,"row 317, column 40","Net Current Expenditure
 (C7 = C3 - C6)"
2015/16,E4602,E08000026,Coventry,MD,Library service,4056,4056000.0,RO5_2015-16_data_by_LA_-_Revision.xlsx,RO5 LA Data 2015-16,"row 317, column 89","Net Current Expenditure
 (C7 = C3 - C6)"
2015/16,E4603,E08000027,Dudley,MD,Archives,380,380000.0,RO5_2015-16_data_by_LA_-_Revision.xlsx,RO5 LA Data 2015-16,"row 318, column 12","Net Current Expenditure
 (C7 = C3 - C6)"
2015/16,E4603,E08000027,Dudley,MD,Arts development and support,0,0.0,RO5_2015-16_data_by_LA_-_Revision.xlsx,RO5 LA Data 2015-16,"row 318, column 19","Net Current Expenditure
 (C7 = C3 - C6)"
2015/16,E4603,E08000027,Dudley,MD,Heritage,599,599000.0,RO5_2015-16_data_by_LA_-_Revision.xlsx,RO5 LA Data 2015-16,"row 318, column 26","Net Current Expenditure
 (C7 = C3 - C6)"
2015/16,E4603,E08000027,Dudley,MD,Museums and galleries,997,997000.0,RO5_2015-16_data_by_LA_-_Revision.xlsx,RO5 LA Data 2015-16,"row 318, column 33","Net Current Expenditure
 (C7 = C3 - C6)"
2015/16,E4603,E08000027,Dudley,MD,Theatres and public entertainment,1095,1095000.0,RO5_2015-16_data_by_LA_-_Revision.xlsx,RO5 LA Data 2015-16,"row 318, column 40","Net Current Expenditure
 (C7 = C3 - C6)"
2015/16,E4603,E08000027,Dudley,MD,Library service,4968,4968000.0,RO5_2015-16_data_by_LA_-_Revision.xlsx,RO5 LA Data 2015-16,"row 318, column 89","Net Current Expenditure
 (C7 = C3 - C6)"
2015/16,E4604,E08000028,Sandwell,MD,Archives,114,114000.0,RO5_2015-16_data_by_LA_-_Revision.xlsx,RO5 LA Data 2015-16,"row 319, column 12","Net Current Expenditure
 (C7 = C3 - C6)"
2015/16,E4604,E08000028,Sandwell,MD,Arts development and support,437,437000.0,RO5_2015-16_data_by_LA_-_Revision.xlsx,RO5 LA Data 2015-16,"row 319, column 19","Net Current Expenditure
 (C7 = C3 - C6)"
2015/16,E4604,E08000028,Sandwell,MD,Heritage,0,0.0,RO5_2015-16_data_by_LA_-_Revision.xlsx,RO5 LA Data 2015-16,"row 319, column 26","Net Current Expenditure
 (C7 = C3 - C6)"
2015/16,E4604,E08000028,Sandwell,MD,Museums and galleries,854,854000.0,RO5_2015-16_data_by_LA_-_Revision.xlsx,RO5 LA Data 2015-16,"row 319, column 33","Net Current Expenditure
 (C7 = C3 - C6)"
2015/16,E4604,E08000028,Sandwell,MD,Theatres and public entertainment,198,198000.0,RO5_2015-16_data_by_LA_-_Revision.xlsx,RO5 LA Data 2015-16,"row 319, column 40","Net Current Expenditure
 (C7 = C3 - C6)"
2015/16,E4604,E08000028,Sandwell,MD,Library service,4237,4237000.0,RO5_2015-16_data_by_LA_-_Revision.xlsx,RO5 LA Data 2015-16,"row 319, column 89","Net Current Expenditure
 (C7 = C3 - C6)"
2015/16,E4605,E08000029,Solihull,MD,Archives,0,0.0,RO5_2015-16_data_by_LA_-_Revision.xlsx,RO5 LA Data 2015-16,"row 320, column 12","Net Current Expenditure
 (C7 = C3 - C6)"
2015/16,E4605,E08000029,Solihull,MD,Arts development and support,0,0.0,RO5_2015-16_data_by_LA_-_Revision.xlsx,RO5 LA Data 2015-16,"row 320, column 19","Net Current Expenditure
 (C7 = C3 - C6)"
2015/16,E4605,E08000029,Solihull,MD,Heritage,0,0.0,RO5_2015-16_data_by_LA_-_Revision.xlsx,RO5 LA Data 2015-16,"row 320, column 26","Net Current Expenditure
 (C7 = C3 - C6)"
2015/16,E4605,E08000029,Solihull,MD,Museums and galleries,0,0.0,RO5_2015-16_data_by_LA_-_Revision.xlsx,RO5 LA Data 2015-16,"row 320, column 33","Net Current Expenditure
 (C7 = C3 - C6)"
2015/16,E4605,E08000029,Solihull,MD,Theatres and public entertainment,256,256000.0,RO5_2015-16_data_by_LA_-_Revision.xlsx,RO5 LA Data 2015-16,"row 320, column 40","Net Current Expenditure
 (C7 = C3 - C6)"
2015/16,E4605,E08000029,Solihull,MD,Library service,3637,3637000.0,RO5_2015-16_data_by_LA_-_Revision.xlsx,RO5 LA Data 2015-16,"row 320, column 89","Net Current Expenditure
 (C7 = C3 - C6)"
2015/16,E4606,E08000030,Walsall,MD,Archives,241,241000.0,RO5_2015-16_data_by_LA_-_Revision.xlsx,RO5 LA Data 2015-16,"row 321, column 12","Net Current Expenditure
 (C7 = C3 - C6)"
2015/16,E4606,E08000030,Walsall,MD,Arts development and support,163,163000.0,RO5_2015-16_data_by_LA_-_Revision.xlsx,RO5 LA Data 2015-16,"row 321, column 19","Net Current Expenditure
 (C7 = C3 - C6)"
2015/16,E4606,E08000030,Walsall,MD,Heritage,296,296000.0,RO5_2015-16_data_by_LA_-_Revision.xlsx,RO5 LA Data 2015-16,"row 321, column 26","Net Current Expenditure
 (C7 = C3 - C6)"
2015/16,E4606,E08000030,Walsall,MD,Museums and galleries,2046,2046000.0,RO5_2015-16_data_by_LA_-_Revision.xlsx,RO5 LA Data 2015-16,"row 321, column 33","Net Current Expenditure
 (C7 = C3 - C6)"
2015/16,E4606,E08000030,Walsall,MD,Theatres and public entertainment,0,0.0,RO5_2015-16_data_by_LA_-_Revision.xlsx,RO5 LA Data 2015-16,"row 321, column 40","Net Current Expenditure
 (C7 = C3 - C6)"
2015/16,E4606,E08000030,Walsall,MD,Library service,4854,4854000.0,RO5_2015-16_data_by_LA_-_Revision.xlsx,RO5 LA Data 2015-16,"row 321, column 89","Net Current Expenditure
 (C7 = C3 - C6)"
2015/16,E4607,E08000031,Wolverhampton,MD,Archives,228,228000.0,RO5_2015-16_data_by_LA_-_Revision.xlsx,RO5 LA Data 2015-16,"row 322, column 12","Net Current Expenditure
 (C7 = C3 - C6)"
2015/16,E4607,E08000031,Wolverhampton,MD,Arts development and support,718,718000.0,RO5_2015-16_data_by_LA_-_Revision.xlsx,RO5 LA Data 2015-16,"row 322, column 19","Net Current Expenditure
 (C7 = C3 - C6)"
2015/16,E4607,E08000031,Wolverhampton,MD,Heritage,0,0.0,RO5_2015-16_data_by_LA_-_Revision.xlsx,RO5 LA Data 2015-16,"row 322, column 26","Net Current Expenditure
 (C7 = C3 - C6)"
2015/16,E4607,E08000031,Wolverhampton,MD,Museums and galleries,1141,1141000.0,RO5_2015-16_data_by_LA_-_Revision.xlsx,RO5 LA Data 2015-16,"row 322, column 33","Net Current Expenditure
 (C7 = C3 - C6)"
2015/16,E4607,E08000031,Wolverhampton,MD,Theatres and public entertainment,1395,1395000.0,RO5_2015-16_data_by_LA_-_Revision.xlsx,RO5 LA Data 2015-16,"row 322, column 40","Net Current Expenditure
 (C7 = C3 - C6)"
2015/16,E4607,E08000031,Wolverhampton,MD,Library service,2156,2156000.0,RO5_2015-16_data_by_LA_-_Revision.xlsx,RO5 LA Data 2015-16,"row 322, column 89","Net Current Expenditure
 (C7 = C3 - C6)"
2015/16,E4701,E08000032,Bradford,MD,Archives,382,382000.0,RO5_2015-16_data_by_LA_-_Revision.xlsx,RO5 LA Data 2015-16,"row 323, column 12","Net Current Expenditure
 (C7 = C3 - C6)"
2015/16,E4701,E08000032,Bradford,MD,Arts development and support,1296,1296000.0,RO5_2015-16_data_by_LA_-_Revision.xlsx,RO5 LA Data 2015-16,"row 323, column 19","Net Current Expenditure
 (C7 = C3 - C6)"
2015/16,E4701,E08000032,Bradford,MD,Heritage,1,1000.0,RO5_2015-16_data_by_LA_-_Revision.xlsx,RO5 LA Data 2015-16,"row 323, column 26","Net Current Expenditure
 (C7 = C3 - C6)"
2015/16,E4701,E08000032,Bradford,MD,Museums and galleries,2852,2852000.0,RO5_2015-16_data_by_LA_-_Revision.xlsx,RO5 LA Data 2015-16,"row 323, column 33","Net Current Expenditure
 (C7 = C3 - C6)"
2015/16,E4701,E08000032,Bradford,MD,Theatres and public entertainment,2576,2576000.0,RO5_2015-16_data_by_LA_-_Revision.xlsx,RO5 LA Data 2015-16,"row 323, column 40","Net Current Expenditure
 (C7 = C3 - C6)"
2015/16,E4701,E08000032,Bradford,MD,Library service,4566,4566000.0,RO5_2015-16_data_by_LA_-_Revision.xlsx,RO5 LA Data 2015-16,"row 323, column 89","Net Current Expenditure
 (C7 = C3 - C6)"
2015/16,E4702,E08000033,Calderdale,MD,Archives,114,114000.0,RO5_2015-16_data_by_LA_-_Revision.xlsx,RO5 LA Data 2015-16,"row 324, column 12","Net Current Expenditure
 (C7 = C3 - C6)"
2015/16,E4702,E08000033,Calderdale,MD,Arts development and support,51,51000.0,RO5_2015-16_data_by_LA_-_Revision.xlsx,RO5 LA Data 2015-16,"row 324, column 19","Net Current Expenditure
 (C7 = C3 - C6)"
2015/16,E4702,E08000033,Calderdale,MD,Heritage,3,3000.0,RO5_2015-16_data_by_LA_-_Revision.xlsx,RO5 LA Data 2015-16,"row 324, column 26","Net Current Expenditure
 (C7 = C3 - C6)"
2015/16,E4702,E08000033,Calderdale,MD,Museums and galleries,699,699000.0,RO5_2015-16_data_by_LA_-_Revision.xlsx,RO5 LA Data 2015-16,"row 324, column 33","Net Current Expenditure
 (C7 = C3 - C6)"
2015/16,E4702,E08000033,Calderdale,MD,Theatres and public entertainment,452,452000.0,RO5_2015-16_data_by_LA_-_Revision.xlsx,RO5 LA Data 2015-16,"row 324, column 40","Net Current Expenditure
 (C7 = C3 - C6)"
2015/16,E4702,E08000033,Calderdale,MD,Library service,2625,2625000.0,RO5_2015-16_data_by_LA_-_Revision.xlsx,RO5 LA Data 2015-16,"row 324, column 89","Net Current Expenditure
 (C7 = C3 - C6)"
2015/16,E4703,E08000034,Kirklees,MD,Archives,293,293000.0,RO5_2015-16_data_by_LA_-_Revision.xlsx,RO5 LA Data 2015-16,"row 325, column 12","Net Current Expenditure
 (C7 = C3 - C6)"
2015/16,E4703,E08000034,Kirklees,MD,Arts development and support,676,676000.0,RO5_2015-16_data_by_LA_-_Revision.xlsx,RO5 LA Data 2015-16,"row 325, column 19","Net Current Expenditure
 (C7 = C3 - C6)"
2015/16,E4703,E08000034,Kirklees,MD,Heritage,64,64000.0,RO5_2015-16_data_by_LA_-_Revision.xlsx,RO5 LA Data 2015-16,"row 325, column 26","Net Current Expenditure
 (C7 = C3 - C6)"
2015/16,E4703,E08000034,Kirklees,MD,Museums and galleries,1562,1562000.0,RO5_2015-16_data_by_LA_-_Revision.xlsx,RO5 LA Data 2015-16,"row 325, column 33","Net Current Expenditure
 (C7 = C3 - C6)"
2015/16,E4703,E08000034,Kirklees,MD,Theatres and public entertainment,1561,1561000.0,RO5_2015-16_data_by_LA_-_Revision.xlsx,RO5 LA Data 2015-16,"row 325, column 40","Net Current Expenditure
 (C7 = C3 - C6)"
2015/16,E4703,E08000034,Kirklees,MD,Library service,9193,9193000.0,RO5_2015-16_data_by_LA_-_Revision.xlsx,RO5 LA Data 2015-16,"row 325, column 89","Net Current Expenditure
 (C7 = C3 - C6)"
2015/16,E4704,E08000035,Leeds,MD,Archives,594,594000.0,RO5_2015-16_data_by_LA_-_Revision.xlsx,RO5 LA Data 2015-16,"row 326, column 12","Net Current Expenditure
 (C7 = C3 - C6)"
2015/16,E4704,E08000035,Leeds,MD,Arts development and support,4734,4734000.0,RO5_2015-16_data_by_LA_-_Revision.xlsx,RO5 LA Data 2015-16,"row 326, column 19","Net Current Expenditure
 (C7 = C3 - C6)"
2015/16,E4704,E08000035,Leeds,MD,Heritage,0,0.0,RO5_2015-16_data_by_LA_-_Revision.xlsx,RO5 LA Data 2015-16,"row 326, column 26","Net Current Expenditure
 (C7 = C3 - C6)"
2015/16,E4704,E08000035,Leeds,MD,Museums and galleries,6734,6734000.0,RO5_2015-16_data_by_LA_-_Revision.xlsx,RO5 LA Data 2015-16,"row 326, column 33","Net Current Expenditure
 (C7 = C3 - C6)"
2015/16,E4704,E08000035,Leeds,MD,Theatres and public entertainment,1027,1027000.0,RO5_2015-16_data_by_LA_-_Revision.xlsx,RO5 LA Data 2015-16,"row 326, column 40","Net Current Expenditure
 (C7 = C3 - C6)"
2015/16,E4704,E08000035,Leeds,MD,Library service,6301,6301000.0,RO5_2015-16_data_by_LA_-_Revision.xlsx,RO5 LA Data 2015-16,"row 326, column 89","Net Current Expenditure
 (C7 = C3 - C6)"
2015/16,E4705,E08000036,Wakefield,MD,Archives,251,251000.0,RO5_2015-16_data_by_LA_-_Revision.xlsx,RO5 LA Data 2015-16,"row 327, column 12","Net Current Expenditure
 (C7 = C3 - C6)"
2015/16,E4705,E08000036,Wakefield,MD,Arts development and support,393,393000.0,RO5_2015-16_data_by_LA_-_Revision.xlsx,RO5 LA Data 2015-16,"row 327, column 19","Net Current Expenditure
 (C7 = C3 - C6)"
2015/16,E4705,E08000036,Wakefield,MD,Heritage,723,723000.0,RO5_2015-16_data_by_LA_-_Revision.xlsx,RO5 LA Data 2015-16,"row 327, column 26","Net Current Expenditure
 (C7 = C3 - C6)"
2015/16,E4705,E08000036,Wakefield,MD,Museums and galleries,2421,2421000.0,RO5_2015-16_data_by_LA_-_Revision.xlsx,RO5 LA Data 2015-16,"row 327, column 33","Net Current Expenditure
 (C7 = C3 - C6)"
2015/16,E4705,E08000036,Wakefield,MD,Theatres and public entertainment,755,755000.0,RO5_2015-16_data_by_LA_-_Revision.xlsx,RO5 LA Data 2015-16,"row 327, column 40","Net Current Expenditure
 (C7 = C3 - C6)"
2015/16,E4705,E08000036,Wakefield,MD,Library service,4116,4116000.0,RO5_2015-16_data_by_LA_-_Revision.xlsx,RO5 LA Data 2015-16,"row 327, column 89","Net Current Expenditure
 (C7 = C3 - C6)"
2015/16,E5010,E09000001,City of London,L,Archives,4117,4117000.0,RO5_2015-16_data_by_LA_-_Revision.xlsx,RO5 LA Data 2015-16,"row 328, column 12","Net Current Expenditure
 (C7 = C3 - C6)"
2015/16,E5010,E09000001,City of London,L,Arts development and support,3,3000.0,RO5_2015-16_data_by_LA_-_Revision.xlsx,RO5 LA Data 2015-16,"row 328, column 19","Net Current Expenditure
 (C7 = C3 - C6)"
2015/16,E5010,E09000001,City of London,L,Heritage,0,0.0,RO5_2015-16_data_by_LA_-_Revision.xlsx,RO5 LA Data 2015-16,"row 328, column 26","Net Current Expenditure
 (C7 = C3 - C6)"
2015/16,E5010,E09000001,City of London,L,Museums and galleries,6879,6879000.0,RO5_2015-16_data_by_LA_-_Revision.xlsx,RO5 LA Data 2015-16,"row 328, column 33","Net Current Expenditure
 (C7 = C3 - C6)"
2015/16,E5010,E09000001,City of London,L,Theatres and public entertainment,20397,20397000.0,RO5_2015-16_data_by_LA_-_Revision.xlsx,RO5 LA Data 2015-16,"row 328, column 40","Net Current Expenditure
 (C7 = C3 - C6)"
2015/16,E5010,E09000001,City of London,L,Library service,6693,6693000.0,RO5_2015-16_data_by_LA_-_Revision.xlsx,RO5 LA Data 2015-16,"row 328, column 89","Net Current Expenditure
 (C7 = C3 - C6)"
2015/16,E5011,E09000007,Camden,L,Archives,204,204000.0,RO5_2015-16_data_by_LA_-_Revision.xlsx,RO5 LA Data 2015-16,"row 329, column 12","Net Current Expenditure
 (C7 = C3 - C6)"
2015/16,E5011,E09000007,Camden,L,Arts development and support,11,11000.0,RO5_2015-16_data_by_LA_-_Revision.xlsx,RO5 LA Data 2015-16,"row 329, column 19","Net Current Expenditure
 (C7 = C3 - C6)"
2015/16,E5011,E09000007,Camden,L,Heritage,0,0.0,RO5_2015-16_data_by_LA_-_Revision.xlsx,RO5 LA Data 2015-16,"row 329, column 26","Net Current Expenditure
 (C7 = C3 - C6)"
2015/16,E5011,E09000007,Camden,L,Museums and galleries,0,0.0,RO5_2015-16_data_by_LA_-_Revision.xlsx,RO5 LA Data 2015-16,"row 329, column 33","Net Current Expenditure
 (C7 = C3 - C6)"
2015/16,E5011,E09000007,Camden,L,Theatres and public entertainment,276,276000.0,RO5_2015-16_data_by_LA_-_Revision.xlsx,RO5 LA Data 2015-16,"row 329, column 40","Net Current Expenditure
 (C7 = C3 - C6)"
2015/16,E5011,E09000007,Camden,L,Library service,5241,5241000.0,RO5_2015-16_data_by_LA_-_Revision.xlsx,RO5 LA Data 2015-16,"row 329, column 89","Net Current Expenditure
 (C7 = C3 - C6)"
2015/16,E5012,E09000011,Greenwich,L,Archives,0,0.0,RO5_2015-16_data_by_LA_-_Revision.xlsx,RO5 LA Data 2015-16,"row 330, column 12","Net Current Expenditure
 (C7 = C3 - C6)"
2015/16,E5012,E09000011,Greenwich,L,Arts development and support,854,854000.0,RO5_2015-16_data_by_LA_-_Revision.xlsx,RO5 LA Data 2015-16,"row 330, column 19","Net Current Expenditure
 (C7 = C3 - C6)"
2015/16,E5012,E09000011,Greenwich,L,Heritage,1206,1206000.0,RO5_2015-16_data_by_LA_-_Revision.xlsx,RO5 LA Data 2015-16,"row 330, column 26","Net Current Expenditure
 (C7 = C3 - C6)"
2015/16,E5012,E09000011,Greenwich,L,Museums and galleries,9,9000.0,RO5_2015-16_data_by_LA_-_Revision.xlsx,RO5 LA Data 2015-16,"row 330, column 33","Net Current Expenditure
 (C7 = C3 - C6)"
2015/16,E5012,E09000011,Greenwich,L,Theatres and public entertainment,125,125000.0,RO5_2015-16_data_by_LA_-_Revision.xlsx,RO5 LA Data 2015-16,"row 330, column 40","Net Current Expenditure
 (C7 = C3 - C6)"
2015/16,E5012,E09000011,Greenwich,L,Library service,3493,3493000.0,RO5_2015-16_data_by_LA_-_Revision.xlsx,RO5 LA Data 2015-16,"row 330, column 89","Net Current Expenditure
 (C7 = C3 - C6)"
2015/16,E5013,E09000012,Hackney,L,Archives,163,163000.0,RO5_2015-16_data_by_LA_-_Revision.xlsx,RO5 LA Data 2015-16,"row 331, column 12","Net Current Expenditure
 (C7 = C3 - C6)"
2015/16,E5013,E09000012,Hackney,L,Arts development and support,460,460000.0,RO5_2015-16_data_by_LA_-_Revision.xlsx,RO5 LA Data 2015-16,"row 331, column 19","Net Current Expenditure
 (C7 = C3 - C6)"
2015/16,E5013,E09000012,Hackney,L,Heritage,12,12000.0,RO5_2015-16_data_by_LA_-_Revision.xlsx,RO5 LA Data 2015-16,"row 331, column 26","Net Current Expenditure
 (C7 = C3 - C6)"
2015/16,E5013,E09000012,Hackney,L,Museums and galleries,485,485000.0,RO5_2015-16_data_by_LA_-_Revision.xlsx,RO5 LA Data 2015-16,"row 331, column 33","Net Current Expenditure
 (C7 = C3 - C6)"
2015/16,E5013,E09000012,Hackney,L,Theatres and public entertainment,197,197000.0,RO5_2015-16_data_by_LA_-_Revision.xlsx,RO5 LA Data 2015-16,"row 331, column 40","Net Current Expenditure
 (C7 = C3 - C6)"
2015/16,E5013,E09000012,Hackney,L,Library service,6954,6954000.0,RO5_2015-16_data_by_LA_-_Revision.xlsx,RO5 LA Data 2015-16,"row 331, column 89","Net Current Expenditure
 (C7 = C3 - C6)"
2015/16,E5014,E09000013,Hammersmith & Fulham,L,Archives,36,36000.0,RO5_2015-16_data_by_LA_-_Revision.xlsx,RO5 LA Data 2015-16,"row 332, column 12","Net Current Expenditure
 (C7 = C3 - C6)"
2015/16,E5014,E09000013,Hammersmith & Fulham,L,Arts development and support,0,0.0,RO5_2015-16_data_by_LA_-_Revision.xlsx,RO5 LA Data 2015-16,"row 332, column 19","Net Current Expenditure
 (C7 = C3 - C6)"
2015/16,E5014,E09000013,Hammersmith & Fulham,L,Heritage,0,0.0,RO5_2015-16_data_by_LA_-_Revision.xlsx,RO5 LA Data 2015-16,"row 332, column 26","Net Current Expenditure
 (C7 = C3 - C6)"
2015/16,E5014,E09000013,Hammersmith & Fulham,L,Museums and galleries,53,53000.0,RO5_2015-16_data_by_LA_-_Revision.xlsx,RO5 LA Data 2015-16,"row 332, column 33","Net Current Expenditure
 (C7 = C3 - C6)"
2015/16,E5014,E09000013,Hammersmith & Fulham,L,Theatres and public entertainment,-85,-85000.0,RO5_2015-16_data_by_LA_-_Revision.xlsx,RO5 LA Data 2015-16,"row 332, column 40","Net Current Expenditure
 (C7 = C3 - C6)"
2015/16,E5014,E09000013,Hammersmith & Fulham,L,Library service,2993,2993000.0,RO5_2015-16_data_by_LA_-_Revision.xlsx,RO5 LA Data 2015-16,"row 332, column 89","Net Current Expenditure
 (C7 = C3 - C6)"
2015/16,E5015,E09000019,Islington,L,Archives,0,0.0,RO5_2015-16_data_by_LA_-_Revision.xlsx,RO5 LA Data 2015-16,"row 333, column 12","Net Current Expenditure
 (C7 = C3 - C6)"
2015/16,E5015,E09000019,Islington,L,Arts development and support,0,0.0,RO5_2015-16_data_by_LA_-_Revision.xlsx,RO5 LA Data 2015-16,"row 333, column 19","Net Current Expenditure
 (C7 = C3 - C6)"
2015/16,E5015,E09000019,Islington,L,Heritage,208,208000.0,RO5_2015-16_data_by_LA_-_Revision.xlsx,RO5 LA Data 2015-16,"row 333, column 26","Net Current Expenditure
 (C7 = C3 - C6)"
2015/16,E5015,E09000019,Islington,L,Museums and galleries,0,0.0,RO5_2015-16_data_by_LA_-_Revision.xlsx,RO5 LA Data 2015-16,"row 333, column 33","Net Current Expenditure
 (C7 = C3 - C6)"
2015/16,E5015,E09000019,Islington,L,Theatres and public entertainment,0,0.0,RO5_2015-16_data_by_LA_-_Revision.xlsx,RO5 LA Data 2015-16,"row 333, column 40","Net Current Expenditure
 (C7 = C3 - C6)"
2015/16,E5015,E09000019,Islington,L,Library service,5941,5941000.0,RO5_2015-16_data_by_LA_-_Revision.xlsx,RO5 LA Data 2015-16,"row 333, column 89","Net Current Expenditure
 (C7 = C3 - C6)"
2015/16,E5016,E09000020,Kensington & Chelsea,L,Archives,51,51000.0,RO5_2015-16_data_by_LA_-_Revision.xlsx,RO5 LA Data 2015-16,"row 334, column 12","Net Current Expenditure
 (C7 = C3 - C6)"
2015/16,E5016,E09000020,Kensington & Chelsea,L,Arts development and support,663,663000.0,RO5_2015-16_data_by_LA_-_Revision.xlsx,RO5 LA Data 2015-16,"row 334, column 19","Net Current Expenditure
 (C7 = C3 - C6)"
2015/16,E5016,E09000020,Kensington & Chelsea,L,Heritage,0,0.0,RO5_2015-16_data_by_LA_-_Revision.xlsx,RO5 LA Data 2015-16,"row 334, column 26","Net Current Expenditure
 (C7 = C3 - C6)"
2015/16,E5016,E09000020,Kensington & Chelsea,L,Museums and galleries,567,567000.0,RO5_2015-16_data_by_LA_-_Revision.xlsx,RO5 LA Data 2015-16,"row 334, column 33","Net Current Expenditure
 (C7 = C3 - C6)"
2015/16,E5016,E09000020,Kensington & Chelsea,L,Theatres and public entertainment,5942,5942000.0,RO5_2015-16_data_by_LA_-_Revision.xlsx,RO5 LA Data 2015-16,"row 334, column 40","Net Current Expenditure
 (C7 = C3 - C6)"
2015/16,E5016,E09000020,Kensington & Chelsea,L,Library service,5438,5438000.0,RO5_2015-16_data_by_LA_-_Revision.xlsx,RO5 LA Data 2015-16,"row 334, column 89","Net Current Expenditure
 (C7 = C3 - C6)"
2015/16,E5017,E09000022,Lambeth,L,Archives,251,251000.0,RO5_2015-16_data_by_LA_-_Revision.xlsx,RO5 LA Data 2015-16,"row 335, column 12","Net Current Expenditure
 (C7 = C3 - C6)"
2015/16,E5017,E09000022,Lambeth,L,Arts development and support,282,282000.0,RO5_2015-16_data_by_LA_-_Revision.xlsx,RO5 LA Data 2015-16,"row 335, column 19","Net Current Expenditure
 (C7 = C3 - C6)"
2015/16,E5017,E09000022,Lambeth,L,Heritage,0,0.0,RO5_2015-16_data_by_LA_-_Revision.xlsx,RO5 LA Data 2015-16,"row 335, column 26","Net Current Expenditure
 (C7 = C3 - C6)"
2015/16,E5017,E09000022,Lambeth,L,Museums and galleries,0,0.0,RO5_2015-16_data_by_LA_-_Revision.xlsx,RO5 LA Data 2015-16,"row 335, column 33","Net Current Expenditure
 (C7 = C3 - C6)"
2015/16,E5017,E09000022,Lambeth,L,Theatres and public entertainment,432,432000.0,RO5_2015-16_data_by_LA_-_Revision.xlsx,RO5 LA Data 2015-16,"row 335, column 40","Net Current Expenditure
 (C7 = C3 - C6)"
2015/16,E5017,E09000022,Lambeth,L,Library service,7075,7075000.0,RO5_2015-16_data_by_LA_-_Revision.xlsx,RO5 LA Data 2015-16,"row 335, column 89","Net Current Expenditure
 (C7 = C3 - C6)"
2015/16,E5018,E09000023,Lewisham,L,Archives,0,0.0,RO5_2015-16_data_by_LA_-_Revision.xlsx,RO5 LA Data 2015-16,"row 336, column 12","Net Current Expenditure
 (C7 = C3 - C6)"
2015/16,E5018,E09000023,Lewisham,L,Arts development and support,31,31000.0,RO5_2015-16_data_by_LA_-_Revision.xlsx,RO5 LA Data 2015-16,"row 336, column 19","Net Current Expenditure
 (C7 = C3 - C6)"
2015/16,E5018,E09000023,Lewisham,L,Heritage,0,0.0,RO5_2015-16_data_by_LA_-_Revision.xlsx,RO5 LA Data 2015-16,"row 336, column 26","Net Current Expenditure
 (C7 = C3 - C6)"
2015/16,E5018,E09000023,Lewisham,L,Museums and galleries,0,0.0,RO5_2015-16_data_by_LA_-_Revision.xlsx,RO5 LA Data 2015-16,"row 336, column 33","Net Current Expenditure
 (C7 = C3 - C6)"
2015/16,E5018,E09000023,Lewisham,L,Theatres and public entertainment,1256,1256000.0,RO5_2015-16_data_by_LA_-_Revision.xlsx,RO5 LA Data 2015-16,"row 336, column 40","Net Current Expenditure
 (C7 = C3 - C6)"
2015/16,E5018,E09000023,Lewisham,L,Library service,4781,4781000.0,RO5_2015-16_data_by_LA_-_Revision.xlsx,RO5 LA Data 2015-16,"row 336, column 89","Net Current Expenditure
 (C7 = C3 - C6)"
2015/16,E5019,E09000028,Southwark,L,Archives,131,131000.0,RO5_2015-16_data_by_LA_-_Revision.xlsx,RO5 LA Data 2015-16,"row 337, column 12","Net Current Expenditure
 (C7 = C3 - C6)"
2015/16,E5019,E09000028,Southwark,L,Arts development and support,520,520000.0,RO5_2015-16_data_by_LA_-_Revision.xlsx,RO5 LA Data 2015-16,"row 337, column 19","Net Current Expenditure
 (C7 = C3 - C6)"
2015/16,E5019,E09000028,Southwark,L,Heritage,9,9000.0,RO5_2015-16_data_by_LA_-_Revision.xlsx,RO5 LA Data 2015-16,"row 337, column 26","Net Current Expenditure
 (C7 = C3 - C6)"
2015/16,E5019,E09000028,Southwark,L,Museums and galleries,364,364000.0,RO5_2015-16_data_by_LA_-_Revision.xlsx,RO5 LA Data 2015-16,"row 337, column 33","Net Current Expenditure
 (C7 = C3 - C6)"
2015/16,E5019,E09000028,Southwark,L,Theatres and public entertainment,553,553000.0,RO5_2015-16_data_by_LA_-_Revision.xlsx,RO5 LA Data 2015-16,"row 337, column 40","Net Current Expenditure
 (C7 = C3 - C6)"
2015/16,E5019,E09000028,Southwark,L,Library service,7737,7737000.0,RO5_2015-16_data_by_LA_-_Revision.xlsx,RO5 LA Data 2015-16,"row 337, column 89","Net Current Expenditure
 (C7 = C3 - C6)"
2015/16,E5020,E09000030,Tower Hamlets,L,Archives,0,0.0,RO5_2015-16_data_by_LA_-_Revision.xlsx,RO5 LA Data 2015-16,"row 338, column 12","Net Current Expenditure
 (C7 = C3 - C6)"
2015/16,E5020,E09000030,Tower Hamlets,L,Arts development and support,1172.1186099999998,1172118.6099999999,RO5_2015-16_data_by_LA_-_Revision.xlsx,RO5 LA Data 2015-16,"row 338, column 19","Net Current Expenditure
 (C7 = C3 - C6)"
2015/16,E5020,E09000030,Tower Hamlets,L,Heritage,0,0.0,RO5_2015-16_data_by_LA_-_Revision.xlsx,RO5 LA Data 2015-16,"row 338, column 26","Net Current Expenditure
 (C7 = C3 - C6)"
2015/16,E5020,E09000030,Tower Hamlets,L,Museums and galleries,0,0.0,RO5_2015-16_data_by_LA_-_Revision.xlsx,RO5 LA Data 2015-16,"row 338, column 33","Net Current Expenditure
 (C7 = C3 - C6)"
2015/16,E5020,E09000030,Tower Hamlets,L,Theatres and public entertainment,17.7129,17712.9,RO5_2015-16_data_by_LA_-_Revision.xlsx,RO5 LA Data 2015-16,"row 338, column 40","Net Current Expenditure
 (C7 = C3 - C6)"
2015/16,E5020,E09000030,Tower Hamlets,L,Library service,6729.453709999998,6729453.709999998,RO5_2015-16_data_by_LA_-_Revision.xlsx,RO5 LA Data 2015-16,"row 338, column 89","Net Current Expenditure
 (C7 = C3 - C6)"
2015/16,E5021,E09000032,Wandsworth,L,Archives,0,0.0,RO5_2015-16_data_by_LA_-_Revision.xlsx,RO5 LA Data 2015-16,"row 339, column 12","Net Current Expenditure
 (C7 = C3 - C6)"
2015/16,E5021,E09000032,Wandsworth,L,Arts development and support,273,273000.0,RO5_2015-16_data_by_LA_-_Revision.xlsx,RO5 LA Data 2015-16,"row 339, column 19","Net Current Expenditure
 (C7 = C3 - C6)"
2015/16,E5021,E09000032,Wandsworth,L,Heritage,3,3000.0,RO5_2015-16_data_by_LA_-_Revision.xlsx,RO5 LA Data 2015-16,"row 339, column 26","Net Current Expenditure
 (C7 = C3 - C6)"
2015/16,E5021,E09000032,Wandsworth,L,Museums and galleries,0,0.0,RO5_2015-16_data_by_LA_-_Revision.xlsx,RO5 LA Data 2015-16,"row 339, column 33","Net Current Expenditure
 (C7 = C3 - C6)"
2015/16,E5021,E09000032,Wandsworth,L,Theatres and public entertainment,-1259,-1259000.0,RO5_2015-16_data_by_LA_-_Revision.xlsx,RO5 LA Data 2015-16,"row 339, column 40","Net Current Expenditure
 (C7 = C3 - C6)"
2015/16,E5021,E09000032,Wandsworth,L,Library service,4409,4409000.0,RO5_2015-16_data_by_LA_-_Revision.xlsx,RO5 LA Data 2015-16,"row 339, column 89","Net Current Expenditure
 (C7 = C3 - C6)"
2015/16,E5022,E09000033,Westminster,L,Archives,660.90389,660903.89,RO5_2015-16_data_by_LA_-_Revision.xlsx,RO5 LA Data 2015-16,"row 340, column 12","Net Current Expenditure
 (C7 = C3 - C6)"
2015/16,E5022,E09000033,Westminster,L,Arts development and support,0,0.0,RO5_2015-16_data_by_LA_-_Revision.xlsx,RO5 LA Data 2015-16,"row 340, column 19","Net Current Expenditure
 (C7 = C3 - C6)"
2015/16,E5022,E09000033,Westminster,L,Heritage,0,0.0,RO5_2015-16_data_by_LA_-_Revision.xlsx,RO5 LA Data 2015-16,"row 340, column 26","Net Current Expenditure
 (C7 = C3 - C6)"
2015/16,E5022,E09000033,Westminster,L,Museums and galleries,0,0.0,RO5_2015-16_data_by_LA_-_Revision.xlsx,RO5 LA Data 2015-16,"row 340, column 33","Net Current Expenditure
 (C7 = C3 - C6)"
2015/16,E5022,E09000033,Westminster,L,Theatres and public entertainment,-337.72772999999984,-337727.72999999986,RO5_2015-16_data_by_LA_-_Revision.xlsx,RO5 LA Data 2015-16,"row 340, column 40","Net Current Expenditure
 (C7 = C3 - C6)"
2015/16,E5022,E09000033,Westminster,L,Library service,8954.321609999994,8954321.609999994,RO5_2015-16_data_by_LA_-_Revision.xlsx,RO5 LA Data 2015-16,"row 340, column 89","Net Current Expenditure
 (C7 = C3 - C6)"
2015/16,E5030,E09000002,Barking & Dagenham,L,Archives,400,400000.0,RO5_2015-16_data_by_LA_-_Revision.xlsx,RO5 LA Data 2015-16,"row 341, column 12","Net Current Expenditure
 (C7 = C3 - C6)"
2015/16,E5030,E09000002,Barking & Dagenham,L,Arts development and support,-1,-1000.0,RO5_2015-16_data_by_LA_-_Revision.xlsx,RO5 LA Data 2015-16,"row 341, column 19","Net Current Expenditure
 (C7 = C3 - C6)"
2015/16,E5030,E09000002,Barking & Dagenham,L,Heritage,0,0.0,RO5_2015-16_data_by_LA_-_Revision.xlsx,RO5 LA Data 2015-16,"row 341, column 26","Net Current Expenditure
 (C7 = C3 - C6)"
2015/16,E5030,E09000002,Barking & Dagenham,L,Museums and galleries,709,709000.0,RO5_2015-16_data_by_LA_-_Revision.xlsx,RO5 LA Data 2015-16,"row 341, column 33","Net Current Expenditure
 (C7 = C3 - C6)"
2015/16,E5030,E09000002,Barking & Dagenham,L,Theatres and public entertainment,622,622000.0,RO5_2015-16_data_by_LA_-_Revision.xlsx,RO5 LA Data 2015-16,"row 341, column 40","Net Current Expenditure
 (C7 = C3 - C6)"
2015/16,E5030,E09000002,Barking & Dagenham,L,Library service,2516,2516000.0,RO5_2015-16_data_by_LA_-_Revision.xlsx,RO5 LA Data 2015-16,"row 341, column 89","Net Current Expenditure
 (C7 = C3 - C6)"
2015/16,E5031,E09000003,Barnet,L,Archives,190,190000.0,RO5_2015-16_data_by_LA_-_Revision.xlsx,RO5 LA Data 2015-16,"row 342, column 12","Net Current Expenditure
 (C7 = C3 - C6)"
2015/16,E5031,E09000003,Barnet,L,Arts development and support,0,0.0,RO5_2015-16_data_by_LA_-_Revision.xlsx,RO5 LA Data 2015-16,"row 342, column 19","Net Current Expenditure
 (C7 = C3 - C6)"
2015/16,E5031,E09000003,Barnet,L,Heritage,0,0.0,RO5_2015-16_data_by_LA_-_Revision.xlsx,RO5 LA Data 2015-16,"row 342, column 26","Net Current Expenditure
 (C7 = C3 - C6)"
2015/16,E5031,E09000003,Barnet,L,Museums and galleries,0,0.0,RO5_2015-16_data_by_LA_-_Revision.xlsx,RO5 LA Data 2015-16,"row 342, column 33","Net Current Expenditure
 (C7 = C3 - C6)"
2015/16,E5031,E09000003,Barnet,L,Theatres and public entertainment,0,0.0,RO5_2015-16_data_by_LA_-_Revision.xlsx,RO5 LA Data 2015-16,"row 342, column 40","Net Current Expenditure
 (C7 = C3 - C6)"
2015/16,E5031,E09000003,Barnet,L,Library service,6047,6047000.0,RO5_2015-16_data_by_LA_-_Revision.xlsx,RO5 LA Data 2015-16,"row 342, column 89","Net Current Expenditure
 (C7 = C3 - C6)"
2015/16,E5032,E09000004,Bexley,L,Archives,43,43000.0,RO5_2015-16_data_by_LA_-_Revision.xlsx,RO5 LA Data 2015-16,"row 343, column 12","Net Current Expenditure
 (C7 = C3 - C6)"
2015/16,E5032,E09000004,Bexley,L,Arts development and support,0,0.0,RO5_2015-16_data_by_LA_-_Revision.xlsx,RO5 LA Data 2015-16,"row 343, column 19","Net Current Expenditure
 (C7 = C3 - C6)"
2015/16,E5032,E09000004,Bexley,L,Heritage,720,720000.0,RO5_2015-16_data_by_LA_-_Revision.xlsx,RO5 LA Data 2015-16,"row 343, column 26","Net Current Expenditure
 (C7 = C3 - C6)"
2015/16,E5032,E09000004,Bexley,L,Museums and galleries,0,0.0,RO5_2015-16_data_by_LA_-_Revision.xlsx,RO5 LA Data 2015-16,"row 343, column 33","Net Current Expenditure
 (C7 = C3 - C6)"
2015/16,E5032,E09000004,Bexley,L,Theatres and public entertainment,0,0.0,RO5_2015-16_data_by_LA_-_Revision.xlsx,RO5 LA Data 2015-16,"row 343, column 40","Net Current Expenditure
 (C7 = C3 - C6)"
2015/16,E5032,E09000004,Bexley,L,Library service,4601,4601000.0,RO5_2015-16_data_by_LA_-_Revision.xlsx,RO5 LA Data 2015-16,"row 343, column 89","Net Current Expenditure
 (C7 = C3 - C6)"
2015/16,E5033,E09000005,Brent,L,Archives,0,0.0,RO5_2015-16_data_by_LA_-_Revision.xlsx,RO5 LA Data 2015-16,"row 344, column 12","Net Current Expenditure
 (C7 = C3 - C6)"
2015/16,E5033,E09000005,Brent,L,Arts development and support,376.59399781457523,376593.9978145752,RO5_2015-16_data_by_LA_-_Revision.xlsx,RO5 LA Data 2015-16,"row 344, column 19","Net Current Expenditure
 (C7 = C3 - C6)"
2015/16,E5033,E09000005,Brent,L,Heritage,936.0897621854242,936089.7621854242,RO5_2015-16_data_by_LA_-_Revision.xlsx,RO5 LA Data 2015-16,"row 344, column 26","Net Current Expenditure
 (C7 = C3 - C6)"
2015/16,E5033,E09000005,Brent,L,Museums and galleries,0,0.0,RO5_2015-16_data_by_LA_-_Revision.xlsx,RO5 LA Data 2015-16,"row 344, column 33","Net Current Expenditure
 (C7 = C3 - C6)"
2015/16,E5033,E09000005,Brent,L,Theatres and public entertainment,0,0.0,RO5_2015-16_data_by_LA_-_Revision.xlsx,RO5 LA Data 2015-16,"row 344, column 40","Net Current Expenditure
 (C7 = C3 - C6)"
2015/16,E5033,E09000005,Brent,L,Library service,5281.410449999999,5281410.449999999,RO5_2015-16_data_by_LA_-_Revision.xlsx,RO5 LA Data 2015-16,"row 344, column 89","Net Current Expenditure
 (C7 = C3 - C6)"
2015/16,E5034,E09000006,Bromley,L,Archives,0,0.0,RO5_2015-16_data_by_LA_-_Revision.xlsx,RO5 LA Data 2015-16,"row 345, column 12","Net Current Expenditure
 (C7 = C3 - C6)"
2015/16,E5034,E09000006,Bromley,L,Arts development and support,0,0.0,RO5_2015-16_data_by_LA_-_Revision.xlsx,RO5 LA Data 2015-16,"row 345, column 19","Net Current Expenditure
 (C7 = C3 - C6)"
2015/16,E5034,E09000006,Bromley,L,Heritage,0,0.0,RO5_2015-16_data_by_LA_-_Revision.xlsx,RO5 LA Data 2015-16,"row 345, column 26","Net Current Expenditure
 (C7 = C3 - C6)"
2015/16,E5034,E09000006,Bromley,L,Museums and galleries,181,181000.0,RO5_2015-16_data_by_LA_-_Revision.xlsx,RO5 LA Data 2015-16,"row 345, column 33","Net Current Expenditure
 (C7 = C3 - C6)"
2015/16,E5034,E09000006,Bromley,L,Theatres and public entertainment,319,319000.0,RO5_2015-16_data_by_LA_-_Revision.xlsx,RO5 LA Data 2015-16,"row 345, column 40","Net Current Expenditure
 (C7 = C3 - C6)"
2015/16,E5034,E09000006,Bromley,L,Library service,6296,6296000.0,RO5_2015-16_data_by_LA_-_Revision.xlsx,RO5 LA Data 2015-16,"row 345, column 89","Net Current Expenditure
 (C7 = C3 - C6)"
2015/16,E5035,E09000008,Croydon,L,Archives,5,5000.0,RO5_2015-16_data_by_LA_-_Revision.xlsx,RO5 LA Data 2015-16,"row 346, column 12","Net Current Expenditure
 (C7 = C3 - C6)"
2015/16,E5035,E09000008,Croydon,L,Arts development and support,209,209000.0,RO5_2015-16_data_by_LA_-_Revision.xlsx,RO5 LA Data 2015-16,"row 346, column 19","Net Current Expenditure
 (C7 = C3 - C6)"
2015/16,E5035,E09000008,Croydon,L,Heritage,16,16000.0,RO5_2015-16_data_by_LA_-_Revision.xlsx,RO5 LA Data 2015-16,"row 346, column 26","Net Current Expenditure
 (C7 = C3 - C6)"
2015/16,E5035,E09000008,Croydon,L,Museums and galleries,694,694000.0,RO5_2015-16_data_by_LA_-_Revision.xlsx,RO5 LA Data 2015-16,"row 346, column 33","Net Current Expenditure
 (C7 = C3 - C6)"
2015/16,E5035,E09000008,Croydon,L,Theatres and public entertainment,1039,1039000.0,RO5_2015-16_data_by_LA_-_Revision.xlsx,RO5 LA Data 2015-16,"row 346, column 40","Net Current Expenditure
 (C7 = C3 - C6)"
2015/16,E5035,E09000008,Croydon,L,Library service,3714,3714000.0,RO5_2015-16_data_by_LA_-_Revision.xlsx,RO5 LA Data 2015-16,"row 346, column 89","Net Current Expenditure
 (C7 = C3 - C6)"
2015/16,E5036,E09000009,Ealing,L,Archives,0,0.0,RO5_2015-16_data_by_LA_-_Revision.xlsx,RO5 LA Data 2015-16,"row 347, column 12","Net Current Expenditure
 (C7 = C3 - C6)"
2015/16,E5036,E09000009,Ealing,L,Arts development and support,164,164000.0,RO5_2015-16_data_by_LA_-_Revision.xlsx,RO5 LA Data 2015-16,"row 347, column 19","Net Current Expenditure
 (C7 = C3 - C6)"
2015/16,E5036,E09000009,Ealing,L,Heritage,10,10000.0,RO5_2015-16_data_by_LA_-_Revision.xlsx,RO5 LA Data 2015-16,"row 347, column 26","Net Current Expenditure
 (C7 = C3 - C6)"
2015/16,E5036,E09000009,Ealing,L,Museums and galleries,488,488000.0,RO5_2015-16_data_by_LA_-_Revision.xlsx,RO5 LA Data 2015-16,"row 347, column 33","Net Current Expenditure
 (C7 = C3 - C6)"
2015/16,E5036,E09000009,Ealing,L,Theatres and public entertainment,519,519000.0,RO5_2015-16_data_by_LA_-_Revision.xlsx,RO5 LA Data 2015-16,"row 347, column 40","Net Current Expenditure
 (C7 = C3 - C6)"
2015/16,E5036,E09000009,Ealing,L,Library service,3690,3690000.0,RO5_2015-16_data_by_LA_-_Revision.xlsx,RO5 LA Data 2015-16,"row 347, column 89","Net Current Expenditure
 (C7 = C3 - C6)"
2015/16,E5037,E09000010,Enfield,L,Archives,0,0.0,RO5_2015-16_data_by_LA_-_Revision.xlsx,RO5 LA Data 2015-16,"row 348, column 12","Net Current Expenditure
 (C7 = C3 - C6)"
2015/16,E5037,E09000010,Enfield,L,Arts development and support,0,0.0,RO5_2015-16_data_by_LA_-_Revision.xlsx,RO5 LA Data 2015-16,"row 348, column 19","Net Current Expenditure
 (C7 = C3 - C6)"
2015/16,E5037,E09000010,Enfield,L,Heritage,313,313000.0,RO5_2015-16_data_by_LA_-_Revision.xlsx,RO5 LA Data 2015-16,"row 348, column 26","Net Current Expenditure
 (C7 = C3 - C6)"
2015/16,E5037,E09000010,Enfield,L,Museums and galleries,13,13000.0,RO5_2015-16_data_by_LA_-_Revision.xlsx,RO5 LA Data 2015-16,"row 348, column 33","Net Current Expenditure
 (C7 = C3 - C6)"
2015/16,E5037,E09000010,Enfield,L,Theatres and public entertainment,1687,1687000.0,RO5_2015-16_data_by_LA_-_Revision.xlsx,RO5 LA Data 2015-16,"row 348, column 40","Net Current Expenditure
 (C7 = C3 - C6)"
2015/16,E5037,E09000010,Enfield,L,Library service,1876,1876000.0,RO5_2015-16_data_by_LA_-_Revision.xlsx,RO5 LA Data 2015-16,"row 348, column 89","Net Current Expenditure
 (C7 = C3 - C6)"
2015/16,E5038,E09000014,Haringey,L,Archives,84,84000.0,RO5_2015-16_data_by_LA_-_Revision.xlsx,RO5 LA Data 2015-16,"row 349, column 12","Net Current Expenditure
 (C7 = C3 - C6)"
2015/16,E5038,E09000014,Haringey,L,Arts development and support,255,255000.0,RO5_2015-16_data_by_LA_-_Revision.xlsx,RO5 LA Data 2015-16,"row 349, column 19","Net Current Expenditure
 (C7 = C3 - C6)"
2015/16,E5038,E09000014,Haringey,L,Heritage,926,926000.0,RO5_2015-16_data_by_LA_-_Revision.xlsx,RO5 LA Data 2015-16,"row 349, column 26","Net Current Expenditure
 (C7 = C3 - C6)"
2015/16,E5038,E09000014,Haringey,L,Museums and galleries,298,298000.0,RO5_2015-16_data_by_LA_-_Revision.xlsx,RO5 LA Data 2015-16,"row 349, column 33","Net Current Expenditure
 (C7 = C3 - C6)"
2015/16,E5038,E09000014,Haringey,L,Theatres and public entertainment,0,0.0,RO5_2015-16_data_by_LA_-_Revision.xlsx,RO5 LA Data 2015-16,"row 349, column 40","Net Current Expenditure
 (C7 = C3 - C6)"
2015/16,E5038,E09000014,Haringey,L,Library service,4715,4715000.0,RO5_2015-16_data_by_LA_-_Revision.xlsx,RO5 LA Data 2015-16,"row 349, column 89","Net Current Expenditure
 (C7 = C3 - C6)"
2015/16,E5039,E09000015,Harrow,L,Archives,0,0.0,RO5_2015-16_data_by_LA_-_Revision.xlsx,RO5 LA Data 2015-16,"row 350, column 12","Net Current Expenditure
 (C7 = C3 - C6)"
2015/16,E5039,E09000015,Harrow,L,Arts development and support,1097.47854,1097478.54,RO5_2015-16_data_by_LA_-_Revision.xlsx,RO5 LA Data 2015-16,"row 350, column 19","Net Current Expenditure
 (C7 = C3 - C6)"
2015/16,E5039,E09000015,Harrow,L,Heritage,22.65269,22652.69,RO5_2015-16_data_by_LA_-_Revision.xlsx,RO5 LA Data 2015-16,"row 350, column 26","Net Current Expenditure
 (C7 = C3 - C6)"
2015/16,E5039,E09000015,Harrow,L,Museums and galleries,286.57019,286570.19,RO5_2015-16_data_by_LA_-_Revision.xlsx,RO5 LA Data 2015-16,"row 350, column 33","Net Current Expenditure
 (C7 = C3 - C6)"
2015/16,E5039,E09000015,Harrow,L,Theatres and public entertainment,11.6288,11628.8,RO5_2015-16_data_by_LA_-_Revision.xlsx,RO5 LA Data 2015-16,"row 350, column 40","Net Current Expenditure
 (C7 = C3 - C6)"
2015/16,E5039,E09000015,Harrow,L,Library service,3176.3433299999997,3176343.3299999996,RO5_2015-16_data_by_LA_-_Revision.xlsx,RO5 LA Data 2015-16,"row 350, column 89","Net Current Expenditure
 (C7 = C3 - C6)"
2015/16,E5040,E09000016,Havering,L,Archives,0,0.0,RO5_2015-16_data_by_LA_-_Revision.xlsx,RO5 LA Data 2015-16,"row 351, column 12","Net Current Expenditure
 (C7 = C3 - C6)"
2015/16,E5040,E09000016,Havering,L,Arts development and support,137,137000.0,RO5_2015-16_data_by_LA_-_Revision.xlsx,RO5 LA Data 2015-16,"row 351, column 19","Net Current Expenditure
 (C7 = C3 - C6)"
2015/16,E5040,E09000016,Havering,L,Heritage,50,50000.0,RO5_2015-16_data_by_LA_-_Revision.xlsx,RO5 LA Data 2015-16,"row 351, column 26","Net Current Expenditure
 (C7 = C3 - C6)"
2015/16,E5040,E09000016,Havering,L,Museums and galleries,26,26000.0,RO5_2015-16_data_by_LA_-_Revision.xlsx,RO5 LA Data 2015-16,"row 351, column 33","Net Current Expenditure
 (C7 = C3 - C6)"
2015/16,E5040,E09000016,Havering,L,Theatres and public entertainment,709,709000.0,RO5_2015-16_data_by_LA_-_Revision.xlsx,RO5 LA Data 2015-16,"row 351, column 40","Net Current Expenditure
 (C7 = C3 - C6)"
2015/16,E5040,E09000016,Havering,L,Library service,3509,3509000.0,RO5_2015-16_data_by_LA_-_Revision.xlsx,RO5 LA Data 2015-16,"row 351, column 89","Net Current Expenditure
 (C7 = C3 - C6)"
2015/16,E5041,E09000017,Hillingdon,L,Archives,0,0.0,RO5_2015-16_data_by_LA_-_Revision.xlsx,RO5 LA Data 2015-16,"row 352, column 12","Net Current Expenditure
 (C7 = C3 - C6)"
2015/16,E5041,E09000017,Hillingdon,L,Arts development and support,727,727000.0,RO5_2015-16_data_by_LA_-_Revision.xlsx,RO5 LA Data 2015-16,"row 352, column 19","Net Current Expenditure
 (C7 = C3 - C6)"
2015/16,E5041,E09000017,Hillingdon,L,Heritage,212,212000.0,RO5_2015-16_data_by_LA_-_Revision.xlsx,RO5 LA Data 2015-16,"row 352, column 26","Net Current Expenditure
 (C7 = C3 - C6)"
2015/16,E5041,E09000017,Hillingdon,L,Museums and galleries,0,0.0,RO5_2015-16_data_by_LA_-_Revision.xlsx,RO5 LA Data 2015-16,"row 352, column 33","Net Current Expenditure
 (C7 = C3 - C6)"
2015/16,E5041,E09000017,Hillingdon,L,Theatres and public entertainment,578,578000.0,RO5_2015-16_data_by_LA_-_Revision.xlsx,RO5 LA Data 2015-16,"row 352, column 40","Net Current Expenditure
 (C7 = C3 - C6)"
2015/16,E5041,E09000017,Hillingdon,L,Library service,6665,6665000.0,RO5_2015-16_data_by_LA_-_Revision.xlsx,RO5 LA Data 2015-16,"row 352, column 89","Net Current Expenditure
 (C7 = C3 - C6)"
2015/16,E5042,E09000018,Hounslow,L,Archives,0,0.0,RO5_2015-16_data_by_LA_-_Revision.xlsx,RO5 LA Data 2015-16,"row 353, column 12","Net Current Expenditure
 (C7 = C3 - C6)"
2015/16,E5042,E09000018,Hounslow,L,Arts development and support,0,0.0,RO5_2015-16_data_by_LA_-_Revision.xlsx,RO5 LA Data 2015-16,"row 353, column 19","Net Current Expenditure
 (C7 = C3 - C6)"
2015/16,E5042,E09000018,Hounslow,L,Heritage,51,51000.0,RO5_2015-16_data_by_LA_-_Revision.xlsx,RO5 LA Data 2015-16,"row 353, column 26","Net Current Expenditure
 (C7 = C3 - C6)"
2015/16,E5042,E09000018,Hounslow,L,Museums and galleries,99,99000.0,RO5_2015-16_data_by_LA_-_Revision.xlsx,RO5 LA Data 2015-16,"row 353, column 33","Net Current Expenditure
 (C7 = C3 - C6)"
2015/16,E5042,E09000018,Hounslow,L,Theatres and public entertainment,-13,-13000.0,RO5_2015-16_data_by_LA_-_Revision.xlsx,RO5 LA Data 2015-16,"row 353, column 40","Net Current Expenditure
 (C7 = C3 - C6)"
2015/16,E5042,E09000018,Hounslow,L,Library service,6524,6524000.0,RO5_2015-16_data_by_LA_-_Revision.xlsx,RO5 LA Data 2015-16,"row 353, column 89","Net Current Expenditure
 (C7 = C3 - C6)"
2015/16,E5043,E09000021,Kingston upon Thames,L,Archives,0,0.0,RO5_2015-16_data_by_LA_-_Revision.xlsx,RO5 LA Data 2015-16,"row 354, column 12","Net Current Expenditure
 (C7 = C3 - C6)"
2015/16,E5043,E09000021,Kingston upon Thames,L,Arts development and support,193,193000.0,RO5_2015-16_data_by_LA_-_Revision.xlsx,RO5 LA Data 2015-16,"row 354, column 19","Net Current Expenditure
 (C7 = C3 - C6)"
2015/16,E5043,E09000021,Kingston upon Thames,L,Heritage,-13,-13000.0,RO5_2015-16_data_by_LA_-_Revision.xlsx,RO5 LA Data 2015-16,"row 354, column 26","Net Current Expenditure
 (C7 = C3 - C6)"
2015/16,E5043,E09000021,Kingston upon Thames,L,Museums and galleries,388,388000.0,RO5_2015-16_data_by_LA_-_Revision.xlsx,RO5 LA Data 2015-16,"row 354, column 33","Net Current Expenditure
 (C7 = C3 - C6)"
2015/16,E5043,E09000021,Kingston upon Thames,L,Theatres and public entertainment,455,455000.0,RO5_2015-16_data_by_LA_-_Revision.xlsx,RO5 LA Data 2015-16,"row 354, column 40","Net Current Expenditure
 (C7 = C3 - C6)"
2015/16,E5043,E09000021,Kingston upon Thames,L,Library service,2423,2423000.0,RO5_2015-16_data_by_LA_-_Revision.xlsx,RO5 LA Data 2015-16,"row 354, column 89","Net Current Expenditure
 (C7 = C3 - C6)"
2015/16,E5044,E09000024,Merton,L,Archives,0,0.0,RO5_2015-16_data_by_LA_-_Revision.xlsx,RO5 LA Data 2015-16,"row 355, column 12","Net Current Expenditure
 (C7 = C3 - C6)"
2015/16,E5044,E09000024,Merton,L,Arts development and support,122.32699999999998,122326.99999999999,RO5_2015-16_data_by_LA_-_Revision.xlsx,RO5 LA Data 2015-16,"row 355, column 19","Net Current Expenditure
 (C7 = C3 - C6)"
2015/16,E5044,E09000024,Merton,L,Heritage,32.322,32322.000000000004,RO5_2015-16_data_by_LA_-_Revision.xlsx,RO5 LA Data 2015-16,"row 355, column 26","Net Current Expenditure
 (C7 = C3 - C6)"
2015/16,E5044,E09000024,Merton,L,Museums and galleries,30.87,30870.0,RO5_2015-16_data_by_LA_-_Revision.xlsx,RO5 LA Data 2015-16,"row 355, column 33","Net Current Expenditure
 (C7 = C3 - C6)"
2015/16,E5044,E09000024,Merton,L,Theatres and public entertainment,108.083,108083.0,RO5_2015-16_data_by_LA_-_Revision.xlsx,RO5 LA Data 2015-16,"row 355, column 40","Net Current Expenditure
 (C7 = C3 - C6)"
2015/16,E5044,E09000024,Merton,L,Library service,2459.397,2459397.0,RO5_2015-16_data_by_LA_-_Revision.xlsx,RO5 LA Data 2015-16,"row 355, column 89","Net Current Expenditure
 (C7 = C3 - C6)"
2015/16,E5045,E09000025,Newham,L,Archives,0,0.0,RO5_2015-16_data_by_LA_-_Revision.xlsx,RO5 LA Data 2015-16,"row 356, column 12","Net Current Expenditure
 (C7 = C3 - C6)"
2015/16,E5045,E09000025,Newham,L,Arts development and support,156,156000.0,RO5_2015-16_data_by_LA_-_Revision.xlsx,RO5 LA Data 2015-16,"row 356, column 19","Net Current Expenditure
 (C7 = C3 - C6)"
2015/16,E5045,E09000025,Newham,L,Heritage,160,160000.0,RO5_2015-16_data_by_LA_-_Revision.xlsx,RO5 LA Data 2015-16,"row 356, column 26","Net Current Expenditure
 (C7 = C3 - C6)"
2015/16,E5045,E09000025,Newham,L,Museums and galleries,0,0.0,RO5_2015-16_data_by_LA_-_Revision.xlsx,RO5 LA Data 2015-16,"row 356, column 33","Net Current Expenditure
 (C7 = C3 - C6)"
2015/16,E5045,E09000025,Newham,L,Theatres and public entertainment,0,0.0,RO5_2015-16_data_by_LA_-_Revision.xlsx,RO5 LA Data 2015-16,"row 356, column 40","Net Current Expenditure
 (C7 = C3 - C6)"
2015/16,E5045,E09000025,Newham,L,Library service,8966,8966000.0,RO5_2015-16_data_by_LA_-_Revision.xlsx,RO5 LA Data 2015-16,"row 356, column 89","Net Current Expenditure
 (C7 = C3 - C6)"
2015/16,E5046,E09000026,Redbridge,L,Archives,15,15000.0,RO5_2015-16_data_by_LA_-_Revision.xlsx,RO5 LA Data 2015-16,"row 357, column 12","Net Current Expenditure
 (C7 = C3 - C6)"
2015/16,E5046,E09000026,Redbridge,L,Arts development and support,116,116000.0,RO5_2015-16_data_by_LA_-_Revision.xlsx,RO5 LA Data 2015-16,"row 357, column 19","Net Current Expenditure
 (C7 = C3 - C6)"
2015/16,E5046,E09000026,Redbridge,L,Heritage,309,309000.0,RO5_2015-16_data_by_LA_-_Revision.xlsx,RO5 LA Data 2015-16,"row 357, column 26","Net Current Expenditure
 (C7 = C3 - C6)"
2015/16,E5046,E09000026,Redbridge,L,Museums and galleries,143,143000.0,RO5_2015-16_data_by_LA_-_Revision.xlsx,RO5 LA Data 2015-16,"row 357, column 33","Net Current Expenditure
 (C7 = C3 - C6)"
2015/16,E5046,E09000026,Redbridge,L,Theatres and public entertainment,196,196000.0,RO5_2015-16_data_by_LA_-_Revision.xlsx,RO5 LA Data 2015-16,"row 357, column 40","Net Current Expenditure
 (C7 = C3 - C6)"
2015/16,E5046,E09000026,Redbridge,L,Library service,2793,2793000.0,RO5_2015-16_data_by_LA_-_Revision.xlsx,RO5 LA Data 2015-16,"row 357, column 89","Net Current Expenditure
 (C7 = C3 - C6)"
2015/16,E5047,E09000027,Richmond upon Thames,L,Archives,0,0.0,RO5_2015-16_data_by_LA_-_Revision.xlsx,RO5 LA Data 2015-16,"row 358, column 12","Net Current Expenditure
 (C7 = C3 - C6)"
2015/16,E5047,E09000027,Richmond upon Thames,L,Arts development and support,704,704000.0,RO5_2015-16_data_by_LA_-_Revision.xlsx,RO5 LA Data 2015-16,"row 358, column 19","Net Current Expenditure
 (C7 = C3 - C6)"
2015/16,E5047,E09000027,Richmond upon Thames,L,Heritage,2,2000.0,RO5_2015-16_data_by_LA_-_Revision.xlsx,RO5 LA Data 2015-16,"row 358, column 26","Net Current Expenditure
 (C7 = C3 - C6)"
2015/16,E5047,E09000027,Richmond upon Thames,L,Museums and galleries,805,805000.0,RO5_2015-16_data_by_LA_-_Revision.xlsx,RO5 LA Data 2015-16,"row 358, column 33","Net Current Expenditure
 (C7 = C3 - C6)"
2015/16,E5047,E09000027,Richmond upon Thames,L,Theatres and public entertainment,128,128000.0,RO5_2015-16_data_by_LA_-_Revision.xlsx,RO5 LA Data 2015-16,"row 358, column 40","Net Current Expenditure
 (C7 = C3 - C6)"
2015/16,E5047,E09000027,Richmond upon Thames,L,Library service,5058,5058000.0,RO5_2015-16_data_by_LA_-_Revision.xlsx,RO5 LA Data 2015-16,"row 358, column 89","Net Current Expenditure
 (C7 = C3 - C6)"
2015/16,E5048,E09000029,Sutton,L,Archives,42,42000.0,RO5_2015-16_data_by_LA_-_Revision.xlsx,RO5 LA Data 2015-16,"row 359, column 12","Net Current Expenditure
 (C7 = C3 - C6)"
2015/16,E5048,E09000029,Sutton,L,Arts development and support,40,40000.0,RO5_2015-16_data_by_LA_-_Revision.xlsx,RO5 LA Data 2015-16,"row 359, column 19","Net Current Expenditure
 (C7 = C3 - C6)"
2015/16,E5048,E09000029,Sutton,L,Heritage,375,375000.0,RO5_2015-16_data_by_LA_-_Revision.xlsx,RO5 LA Data 2015-16,"row 359, column 26","Net Current Expenditure
 (C7 = C3 - C6)"
2015/16,E5048,E09000029,Sutton,L,Museums and galleries,0,0.0,RO5_2015-16_data_by_LA_-_Revision.xlsx,RO5 LA Data 2015-16,"row 359, column 33","Net Current Expenditure
 (C7 = C3 - C6)"
2015/16,E5048,E09000029,Sutton,L,Theatres and public entertainment,372,372000.0,RO5_2015-16_data_by_LA_-_Revision.xlsx,RO5 LA Data 2015-16,"row 359, column 40","Net Current Expenditure
 (C7 = C3 - C6)"
2015/16,E5048,E09000029,Sutton,L,Library service,3760,3760000.0,RO5_2015-16_data_by_LA_-_Revision.xlsx,RO5 LA Data 2015-16,"row 359, column 89","Net Current Expenditure
 (C7 = C3 - C6)"
2015/16,E5049,E09000031,Waltham Forest,L,Archives,48,48000.0,RO5_2015-16_data_by_LA_-_Revision.xlsx,RO5 LA Data 2015-16,"row 360, column 12","Net Current Expenditure
 (C7 = C3 - C6)"
2015/16,E5049,E09000031,Waltham Forest,L,Arts development and support,308,308000.0,RO5_2015-16_data_by_LA_-_Revision.xlsx,RO5 LA Data 2015-16,"row 360, column 19","Net Current Expenditure
 (C7 = C3 - C6)"
2015/16,E5049,E09000031,Waltham Forest,L,Heritage,0,0.0,RO5_2015-16_data_by_LA_-_Revision.xlsx,RO5 LA Data 2015-16,"row 360, column 26","Net Current Expenditure
 (C7 = C3 - C6)"
2015/16,E5049,E09000031,Waltham Forest,L,Museums and galleries,603,603000.0,RO5_2015-16_data_by_LA_-_Revision.xlsx,RO5 LA Data 2015-16,"row 360, column 33","Net Current Expenditure
 (C7 = C3 - C6)"
2015/16,E5049,E09000031,Waltham Forest,L,Theatres and public entertainment,654,654000.0,RO5_2015-16_data_by_LA_-_Revision.xlsx,RO5 LA Data 2015-16,"row 360, column 40","Net Current Expenditure
 (C7 = C3 - C6)"
2015/16,E5049,E09000031,Waltham Forest,L,Library service,3229,3229000.0,RO5_2015-16_data_by_LA_-_Revision.xlsx,RO5 LA Data 2015-16,"row 360, column 89","Net Current Expenditure
 (C7 = C3 - C6)"
2015/16,E5100,E12000007,Greater London Authority,O,Archives,0,0.0,RO5_2015-16_data_by_LA_-_Revision.xlsx,RO5 LA Data 2015-16,"row 361, column 12","Net Current Expenditure
 (C7 = C3 - C6)"
2015/16,E5100,E12000007,Greater London Authority,O,Arts development and support,4362,4362000.0,RO5_2015-16_data_by_LA_-_Revision.xlsx,RO5 LA Data 2015-16,"row 361, column 19","Net Current Expenditure
 (C7 = C3 - C6)"
2015/16,E5100,E12000007,Greater London Authority,O,Heritage,12,12000.0,RO5_2015-16_data_by_LA_-_Revision.xlsx,RO5 LA Data 2015-16,"row 361, column 26","Net Current Expenditure
 (C7 = C3 - C6)"
2015/16,E5100,E12000007,Greater London Authority,O,Museums and galleries,7800,7800000.0,RO5_2015-16_data_by_LA_-_Revision.xlsx,RO5 LA Data 2015-16,"row 361, column 33","Net Current Expenditure
 (C7 = C3 - C6)"
2015/16,E5100,E12000007,Greater London Authority,O,Theatres and public entertainment,0,0.0,RO5_2015-16_data_by_LA_-_Revision.xlsx,RO5 LA Data 2015-16,"row 361, column 40","Net Current Expenditure
 (C7 = C3 - C6)"
2015/16,E5100,E12000007,Greater London Authority,O,Library service,0,0.0,RO5_2015-16_data_by_LA_-_Revision.xlsx,RO5 LA Data 2015-16,"row 361, column 89","Net Current Expenditure
 (C7 = C3 - C6)"
2015/16,E6101,E31000001,Avon Combined Fire and Rescue Authority,O,Archives,0,0.0,RO5_2015-16_data_by_LA_-_Revision.xlsx,RO5 LA Data 2015-16,"row 362, column 12","Net Current Expenditure
 (C7 = C3 - C6)"
2015/16,E6101,E31000001,Avon Combined Fire and Rescue Authority,O,Arts development and support,0,0.0,RO5_2015-16_data_by_LA_-_Revision.xlsx,RO5 LA Data 2015-16,"row 362, column 19","Net Current Expenditure
 (C7 = C3 - C6)"
2015/16,E6101,E31000001,Avon Combined Fire and Rescue Authority,O,Heritage,0,0.0,RO5_2015-16_data_by_LA_-_Revision.xlsx,RO5 LA Data 2015-16,"row 362, column 26","Net Current Expenditure
 (C7 = C3 - C6)"
2015/16,E6101,E31000001,Avon Combined Fire and Rescue Authority,O,Museums and galleries,0,0.0,RO5_2015-16_data_by_LA_-_Revision.xlsx,RO5 LA Data 2015-16,"row 362, column 33","Net Current Expenditure
 (C7 = C3 - C6)"
2015/16,E6101,E31000001,Avon Combined Fire and Rescue Authority,O,Theatres and public entertainment,0,0.0,RO5_2015-16_data_by_LA_-_Revision.xlsx,RO5 LA Data 2015-16,"row 362, column 40","Net Current Expenditure
 (C7 = C3 - C6)"
2015/16,E6101,E31000001,Avon Combined Fire and Rescue Authority,O,Library service,0,0.0,RO5_2015-16_data_by_LA_-_Revision.xlsx,RO5 LA Data 2015-16,"row 362, column 89","Net Current Expenditure
 (C7 = C3 - C6)"
2015/16,E6102,E31000002,Bedfordshire Combined Fire and Rescue Authority,O,Archives,0,0.0,RO5_2015-16_data_by_LA_-_Revision.xlsx,RO5 LA Data 2015-16,"row 363, column 12","Net Current Expenditure
 (C7 = C3 - C6)"
2015/16,E6102,E31000002,Bedfordshire Combined Fire and Rescue Authority,O,Arts development and support,0,0.0,RO5_2015-16_data_by_LA_-_Revision.xlsx,RO5 LA Data 2015-16,"row 363, column 19","Net Current Expenditure
 (C7 = C3 - C6)"
2015/16,E6102,E31000002,Bedfordshire Combined Fire and Rescue Authority,O,Heritage,0,0.0,RO5_2015-16_data_by_LA_-_Revision.xlsx,RO5 LA Data 2015-16,"row 363, column 26","Net Current Expenditure
 (C7 = C3 - C6)"
2015/16,E6102,E31000002,Bedfordshire Combined Fire and Rescue Authority,O,Museums and galleries,0,0.0,RO5_2015-16_data_by_LA_-_Revision.xlsx,RO5 LA Data 2015-16,"row 363, column 33","Net Current Expenditure
 (C7 = C3 - C6)"
2015/16,E6102,E31000002,Bedfordshire Combined Fire and Rescue Authority,O,Theatres and public entertainment,0,0.0,RO5_2015-16_data_by_LA_-_Revision.xlsx,RO5 LA Data 2015-16,"row 363, column 40","Net Current Expenditure
 (C7 = C3 - C6)"
2015/16,E6102,E31000002,Bedfordshire Combined Fire and Rescue Authority,O,Library service,0,0.0,RO5_2015-16_data_by_LA_-_Revision.xlsx,RO5 LA Data 2015-16,"row 363, column 89","Net Current Expenditure
 (C7 = C3 - C6)"
2015/16,E6103,E31000003,Berkshire Combined Fire and Rescue Authority,O,Archives,0,0.0,RO5_2015-16_data_by_LA_-_Revision.xlsx,RO5 LA Data 2015-16,"row 364, column 12","Net Current Expenditure
 (C7 = C3 - C6)"
2015/16,E6103,E31000003,Berkshire Combined Fire and Rescue Authority,O,Arts development and support,0,0.0,RO5_2015-16_data_by_LA_-_Revision.xlsx,RO5 LA Data 2015-16,"row 364, column 19","Net Current Expenditure
 (C7 = C3 - C6)"
2015/16,E6103,E31000003,Berkshire Combined Fire and Rescue Authority,O,Heritage,0,0.0,RO5_2015-16_data_by_LA_-_Revision.xlsx,RO5 LA Data 2015-16,"row 364, column 26","Net Current Expenditure
 (C7 = C3 - C6)"
2015/16,E6103,E31000003,Berkshire Combined Fire and Rescue Authority,O,Museums and galleries,0,0.0,RO5_2015-16_data_by_LA_-_Revision.xlsx,RO5 LA Data 2015-16,"row 364, column 33","Net Current Expenditure
 (C7 = C3 - C6)"
2015/16,E6103,E31000003,Berkshire Combined Fire and Rescue Authority,O,Theatres and public entertainment,0,0.0,RO5_2015-16_data_by_LA_-_Revision.xlsx,RO5 LA Data 2015-16,"row 364, column 40","Net Current Expenditure
 (C7 = C3 - C6)"
2015/16,E6103,E31000003,Berkshire Combined Fire and Rescue Authority,O,Library service,0,0.0,RO5_2015-16_data_by_LA_-_Revision.xlsx,RO5 LA Data 2015-16,"row 364, column 89","Net Current Expenditure
 (C7 = C3 - C6)"
2015/16,E6104,E31000004,Buckinghamshire Combined Fire and Rescue Authority,O,Archives,0,0.0,RO5_2015-16_data_by_LA_-_Revision.xlsx,RO5 LA Data 2015-16,"row 365, column 12","Net Current Expenditure
 (C7 = C3 - C6)"
2015/16,E6104,E31000004,Buckinghamshire Combined Fire and Rescue Authority,O,Arts development and support,0,0.0,RO5_2015-16_data_by_LA_-_Revision.xlsx,RO5 LA Data 2015-16,"row 365, column 19","Net Current Expenditure
 (C7 = C3 - C6)"
2015/16,E6104,E31000004,Buckinghamshire Combined Fire and Rescue Authority,O,Heritage,0,0.0,RO5_2015-16_data_by_LA_-_Revision.xlsx,RO5 LA Data 2015-16,"row 365, column 26","Net Current Expenditure
 (C7 = C3 - C6)"
2015/16,E6104,E31000004,Buckinghamshire Combined Fire and Rescue Authority,O,Museums and galleries,0,0.0,RO5_2015-16_data_by_LA_-_Revision.xlsx,RO5 LA Data 2015-16,"row 365, column 33","Net Current Expenditure
 (C7 = C3 - C6)"
2015/16,E6104,E31000004,Buckinghamshire Combined Fire and Rescue Authority,O,Theatres and public entertainment,0,0.0,RO5_2015-16_data_by_LA_-_Revision.xlsx,RO5 LA Data 2015-16,"row 365, column 40","Net Current Expenditure
 (C7 = C3 - C6)"
2015/16,E6104,E31000004,Buckinghamshire Combined Fire and Rescue Authority,O,Library service,0,0.0,RO5_2015-16_data_by_LA_-_Revision.xlsx,RO5 LA Data 2015-16,"row 365, column 89","Net Current Expenditure
 (C7 = C3 - C6)"
2015/16,E6105,E31000005,Cambridgeshire Combined Fire and Rescue Authority,O,Archives,0,0.0,RO5_2015-16_data_by_LA_-_Revision.xlsx,RO5 LA Data 2015-16,"row 366, column 12","Net Current Expenditure
 (C7 = C3 - C6)"
2015/16,E6105,E31000005,Cambridgeshire Combined Fire and Rescue Authority,O,Arts development and support,0,0.0,RO5_2015-16_data_by_LA_-_Revision.xlsx,RO5 LA Data 2015-16,"row 366, column 19","Net Current Expenditure
 (C7 = C3 - C6)"
2015/16,E6105,E31000005,Cambridgeshire Combined Fire and Rescue Authority,O,Heritage,0,0.0,RO5_2015-16_data_by_LA_-_Revision.xlsx,RO5 LA Data 2015-16,"row 366, column 26","Net Current Expenditure
 (C7 = C3 - C6)"
2015/16,E6105,E31000005,Cambridgeshire Combined Fire and Rescue Authority,O,Museums and galleries,0,0.0,RO5_2015-16_data_by_LA_-_Revision.xlsx,RO5 LA Data 2015-16,"row 366, column 33","Net Current Expenditure
 (C7 = C3 - C6)"
2015/16,E6105,E31000005,Cambridgeshire Combined Fire and Rescue Authority,O,Theatres and public entertainment,0,0.0,RO5_2015-16_data_by_LA_-_Revision.xlsx,RO5 LA Data 2015-16,"row 366, column 40","Net Current Expenditure
 (C7 = C3 - C6)"
2015/16,E6105,E31000005,Cambridgeshire Combined Fire and Rescue Authority,O,Library service,0,0.0,RO5_2015-16_data_by_LA_-_Revision.xlsx,RO5 LA Data 2015-16,"row 366, column 89","Net Current Expenditure
 (C7 = C3 - C6)"
2015/16,E6106,E31000006,Cheshire Combined Fire and Rescue Authority,O,Archives,0,0.0,RO5_2015-16_data_by_LA_-_Revision.xlsx,RO5 LA Data 2015-16,"row 367, column 12","Net Current Expenditure
 (C7 = C3 - C6)"
2015/16,E6106,E31000006,Cheshire Combined Fire and Rescue Authority,O,Arts development and support,0,0.0,RO5_2015-16_data_by_LA_-_Revision.xlsx,RO5 LA Data 2015-16,"row 367, column 19","Net Current Expenditure
 (C7 = C3 - C6)"
2015/16,E6106,E31000006,Cheshire Combined Fire and Rescue Authority,O,Heritage,0,0.0,RO5_2015-16_data_by_LA_-_Revision.xlsx,RO5 LA Data 2015-16,"row 367, column 26","Net Current Expenditure
 (C7 = C3 - C6)"
2015/16,E6106,E31000006,Cheshire Combined Fire and Rescue Authority,O,Museums and galleries,0,0.0,RO5_2015-16_data_by_LA_-_Revision.xlsx,RO5 LA Data 2015-16,"row 367, column 33","Net Current Expenditure
 (C7 = C3 - C6)"
2015/16,E6106,E31000006,Cheshire Combined Fire and Rescue Authority,O,Theatres and public entertainment,0,0.0,RO5_2015-16_data_by_LA_-_Revision.xlsx,RO5 LA Data 2015-16,"row 367, column 40","Net Current Expenditure
 (C7 = C3 - C6)"
2015/16,E6106,E31000006,Cheshire Combined Fire and Rescue Authority,O,Library service,0,0.0,RO5_2015-16_data_by_LA_-_Revision.xlsx,RO5 LA Data 2015-16,"row 367, column 89","Net Current Expenditure
 (C7 = C3 - C6)"
2015/16,E6107,E31000007,Cleveland Combined Fire and Rescue Authority,O,Archives,0,0.0,RO5_2015-16_data_by_LA_-_Revision.xlsx,RO5 LA Data 2015-16,"row 368, column 12","Net Current Expenditure
 (C7 = C3 - C6)"
2015/16,E6107,E31000007,Cleveland Combined Fire and Rescue Authority,O,Arts development and support,0,0.0,RO5_2015-16_data_by_LA_-_Revision.xlsx,RO5 LA Data 2015-16,"row 368, column 19","Net Current Expenditure
 (C7 = C3 - C6)"
2015/16,E6107,E31000007,Cleveland Combined Fire and Rescue Authority,O,Heritage,0,0.0,RO5_2015-16_data_by_LA_-_Revision.xlsx,RO5 LA Data 2015-16,"row 368, column 26","Net Current Expenditure
 (C7 = C3 - C6)"
2015/16,E6107,E31000007,Cleveland Combined Fire and Rescue Authority,O,Museums and galleries,0,0.0,RO5_2015-16_data_by_LA_-_Revision.xlsx,RO5 LA Data 2015-16,"row 368, column 33","Net Current Expenditure
 (C7 = C3 - C6)"
2015/16,E6107,E31000007,Cleveland Combined Fire and Rescue Authority,O,Theatres and public entertainment,0,0.0,RO5_2015-16_data_by_LA_-_Revision.xlsx,RO5 LA Data 2015-16,"row 368, column 40","Net Current Expenditure
 (C7 = C3 - C6)"
2015/16,E6107,E31000007,Cleveland Combined Fire and Rescue Authority,O,Library service,0,0.0,RO5_2015-16_data_by_LA_-_Revision.xlsx,RO5 LA Data 2015-16,"row 368, column 89","Net Current Expenditure
 (C7 = C3 - C6)"
2015/16,E6110,E31000010,Derbyshire Combined Fire and Rescue Authority,O,Archives,0,0.0,RO5_2015-16_data_by_LA_-_Revision.xlsx,RO5 LA Data 2015-16,"row 369, column 12","Net Current Expenditure
 (C7 = C3 - C6)"
2015/16,E6110,E31000010,Derbyshire Combined Fire and Rescue Authority,O,Arts development and support,0,0.0,RO5_2015-16_data_by_LA_-_Revision.xlsx,RO5 LA Data 2015-16,"row 369, column 19","Net Current Expenditure
 (C7 = C3 - C6)"
2015/16,E6110,E31000010,Derbyshire Combined Fire and Rescue Authority,O,Heritage,0,0.0,RO5_2015-16_data_by_LA_-_Revision.xlsx,RO5 LA Data 2015-16,"row 369, column 26","Net Current Expenditure
 (C7 = C3 - C6)"
2015/16,E6110,E31000010,Derbyshire Combined Fire and Rescue Authority,O,Museums and galleries,0,0.0,RO5_2015-16_data_by_LA_-_Revision.xlsx,RO5 LA Data 2015-16,"row 369, column 33","Net Current Expenditure
 (C7 = C3 - C6)"
2015/16,E6110,E31000010,Derbyshire Combined Fire and Rescue Authority,O,Theatres and public entertainment,0,0.0,RO5_2015-16_data_by_LA_-_Revision.xlsx,RO5 LA Data 2015-16,"row 369, column 40","Net Current Expenditure
 (C7 = C3 - C6)"
2015/16,E6110,E31000010,Derbyshire Combined Fire and Rescue Authority,O,Library service,0,0.0,RO5_2015-16_data_by_LA_-_Revision.xlsx,RO5 LA Data 2015-16,"row 369, column 89","Net Current Expenditure
 (C7 = C3 - C6)"
2015/16,E6112,E31000012,Dorset Combined Fire and Rescue Authority,O,Archives,0,0.0,RO5_2015-16_data_by_LA_-_Revision.xlsx,RO5 LA Data 2015-16,"row 370, column 12","Net Current Expenditure
 (C7 = C3 - C6)"
2015/16,E6112,E31000012,Dorset Combined Fire and Rescue Authority,O,Arts development and support,0,0.0,RO5_2015-16_data_by_LA_-_Revision.xlsx,RO5 LA Data 2015-16,"row 370, column 19","Net Current Expenditure
 (C7 = C3 - C6)"
2015/16,E6112,E31000012,Dorset Combined Fire and Rescue Authority,O,Heritage,0,0.0,RO5_2015-16_data_by_LA_-_Revision.xlsx,RO5 LA Data 2015-16,"row 370, column 26","Net Current Expenditure
 (C7 = C3 - C6)"
2015/16,E6112,E31000012,Dorset Combined Fire and Rescue Authority,O,Museums and galleries,0,0.0,RO5_2015-16_data_by_LA_-_Revision.xlsx,RO5 LA Data 2015-16,"row 370, column 33","Net Current Expenditure
 (C7 = C3 - C6)"
2015/16,E6112,E31000012,Dorset Combined Fire and Rescue Authority,O,Theatres and public entertainment,0,0.0,RO5_2015-16_data_by_LA_-_Revision.xlsx,RO5 LA Data 2015-16,"row 370, column 40","Net Current Expenditure
 (C7 = C3 - C6)"
2015/16,E6112,E31000012,Dorset Combined Fire and Rescue Authority,O,Library service,0,0.0,RO5_2015-16_data_by_LA_-_Revision.xlsx,RO5 LA Data 2015-16,"row 370, column 89","Net Current Expenditure
 (C7 = C3 - C6)"
2015/16,E6113,E31000013,Durham Combined Fire and Rescue Authority,O,Archives,0,0.0,RO5_2015-16_data_by_LA_-_Revision.xlsx,RO5 LA Data 2015-16,"row 371, column 12","Net Current Expenditure
 (C7 = C3 - C6)"
2015/16,E6113,E31000013,Durham Combined Fire and Rescue Authority,O,Arts development and support,0,0.0,RO5_2015-16_data_by_LA_-_Revision.xlsx,RO5 LA Data 2015-16,"row 371, column 19","Net Current Expenditure
 (C7 = C3 - C6)"
2015/16,E6113,E31000013,Durham Combined Fire and Rescue Authority,O,Heritage,0,0.0,RO5_2015-16_data_by_LA_-_Revision.xlsx,RO5 LA Data 2015-16,"row 371, column 26","Net Current Expenditure
 (C7 = C3 - C6)"
2015/16,E6113,E31000013,Durham Combined Fire and Rescue Authority,O,Museums and galleries,0,0.0,RO5_2015-16_data_by_LA_-_Revision.xlsx,RO5 LA Data 2015-16,"row 371, column 33","Net Current Expenditure
 (C7 = C3 - C6)"
2015/16,E6113,E31000013,Durham Combined Fire and Rescue Authority,O,Theatres and public entertainment,0,0.0,RO5_2015-16_data_by_LA_-_Revision.xlsx,RO5 LA Data 2015-16,"row 371, column 40","Net Current Expenditure
 (C7 = C3 - C6)"
2015/16,E6113,E31000013,Durham Combined Fire and Rescue Authority,O,Library service,0,0.0,RO5_2015-16_data_by_LA_-_Revision.xlsx,RO5 LA Data 2015-16,"row 371, column 89","Net Current Expenditure
 (C7 = C3 - C6)"
2015/16,E6114,E31000014,East Sussex Combined Fire and Rescue Authority,O,Archives,0,0.0,RO5_2015-16_data_by_LA_-_Revision.xlsx,RO5 LA Data 2015-16,"row 372, column 12","Net Current Expenditure
 (C7 = C3 - C6)"
2015/16,E6114,E31000014,East Sussex Combined Fire and Rescue Authority,O,Arts development and support,0,0.0,RO5_2015-16_data_by_LA_-_Revision.xlsx,RO5 LA Data 2015-16,"row 372, column 19","Net Current Expenditure
 (C7 = C3 - C6)"
2015/16,E6114,E31000014,East Sussex Combined Fire and Rescue Authority,O,Heritage,0,0.0,RO5_2015-16_data_by_LA_-_Revision.xlsx,RO5 LA Data 2015-16,"row 372, column 26","Net Current Expenditure
 (C7 = C3 - C6)"
2015/16,E6114,E31000014,East Sussex Combined Fire and Rescue Authority,O,Museums and galleries,0,0.0,RO5_2015-16_data_by_LA_-_Revision.xlsx,RO5 LA Data 2015-16,"row 372, column 33","Net Current Expenditure
 (C7 = C3 - C6)"
2015/16,E6114,E31000014,East Sussex Combined Fire and Rescue Authority,O,Theatres and public entertainment,0,0.0,RO5_2015-16_data_by_LA_-_Revision.xlsx,RO5 LA Data 2015-16,"row 372, column 40","Net Current Expenditure
 (C7 = C3 - C6)"
2015/16,E6114,E31000014,East Sussex Combined Fire and Rescue Authority,O,Library service,0,0.0,RO5_2015-16_data_by_LA_-_Revision.xlsx,RO5 LA Data 2015-16,"row 372, column 89","Net Current Expenditure
 (C7 = C3 - C6)"
2015/16,E6115,E31000015,Essex Combined Fire and Rescue Authority,O,Archives,0,0.0,RO5_2015-16_data_by_LA_-_Revision.xlsx,RO5 LA Data 2015-16,"row 373, column 12","Net Current Expenditure
 (C7 = C3 - C6)"
2015/16,E6115,E31000015,Essex Combined Fire and Rescue Authority,O,Arts development and support,0,0.0,RO5_2015-16_data_by_LA_-_Revision.xlsx,RO5 LA Data 2015-16,"row 373, column 19","Net Current Expenditure
 (C7 = C3 - C6)"
2015/16,E6115,E31000015,Essex Combined Fire and Rescue Authority,O,Heritage,0,0.0,RO5_2015-16_data_by_LA_-_Revision.xlsx,RO5 LA Data 2015-16,"row 373, column 26","Net Current Expenditure
 (C7 = C3 - C6)"
2015/16,E6115,E31000015,Essex Combined Fire and Rescue Authority,O,Museums and galleries,0,0.0,RO5_2015-16_data_by_LA_-_Revision.xlsx,RO5 LA Data 2015-16,"row 373, column 33","Net Current Expenditure
 (C7 = C3 - C6)"
2015/16,E6115,E31000015,Essex Combined Fire and Rescue Authority,O,Theatres and public entertainment,0,0.0,RO5_2015-16_data_by_LA_-_Revision.xlsx,RO5 LA Data 2015-16,"row 373, column 40","Net Current Expenditure
 (C7 = C3 - C6)"
2015/16,E6115,E31000015,Essex Combined Fire and Rescue Authority,O,Library service,0,0.0,RO5_2015-16_data_by_LA_-_Revision.xlsx,RO5 LA Data 2015-16,"row 373, column 89","Net Current Expenditure
 (C7 = C3 - C6)"
2015/16,E6117,E31000017,Hampshire Combined Fire and Rescue Authority,O,Archives,0,0.0,RO5_2015-16_data_by_LA_-_Revision.xlsx,RO5 LA Data 2015-16,"row 374, column 12","Net Current Expenditure
 (C7 = C3 - C6)"
2015/16,E6117,E31000017,Hampshire Combined Fire and Rescue Authority,O,Arts development and support,0,0.0,RO5_2015-16_data_by_LA_-_Revision.xlsx,RO5 LA Data 2015-16,"row 374, column 19","Net Current Expenditure
 (C7 = C3 - C6)"
2015/16,E6117,E31000017,Hampshire Combined Fire and Rescue Authority,O,Heritage,0,0.0,RO5_2015-16_data_by_LA_-_Revision.xlsx,RO5 LA Data 2015-16,"row 374, column 26","Net Current Expenditure
 (C7 = C3 - C6)"
2015/16,E6117,E31000017,Hampshire Combined Fire and Rescue Authority,O,Museums and galleries,0,0.0,RO5_2015-16_data_by_LA_-_Revision.xlsx,RO5 LA Data 2015-16,"row 374, column 33","Net Current Expenditure
 (C7 = C3 - C6)"
2015/16,E6117,E31000017,Hampshire Combined Fire and Rescue Authority,O,Theatres and public entertainment,0,0.0,RO5_2015-16_data_by_LA_-_Revision.xlsx,RO5 LA Data 2015-16,"row 374, column 40","Net Current Expenditure
 (C7 = C3 - C6)"
2015/16,E6117,E31000017,Hampshire Combined Fire and Rescue Authority,O,Library service,0,0.0,RO5_2015-16_data_by_LA_-_Revision.xlsx,RO5 LA Data 2015-16,"row 374, column 89","Net Current Expenditure
 (C7 = C3 - C6)"
2015/16,E6118,E31000018,Hereford & Worcester Combined Fire and Rescue Authority,O,Archives,0,0.0,RO5_2015-16_data_by_LA_-_Revision.xlsx,RO5 LA Data 2015-16,"row 375, column 12","Net Current Expenditure
 (C7 = C3 - C6)"
2015/16,E6118,E31000018,Hereford & Worcester Combined Fire and Rescue Authority,O,Arts development and support,0,0.0,RO5_2015-16_data_by_LA_-_Revision.xlsx,RO5 LA Data 2015-16,"row 375, column 19","Net Current Expenditure
 (C7 = C3 - C6)"
2015/16,E6118,E31000018,Hereford & Worcester Combined Fire and Rescue Authority,O,Heritage,0,0.0,RO5_2015-16_data_by_LA_-_Revision.xlsx,RO5 LA Data 2015-16,"row 375, column 26","Net Current Expenditure
 (C7 = C3 - C6)"
2015/16,E6118,E31000018,Hereford & Worcester Combined Fire and Rescue Authority,O,Museums and galleries,0,0.0,RO5_2015-16_data_by_LA_-_Revision.xlsx,RO5 LA Data 2015-16,"row 375, column 33","Net Current Expenditure
 (C7 = C3 - C6)"
2015/16,E6118,E31000018,Hereford & Worcester Combined Fire and Rescue Authority,O,Theatres and public entertainment,0,0.0,RO5_2015-16_data_by_LA_-_Revision.xlsx,RO5 LA Data 2015-16,"row 375, column 40","Net Current Expenditure
 (C7 = C3 - C6)"
2015/16,E6118,E31000018,Hereford & Worcester Combined Fire and Rescue Authority,O,Library service,0,0.0,RO5_2015-16_data_by_LA_-_Revision.xlsx,RO5 LA Data 2015-16,"row 375, column 89","Net Current Expenditure
 (C7 = C3 - C6)"
2015/16,E6120,E31000020,Humberside Combined Fire and Rescue Authority,O,Archives,0,0.0,RO5_2015-16_data_by_LA_-_Revision.xlsx,RO5 LA Data 2015-16,"row 376, column 12","Net Current Expenditure
 (C7 = C3 - C6)"
2015/16,E6120,E31000020,Humberside Combined Fire and Rescue Authority,O,Arts development and support,0,0.0,RO5_2015-16_data_by_LA_-_Revision.xlsx,RO5 LA Data 2015-16,"row 376, column 19","Net Current Expenditure
 (C7 = C3 - C6)"
2015/16,E6120,E31000020,Humberside Combined Fire and Rescue Authority,O,Heritage,0,0.0,RO5_2015-16_data_by_LA_-_Revision.xlsx,RO5 LA Data 2015-16,"row 376, column 26","Net Current Expenditure
 (C7 = C3 - C6)"
2015/16,E6120,E31000020,Humberside Combined Fire and Rescue Authority,O,Museums and galleries,0,0.0,RO5_2015-16_data_by_LA_-_Revision.xlsx,RO5 LA Data 2015-16,"row 376, column 33","Net Current Expenditure
 (C7 = C3 - C6)"
2015/16,E6120,E31000020,Humberside Combined Fire and Rescue Authority,O,Theatres and public entertainment,0,0.0,RO5_2015-16_data_by_LA_-_Revision.xlsx,RO5 LA Data 2015-16,"row 376, column 40","Net Current Expenditure
 (C7 = C3 - C6)"
2015/16,E6120,E31000020,Humberside Combined Fire and Rescue Authority,O,Library service,0,0.0,RO5_2015-16_data_by_LA_-_Revision.xlsx,RO5 LA Data 2015-16,"row 376, column 89","Net Current Expenditure
 (C7 = C3 - C6)"
2015/16,E6122,E31000022,Kent Combined Fire and Rescue Authority,O,Archives,0,0.0,RO5_2015-16_data_by_LA_-_Revision.xlsx,RO5 LA Data 2015-16,"row 377, column 12","Net Current Expenditure
 (C7 = C3 - C6)"
2015/16,E6122,E31000022,Kent Combined Fire and Rescue Authority,O,Arts development and support,0,0.0,RO5_2015-16_data_by_LA_-_Revision.xlsx,RO5 LA Data 2015-16,"row 377, column 19","Net Current Expenditure
 (C7 = C3 - C6)"
2015/16,E6122,E31000022,Kent Combined Fire and Rescue Authority,O,Heritage,0,0.0,RO5_2015-16_data_by_LA_-_Revision.xlsx,RO5 LA Data 2015-16,"row 377, column 26","Net Current Expenditure
 (C7 = C3 - C6)"
2015/16,E6122,E31000022,Kent Combined Fire and Rescue Authority,O,Museums and galleries,0,0.0,RO5_2015-16_data_by_LA_-_Revision.xlsx,RO5 LA Data 2015-16,"row 377, column 33","Net Current Expenditure
 (C7 = C3 - C6)"
2015/16,E6122,E31000022,Kent Combined Fire and Rescue Authority,O,Theatres and public entertainment,0,0.0,RO5_2015-16_data_by_LA_-_Revision.xlsx,RO5 LA Data 2015-16,"row 377, column 40","Net Current Expenditure
 (C7 = C3 - C6)"
2015/16,E6122,E31000022,Kent Combined Fire and Rescue Authority,O,Library service,0,0.0,RO5_2015-16_data_by_LA_-_Revision.xlsx,RO5 LA Data 2015-16,"row 377, column 89","Net Current Expenditure
 (C7 = C3 - C6)"
2015/16,E6123,E31000023,Lancashire Combined Fire and Rescue Authority,O,Archives,0,0.0,RO5_2015-16_data_by_LA_-_Revision.xlsx,RO5 LA Data 2015-16,"row 378, column 12","Net Current Expenditure
 (C7 = C3 - C6)"
2015/16,E6123,E31000023,Lancashire Combined Fire and Rescue Authority,O,Arts development and support,0,0.0,RO5_2015-16_data_by_LA_-_Revision.xlsx,RO5 LA Data 2015-16,"row 378, column 19","Net Current Expenditure
 (C7 = C3 - C6)"
2015/16,E6123,E31000023,Lancashire Combined Fire and Rescue Authority,O,Heritage,0,0.0,RO5_2015-16_data_by_LA_-_Revision.xlsx,RO5 LA Data 2015-16,"row 378, column 26","Net Current Expenditure
 (C7 = C3 - C6)"
2015/16,E6123,E31000023,Lancashire Combined Fire and Rescue Authority,O,Museums and galleries,0,0.0,RO5_2015-16_data_by_LA_-_Revision.xlsx,RO5 LA Data 2015-16,"row 378, column 33","Net Current Expenditure
 (C7 = C3 - C6)"
2015/16,E6123,E31000023,Lancashire Combined Fire and Rescue Authority,O,Theatres and public entertainment,0,0.0,RO5_2015-16_data_by_LA_-_Revision.xlsx,RO5 LA Data 2015-16,"row 378, column 40","Net Current Expenditure
 (C7 = C3 - C6)"
2015/16,E6123,E31000023,Lancashire Combined Fire and Rescue Authority,O,Library service,0,0.0,RO5_2015-16_data_by_LA_-_Revision.xlsx,RO5 LA Data 2015-16,"row 378, column 89","Net Current Expenditure
 (C7 = C3 - C6)"
2015/16,E6124,E31000024,Leicestershire Combined Fire and Rescue Authority,O,Archives,0,0.0,RO5_2015-16_data_by_LA_-_Revision.xlsx,RO5 LA Data 2015-16,"row 379, column 12","Net Current Expenditure
 (C7 = C3 - C6)"
2015/16,E6124,E31000024,Leicestershire Combined Fire and Rescue Authority,O,Arts development and support,0,0.0,RO5_2015-16_data_by_LA_-_Revision.xlsx,RO5 LA Data 2015-16,"row 379, column 19","Net Current Expenditure
 (C7 = C3 - C6)"
2015/16,E6124,E31000024,Leicestershire Combined Fire and Rescue Authority,O,Heritage,0,0.0,RO5_2015-16_data_by_LA_-_Revision.xlsx,RO5 LA Data 2015-16,"row 379, column 26","Net Current Expenditure
 (C7 = C3 - C6)"
2015/16,E6124,E31000024,Leicestershire Combined Fire and Rescue Authority,O,Museums and galleries,0,0.0,RO5_2015-16_data_by_LA_-_Revision.xlsx,RO5 LA Data 2015-16,"row 379, column 33","Net Current Expenditure
 (C7 = C3 - C6)"
2015/16,E6124,E31000024,Leicestershire Combined Fire and Rescue Authority,O,Theatres and public entertainment,0,0.0,RO5_2015-16_data_by_LA_-_Revision.xlsx,RO5 LA Data 2015-16,"row 379, column 40","Net Current Expenditure
 (C7 = C3 - C6)"
2015/16,E6124,E31000024,Leicestershire Combined Fire and Rescue Authority,O,Library service,0,0.0,RO5_2015-16_data_by_LA_-_Revision.xlsx,RO5 LA Data 2015-16,"row 379, column 89","Net Current Expenditure
 (C7 = C3 - C6)"
2015/16,E6127,E31000027,North Yorkshire Combined Fire and Rescue Authority,O,Archives,0,0.0,RO5_2015-16_data_by_LA_-_Revision.xlsx,RO5 LA Data 2015-16,"row 380, column 12","Net Current Expenditure
 (C7 = C3 - C6)"
2015/16,E6127,E31000027,North Yorkshire Combined Fire and Rescue Authority,O,Arts development and support,0,0.0,RO5_2015-16_data_by_LA_-_Revision.xlsx,RO5 LA Data 2015-16,"row 380, column 19","Net Current Expenditure
 (C7 = C3 - C6)"
2015/16,E6127,E31000027,North Yorkshire Combined Fire and Rescue Authority,O,Heritage,0,0.0,RO5_2015-16_data_by_LA_-_Revision.xlsx,RO5 LA Data 2015-16,"row 380, column 26","Net Current Expenditure
 (C7 = C3 - C6)"
2015/16,E6127,E31000027,North Yorkshire Combined Fire and Rescue Authority,O,Museums and galleries,0,0.0,RO5_2015-16_data_by_LA_-_Revision.xlsx,RO5 LA Data 2015-16,"row 380, column 33","Net Current Expenditure
 (C7 = C3 - C6)"
2015/16,E6127,E31000027,North Yorkshire Combined Fire and Rescue Authority,O,Theatres and public entertainment,0,0.0,RO5_2015-16_data_by_LA_-_Revision.xlsx,RO5 LA Data 2015-16,"row 380, column 40","Net Current Expenditure
 (C7 = C3 - C6)"
2015/16,E6127,E31000027,North Yorkshire Combined Fire and Rescue Authority,O,Library service,0,0.0,RO5_2015-16_data_by_LA_-_Revision.xlsx,RO5 LA Data 2015-16,"row 380, column 89","Net Current Expenditure
 (C7 = C3 - C6)"
2015/16,E6130,E31000030,Nottinghamshire Combined Fire and Rescue Authority,O,Archives,0,0.0,RO5_2015-16_data_by_LA_-_Revision.xlsx,RO5 LA Data 2015-16,"row 381, column 12","Net Current Expenditure
 (C7 = C3 - C6)"
2015/16,E6130,E31000030,Nottinghamshire Combined Fire and Rescue Authority,O,Arts development and support,0,0.0,RO5_2015-16_data_by_LA_-_Revision.xlsx,RO5 LA Data 2015-16,"row 381, column 19","Net Current Expenditure
 (C7 = C3 - C6)"
2015/16,E6130,E31000030,Nottinghamshire Combined Fire and Rescue Authority,O,Heritage,0,0.0,RO5_2015-16_data_by_LA_-_Revision.xlsx,RO5 LA Data 2015-16,"row 381, column 26","Net Current Expenditure
 (C7 = C3 - C6)"
2015/16,E6130,E31000030,Nottinghamshire Combined Fire and Rescue Authority,O,Museums and galleries,0,0.0,RO5_2015-16_data_by_LA_-_Revision.xlsx,RO5 LA Data 2015-16,"row 381, column 33","Net Current Expenditure
 (C7 = C3 - C6)"
2015/16,E6130,E31000030,Nottinghamshire Combined Fire and Rescue Authority,O,Theatres and public entertainment,0,0.0,RO5_2015-16_data_by_LA_-_Revision.xlsx,RO5 LA Data 2015-16,"row 381, column 40","Net Current Expenditure
 (C7 = C3 - C6)"
2015/16,E6130,E31000030,Nottinghamshire Combined Fire and Rescue Authority,O,Library service,0,0.0,RO5_2015-16_data_by_LA_-_Revision.xlsx,RO5 LA Data 2015-16,"row 381, column 89","Net Current Expenditure
 (C7 = C3 - C6)"
2015/16,E6132,E31000032,Shropshire Combined Fire and Rescue Authority,O,Archives,0,0.0,RO5_2015-16_data_by_LA_-_Revision.xlsx,RO5 LA Data 2015-16,"row 382, column 12","Net Current Expenditure
 (C7 = C3 - C6)"
2015/16,E6132,E31000032,Shropshire Combined Fire and Rescue Authority,O,Arts development and support,0,0.0,RO5_2015-16_data_by_LA_-_Revision.xlsx,RO5 LA Data 2015-16,"row 382, column 19","Net Current Expenditure
 (C7 = C3 - C6)"
2015/16,E6132,E31000032,Shropshire Combined Fire and Rescue Authority,O,Heritage,0,0.0,RO5_2015-16_data_by_LA_-_Revision.xlsx,RO5 LA Data 2015-16,"row 382, column 26","Net Current Expenditure
 (C7 = C3 - C6)"
2015/16,E6132,E31000032,Shropshire Combined Fire and Rescue Authority,O,Museums and galleries,0,0.0,RO5_2015-16_data_by_LA_-_Revision.xlsx,RO5 LA Data 2015-16,"row 382, column 33","Net Current Expenditure
 (C7 = C3 - C6)"
2015/16,E6132,E31000032,Shropshire Combined Fire and Rescue Authority,O,Theatres and public entertainment,0,0.0,RO5_2015-16_data_by_LA_-_Revision.xlsx,RO5 LA Data 2015-16,"row 382, column 40","Net Current Expenditure
 (C7 = C3 - C6)"
2015/16,E6132,E31000032,Shropshire Combined Fire and Rescue Authority,O,Library service,0,0.0,RO5_2015-16_data_by_LA_-_Revision.xlsx,RO5 LA Data 2015-16,"row 382, column 89","Net Current Expenditure
 (C7 = C3 - C6)"
2015/16,E6134,E31000033,Staffordshire Combined Fire and Rescue Authority,O,Archives,0,0.0,RO5_2015-16_data_by_LA_-_Revision.xlsx,RO5 LA Data 2015-16,"row 383, column 12","Net Current Expenditure
 (C7 = C3 - C6)"
2015/16,E6134,E31000033,Staffordshire Combined Fire and Rescue Authority,O,Arts development and support,0,0.0,RO5_2015-16_data_by_LA_-_Revision.xlsx,RO5 LA Data 2015-16,"row 383, column 19","Net Current Expenditure
 (C7 = C3 - C6)"
2015/16,E6134,E31000033,Staffordshire Combined Fire and Rescue Authority,O,Heritage,0,0.0,RO5_2015-16_data_by_LA_-_Revision.xlsx,RO5 LA Data 2015-16,"row 383, column 26","Net Current Expenditure
 (C7 = C3 - C6)"
2015/16,E6134,E31000033,Staffordshire Combined Fire and Rescue Authority,O,Museums and galleries,0,0.0,RO5_2015-16_data_by_LA_-_Revision.xlsx,RO5 LA Data 2015-16,"row 383, column 33","Net Current Expenditure
 (C7 = C3 - C6)"
2015/16,E6134,E31000033,Staffordshire Combined Fire and Rescue Authority,O,Theatres and public entertainment,0,0.0,RO5_2015-16_data_by_LA_-_Revision.xlsx,RO5 LA Data 2015-16,"row 383, column 40","Net Current Expenditure
 (C7 = C3 - C6)"
2015/16,E6134,E31000033,Staffordshire Combined Fire and Rescue Authority,O,Library service,0,0.0,RO5_2015-16_data_by_LA_-_Revision.xlsx,RO5 LA Data 2015-16,"row 383, column 89","Net Current Expenditure
 (C7 = C3 - C6)"
2015/16,E6139,E31000038,Wiltshire Combined Fire and Rescue Authority,O,Archives,0,0.0,RO5_2015-16_data_by_LA_-_Revision.xlsx,RO5 LA Data 2015-16,"row 384, column 12","Net Current Expenditure
 (C7 = C3 - C6)"
2015/16,E6139,E31000038,Wiltshire Combined Fire and Rescue Authority,O,Arts development and support,0,0.0,RO5_2015-16_data_by_LA_-_Revision.xlsx,RO5 LA Data 2015-16,"row 384, column 19","Net Current Expenditure
 (C7 = C3 - C6)"
2015/16,E6139,E31000038,Wiltshire Combined Fire and Rescue Authority,O,Heritage,0,0.0,RO5_2015-16_data_by_LA_-_Revision.xlsx,RO5 LA Data 2015-16,"row 384, column 26","Net Current Expenditure
 (C7 = C3 - C6)"
2015/16,E6139,E31000038,Wiltshire Combined Fire and Rescue Authority,O,Museums and galleries,0,0.0,RO5_2015-16_data_by_LA_-_Revision.xlsx,RO5 LA Data 2015-16,"row 384, column 33","Net Current Expenditure
 (C7 = C3 - C6)"
2015/16,E6139,E31000038,Wiltshire Combined Fire and Rescue Authority,O,Theatres and public entertainment,0,0.0,RO5_2015-16_data_by_LA_-_Revision.xlsx,RO5 LA Data 2015-16,"row 384, column 40","Net Current Expenditure
 (C7 = C3 - C6)"
2015/16,E6139,E31000038,Wiltshire Combined Fire and Rescue Authority,O,Library service,0,0.0,RO5_2015-16_data_by_LA_-_Revision.xlsx,RO5 LA Data 2015-16,"row 384, column 89","Net Current Expenditure
 (C7 = C3 - C6)"
2015/16,E6142,E31000040,Greater Manchester Fire and Rescue Authority,O,Archives,0,0.0,RO5_2015-16_data_by_LA_-_Revision.xlsx,RO5 LA Data 2015-16,"row 385, column 12","Net Current Expenditure
 (C7 = C3 - C6)"
2015/16,E6142,E31000040,Greater Manchester Fire and Rescue Authority,O,Arts development and support,0,0.0,RO5_2015-16_data_by_LA_-_Revision.xlsx,RO5 LA Data 2015-16,"row 385, column 19","Net Current Expenditure
 (C7 = C3 - C6)"
2015/16,E6142,E31000040,Greater Manchester Fire and Rescue Authority,O,Heritage,0,0.0,RO5_2015-16_data_by_LA_-_Revision.xlsx,RO5 LA Data 2015-16,"row 385, column 26","Net Current Expenditure
 (C7 = C3 - C6)"
2015/16,E6142,E31000040,Greater Manchester Fire and Rescue Authority,O,Museums and galleries,0,0.0,RO5_2015-16_data_by_LA_-_Revision.xlsx,RO5 LA Data 2015-16,"row 385, column 33","Net Current Expenditure
 (C7 = C3 - C6)"
2015/16,E6142,E31000040,Greater Manchester Fire and Rescue Authority,O,Theatres and public entertainment,0,0.0,RO5_2015-16_data_by_LA_-_Revision.xlsx,RO5 LA Data 2015-16,"row 385, column 40","Net Current Expenditure
 (C7 = C3 - C6)"
2015/16,E6142,E31000040,Greater Manchester Fire and Rescue Authority,O,Library service,0,0.0,RO5_2015-16_data_by_LA_-_Revision.xlsx,RO5 LA Data 2015-16,"row 385, column 89","Net Current Expenditure
 (C7 = C3 - C6)"
2015/16,E6143,E31000041,Merseyside Fire and Rescue Authority,O,Archives,0,0.0,RO5_2015-16_data_by_LA_-_Revision.xlsx,RO5 LA Data 2015-16,"row 386, column 12","Net Current Expenditure
 (C7 = C3 - C6)"
2015/16,E6143,E31000041,Merseyside Fire and Rescue Authority,O,Arts development and support,0,0.0,RO5_2015-16_data_by_LA_-_Revision.xlsx,RO5 LA Data 2015-16,"row 386, column 19","Net Current Expenditure
 (C7 = C3 - C6)"
2015/16,E6143,E31000041,Merseyside Fire and Rescue Authority,O,Heritage,0,0.0,RO5_2015-16_data_by_LA_-_Revision.xlsx,RO5 LA Data 2015-16,"row 386, column 26","Net Current Expenditure
 (C7 = C3 - C6)"
2015/16,E6143,E31000041,Merseyside Fire and Rescue Authority,O,Museums and galleries,0,0.0,RO5_2015-16_data_by_LA_-_Revision.xlsx,RO5 LA Data 2015-16,"row 386, column 33","Net Current Expenditure
 (C7 = C3 - C6)"
2015/16,E6143,E31000041,Merseyside Fire and Rescue Authority,O,Theatres and public entertainment,0,0.0,RO5_2015-16_data_by_LA_-_Revision.xlsx,RO5 LA Data 2015-16,"row 386, column 40","Net Current Expenditure
 (C7 = C3 - C6)"
2015/16,E6143,E31000041,Merseyside Fire and Rescue Authority,O,Library service,0,0.0,RO5_2015-16_data_by_LA_-_Revision.xlsx,RO5 LA Data 2015-16,"row 386, column 89","Net Current Expenditure
 (C7 = C3 - C6)"
2015/16,E6144,E31000042,South Yorkshire Fire and Rescue Authority,O,Archives,0,0.0,RO5_2015-16_data_by_LA_-_Revision.xlsx,RO5 LA Data 2015-16,"row 387, column 12","Net Current Expenditure
 (C7 = C3 - C6)"
2015/16,E6144,E31000042,South Yorkshire Fire and Rescue Authority,O,Arts development and support,0,0.0,RO5_2015-16_data_by_LA_-_Revision.xlsx,RO5 LA Data 2015-16,"row 387, column 19","Net Current Expenditure
 (C7 = C3 - C6)"
2015/16,E6144,E31000042,South Yorkshire Fire and Rescue Authority,O,Heritage,0,0.0,RO5_2015-16_data_by_LA_-_Revision.xlsx,RO5 LA Data 2015-16,"row 387, column 26","Net Current Expenditure
 (C7 = C3 - C6)"
2015/16,E6144,E31000042,South Yorkshire Fire and Rescue Authority,O,Museums and galleries,0,0.0,RO5_2015-16_data_by_LA_-_Revision.xlsx,RO5 LA Data 2015-16,"row 387, column 33","Net Current Expenditure
 (C7 = C3 - C6)"
2015/16,E6144,E31000042,South Yorkshire Fire and Rescue Authority,O,Theatres and public entertainment,0,0.0,RO5_2015-16_data_by_LA_-_Revision.xlsx,RO5 LA Data 2015-16,"row 387, column 40","Net Current Expenditure
 (C7 = C3 - C6)"
2015/16,E6144,E31000042,South Yorkshire Fire and Rescue Authority,O,Library service,0,0.0,RO5_2015-16_data_by_LA_-_Revision.xlsx,RO5 LA Data 2015-16,"row 387, column 89","Net Current Expenditure
 (C7 = C3 - C6)"
2015/16,E6145,E31000043,Tyne and Wear Fire and Rescue Authority,O,Archives,0,0.0,RO5_2015-16_data_by_LA_-_Revision.xlsx,RO5 LA Data 2015-16,"row 388, column 12","Net Current Expenditure
 (C7 = C3 - C6)"
2015/16,E6145,E31000043,Tyne and Wear Fire and Rescue Authority,O,Arts development and support,0,0.0,RO5_2015-16_data_by_LA_-_Revision.xlsx,RO5 LA Data 2015-16,"row 388, column 19","Net Current Expenditure
 (C7 = C3 - C6)"
2015/16,E6145,E31000043,Tyne and Wear Fire and Rescue Authority,O,Heritage,0,0.0,RO5_2015-16_data_by_LA_-_Revision.xlsx,RO5 LA Data 2015-16,"row 388, column 26","Net Current Expenditure
 (C7 = C3 - C6)"
2015/16,E6145,E31000043,Tyne and Wear Fire and Rescue Authority,O,Museums and galleries,0,0.0,RO5_2015-16_data_by_LA_-_Revision.xlsx,RO5 LA Data 2015-16,"row 388, column 33","Net Current Expenditure
 (C7 = C3 - C6)"
2015/16,E6145,E31000043,Tyne and Wear Fire and Rescue Authority,O,Theatres and public entertainment,0,0.0,RO5_2015-16_data_by_LA_-_Revision.xlsx,RO5 LA Data 2015-16,"row 388, column 40","Net Current Expenditure
 (C7 = C3 - C6)"
2015/16,E6145,E31000043,Tyne and Wear Fire and Rescue Authority,O,Library service,0,0.0,RO5_2015-16_data_by_LA_-_Revision.xlsx,RO5 LA Data 2015-16,"row 388, column 89","Net Current Expenditure
 (C7 = C3 - C6)"
2015/16,E6146,E31000044,West Midlands Fire and Rescue Authority,O,Archives,0,0.0,RO5_2015-16_data_by_LA_-_Revision.xlsx,RO5 LA Data 2015-16,"row 389, column 12","Net Current Expenditure
 (C7 = C3 - C6)"
2015/16,E6146,E31000044,West Midlands Fire and Rescue Authority,O,Arts development and support,0,0.0,RO5_2015-16_data_by_LA_-_Revision.xlsx,RO5 LA Data 2015-16,"row 389, column 19","Net Current Expenditure
 (C7 = C3 - C6)"
2015/16,E6146,E31000044,West Midlands Fire and Rescue Authority,O,Heritage,0,0.0,RO5_2015-16_data_by_LA_-_Revision.xlsx,RO5 LA Data 2015-16,"row 389, column 26","Net Current Expenditure
 (C7 = C3 - C6)"
2015/16,E6146,E31000044,West Midlands Fire and Rescue Authority,O,Museums and galleries,0,0.0,RO5_2015-16_data_by_LA_-_Revision.xlsx,RO5 LA Data 2015-16,"row 389, column 33","Net Current Expenditure
 (C7 = C3 - C6)"
2015/16,E6146,E31000044,West Midlands Fire and Rescue Authority,O,Theatres and public entertainment,0,0.0,RO5_2015-16_data_by_LA_-_Revision.xlsx,RO5 LA Data 2015-16,"row 389, column 40","Net Current Expenditure
 (C7 = C3 - C6)"
2015/16,E6146,E31000044,West Midlands Fire and Rescue Authority,O,Library service,0,0.0,RO5_2015-16_data_by_LA_-_Revision.xlsx,RO5 LA Data 2015-16,"row 389, column 89","Net Current Expenditure
 (C7 = C3 - C6)"
2015/16,E6147,E31000045,West Yorkshire Fire and Rescue Authority,O,Archives,0,0.0,RO5_2015-16_data_by_LA_-_Revision.xlsx,RO5 LA Data 2015-16,"row 390, column 12","Net Current Expenditure
 (C7 = C3 - C6)"
2015/16,E6147,E31000045,West Yorkshire Fire and Rescue Authority,O,Arts development and support,0,0.0,RO5_2015-16_data_by_LA_-_Revision.xlsx,RO5 LA Data 2015-16,"row 390, column 19","Net Current Expenditure
 (C7 = C3 - C6)"
2015/16,E6147,E31000045,West Yorkshire Fire and Rescue Authority,O,Heritage,0,0.0,RO5_2015-16_data_by_LA_-_Revision.xlsx,RO5 LA Data 2015-16,"row 390, column 26","Net Current Expenditure
 (C7 = C3 - C6)"
2015/16,E6147,E31000045,West Yorkshire Fire and Rescue Authority,O,Museums and galleries,0,0.0,RO5_2015-16_data_by_LA_-_Revision.xlsx,RO5 LA Data 2015-16,"row 390, column 33","Net Current Expenditure
 (C7 = C3 - C6)"
2015/16,E6147,E31000045,West Yorkshire Fire and Rescue Authority,O,Theatres and public entertainment,0,0.0,RO5_2015-16_data_by_LA_-_Revision.xlsx,RO5 LA Data 2015-16,"row 390, column 40","Net Current Expenditure
 (C7 = C3 - C6)"
2015/16,E6147,E31000045,West Yorkshire Fire and Rescue Authority,O,Library service,0,0.0,RO5_2015-16_data_by_LA_-_Revision.xlsx,RO5 LA Data 2015-16,"row 390, column 89","Net Current Expenditure
 (C7 = C3 - C6)"
2015/16,E6161,E31000011,Devon and Somerset Combined Fire and Rescue Authority,O,Archives,0,0.0,RO5_2015-16_data_by_LA_-_Revision.xlsx,RO5 LA Data 2015-16,"row 391, column 12","Net Current Expenditure
 (C7 = C3 - C6)"
2015/16,E6161,E31000011,Devon and Somerset Combined Fire and Rescue Authority,O,Arts development and support,0,0.0,RO5_2015-16_data_by_LA_-_Revision.xlsx,RO5 LA Data 2015-16,"row 391, column 19","Net Current Expenditure
 (C7 = C3 - C6)"
2015/16,E6161,E31000011,Devon and Somerset Combined Fire and Rescue Authority,O,Heritage,0,0.0,RO5_2015-16_data_by_LA_-_Revision.xlsx,RO5 LA Data 2015-16,"row 391, column 26","Net Current Expenditure
 (C7 = C3 - C6)"
2015/16,E6161,E31000011,Devon and Somerset Combined Fire and Rescue Authority,O,Museums and galleries,0,0.0,RO5_2015-16_data_by_LA_-_Revision.xlsx,RO5 LA Data 2015-16,"row 391, column 33","Net Current Expenditure
 (C7 = C3 - C6)"
2015/16,E6161,E31000011,Devon and Somerset Combined Fire and Rescue Authority,O,Theatres and public entertainment,0,0.0,RO5_2015-16_data_by_LA_-_Revision.xlsx,RO5 LA Data 2015-16,"row 391, column 40","Net Current Expenditure
 (C7 = C3 - C6)"
2015/16,E6161,E31000011,Devon and Somerset Combined Fire and Rescue Authority,O,Library service,0,0.0,RO5_2015-16_data_by_LA_-_Revision.xlsx,RO5 LA Data 2015-16,"row 391, column 89","Net Current Expenditure
 (C7 = C3 - C6)"
2015/16,E6201,E50000001,East London Waste Authority,O,Archives,0,0.0,RO5_2015-16_data_by_LA_-_Revision.xlsx,RO5 LA Data 2015-16,"row 392, column 12","Net Current Expenditure
 (C7 = C3 - C6)"
2015/16,E6201,E50000001,East London Waste Authority,O,Arts development and support,0,0.0,RO5_2015-16_data_by_LA_-_Revision.xlsx,RO5 LA Data 2015-16,"row 392, column 19","Net Current Expenditure
 (C7 = C3 - C6)"
2015/16,E6201,E50000001,East London Waste Authority,O,Heritage,0,0.0,RO5_2015-16_data_by_LA_-_Revision.xlsx,RO5 LA Data 2015-16,"row 392, column 26","Net Current Expenditure
 (C7 = C3 - C6)"
2015/16,E6201,E50000001,East London Waste Authority,O,Museums and galleries,0,0.0,RO5_2015-16_data_by_LA_-_Revision.xlsx,RO5 LA Data 2015-16,"row 392, column 33","Net Current Expenditure
 (C7 = C3 - C6)"
2015/16,E6201,E50000001,East London Waste Authority,O,Theatres and public entertainment,0,0.0,RO5_2015-16_data_by_LA_-_Revision.xlsx,RO5 LA Data 2015-16,"row 392, column 40","Net Current Expenditure
 (C7 = C3 - C6)"
2015/16,E6201,E50000001,East London Waste Authority,O,Library service,0,0.0,RO5_2015-16_data_by_LA_-_Revision.xlsx,RO5 LA Data 2015-16,"row 392, column 89","Net Current Expenditure
 (C7 = C3 - C6)"
2015/16,E6202,E50000005,Greater Manchester Waste Disposal Authority,O,Archives,0,0.0,RO5_2015-16_data_by_LA_-_Revision.xlsx,RO5 LA Data 2015-16,"row 393, column 12","Net Current Expenditure
 (C7 = C3 - C6)"
2015/16,E6202,E50000005,Greater Manchester Waste Disposal Authority,O,Arts development and support,0,0.0,RO5_2015-16_data_by_LA_-_Revision.xlsx,RO5 LA Data 2015-16,"row 393, column 19","Net Current Expenditure
 (C7 = C3 - C6)"
2015/16,E6202,E50000005,Greater Manchester Waste Disposal Authority,O,Heritage,0,0.0,RO5_2015-16_data_by_LA_-_Revision.xlsx,RO5 LA Data 2015-16,"row 393, column 26","Net Current Expenditure
 (C7 = C3 - C6)"
2015/16,E6202,E50000005,Greater Manchester Waste Disposal Authority,O,Museums and galleries,0,0.0,RO5_2015-16_data_by_LA_-_Revision.xlsx,RO5 LA Data 2015-16,"row 393, column 33","Net Current Expenditure
 (C7 = C3 - C6)"
2015/16,E6202,E50000005,Greater Manchester Waste Disposal Authority,O,Theatres and public entertainment,0,0.0,RO5_2015-16_data_by_LA_-_Revision.xlsx,RO5 LA Data 2015-16,"row 393, column 40","Net Current Expenditure
 (C7 = C3 - C6)"
2015/16,E6202,E50000005,Greater Manchester Waste Disposal Authority,O,Library service,0,0.0,RO5_2015-16_data_by_LA_-_Revision.xlsx,RO5 LA Data 2015-16,"row 393, column 89","Net Current Expenditure
 (C7 = C3 - C6)"
2015/16,E6204,E50000006,Merseyside Waste Disposal Authority,O,Archives,0,0.0,RO5_2015-16_data_by_LA_-_Revision.xlsx,RO5 LA Data 2015-16,"row 394, column 12","Net Current Expenditure
 (C7 = C3 - C6)"
2015/16,E6204,E50000006,Merseyside Waste Disposal Authority,O,Arts development and support,0,0.0,RO5_2015-16_data_by_LA_-_Revision.xlsx,RO5 LA Data 2015-16,"row 394, column 19","Net Current Expenditure
 (C7 = C3 - C6)"
2015/16,E6204,E50000006,Merseyside Waste Disposal Authority,O,Heritage,0,0.0,RO5_2015-16_data_by_LA_-_Revision.xlsx,RO5 LA Data 2015-16,"row 394, column 26","Net Current Expenditure
 (C7 = C3 - C6)"
2015/16,E6204,E50000006,Merseyside Waste Disposal Authority,O,Museums and galleries,0,0.0,RO5_2015-16_data_by_LA_-_Revision.xlsx,RO5 LA Data 2015-16,"row 394, column 33","Net Current Expenditure
 (C7 = C3 - C6)"
2015/16,E6204,E50000006,Merseyside Waste Disposal Authority,O,Theatres and public entertainment,0,0.0,RO5_2015-16_data_by_LA_-_Revision.xlsx,RO5 LA Data 2015-16,"row 394, column 40","Net Current Expenditure
 (C7 = C3 - C6)"
2015/16,E6204,E50000006,Merseyside Waste Disposal Authority,O,Library service,0,0.0,RO5_2015-16_data_by_LA_-_Revision.xlsx,RO5 LA Data 2015-16,"row 394, column 89","Net Current Expenditure
 (C7 = C3 - C6)"
2015/16,E6205,E50000002,North London Waste Authority,O,Archives,0,0.0,RO5_2015-16_data_by_LA_-_Revision.xlsx,RO5 LA Data 2015-16,"row 395, column 12","Net Current Expenditure
 (C7 = C3 - C6)"
2015/16,E6205,E50000002,North London Waste Authority,O,Arts development and support,0,0.0,RO5_2015-16_data_by_LA_-_Revision.xlsx,RO5 LA Data 2015-16,"row 395, column 19","Net Current Expenditure
 (C7 = C3 - C6)"
2015/16,E6205,E50000002,North London Waste Authority,O,Heritage,0,0.0,RO5_2015-16_data_by_LA_-_Revision.xlsx,RO5 LA Data 2015-16,"row 395, column 26","Net Current Expenditure
 (C7 = C3 - C6)"
2015/16,E6205,E50000002,North London Waste Authority,O,Museums and galleries,0,0.0,RO5_2015-16_data_by_LA_-_Revision.xlsx,RO5 LA Data 2015-16,"row 395, column 33","Net Current Expenditure
 (C7 = C3 - C6)"
2015/16,E6205,E50000002,North London Waste Authority,O,Theatres and public entertainment,0,0.0,RO5_2015-16_data_by_LA_-_Revision.xlsx,RO5 LA Data 2015-16,"row 395, column 40","Net Current Expenditure
 (C7 = C3 - C6)"
2015/16,E6205,E50000002,North London Waste Authority,O,Library service,0,0.0,RO5_2015-16_data_by_LA_-_Revision.xlsx,RO5 LA Data 2015-16,"row 395, column 89","Net Current Expenditure
 (C7 = C3 - C6)"
2015/16,E6206,E50000004,Western Riverside Waste Authority,O,Archives,0,0.0,RO5_2015-16_data_by_LA_-_Revision.xlsx,RO5 LA Data 2015-16,"row 396, column 12","Net Current Expenditure
 (C7 = C3 - C6)"
2015/16,E6206,E50000004,Western Riverside Waste Authority,O,Arts development and support,0,0.0,RO5_2015-16_data_by_LA_-_Revision.xlsx,RO5 LA Data 2015-16,"row 396, column 19","Net Current Expenditure
 (C7 = C3 - C6)"
2015/16,E6206,E50000004,Western Riverside Waste Authority,O,Heritage,0,0.0,RO5_2015-16_data_by_LA_-_Revision.xlsx,RO5 LA Data 2015-16,"row 396, column 26","Net Current Expenditure
 (C7 = C3 - C6)"
2015/16,E6206,E50000004,Western Riverside Waste Authority,O,Museums and galleries,0,0.0,RO5_2015-16_data_by_LA_-_Revision.xlsx,RO5 LA Data 2015-16,"row 396, column 33","Net Current Expenditure
 (C7 = C3 - C6)"
2015/16,E6206,E50000004,Western Riverside Waste Authority,O,Theatres and public entertainment,0,0.0,RO5_2015-16_data_by_LA_-_Revision.xlsx,RO5 LA Data 2015-16,"row 396, column 40","Net Current Expenditure
 (C7 = C3 - C6)"
2015/16,E6206,E50000004,Western Riverside Waste Authority,O,Library service,0,0.0,RO5_2015-16_data_by_LA_-_Revision.xlsx,RO5 LA Data 2015-16,"row 396, column 89","Net Current Expenditure
 (C7 = C3 - C6)"
2015/16,E6207,E50000003,West London Waste Authority,O,Archives,0,0.0,RO5_2015-16_data_by_LA_-_Revision.xlsx,RO5 LA Data 2015-16,"row 397, column 12","Net Current Expenditure
 (C7 = C3 - C6)"
2015/16,E6207,E50000003,West London Waste Authority,O,Arts development and support,0,0.0,RO5_2015-16_data_by_LA_-_Revision.xlsx,RO5 LA Data 2015-16,"row 397, column 19","Net Current Expenditure
 (C7 = C3 - C6)"
2015/16,E6207,E50000003,West London Waste Authority,O,Heritage,0,0.0,RO5_2015-16_data_by_LA_-_Revision.xlsx,RO5 LA Data 2015-16,"row 397, column 26","Net Current Expenditure
 (C7 = C3 - C6)"
2015/16,E6207,E50000003,West London Waste Authority,O,Museums and galleries,0,0.0,RO5_2015-16_data_by_LA_-_Revision.xlsx,RO5 LA Data 2015-16,"row 397, column 33","Net Current Expenditure
 (C7 = C3 - C6)"
2015/16,E6207,E50000003,West London Waste Authority,O,Theatres and public entertainment,0,0.0,RO5_2015-16_data_by_LA_-_Revision.xlsx,RO5 LA Data 2015-16,"row 397, column 40","Net Current Expenditure
 (C7 = C3 - C6)"
2015/16,E6207,E50000003,West London Waste Authority,O,Library service,0,0.0,RO5_2015-16_data_by_LA_-_Revision.xlsx,RO5 LA Data 2015-16,"row 397, column 89","Net Current Expenditure
 (C7 = C3 - C6)"
2015/16,E6346,E47000007,West Midlands Combined Authority,O,Archives,0,0.0,RO5_2015-16_data_by_LA_-_Revision.xlsx,RO5 LA Data 2015-16,"row 398, column 12","Net Current Expenditure
 (C7 = C3 - C6)"
2015/16,E6346,E47000007,West Midlands Combined Authority,O,Arts development and support,0,0.0,RO5_2015-16_data_by_LA_-_Revision.xlsx,RO5 LA Data 2015-16,"row 398, column 19","Net Current Expenditure
 (C7 = C3 - C6)"
2015/16,E6346,E47000007,West Midlands Combined Authority,O,Heritage,0,0.0,RO5_2015-16_data_by_LA_-_Revision.xlsx,RO5 LA Data 2015-16,"row 398, column 26","Net Current Expenditure
 (C7 = C3 - C6)"
2015/16,E6346,E47000007,West Midlands Combined Authority,O,Museums and galleries,0,0.0,RO5_2015-16_data_by_LA_-_Revision.xlsx,RO5 LA Data 2015-16,"row 398, column 33","Net Current Expenditure
 (C7 = C3 - C6)"
2015/16,E6346,E47000007,West Midlands Combined Authority,O,Theatres and public entertainment,0,0.0,RO5_2015-16_data_by_LA_-_Revision.xlsx,RO5 LA Data 2015-16,"row 398, column 40","Net Current Expenditure
 (C7 = C3 - C6)"
2015/16,E6346,E47000007,West Midlands Combined Authority,O,Library service,0,0.0,RO5_2015-16_data_by_LA_-_Revision.xlsx,RO5 LA Data 2015-16,"row 398, column 89","Net Current Expenditure
 (C7 = C3 - C6)"
2015/16,E6348,E47000001,Greater Manchester Combined Authority,O,Archives,0,0.0,RO5_2015-16_data_by_LA_-_Revision.xlsx,RO5 LA Data 2015-16,"row 399, column 12","Net Current Expenditure
 (C7 = C3 - C6)"
2015/16,E6348,E47000001,Greater Manchester Combined Authority,O,Arts development and support,0,0.0,RO5_2015-16_data_by_LA_-_Revision.xlsx,RO5 LA Data 2015-16,"row 399, column 19","Net Current Expenditure
 (C7 = C3 - C6)"
2015/16,E6348,E47000001,Greater Manchester Combined Authority,O,Heritage,0,0.0,RO5_2015-16_data_by_LA_-_Revision.xlsx,RO5 LA Data 2015-16,"row 399, column 26","Net Current Expenditure
 (C7 = C3 - C6)"
2015/16,E6348,E47000001,Greater Manchester Combined Authority,O,Museums and galleries,0,0.0,RO5_2015-16_data_by_LA_-_Revision.xlsx,RO5 LA Data 2015-16,"row 399, column 33","Net Current Expenditure
 (C7 = C3 - C6)"
2015/16,E6348,E47000001,Greater Manchester Combined Authority,O,Theatres and public entertainment,0,0.0,RO5_2015-16_data_by_LA_-_Revision.xlsx,RO5 LA Data 2015-16,"row 399, column 40","Net Current Expenditure
 (C7 = C3 - C6)"
2015/16,E6348,E47000001,Greater Manchester Combined Authority,O,Library service,0,0.0,RO5_2015-16_data_by_LA_-_Revision.xlsx,RO5 LA Data 2015-16,"row 399, column 89","Net Current Expenditure
 (C7 = C3 - C6)"
2015/16,E6349,E47000004,"The Halton, Knowsley, Liverpool, St Helens, Sefton and Wirral Combined Authority",O,Archives,0,0.0,RO5_2015-16_data_by_LA_-_Revision.xlsx,RO5 LA Data 2015-16,"row 400, column 12","Net Current Expenditure
 (C7 = C3 - C6)"
2015/16,E6349,E47000004,"The Halton, Knowsley, Liverpool, St Helens, Sefton and Wirral Combined Authority",O,Arts development and support,0,0.0,RO5_2015-16_data_by_LA_-_Revision.xlsx,RO5 LA Data 2015-16,"row 400, column 19","Net Current Expenditure
 (C7 = C3 - C6)"
2015/16,E6349,E47000004,"The Halton, Knowsley, Liverpool, St Helens, Sefton and Wirral Combined Authority",O,Heritage,0,0.0,RO5_2015-16_data_by_LA_-_Revision.xlsx,RO5 LA Data 2015-16,"row 400, column 26","Net Current Expenditure
 (C7 = C3 - C6)"
2015/16,E6349,E47000004,"The Halton, Knowsley, Liverpool, St Helens, Sefton and Wirral Combined Authority",O,Museums and galleries,0,0.0,RO5_2015-16_data_by_LA_-_Revision.xlsx,RO5 LA Data 2015-16,"row 400, column 33","Net Current Expenditure
 (C7 = C3 - C6)"
2015/16,E6349,E47000004,"The Halton, Knowsley, Liverpool, St Helens, Sefton and Wirral Combined Authority",O,Theatres and public entertainment,0,0.0,RO5_2015-16_data_by_LA_-_Revision.xlsx,RO5 LA Data 2015-16,"row 400, column 40","Net Current Expenditure
 (C7 = C3 - C6)"
2015/16,E6349,E47000004,"The Halton, Knowsley, Liverpool, St Helens, Sefton and Wirral Combined Authority",O,Library service,0,0.0,RO5_2015-16_data_by_LA_-_Revision.xlsx,RO5 LA Data 2015-16,"row 400, column 89","Net Current Expenditure
 (C7 = C3 - C6)"
2015/16,E6350,E47000002,"The Barnsley, Doncaster, Rotherham and Sheffield Combined Authority",O,Archives,0,0.0,RO5_2015-16_data_by_LA_-_Revision.xlsx,RO5 LA Data 2015-16,"row 401, column 12","Net Current Expenditure
 (C7 = C3 - C6)"
2015/16,E6350,E47000002,"The Barnsley, Doncaster, Rotherham and Sheffield Combined Authority",O,Arts development and support,0,0.0,RO5_2015-16_data_by_LA_-_Revision.xlsx,RO5 LA Data 2015-16,"row 401, column 19","Net Current Expenditure
 (C7 = C3 - C6)"
2015/16,E6350,E47000002,"The Barnsley, Doncaster, Rotherham and Sheffield Combined Authority",O,Heritage,0,0.0,RO5_2015-16_data_by_LA_-_Revision.xlsx,RO5 LA Data 2015-16,"row 401, column 26","Net Current Expenditure
 (C7 = C3 - C6)"
2015/16,E6350,E47000002,"The Barnsley, Doncaster, Rotherham and Sheffield Combined Authority",O,Museums and galleries,0,0.0,RO5_2015-16_data_by_LA_-_Revision.xlsx,RO5 LA Data 2015-16,"row 401, column 33","Net Current Expenditure
 (C7 = C3 - C6)"
2015/16,E6350,E47000002,"The Barnsley, Doncaster, Rotherham and Sheffield Combined Authority",O,Theatres and public entertainment,0,0.0,RO5_2015-16_data_by_LA_-_Revision.xlsx,RO5 LA Data 2015-16,"row 401, column 40","Net Current Expenditure
 (C7 = C3 - C6)"
2015/16,E6350,E47000002,"The Barnsley, Doncaster, Rotherham and Sheffield Combined Authority",O,Library service,0,0.0,RO5_2015-16_data_by_LA_-_Revision.xlsx,RO5 LA Data 2015-16,"row 401, column 89","Net Current Expenditure
 (C7 = C3 - C6)"
2015/16,E6351,E47000005,"The Durham, Gateshead, Newcastle, North Tyneside, Northumberland, South Tyneside and Sunderland Combined Authority",O,Archives,0,0.0,RO5_2015-16_data_by_LA_-_Revision.xlsx,RO5 LA Data 2015-16,"row 402, column 12","Net Current Expenditure
 (C7 = C3 - C6)"
2015/16,E6351,E47000005,"The Durham, Gateshead, Newcastle, North Tyneside, Northumberland, South Tyneside and Sunderland Combined Authority",O,Arts development and support,0,0.0,RO5_2015-16_data_by_LA_-_Revision.xlsx,RO5 LA Data 2015-16,"row 402, column 19","Net Current Expenditure
 (C7 = C3 - C6)"
2015/16,E6351,E47000005,"The Durham, Gateshead, Newcastle, North Tyneside, Northumberland, South Tyneside and Sunderland Combined Authority",O,Heritage,0,0.0,RO5_2015-16_data_by_LA_-_Revision.xlsx,RO5 LA Data 2015-16,"row 402, column 26","Net Current Expenditure
 (C7 = C3 - C6)"
2015/16,E6351,E47000005,"The Durham, Gateshead, Newcastle, North Tyneside, Northumberland, South Tyneside and Sunderland Combined Authority",O,Museums and galleries,0,0.0,RO5_2015-16_data_by_LA_-_Revision.xlsx,RO5 LA Data 2015-16,"row 402, column 33","Net Current Expenditure
 (C7 = C3 - C6)"
2015/16,E6351,E47000005,"The Durham, Gateshead, Newcastle, North Tyneside, Northumberland, South Tyneside and Sunderland Combined Authority",O,Theatres and public entertainment,0,0.0,RO5_2015-16_data_by_LA_-_Revision.xlsx,RO5 LA Data 2015-16,"row 402, column 40","Net Current Expenditure
 (C7 = C3 - C6)"
2015/16,E6351,E47000005,"The Durham, Gateshead, Newcastle, North Tyneside, Northumberland, South Tyneside and Sunderland Combined Authority",O,Library service,0,0.0,RO5_2015-16_data_by_LA_-_Revision.xlsx,RO5 LA Data 2015-16,"row 402, column 89","Net Current Expenditure
 (C7 = C3 - C6)"
2015/16,E6353,E47000003,The West Yorkshire Combined Authority,O,Archives,0,0.0,RO5_2015-16_data_by_LA_-_Revision.xlsx,RO5 LA Data 2015-16,"row 403, column 12","Net Current Expenditure
 (C7 = C3 - C6)"
2015/16,E6353,E47000003,The West Yorkshire Combined Authority,O,Arts development and support,0,0.0,RO5_2015-16_data_by_LA_-_Revision.xlsx,RO5 LA Data 2015-16,"row 403, column 19","Net Current Expenditure
 (C7 = C3 - C6)"
2015/16,E6353,E47000003,The West Yorkshire Combined Authority,O,Heritage,0,0.0,RO5_2015-16_data_by_LA_-_Revision.xlsx,RO5 LA Data 2015-16,"row 403, column 26","Net Current Expenditure
 (C7 = C3 - C6)"
2015/16,E6353,E47000003,The West Yorkshire Combined Authority,O,Museums and galleries,0,0.0,RO5_2015-16_data_by_LA_-_Revision.xlsx,RO5 LA Data 2015-16,"row 403, column 33","Net Current Expenditure
 (C7 = C3 - C6)"
2015/16,E6353,E47000003,The West Yorkshire Combined Authority,O,Theatres and public entertainment,0,0.0,RO5_2015-16_data_by_LA_-_Revision.xlsx,RO5 LA Data 2015-16,"row 403, column 40","Net Current Expenditure
 (C7 = C3 - C6)"
2015/16,E6353,E47000003,The West Yorkshire Combined Authority,O,Library service,0,0.0,RO5_2015-16_data_by_LA_-_Revision.xlsx,RO5 LA Data 2015-16,"row 403, column 89","Net Current Expenditure
 (C7 = C3 - C6)"
2015/16,E6401,E26000001,Dartmoor National Park Authority,O,Archives,0,0.0,RO5_2015-16_data_by_LA_-_Revision.xlsx,RO5 LA Data 2015-16,"row 404, column 12","Net Current Expenditure
 (C7 = C3 - C6)"
2015/16,E6401,E26000001,Dartmoor National Park Authority,O,Arts development and support,0,0.0,RO5_2015-16_data_by_LA_-_Revision.xlsx,RO5 LA Data 2015-16,"row 404, column 19","Net Current Expenditure
 (C7 = C3 - C6)"
2015/16,E6401,E26000001,Dartmoor National Park Authority,O,Heritage,223,223000.0,RO5_2015-16_data_by_LA_-_Revision.xlsx,RO5 LA Data 2015-16,"row 404, column 26","Net Current Expenditure
 (C7 = C3 - C6)"
2015/16,E6401,E26000001,Dartmoor National Park Authority,O,Museums and galleries,0,0.0,RO5_2015-16_data_by_LA_-_Revision.xlsx,RO5 LA Data 2015-16,"row 404, column 33","Net Current Expenditure
 (C7 = C3 - C6)"
2015/16,E6401,E26000001,Dartmoor National Park Authority,O,Theatres and public entertainment,0,0.0,RO5_2015-16_data_by_LA_-_Revision.xlsx,RO5 LA Data 2015-16,"row 404, column 40","Net Current Expenditure
 (C7 = C3 - C6)"
2015/16,E6401,E26000001,Dartmoor National Park Authority,O,Library service,0,0.0,RO5_2015-16_data_by_LA_-_Revision.xlsx,RO5 LA Data 2015-16,"row 404, column 89","Net Current Expenditure
 (C7 = C3 - C6)"
2015/16,E6402,E26000002,Exmoor National Park Authority,O,Archives,0,0.0,RO5_2015-16_data_by_LA_-_Revision.xlsx,RO5 LA Data 2015-16,"row 405, column 12","Net Current Expenditure
 (C7 = C3 - C6)"
2015/16,E6402,E26000002,Exmoor National Park Authority,O,Arts development and support,0,0.0,RO5_2015-16_data_by_LA_-_Revision.xlsx,RO5 LA Data 2015-16,"row 405, column 19","Net Current Expenditure
 (C7 = C3 - C6)"
2015/16,E6402,E26000002,Exmoor National Park Authority,O,Heritage,217,217000.0,RO5_2015-16_data_by_LA_-_Revision.xlsx,RO5 LA Data 2015-16,"row 405, column 26","Net Current Expenditure
 (C7 = C3 - C6)"
2015/16,E6402,E26000002,Exmoor National Park Authority,O,Museums and galleries,0,0.0,RO5_2015-16_data_by_LA_-_Revision.xlsx,RO5 LA Data 2015-16,"row 405, column 33","Net Current Expenditure
 (C7 = C3 - C6)"
2015/16,E6402,E26000002,Exmoor National Park Authority,O,Theatres and public entertainment,0,0.0,RO5_2015-16_data_by_LA_-_Revision.xlsx,RO5 LA Data 2015-16,"row 405, column 40","Net Current Expenditure
 (C7 = C3 - C6)"
2015/16,E6402,E26000002,Exmoor National Park Authority,O,Library service,0,0.0,RO5_2015-16_data_by_LA_-_Revision.xlsx,RO5 LA Data 2015-16,"row 405, column 89","Net Current Expenditure
 (C7 = C3 - C6)"
2015/16,E6403,E26000011,Lake District National Park Authority,O,Archives,0,0.0,RO5_2015-16_data_by_LA_-_Revision.xlsx,RO5 LA Data 2015-16,"row 406, column 12","Net Current Expenditure
 (C7 = C3 - C6)"
2015/16,E6403,E26000011,Lake District National Park Authority,O,Arts development and support,0,0.0,RO5_2015-16_data_by_LA_-_Revision.xlsx,RO5 LA Data 2015-16,"row 406, column 19","Net Current Expenditure
 (C7 = C3 - C6)"
2015/16,E6403,E26000011,Lake District National Park Authority,O,Heritage,150,150000.0,RO5_2015-16_data_by_LA_-_Revision.xlsx,RO5 LA Data 2015-16,"row 406, column 26","Net Current Expenditure
 (C7 = C3 - C6)"
2015/16,E6403,E26000011,Lake District National Park Authority,O,Museums and galleries,0,0.0,RO5_2015-16_data_by_LA_-_Revision.xlsx,RO5 LA Data 2015-16,"row 406, column 33","Net Current Expenditure
 (C7 = C3 - C6)"
2015/16,E6403,E26000011,Lake District National Park Authority,O,Theatres and public entertainment,-77,-77000.0,RO5_2015-16_data_by_LA_-_Revision.xlsx,RO5 LA Data 2015-16,"row 406, column 40","Net Current Expenditure
 (C7 = C3 - C6)"
2015/16,E6403,E26000011,Lake District National Park Authority,O,Library service,0,0.0,RO5_2015-16_data_by_LA_-_Revision.xlsx,RO5 LA Data 2015-16,"row 406, column 89","Net Current Expenditure
 (C7 = C3 - C6)"
2015/16,E6404,E26000005,North York Moors National Park Authority,O,Archives,0,0.0,RO5_2015-16_data_by_LA_-_Revision.xlsx,RO5 LA Data 2015-16,"row 407, column 12","Net Current Expenditure
 (C7 = C3 - C6)"
2015/16,E6404,E26000005,North York Moors National Park Authority,O,Arts development and support,0,0.0,RO5_2015-16_data_by_LA_-_Revision.xlsx,RO5 LA Data 2015-16,"row 407, column 19","Net Current Expenditure
 (C7 = C3 - C6)"
2015/16,E6404,E26000005,North York Moors National Park Authority,O,Heritage,40,40000.0,RO5_2015-16_data_by_LA_-_Revision.xlsx,RO5 LA Data 2015-16,"row 407, column 26","Net Current Expenditure
 (C7 = C3 - C6)"
2015/16,E6404,E26000005,North York Moors National Park Authority,O,Museums and galleries,0,0.0,RO5_2015-16_data_by_LA_-_Revision.xlsx,RO5 LA Data 2015-16,"row 407, column 33","Net Current Expenditure
 (C7 = C3 - C6)"
2015/16,E6404,E26000005,North York Moors National Park Authority,O,Theatres and public entertainment,0,0.0,RO5_2015-16_data_by_LA_-_Revision.xlsx,RO5 LA Data 2015-16,"row 407, column 40","Net Current Expenditure
 (C7 = C3 - C6)"
2015/16,E6404,E26000005,North York Moors National Park Authority,O,Library service,0,0.0,RO5_2015-16_data_by_LA_-_Revision.xlsx,RO5 LA Data 2015-16,"row 407, column 89","Net Current Expenditure
 (C7 = C3 - C6)"
2015/16,E6405,E26000004,Northumberland National Park Authority,O,Archives,0,0.0,RO5_2015-16_data_by_LA_-_Revision.xlsx,RO5 LA Data 2015-16,"row 408, column 12","Net Current Expenditure
 (C7 = C3 - C6)"
2015/16,E6405,E26000004,Northumberland National Park Authority,O,Arts development and support,0,0.0,RO5_2015-16_data_by_LA_-_Revision.xlsx,RO5 LA Data 2015-16,"row 408, column 19","Net Current Expenditure
 (C7 = C3 - C6)"
2015/16,E6405,E26000004,Northumberland National Park Authority,O,Heritage,64,64000.0,RO5_2015-16_data_by_LA_-_Revision.xlsx,RO5 LA Data 2015-16,"row 408, column 26","Net Current Expenditure
 (C7 = C3 - C6)"
2015/16,E6405,E26000004,Northumberland National Park Authority,O,Museums and galleries,0,0.0,RO5_2015-16_data_by_LA_-_Revision.xlsx,RO5 LA Data 2015-16,"row 408, column 33","Net Current Expenditure
 (C7 = C3 - C6)"
2015/16,E6405,E26000004,Northumberland National Park Authority,O,Theatres and public entertainment,0,0.0,RO5_2015-16_data_by_LA_-_Revision.xlsx,RO5 LA Data 2015-16,"row 408, column 40","Net Current Expenditure
 (C7 = C3 - C6)"
2015/16,E6405,E26000004,Northumberland National Park Authority,O,Library service,0,0.0,RO5_2015-16_data_by_LA_-_Revision.xlsx,RO5 LA Data 2015-16,"row 408, column 89","Net Current Expenditure
 (C7 = C3 - C6)"
2015/16,E6406,E26000006,Peak District National Park Authority,O,Archives,0,0.0,RO5_2015-16_data_by_LA_-_Revision.xlsx,RO5 LA Data 2015-16,"row 409, column 12","Net Current Expenditure
 (C7 = C3 - C6)"
2015/16,E6406,E26000006,Peak District National Park Authority,O,Arts development and support,0,0.0,RO5_2015-16_data_by_LA_-_Revision.xlsx,RO5 LA Data 2015-16,"row 409, column 19","Net Current Expenditure
 (C7 = C3 - C6)"
2015/16,E6406,E26000006,Peak District National Park Authority,O,Heritage,0,0.0,RO5_2015-16_data_by_LA_-_Revision.xlsx,RO5 LA Data 2015-16,"row 409, column 26","Net Current Expenditure
 (C7 = C3 - C6)"
2015/16,E6406,E26000006,Peak District National Park Authority,O,Museums and galleries,0,0.0,RO5_2015-16_data_by_LA_-_Revision.xlsx,RO5 LA Data 2015-16,"row 409, column 33","Net Current Expenditure
 (C7 = C3 - C6)"
2015/16,E6406,E26000006,Peak District National Park Authority,O,Theatres and public entertainment,0,0.0,RO5_2015-16_data_by_LA_-_Revision.xlsx,RO5 LA Data 2015-16,"row 409, column 40","Net Current Expenditure
 (C7 = C3 - C6)"
2015/16,E6406,E26000006,Peak District National Park Authority,O,Library service,0,0.0,RO5_2015-16_data_by_LA_-_Revision.xlsx,RO5 LA Data 2015-16,"row 409, column 89","Net Current Expenditure
 (C7 = C3 - C6)"
2015/16,E6407,E26000012,Yorkshire Dales National Park Authority,O,Archives,0,0.0,RO5_2015-16_data_by_LA_-_Revision.xlsx,RO5 LA Data 2015-16,"row 410, column 12","Net Current Expenditure
 (C7 = C3 - C6)"
2015/16,E6407,E26000012,Yorkshire Dales National Park Authority,O,Arts development and support,0,0.0,RO5_2015-16_data_by_LA_-_Revision.xlsx,RO5 LA Data 2015-16,"row 410, column 19","Net Current Expenditure
 (C7 = C3 - C6)"
2015/16,E6407,E26000012,Yorkshire Dales National Park Authority,O,Heritage,0,0.0,RO5_2015-16_data_by_LA_-_Revision.xlsx,RO5 LA Data 2015-16,"row 410, column 26","Net Current Expenditure
 (C7 = C3 - C6)"
2015/16,E6407,E26000012,Yorkshire Dales National Park Authority,O,Museums and galleries,115,115000.0,RO5_2015-16_data_by_LA_-_Revision.xlsx,RO5 LA Data 2015-16,"row 410, column 33","Net Current Expenditure
 (C7 = C3 - C6)"
2015/16,E6407,E26000012,Yorkshire Dales National Park Authority,O,Theatres and public entertainment,0,0.0,RO5_2015-16_data_by_LA_-_Revision.xlsx,RO5 LA Data 2015-16,"row 410, column 40","Net Current Expenditure
 (C7 = C3 - C6)"
2015/16,E6407,E26000012,Yorkshire Dales National Park Authority,O,Library service,0,0.0,RO5_2015-16_data_by_LA_-_Revision.xlsx,RO5 LA Data 2015-16,"row 410, column 89","Net Current Expenditure
 (C7 = C3 - C6)"
2015/16,E6408,E26000007,The Broads Authority,O,Archives,0,0.0,RO5_2015-16_data_by_LA_-_Revision.xlsx,RO5 LA Data 2015-16,"row 411, column 12","Net Current Expenditure
 (C7 = C3 - C6)"
2015/16,E6408,E26000007,The Broads Authority,O,Arts development and support,0,0.0,RO5_2015-16_data_by_LA_-_Revision.xlsx,RO5 LA Data 2015-16,"row 411, column 19","Net Current Expenditure
 (C7 = C3 - C6)"
2015/16,E6408,E26000007,The Broads Authority,O,Heritage,0,0.0,RO5_2015-16_data_by_LA_-_Revision.xlsx,RO5 LA Data 2015-16,"row 411, column 26","Net Current Expenditure
 (C7 = C3 - C6)"
2015/16,E6408,E26000007,The Broads Authority,O,Museums and galleries,0,0.0,RO5_2015-16_data_by_LA_-_Revision.xlsx,RO5 LA Data 2015-16,"row 411, column 33","Net Current Expenditure
 (C7 = C3 - C6)"
2015/16,E6408,E26000007,The Broads Authority,O,Theatres and public entertainment,0,0.0,RO5_2015-16_data_by_LA_-_Revision.xlsx,RO5 LA Data 2015-16,"row 411, column 40","Net Current Expenditure
 (C7 = C3 - C6)"
2015/16,E6408,E26000007,The Broads Authority,O,Library service,0,0.0,RO5_2015-16_data_by_LA_-_Revision.xlsx,RO5 LA Data 2015-16,"row 411, column 89","Net Current Expenditure
 (C7 = C3 - C6)"
2015/16,E6409,E26000009,New Forest National Park Authority,O,Archives,0,0.0,RO5_2015-16_data_by_LA_-_Revision.xlsx,RO5 LA Data 2015-16,"row 412, column 12","Net Current Expenditure
 (C7 = C3 - C6)"
2015/16,E6409,E26000009,New Forest National Park Authority,O,Arts development and support,0,0.0,RO5_2015-16_data_by_LA_-_Revision.xlsx,RO5 LA Data 2015-16,"row 412, column 19","Net Current Expenditure
 (C7 = C3 - C6)"
2015/16,E6409,E26000009,New Forest National Park Authority,O,Heritage,546,546000.0,RO5_2015-16_data_by_LA_-_Revision.xlsx,RO5 LA Data 2015-16,"row 412, column 26","Net Current Expenditure
 (C7 = C3 - C6)"
2015/16,E6409,E26000009,New Forest National Park Authority,O,Museums and galleries,0,0.0,RO5_2015-16_data_by_LA_-_Revision.xlsx,RO5 LA Data 2015-16,"row 412, column 33","Net Current Expenditure
 (C7 = C3 - C6)"
2015/16,E6409,E26000009,New Forest National Park Authority,O,Theatres and public entertainment,0,0.0,RO5_2015-16_data_by_LA_-_Revision.xlsx,RO5 LA Data 2015-16,"row 412, column 40","Net Current Expenditure
 (C7 = C3 - C6)"
2015/16,E6409,E26000009,New Forest National Park Authority,O,Library service,0,0.0,RO5_2015-16_data_by_LA_-_Revision.xlsx,RO5 LA Data 2015-16,"row 412, column 89","Net Current Expenditure
 (C7 = C3 - C6)"
2015/16,E6410,E26000010,South Downs National Park Authority,O,Archives,0,0.0,RO5_2015-16_data_by_LA_-_Revision.xlsx,RO5 LA Data 2015-16,"row 413, column 12","Net Current Expenditure
 (C7 = C3 - C6)"
2015/16,E6410,E26000010,South Downs National Park Authority,O,Arts development and support,0,0.0,RO5_2015-16_data_by_LA_-_Revision.xlsx,RO5 LA Data 2015-16,"row 413, column 19","Net Current Expenditure
 (C7 = C3 - C6)"
2015/16,E6410,E26000010,South Downs National Park Authority,O,Heritage,218,218000.0,RO5_2015-16_data_by_LA_-_Revision.xlsx,RO5 LA Data 2015-16,"row 413, column 26","Net Current Expenditure
 (C7 = C3 - C6)"
2015/16,E6410,E26000010,South Downs National Park Authority,O,Museums and galleries,0,0.0,RO5_2015-16_data_by_LA_-_Revision.xlsx,RO5 LA Data 2015-16,"row 413, column 33","Net Current Expenditure
 (C7 = C3 - C6)"
2015/16,E6410,E26000010,South Downs National Park Authority,O,Theatres and public entertainment,0,0.0,RO5_2015-16_data_by_LA_-_Revision.xlsx,RO5 LA Data 2015-16,"row 413, column 40","Net Current Expenditure
 (C7 = C3 - C6)"
2015/16,E6410,E26000010,South Downs National Park Authority,O,Library service,0,0.0,RO5_2015-16_data_by_LA_-_Revision.xlsx,RO5 LA Data 2015-16,"row 413, column 89","Net Current Expenditure
 (C7 = C3 - C6)"
2015/16,E6803,nan,Lee Valley Regional Park Authority,O,Archives,0,0.0,RO5_2015-16_data_by_LA_-_Revision.xlsx,RO5 LA Data 2015-16,"row 414, column 12","Net Current Expenditure
 (C7 = C3 - C6)"
2015/16,E6803,nan,Lee Valley Regional Park Authority,O,Arts development and support,0,0.0,RO5_2015-16_data_by_LA_-_Revision.xlsx,RO5 LA Data 2015-16,"row 414, column 19","Net Current Expenditure
 (C7 = C3 - C6)"
2015/16,E6803,nan,Lee Valley Regional Park Authority,O,Heritage,55,55000.0,RO5_2015-16_data_by_LA_-_Revision.xlsx,RO5 LA Data 2015-16,"row 414, column 26","Net Current Expenditure
 (C7 = C3 - C6)"
2015/16,E6803,nan,Lee Valley Regional Park Authority,O,Museums and galleries,0,0.0,RO5_2015-16_data_by_LA_-_Revision.xlsx,RO5 LA Data 2015-16,"row 414, column 33","Net Current Expenditure
 (C7 = C3 - C6)"
2015/16,E6803,nan,Lee Valley Regional Park Authority,O,Theatres and public entertainment,0,0.0,RO5_2015-16_data_by_LA_-_Revision.xlsx,RO5 LA Data 2015-16,"row 414, column 40","Net Current Expenditure
 (C7 = C3 - C6)"
2015/16,E6803,nan,Lee Valley Regional Park Authority,O,Library service,0,0.0,RO5_2015-16_data_by_LA_-_Revision.xlsx,RO5 LA Data 2015-16,"row 414, column 89","Net Current Expenditure
 (C7 = C3 - C6)"
2015/16,E7002,E23000026,Bedfordshire Police and Crime Commissioner and Chief Constable,O,Archives,0,0.0,RO5_2015-16_data_by_LA_-_Revision.xlsx,RO5 LA Data 2015-16,"row 415, column 12","Net Current Expenditure
 (C7 = C3 - C6)"
2015/16,E7002,E23000026,Bedfordshire Police and Crime Commissioner and Chief Constable,O,Arts development and support,0,0.0,RO5_2015-16_data_by_LA_-_Revision.xlsx,RO5 LA Data 2015-16,"row 415, column 19","Net Current Expenditure
 (C7 = C3 - C6)"
2015/16,E7002,E23000026,Bedfordshire Police and Crime Commissioner and Chief Constable,O,Heritage,0,0.0,RO5_2015-16_data_by_LA_-_Revision.xlsx,RO5 LA Data 2015-16,"row 415, column 26","Net Current Expenditure
 (C7 = C3 - C6)"
2015/16,E7002,E23000026,Bedfordshire Police and Crime Commissioner and Chief Constable,O,Museums and galleries,0,0.0,RO5_2015-16_data_by_LA_-_Revision.xlsx,RO5 LA Data 2015-16,"row 415, column 33","Net Current Expenditure
 (C7 = C3 - C6)"
2015/16,E7002,E23000026,Bedfordshire Police and Crime Commissioner and Chief Constable,O,Theatres and public entertainment,0,0.0,RO5_2015-16_data_by_LA_-_Revision.xlsx,RO5 LA Data 2015-16,"row 415, column 40","Net Current Expenditure
 (C7 = C3 - C6)"
2015/16,E7002,E23000026,Bedfordshire Police and Crime Commissioner and Chief Constable,O,Library service,0,0.0,RO5_2015-16_data_by_LA_-_Revision.xlsx,RO5 LA Data 2015-16,"row 415, column 89","Net Current Expenditure
 (C7 = C3 - C6)"
2015/16,E7005,E23000023,Cambridgeshire Police and Crime Commissioner and Chief Constable,O,Archives,0,0.0,RO5_2015-16_data_by_LA_-_Revision.xlsx,RO5 LA Data 2015-16,"row 416, column 12","Net Current Expenditure
 (C7 = C3 - C6)"
2015/16,E7005,E23000023,Cambridgeshire Police and Crime Commissioner and Chief Constable,O,Arts development and support,0,0.0,RO5_2015-16_data_by_LA_-_Revision.xlsx,RO5 LA Data 2015-16,"row 416, column 19","Net Current Expenditure
 (C7 = C3 - C6)"
2015/16,E7005,E23000023,Cambridgeshire Police and Crime Commissioner and Chief Constable,O,Heritage,0,0.0,RO5_2015-16_data_by_LA_-_Revision.xlsx,RO5 LA Data 2015-16,"row 416, column 26","Net Current Expenditure
 (C7 = C3 - C6)"
2015/16,E7005,E23000023,Cambridgeshire Police and Crime Commissioner and Chief Constable,O,Museums and galleries,0,0.0,RO5_2015-16_data_by_LA_-_Revision.xlsx,RO5 LA Data 2015-16,"row 416, column 33","Net Current Expenditure
 (C7 = C3 - C6)"
2015/16,E7005,E23000023,Cambridgeshire Police and Crime Commissioner and Chief Constable,O,Theatres and public entertainment,0,0.0,RO5_2015-16_data_by_LA_-_Revision.xlsx,RO5 LA Data 2015-16,"row 416, column 40","Net Current Expenditure
 (C7 = C3 - C6)"
2015/16,E7005,E23000023,Cambridgeshire Police and Crime Commissioner and Chief Constable,O,Library service,0,0.0,RO5_2015-16_data_by_LA_-_Revision.xlsx,RO5 LA Data 2015-16,"row 416, column 89","Net Current Expenditure
 (C7 = C3 - C6)"
2015/16,E7006,E23000006,Cheshire Police and Crime Commissioner and Chief Constable,O,Archives,0,0.0,RO5_2015-16_data_by_LA_-_Revision.xlsx,RO5 LA Data 2015-16,"row 417, column 12","Net Current Expenditure
 (C7 = C3 - C6)"
2015/16,E7006,E23000006,Cheshire Police and Crime Commissioner and Chief Constable,O,Arts development and support,0,0.0,RO5_2015-16_data_by_LA_-_Revision.xlsx,RO5 LA Data 2015-16,"row 417, column 19","Net Current Expenditure
 (C7 = C3 - C6)"
2015/16,E7006,E23000006,Cheshire Police and Crime Commissioner and Chief Constable,O,Heritage,0,0.0,RO5_2015-16_data_by_LA_-_Revision.xlsx,RO5 LA Data 2015-16,"row 417, column 26","Net Current Expenditure
 (C7 = C3 - C6)"
2015/16,E7006,E23000006,Cheshire Police and Crime Commissioner and Chief Constable,O,Museums and galleries,0,0.0,RO5_2015-16_data_by_LA_-_Revision.xlsx,RO5 LA Data 2015-16,"row 417, column 33","Net Current Expenditure
 (C7 = C3 - C6)"
2015/16,E7006,E23000006,Cheshire Police and Crime Commissioner and Chief Constable,O,Theatres and public entertainment,0,0.0,RO5_2015-16_data_by_LA_-_Revision.xlsx,RO5 LA Data 2015-16,"row 417, column 40","Net Current Expenditure
 (C7 = C3 - C6)"
2015/16,E7006,E23000006,Cheshire Police and Crime Commissioner and Chief Constable,O,Library service,0,0.0,RO5_2015-16_data_by_LA_-_Revision.xlsx,RO5 LA Data 2015-16,"row 417, column 89","Net Current Expenditure
 (C7 = C3 - C6)"
2015/16,E7007,E23000013,Cleveland Police and Crime Commissioner and Chief Constable,O,Archives,0,0.0,RO5_2015-16_data_by_LA_-_Revision.xlsx,RO5 LA Data 2015-16,"row 418, column 12","Net Current Expenditure
 (C7 = C3 - C6)"
2015/16,E7007,E23000013,Cleveland Police and Crime Commissioner and Chief Constable,O,Arts development and support,0,0.0,RO5_2015-16_data_by_LA_-_Revision.xlsx,RO5 LA Data 2015-16,"row 418, column 19","Net Current Expenditure
 (C7 = C3 - C6)"
2015/16,E7007,E23000013,Cleveland Police and Crime Commissioner and Chief Constable,O,Heritage,0,0.0,RO5_2015-16_data_by_LA_-_Revision.xlsx,RO5 LA Data 2015-16,"row 418, column 26","Net Current Expenditure
 (C7 = C3 - C6)"
2015/16,E7007,E23000013,Cleveland Police and Crime Commissioner and Chief Constable,O,Museums and galleries,0,0.0,RO5_2015-16_data_by_LA_-_Revision.xlsx,RO5 LA Data 2015-16,"row 418, column 33","Net Current Expenditure
 (C7 = C3 - C6)"
2015/16,E7007,E23000013,Cleveland Police and Crime Commissioner and Chief Constable,O,Theatres and public entertainment,0,0.0,RO5_2015-16_data_by_LA_-_Revision.xlsx,RO5 LA Data 2015-16,"row 418, column 40","Net Current Expenditure
 (C7 = C3 - C6)"
2015/16,E7007,E23000013,Cleveland Police and Crime Commissioner and Chief Constable,O,Library service,0,0.0,RO5_2015-16_data_by_LA_-_Revision.xlsx,RO5 LA Data 2015-16,"row 418, column 89","Net Current Expenditure
 (C7 = C3 - C6)"
2015/16,E7009,E23000002,Cumbria Police and Crime Commissioner and Chief Constable,O,Archives,0,0.0,RO5_2015-16_data_by_LA_-_Revision.xlsx,RO5 LA Data 2015-16,"row 419, column 12","Net Current Expenditure
 (C7 = C3 - C6)"
2015/16,E7009,E23000002,Cumbria Police and Crime Commissioner and Chief Constable,O,Arts development and support,0,0.0,RO5_2015-16_data_by_LA_-_Revision.xlsx,RO5 LA Data 2015-16,"row 419, column 19","Net Current Expenditure
 (C7 = C3 - C6)"
2015/16,E7009,E23000002,Cumbria Police and Crime Commissioner and Chief Constable,O,Heritage,0,0.0,RO5_2015-16_data_by_LA_-_Revision.xlsx,RO5 LA Data 2015-16,"row 419, column 26","Net Current Expenditure
 (C7 = C3 - C6)"
2015/16,E7009,E23000002,Cumbria Police and Crime Commissioner and Chief Constable,O,Museums and galleries,0,0.0,RO5_2015-16_data_by_LA_-_Revision.xlsx,RO5 LA Data 2015-16,"row 419, column 33","Net Current Expenditure
 (C7 = C3 - C6)"
2015/16,E7009,E23000002,Cumbria Police and Crime Commissioner and Chief Constable,O,Theatres and public entertainment,0,0.0,RO5_2015-16_data_by_LA_-_Revision.xlsx,RO5 LA Data 2015-16,"row 419, column 40","Net Current Expenditure
 (C7 = C3 - C6)"
2015/16,E7009,E23000002,Cumbria Police and Crime Commissioner and Chief Constable,O,Library service,0,0.0,RO5_2015-16_data_by_LA_-_Revision.xlsx,RO5 LA Data 2015-16,"row 419, column 89","Net Current Expenditure
 (C7 = C3 - C6)"
2015/16,E7010,E23000018,Derbyshire Police and Crime Commissioner and Chief Constable,O,Archives,0,0.0,RO5_2015-16_data_by_LA_-_Revision.xlsx,RO5 LA Data 2015-16,"row 420, column 12","Net Current Expenditure
 (C7 = C3 - C6)"
2015/16,E7010,E23000018,Derbyshire Police and Crime Commissioner and Chief Constable,O,Arts development and support,0,0.0,RO5_2015-16_data_by_LA_-_Revision.xlsx,RO5 LA Data 2015-16,"row 420, column 19","Net Current Expenditure
 (C7 = C3 - C6)"
2015/16,E7010,E23000018,Derbyshire Police and Crime Commissioner and Chief Constable,O,Heritage,0,0.0,RO5_2015-16_data_by_LA_-_Revision.xlsx,RO5 LA Data 2015-16,"row 420, column 26","Net Current Expenditure
 (C7 = C3 - C6)"
2015/16,E7010,E23000018,Derbyshire Police and Crime Commissioner and Chief Constable,O,Museums and galleries,0,0.0,RO5_2015-16_data_by_LA_-_Revision.xlsx,RO5 LA Data 2015-16,"row 420, column 33","Net Current Expenditure
 (C7 = C3 - C6)"
2015/16,E7010,E23000018,Derbyshire Police and Crime Commissioner and Chief Constable,O,Theatres and public entertainment,0,0.0,RO5_2015-16_data_by_LA_-_Revision.xlsx,RO5 LA Data 2015-16,"row 420, column 40","Net Current Expenditure
 (C7 = C3 - C6)"
2015/16,E7010,E23000018,Derbyshire Police and Crime Commissioner and Chief Constable,O,Library service,0,0.0,RO5_2015-16_data_by_LA_-_Revision.xlsx,RO5 LA Data 2015-16,"row 420, column 89","Net Current Expenditure
 (C7 = C3 - C6)"
2015/16,E7012,E23000039,Dorset Police and Crime Commissioner and Chief Constable,O,Archives,0,0.0,RO5_2015-16_data_by_LA_-_Revision.xlsx,RO5 LA Data 2015-16,"row 421, column 12","Net Current Expenditure
 (C7 = C3 - C6)"
2015/16,E7012,E23000039,Dorset Police and Crime Commissioner and Chief Constable,O,Arts development and support,0,0.0,RO5_2015-16_data_by_LA_-_Revision.xlsx,RO5 LA Data 2015-16,"row 421, column 19","Net Current Expenditure
 (C7 = C3 - C6)"
2015/16,E7012,E23000039,Dorset Police and Crime Commissioner and Chief Constable,O,Heritage,0,0.0,RO5_2015-16_data_by_LA_-_Revision.xlsx,RO5 LA Data 2015-16,"row 421, column 26","Net Current Expenditure
 (C7 = C3 - C6)"
2015/16,E7012,E23000039,Dorset Police and Crime Commissioner and Chief Constable,O,Museums and galleries,0,0.0,RO5_2015-16_data_by_LA_-_Revision.xlsx,RO5 LA Data 2015-16,"row 421, column 33","Net Current Expenditure
 (C7 = C3 - C6)"
2015/16,E7012,E23000039,Dorset Police and Crime Commissioner and Chief Constable,O,Theatres and public entertainment,0,0.0,RO5_2015-16_data_by_LA_-_Revision.xlsx,RO5 LA Data 2015-16,"row 421, column 40","Net Current Expenditure
 (C7 = C3 - C6)"
2015/16,E7012,E23000039,Dorset Police and Crime Commissioner and Chief Constable,O,Library service,0,0.0,RO5_2015-16_data_by_LA_-_Revision.xlsx,RO5 LA Data 2015-16,"row 421, column 89","Net Current Expenditure
 (C7 = C3 - C6)"
2015/16,E7013,E23000008,Durham Police and Crime Commissioner and Chief Constable,O,Archives,0,0.0,RO5_2015-16_data_by_LA_-_Revision.xlsx,RO5 LA Data 2015-16,"row 422, column 12","Net Current Expenditure
 (C7 = C3 - C6)"
2015/16,E7013,E23000008,Durham Police and Crime Commissioner and Chief Constable,O,Arts development and support,0,0.0,RO5_2015-16_data_by_LA_-_Revision.xlsx,RO5 LA Data 2015-16,"row 422, column 19","Net Current Expenditure
 (C7 = C3 - C6)"
2015/16,E7013,E23000008,Durham Police and Crime Commissioner and Chief Constable,O,Heritage,0,0.0,RO5_2015-16_data_by_LA_-_Revision.xlsx,RO5 LA Data 2015-16,"row 422, column 26","Net Current Expenditure
 (C7 = C3 - C6)"
2015/16,E7013,E23000008,Durham Police and Crime Commissioner and Chief Constable,O,Museums and galleries,0,0.0,RO5_2015-16_data_by_LA_-_Revision.xlsx,RO5 LA Data 2015-16,"row 422, column 33","Net Current Expenditure
 (C7 = C3 - C6)"
2015/16,E7013,E23000008,Durham Police and Crime Commissioner and Chief Constable,O,Theatres and public entertainment,0,0.0,RO5_2015-16_data_by_LA_-_Revision.xlsx,RO5 LA Data 2015-16,"row 422, column 40","Net Current Expenditure
 (C7 = C3 - C6)"
2015/16,E7013,E23000008,Durham Police and Crime Commissioner and Chief Constable,O,Library service,0,0.0,RO5_2015-16_data_by_LA_-_Revision.xlsx,RO5 LA Data 2015-16,"row 422, column 89","Net Current Expenditure
 (C7 = C3 - C6)"
2015/16,E7015,E23000028,Essex Police and Crime Commissioner and Chief Constable,O,Archives,0,0.0,RO5_2015-16_data_by_LA_-_Revision.xlsx,RO5 LA Data 2015-16,"row 423, column 12","Net Current Expenditure
 (C7 = C3 - C6)"
2015/16,E7015,E23000028,Essex Police and Crime Commissioner and Chief Constable,O,Arts development and support,0,0.0,RO5_2015-16_data_by_LA_-_Revision.xlsx,RO5 LA Data 2015-16,"row 423, column 19","Net Current Expenditure
 (C7 = C3 - C6)"
2015/16,E7015,E23000028,Essex Police and Crime Commissioner and Chief Constable,O,Heritage,0,0.0,RO5_2015-16_data_by_LA_-_Revision.xlsx,RO5 LA Data 2015-16,"row 423, column 26","Net Current Expenditure
 (C7 = C3 - C6)"
2015/16,E7015,E23000028,Essex Police and Crime Commissioner and Chief Constable,O,Museums and galleries,0,0.0,RO5_2015-16_data_by_LA_-_Revision.xlsx,RO5 LA Data 2015-16,"row 423, column 33","Net Current Expenditure
 (C7 = C3 - C6)"
2015/16,E7015,E23000028,Essex Police and Crime Commissioner and Chief Constable,O,Theatres and public entertainment,0,0.0,RO5_2015-16_data_by_LA_-_Revision.xlsx,RO5 LA Data 2015-16,"row 423, column 40","Net Current Expenditure
 (C7 = C3 - C6)"
2015/16,E7015,E23000028,Essex Police and Crime Commissioner and Chief Constable,O,Library service,0,0.0,RO5_2015-16_data_by_LA_-_Revision.xlsx,RO5 LA Data 2015-16,"row 423, column 89","Net Current Expenditure
 (C7 = C3 - C6)"
2015/16,E7016,E23000037,Gloucestershire Police and Crime Commissioner and Chief Constable,O,Archives,0,0.0,RO5_2015-16_data_by_LA_-_Revision.xlsx,RO5 LA Data 2015-16,"row 424, column 12","Net Current Expenditure
 (C7 = C3 - C6)"
2015/16,E7016,E23000037,Gloucestershire Police and Crime Commissioner and Chief Constable,O,Arts development and support,0,0.0,RO5_2015-16_data_by_LA_-_Revision.xlsx,RO5 LA Data 2015-16,"row 424, column 19","Net Current Expenditure
 (C7 = C3 - C6)"
2015/16,E7016,E23000037,Gloucestershire Police and Crime Commissioner and Chief Constable,O,Heritage,0,0.0,RO5_2015-16_data_by_LA_-_Revision.xlsx,RO5 LA Data 2015-16,"row 424, column 26","Net Current Expenditure
 (C7 = C3 - C6)"
2015/16,E7016,E23000037,Gloucestershire Police and Crime Commissioner and Chief Constable,O,Museums and galleries,0,0.0,RO5_2015-16_data_by_LA_-_Revision.xlsx,RO5 LA Data 2015-16,"row 424, column 33","Net Current Expenditure
 (C7 = C3 - C6)"
2015/16,E7016,E23000037,Gloucestershire Police and Crime Commissioner and Chief Constable,O,Theatres and public entertainment,0,0.0,RO5_2015-16_data_by_LA_-_Revision.xlsx,RO5 LA Data 2015-16,"row 424, column 40","Net Current Expenditure
 (C7 = C3 - C6)"
2015/16,E7016,E23000037,Gloucestershire Police and Crime Commissioner and Chief Constable,O,Library service,0,0.0,RO5_2015-16_data_by_LA_-_Revision.xlsx,RO5 LA Data 2015-16,"row 424, column 89","Net Current Expenditure
 (C7 = C3 - C6)"
2015/16,E7019,E23000027,Hertfordshire Police and Crime Commissioner and Chief Constable,O,Archives,0,0.0,RO5_2015-16_data_by_LA_-_Revision.xlsx,RO5 LA Data 2015-16,"row 425, column 12","Net Current Expenditure
 (C7 = C3 - C6)"
2015/16,E7019,E23000027,Hertfordshire Police and Crime Commissioner and Chief Constable,O,Arts development and support,0,0.0,RO5_2015-16_data_by_LA_-_Revision.xlsx,RO5 LA Data 2015-16,"row 425, column 19","Net Current Expenditure
 (C7 = C3 - C6)"
2015/16,E7019,E23000027,Hertfordshire Police and Crime Commissioner and Chief Constable,O,Heritage,0,0.0,RO5_2015-16_data_by_LA_-_Revision.xlsx,RO5 LA Data 2015-16,"row 425, column 26","Net Current Expenditure
 (C7 = C3 - C6)"
2015/16,E7019,E23000027,Hertfordshire Police and Crime Commissioner and Chief Constable,O,Museums and galleries,0,0.0,RO5_2015-16_data_by_LA_-_Revision.xlsx,RO5 LA Data 2015-16,"row 425, column 33","Net Current Expenditure
 (C7 = C3 - C6)"
2015/16,E7019,E23000027,Hertfordshire Police and Crime Commissioner and Chief Constable,O,Theatres and public entertainment,0,0.0,RO5_2015-16_data_by_LA_-_Revision.xlsx,RO5 LA Data 2015-16,"row 425, column 40","Net Current Expenditure
 (C7 = C3 - C6)"
2015/16,E7019,E23000027,Hertfordshire Police and Crime Commissioner and Chief Constable,O,Library service,0,0.0,RO5_2015-16_data_by_LA_-_Revision.xlsx,RO5 LA Data 2015-16,"row 425, column 89","Net Current Expenditure
 (C7 = C3 - C6)"
2015/16,E7020,E23000012,Humberside Police and Crime Commissioner and Chief Constable,O,Archives,0,0.0,RO5_2015-16_data_by_LA_-_Revision.xlsx,RO5 LA Data 2015-16,"row 426, column 12","Net Current Expenditure
 (C7 = C3 - C6)"
2015/16,E7020,E23000012,Humberside Police and Crime Commissioner and Chief Constable,O,Arts development and support,0,0.0,RO5_2015-16_data_by_LA_-_Revision.xlsx,RO5 LA Data 2015-16,"row 426, column 19","Net Current Expenditure
 (C7 = C3 - C6)"
2015/16,E7020,E23000012,Humberside Police and Crime Commissioner and Chief Constable,O,Heritage,0,0.0,RO5_2015-16_data_by_LA_-_Revision.xlsx,RO5 LA Data 2015-16,"row 426, column 26","Net Current Expenditure
 (C7 = C3 - C6)"
2015/16,E7020,E23000012,Humberside Police and Crime Commissioner and Chief Constable,O,Museums and galleries,0,0.0,RO5_2015-16_data_by_LA_-_Revision.xlsx,RO5 LA Data 2015-16,"row 426, column 33","Net Current Expenditure
 (C7 = C3 - C6)"
2015/16,E7020,E23000012,Humberside Police and Crime Commissioner and Chief Constable,O,Theatres and public entertainment,0,0.0,RO5_2015-16_data_by_LA_-_Revision.xlsx,RO5 LA Data 2015-16,"row 426, column 40","Net Current Expenditure
 (C7 = C3 - C6)"
2015/16,E7020,E23000012,Humberside Police and Crime Commissioner and Chief Constable,O,Library service,0,0.0,RO5_2015-16_data_by_LA_-_Revision.xlsx,RO5 LA Data 2015-16,"row 426, column 89","Net Current Expenditure
 (C7 = C3 - C6)"
2015/16,E7022,E23000032,Kent Police and Crime Commissioner and Chief Constable,O,Archives,0,0.0,RO5_2015-16_data_by_LA_-_Revision.xlsx,RO5 LA Data 2015-16,"row 427, column 12","Net Current Expenditure
 (C7 = C3 - C6)"
2015/16,E7022,E23000032,Kent Police and Crime Commissioner and Chief Constable,O,Arts development and support,0,0.0,RO5_2015-16_data_by_LA_-_Revision.xlsx,RO5 LA Data 2015-16,"row 427, column 19","Net Current Expenditure
 (C7 = C3 - C6)"
2015/16,E7022,E23000032,Kent Police and Crime Commissioner and Chief Constable,O,Heritage,0,0.0,RO5_2015-16_data_by_LA_-_Revision.xlsx,RO5 LA Data 2015-16,"row 427, column 26","Net Current Expenditure
 (C7 = C3 - C6)"
2015/16,E7022,E23000032,Kent Police and Crime Commissioner and Chief Constable,O,Museums and galleries,0,0.0,RO5_2015-16_data_by_LA_-_Revision.xlsx,RO5 LA Data 2015-16,"row 427, column 33","Net Current Expenditure
 (C7 = C3 - C6)"
2015/16,E7022,E23000032,Kent Police and Crime Commissioner and Chief Constable,O,Theatres and public entertainment,0,0.0,RO5_2015-16_data_by_LA_-_Revision.xlsx,RO5 LA Data 2015-16,"row 427, column 40","Net Current Expenditure
 (C7 = C3 - C6)"
2015/16,E7022,E23000032,Kent Police and Crime Commissioner and Chief Constable,O,Library service,0,0.0,RO5_2015-16_data_by_LA_-_Revision.xlsx,RO5 LA Data 2015-16,"row 427, column 89","Net Current Expenditure
 (C7 = C3 - C6)"
2015/16,E7023,E23000003,Lancashire Police and Crime Commissioner and Chief Constable,O,Archives,0,0.0,RO5_2015-16_data_by_LA_-_Revision.xlsx,RO5 LA Data 2015-16,"row 428, column 12","Net Current Expenditure
 (C7 = C3 - C6)"
2015/16,E7023,E23000003,Lancashire Police and Crime Commissioner and Chief Constable,O,Arts development and support,0,0.0,RO5_2015-16_data_by_LA_-_Revision.xlsx,RO5 LA Data 2015-16,"row 428, column 19","Net Current Expenditure
 (C7 = C3 - C6)"
2015/16,E7023,E23000003,Lancashire Police and Crime Commissioner and Chief Constable,O,Heritage,0,0.0,RO5_2015-16_data_by_LA_-_Revision.xlsx,RO5 LA Data 2015-16,"row 428, column 26","Net Current Expenditure
 (C7 = C3 - C6)"
2015/16,E7023,E23000003,Lancashire Police and Crime Commissioner and Chief Constable,O,Museums and galleries,0,0.0,RO5_2015-16_data_by_LA_-_Revision.xlsx,RO5 LA Data 2015-16,"row 428, column 33","Net Current Expenditure
 (C7 = C3 - C6)"
2015/16,E7023,E23000003,Lancashire Police and Crime Commissioner and Chief Constable,O,Theatres and public entertainment,0,0.0,RO5_2015-16_data_by_LA_-_Revision.xlsx,RO5 LA Data 2015-16,"row 428, column 40","Net Current Expenditure
 (C7 = C3 - C6)"
2015/16,E7023,E23000003,Lancashire Police and Crime Commissioner and Chief Constable,O,Library service,0,0.0,RO5_2015-16_data_by_LA_-_Revision.xlsx,RO5 LA Data 2015-16,"row 428, column 89","Net Current Expenditure
 (C7 = C3 - C6)"
2015/16,E7024,E23000021,Leicestershire Police and Crime Commissioner and Chief Constable,O,Archives,0,0.0,RO5_2015-16_data_by_LA_-_Revision.xlsx,RO5 LA Data 2015-16,"row 429, column 12","Net Current Expenditure
 (C7 = C3 - C6)"
2015/16,E7024,E23000021,Leicestershire Police and Crime Commissioner and Chief Constable,O,Arts development and support,0,0.0,RO5_2015-16_data_by_LA_-_Revision.xlsx,RO5 LA Data 2015-16,"row 429, column 19","Net Current Expenditure
 (C7 = C3 - C6)"
2015/16,E7024,E23000021,Leicestershire Police and Crime Commissioner and Chief Constable,O,Heritage,0,0.0,RO5_2015-16_data_by_LA_-_Revision.xlsx,RO5 LA Data 2015-16,"row 429, column 26","Net Current Expenditure
 (C7 = C3 - C6)"
2015/16,E7024,E23000021,Leicestershire Police and Crime Commissioner and Chief Constable,O,Museums and galleries,0,0.0,RO5_2015-16_data_by_LA_-_Revision.xlsx,RO5 LA Data 2015-16,"row 429, column 33","Net Current Expenditure
 (C7 = C3 - C6)"
2015/16,E7024,E23000021,Leicestershire Police and Crime Commissioner and Chief Constable,O,Theatres and public entertainment,0,0.0,RO5_2015-16_data_by_LA_-_Revision.xlsx,RO5 LA Data 2015-16,"row 429, column 40","Net Current Expenditure
 (C7 = C3 - C6)"
2015/16,E7024,E23000021,Leicestershire Police and Crime Commissioner and Chief Constable,O,Library service,0,0.0,RO5_2015-16_data_by_LA_-_Revision.xlsx,RO5 LA Data 2015-16,"row 429, column 89","Net Current Expenditure
 (C7 = C3 - C6)"
2015/16,E7025,E23000020,Lincolnshire Police and Crime Commissioner and Chief Constable,O,Archives,0,0.0,RO5_2015-16_data_by_LA_-_Revision.xlsx,RO5 LA Data 2015-16,"row 430, column 12","Net Current Expenditure
 (C7 = C3 - C6)"
2015/16,E7025,E23000020,Lincolnshire Police and Crime Commissioner and Chief Constable,O,Arts development and support,0,0.0,RO5_2015-16_data_by_LA_-_Revision.xlsx,RO5 LA Data 2015-16,"row 430, column 19","Net Current Expenditure
 (C7 = C3 - C6)"
2015/16,E7025,E23000020,Lincolnshire Police and Crime Commissioner and Chief Constable,O,Heritage,0,0.0,RO5_2015-16_data_by_LA_-_Revision.xlsx,RO5 LA Data 2015-16,"row 430, column 26","Net Current Expenditure
 (C7 = C3 - C6)"
2015/16,E7025,E23000020,Lincolnshire Police and Crime Commissioner and Chief Constable,O,Museums and galleries,0,0.0,RO5_2015-16_data_by_LA_-_Revision.xlsx,RO5 LA Data 2015-16,"row 430, column 33","Net Current Expenditure
 (C7 = C3 - C6)"
2015/16,E7025,E23000020,Lincolnshire Police and Crime Commissioner and Chief Constable,O,Theatres and public entertainment,0,0.0,RO5_2015-16_data_by_LA_-_Revision.xlsx,RO5 LA Data 2015-16,"row 430, column 40","Net Current Expenditure
 (C7 = C3 - C6)"
2015/16,E7025,E23000020,Lincolnshire Police and Crime Commissioner and Chief Constable,O,Library service,0,0.0,RO5_2015-16_data_by_LA_-_Revision.xlsx,RO5 LA Data 2015-16,"row 430, column 89","Net Current Expenditure
 (C7 = C3 - C6)"
2015/16,E7026,E23000024,Norfolk Police and Crime Commissioner and Chief Constable,O,Archives,0,0.0,RO5_2015-16_data_by_LA_-_Revision.xlsx,RO5 LA Data 2015-16,"row 431, column 12","Net Current Expenditure
 (C7 = C3 - C6)"
2015/16,E7026,E23000024,Norfolk Police and Crime Commissioner and Chief Constable,O,Arts development and support,0,0.0,RO5_2015-16_data_by_LA_-_Revision.xlsx,RO5 LA Data 2015-16,"row 431, column 19","Net Current Expenditure
 (C7 = C3 - C6)"
2015/16,E7026,E23000024,Norfolk Police and Crime Commissioner and Chief Constable,O,Heritage,0,0.0,RO5_2015-16_data_by_LA_-_Revision.xlsx,RO5 LA Data 2015-16,"row 431, column 26","Net Current Expenditure
 (C7 = C3 - C6)"
2015/16,E7026,E23000024,Norfolk Police and Crime Commissioner and Chief Constable,O,Museums and galleries,0,0.0,RO5_2015-16_data_by_LA_-_Revision.xlsx,RO5 LA Data 2015-16,"row 431, column 33","Net Current Expenditure
 (C7 = C3 - C6)"
2015/16,E7026,E23000024,Norfolk Police and Crime Commissioner and Chief Constable,O,Theatres and public entertainment,0,0.0,RO5_2015-16_data_by_LA_-_Revision.xlsx,RO5 LA Data 2015-16,"row 431, column 40","Net Current Expenditure
 (C7 = C3 - C6)"
2015/16,E7026,E23000024,Norfolk Police and Crime Commissioner and Chief Constable,O,Library service,0,0.0,RO5_2015-16_data_by_LA_-_Revision.xlsx,RO5 LA Data 2015-16,"row 431, column 89","Net Current Expenditure
 (C7 = C3 - C6)"
2015/16,E7027,E23000009,North Yorkshire Police and Crime Commissioner and Chief Constable,O,Archives,0,0.0,RO5_2015-16_data_by_LA_-_Revision.xlsx,RO5 LA Data 2015-16,"row 432, column 12","Net Current Expenditure
 (C7 = C3 - C6)"
2015/16,E7027,E23000009,North Yorkshire Police and Crime Commissioner and Chief Constable,O,Arts development and support,0,0.0,RO5_2015-16_data_by_LA_-_Revision.xlsx,RO5 LA Data 2015-16,"row 432, column 19","Net Current Expenditure
 (C7 = C3 - C6)"
2015/16,E7027,E23000009,North Yorkshire Police and Crime Commissioner and Chief Constable,O,Heritage,0,0.0,RO5_2015-16_data_by_LA_-_Revision.xlsx,RO5 LA Data 2015-16,"row 432, column 26","Net Current Expenditure
 (C7 = C3 - C6)"
2015/16,E7027,E23000009,North Yorkshire Police and Crime Commissioner and Chief Constable,O,Museums and galleries,0,0.0,RO5_2015-16_data_by_LA_-_Revision.xlsx,RO5 LA Data 2015-16,"row 432, column 33","Net Current Expenditure
 (C7 = C3 - C6)"
2015/16,E7027,E23000009,North Yorkshire Police and Crime Commissioner and Chief Constable,O,Theatres and public entertainment,0,0.0,RO5_2015-16_data_by_LA_-_Revision.xlsx,RO5 LA Data 2015-16,"row 432, column 40","Net Current Expenditure
 (C7 = C3 - C6)"
2015/16,E7027,E23000009,North Yorkshire Police and Crime Commissioner and Chief Constable,O,Library service,0,0.0,RO5_2015-16_data_by_LA_-_Revision.xlsx,RO5 LA Data 2015-16,"row 432, column 89","Net Current Expenditure
 (C7 = C3 - C6)"
2015/16,E7028,E23000022,Northamptonshire Police and Crime Commissioner and Chief Constable,O,Archives,0,0.0,RO5_2015-16_data_by_LA_-_Revision.xlsx,RO5 LA Data 2015-16,"row 433, column 12","Net Current Expenditure
 (C7 = C3 - C6)"
2015/16,E7028,E23000022,Northamptonshire Police and Crime Commissioner and Chief Constable,O,Arts development and support,0,0.0,RO5_2015-16_data_by_LA_-_Revision.xlsx,RO5 LA Data 2015-16,"row 433, column 19","Net Current Expenditure
 (C7 = C3 - C6)"
2015/16,E7028,E23000022,Northamptonshire Police and Crime Commissioner and Chief Constable,O,Heritage,0,0.0,RO5_2015-16_data_by_LA_-_Revision.xlsx,RO5 LA Data 2015-16,"row 433, column 26","Net Current Expenditure
 (C7 = C3 - C6)"
2015/16,E7028,E23000022,Northamptonshire Police and Crime Commissioner and Chief Constable,O,Museums and galleries,0,0.0,RO5_2015-16_data_by_LA_-_Revision.xlsx,RO5 LA Data 2015-16,"row 433, column 33","Net Current Expenditure
 (C7 = C3 - C6)"
2015/16,E7028,E23000022,Northamptonshire Police and Crime Commissioner and Chief Constable,O,Theatres and public entertainment,0,0.0,RO5_2015-16_data_by_LA_-_Revision.xlsx,RO5 LA Data 2015-16,"row 433, column 40","Net Current Expenditure
 (C7 = C3 - C6)"
2015/16,E7028,E23000022,Northamptonshire Police and Crime Commissioner and Chief Constable,O,Library service,0,0.0,RO5_2015-16_data_by_LA_-_Revision.xlsx,RO5 LA Data 2015-16,"row 433, column 89","Net Current Expenditure
 (C7 = C3 - C6)"
2015/16,E7030,E23000019,Nottinghamshire Police and Crime Commissioner and Chief Constable,O,Archives,0,0.0,RO5_2015-16_data_by_LA_-_Revision.xlsx,RO5 LA Data 2015-16,"row 434, column 12","Net Current Expenditure
 (C7 = C3 - C6)"
2015/16,E7030,E23000019,Nottinghamshire Police and Crime Commissioner and Chief Constable,O,Arts development and support,0,0.0,RO5_2015-16_data_by_LA_-_Revision.xlsx,RO5 LA Data 2015-16,"row 434, column 19","Net Current Expenditure
 (C7 = C3 - C6)"
2015/16,E7030,E23000019,Nottinghamshire Police and Crime Commissioner and Chief Constable,O,Heritage,0,0.0,RO5_2015-16_data_by_LA_-_Revision.xlsx,RO5 LA Data 2015-16,"row 434, column 26","Net Current Expenditure
 (C7 = C3 - C6)"
2015/16,E7030,E23000019,Nottinghamshire Police and Crime Commissioner and Chief Constable,O,Museums and galleries,0,0.0,RO5_2015-16_data_by_LA_-_Revision.xlsx,RO5 LA Data 2015-16,"row 434, column 33","Net Current Expenditure
 (C7 = C3 - C6)"
2015/16,E7030,E23000019,Nottinghamshire Police and Crime Commissioner and Chief Constable,O,Theatres and public entertainment,0,0.0,RO5_2015-16_data_by_LA_-_Revision.xlsx,RO5 LA Data 2015-16,"row 434, column 40","Net Current Expenditure
 (C7 = C3 - C6)"
2015/16,E7030,E23000019,Nottinghamshire Police and Crime Commissioner and Chief Constable,O,Library service,0,0.0,RO5_2015-16_data_by_LA_-_Revision.xlsx,RO5 LA Data 2015-16,"row 434, column 89","Net Current Expenditure
 (C7 = C3 - C6)"
2015/16,E7034,E23000015,Staffordshire Police and Crime Commissioner and Chief Constable,O,Archives,0,0.0,RO5_2015-16_data_by_LA_-_Revision.xlsx,RO5 LA Data 2015-16,"row 435, column 12","Net Current Expenditure
 (C7 = C3 - C6)"
2015/16,E7034,E23000015,Staffordshire Police and Crime Commissioner and Chief Constable,O,Arts development and support,0,0.0,RO5_2015-16_data_by_LA_-_Revision.xlsx,RO5 LA Data 2015-16,"row 435, column 19","Net Current Expenditure
 (C7 = C3 - C6)"
2015/16,E7034,E23000015,Staffordshire Police and Crime Commissioner and Chief Constable,O,Heritage,0,0.0,RO5_2015-16_data_by_LA_-_Revision.xlsx,RO5 LA Data 2015-16,"row 435, column 26","Net Current Expenditure
 (C7 = C3 - C6)"
2015/16,E7034,E23000015,Staffordshire Police and Crime Commissioner and Chief Constable,O,Museums and galleries,0,0.0,RO5_2015-16_data_by_LA_-_Revision.xlsx,RO5 LA Data 2015-16,"row 435, column 33","Net Current Expenditure
 (C7 = C3 - C6)"
2015/16,E7034,E23000015,Staffordshire Police and Crime Commissioner and Chief Constable,O,Theatres and public entertainment,0,0.0,RO5_2015-16_data_by_LA_-_Revision.xlsx,RO5 LA Data 2015-16,"row 435, column 40","Net Current Expenditure
 (C7 = C3 - C6)"
2015/16,E7034,E23000015,Staffordshire Police and Crime Commissioner and Chief Constable,O,Library service,0,0.0,RO5_2015-16_data_by_LA_-_Revision.xlsx,RO5 LA Data 2015-16,"row 435, column 89","Net Current Expenditure
 (C7 = C3 - C6)"
2015/16,E7035,E23000025,Suffolk Police and Crime Commissioner and Chief Constable,O,Archives,0,0.0,RO5_2015-16_data_by_LA_-_Revision.xlsx,RO5 LA Data 2015-16,"row 436, column 12","Net Current Expenditure
 (C7 = C3 - C6)"
2015/16,E7035,E23000025,Suffolk Police and Crime Commissioner and Chief Constable,O,Arts development and support,0,0.0,RO5_2015-16_data_by_LA_-_Revision.xlsx,RO5 LA Data 2015-16,"row 436, column 19","Net Current Expenditure
 (C7 = C3 - C6)"
2015/16,E7035,E23000025,Suffolk Police and Crime Commissioner and Chief Constable,O,Heritage,0,0.0,RO5_2015-16_data_by_LA_-_Revision.xlsx,RO5 LA Data 2015-16,"row 436, column 26","Net Current Expenditure
 (C7 = C3 - C6)"
2015/16,E7035,E23000025,Suffolk Police and Crime Commissioner and Chief Constable,O,Museums and galleries,0,0.0,RO5_2015-16_data_by_LA_-_Revision.xlsx,RO5 LA Data 2015-16,"row 436, column 33","Net Current Expenditure
 (C7 = C3 - C6)"
2015/16,E7035,E23000025,Suffolk Police and Crime Commissioner and Chief Constable,O,Theatres and public entertainment,0,0.0,RO5_2015-16_data_by_LA_-_Revision.xlsx,RO5 LA Data 2015-16,"row 436, column 40","Net Current Expenditure
 (C7 = C3 - C6)"
2015/16,E7035,E23000025,Suffolk Police and Crime Commissioner and Chief Constable,O,Library service,0,0.0,RO5_2015-16_data_by_LA_-_Revision.xlsx,RO5 LA Data 2015-16,"row 436, column 89","Net Current Expenditure
 (C7 = C3 - C6)"
2015/16,E7036,E23000031,Surrey Police and Crime Commissioner and Chief Constable,O,Archives,0,0.0,RO5_2015-16_data_by_LA_-_Revision.xlsx,RO5 LA Data 2015-16,"row 437, column 12","Net Current Expenditure
 (C7 = C3 - C6)"
2015/16,E7036,E23000031,Surrey Police and Crime Commissioner and Chief Constable,O,Arts development and support,0,0.0,RO5_2015-16_data_by_LA_-_Revision.xlsx,RO5 LA Data 2015-16,"row 437, column 19","Net Current Expenditure
 (C7 = C3 - C6)"
2015/16,E7036,E23000031,Surrey Police and Crime Commissioner and Chief Constable,O,Heritage,0,0.0,RO5_2015-16_data_by_LA_-_Revision.xlsx,RO5 LA Data 2015-16,"row 437, column 26","Net Current Expenditure
 (C7 = C3 - C6)"
2015/16,E7036,E23000031,Surrey Police and Crime Commissioner and Chief Constable,O,Museums and galleries,0,0.0,RO5_2015-16_data_by_LA_-_Revision.xlsx,RO5 LA Data 2015-16,"row 437, column 33","Net Current Expenditure
 (C7 = C3 - C6)"
2015/16,E7036,E23000031,Surrey Police and Crime Commissioner and Chief Constable,O,Theatres and public entertainment,0,0.0,RO5_2015-16_data_by_LA_-_Revision.xlsx,RO5 LA Data 2015-16,"row 437, column 40","Net Current Expenditure
 (C7 = C3 - C6)"
2015/16,E7036,E23000031,Surrey Police and Crime Commissioner and Chief Constable,O,Library service,0,0.0,RO5_2015-16_data_by_LA_-_Revision.xlsx,RO5 LA Data 2015-16,"row 437, column 89","Net Current Expenditure
 (C7 = C3 - C6)"
2015/16,E7037,E23000017,Warwickshire Police and Crime Commissioner and Chief Constable,O,Archives,0,0.0,RO5_2015-16_data_by_LA_-_Revision.xlsx,RO5 LA Data 2015-16,"row 438, column 12","Net Current Expenditure
 (C7 = C3 - C6)"
2015/16,E7037,E23000017,Warwickshire Police and Crime Commissioner and Chief Constable,O,Arts development and support,0,0.0,RO5_2015-16_data_by_LA_-_Revision.xlsx,RO5 LA Data 2015-16,"row 438, column 19","Net Current Expenditure
 (C7 = C3 - C6)"
2015/16,E7037,E23000017,Warwickshire Police and Crime Commissioner and Chief Constable,O,Heritage,0,0.0,RO5_2015-16_data_by_LA_-_Revision.xlsx,RO5 LA Data 2015-16,"row 438, column 26","Net Current Expenditure
 (C7 = C3 - C6)"
2015/16,E7037,E23000017,Warwickshire Police and Crime Commissioner and Chief Constable,O,Museums and galleries,0,0.0,RO5_2015-16_data_by_LA_-_Revision.xlsx,RO5 LA Data 2015-16,"row 438, column 33","Net Current Expenditure
 (C7 = C3 - C6)"
2015/16,E7037,E23000017,Warwickshire Police and Crime Commissioner and Chief Constable,O,Theatres and public entertainment,0,0.0,RO5_2015-16_data_by_LA_-_Revision.xlsx,RO5 LA Data 2015-16,"row 438, column 40","Net Current Expenditure
 (C7 = C3 - C6)"
2015/16,E7037,E23000017,Warwickshire Police and Crime Commissioner and Chief Constable,O,Library service,0,0.0,RO5_2015-16_data_by_LA_-_Revision.xlsx,RO5 LA Data 2015-16,"row 438, column 89","Net Current Expenditure
 (C7 = C3 - C6)"
2015/16,E7039,E23000038,Wiltshire Police and Crime Commissioner and Chief Constable,O,Archives,0,0.0,RO5_2015-16_data_by_LA_-_Revision.xlsx,RO5 LA Data 2015-16,"row 439, column 12","Net Current Expenditure
 (C7 = C3 - C6)"
2015/16,E7039,E23000038,Wiltshire Police and Crime Commissioner and Chief Constable,O,Arts development and support,0,0.0,RO5_2015-16_data_by_LA_-_Revision.xlsx,RO5 LA Data 2015-16,"row 439, column 19","Net Current Expenditure
 (C7 = C3 - C6)"
2015/16,E7039,E23000038,Wiltshire Police and Crime Commissioner and Chief Constable,O,Heritage,0,0.0,RO5_2015-16_data_by_LA_-_Revision.xlsx,RO5 LA Data 2015-16,"row 439, column 26","Net Current Expenditure
 (C7 = C3 - C6)"
2015/16,E7039,E23000038,Wiltshire Police and Crime Commissioner and Chief Constable,O,Museums and galleries,0,0.0,RO5_2015-16_data_by_LA_-_Revision.xlsx,RO5 LA Data 2015-16,"row 439, column 33","Net Current Expenditure
 (C7 = C3 - C6)"
2015/16,E7039,E23000038,Wiltshire Police and Crime Commissioner and Chief Constable,O,Theatres and public entertainment,0,0.0,RO5_2015-16_data_by_LA_-_Revision.xlsx,RO5 LA Data 2015-16,"row 439, column 40","Net Current Expenditure
 (C7 = C3 - C6)"
2015/16,E7039,E23000038,Wiltshire Police and Crime Commissioner and Chief Constable,O,Library service,0,0.0,RO5_2015-16_data_by_LA_-_Revision.xlsx,RO5 LA Data 2015-16,"row 439, column 89","Net Current Expenditure
 (C7 = C3 - C6)"
2015/16,E7042,E23000005,Greater Manchester Police and Crime Commissioner and Chief Constable,O,Archives,0,0.0,RO5_2015-16_data_by_LA_-_Revision.xlsx,RO5 LA Data 2015-16,"row 440, column 12","Net Current Expenditure
 (C7 = C3 - C6)"
2015/16,E7042,E23000005,Greater Manchester Police and Crime Commissioner and Chief Constable,O,Arts development and support,0,0.0,RO5_2015-16_data_by_LA_-_Revision.xlsx,RO5 LA Data 2015-16,"row 440, column 19","Net Current Expenditure
 (C7 = C3 - C6)"
2015/16,E7042,E23000005,Greater Manchester Police and Crime Commissioner and Chief Constable,O,Heritage,0,0.0,RO5_2015-16_data_by_LA_-_Revision.xlsx,RO5 LA Data 2015-16,"row 440, column 26","Net Current Expenditure
 (C7 = C3 - C6)"
2015/16,E7042,E23000005,Greater Manchester Police and Crime Commissioner and Chief Constable,O,Museums and galleries,0,0.0,RO5_2015-16_data_by_LA_-_Revision.xlsx,RO5 LA Data 2015-16,"row 440, column 33","Net Current Expenditure
 (C7 = C3 - C6)"
2015/16,E7042,E23000005,Greater Manchester Police and Crime Commissioner and Chief Constable,O,Theatres and public entertainment,0,0.0,RO5_2015-16_data_by_LA_-_Revision.xlsx,RO5 LA Data 2015-16,"row 440, column 40","Net Current Expenditure
 (C7 = C3 - C6)"
2015/16,E7042,E23000005,Greater Manchester Police and Crime Commissioner and Chief Constable,O,Library service,0,0.0,RO5_2015-16_data_by_LA_-_Revision.xlsx,RO5 LA Data 2015-16,"row 440, column 89","Net Current Expenditure
 (C7 = C3 - C6)"
2015/16,E7043,E23000004,Merseyside Police and Crime Commissioner and Chief Constable,O,Archives,0,0.0,RO5_2015-16_data_by_LA_-_Revision.xlsx,RO5 LA Data 2015-16,"row 441, column 12","Net Current Expenditure
 (C7 = C3 - C6)"
2015/16,E7043,E23000004,Merseyside Police and Crime Commissioner and Chief Constable,O,Arts development and support,0,0.0,RO5_2015-16_data_by_LA_-_Revision.xlsx,RO5 LA Data 2015-16,"row 441, column 19","Net Current Expenditure
 (C7 = C3 - C6)"
2015/16,E7043,E23000004,Merseyside Police and Crime Commissioner and Chief Constable,O,Heritage,0,0.0,RO5_2015-16_data_by_LA_-_Revision.xlsx,RO5 LA Data 2015-16,"row 441, column 26","Net Current Expenditure
 (C7 = C3 - C6)"
2015/16,E7043,E23000004,Merseyside Police and Crime Commissioner and Chief Constable,O,Museums and galleries,0,0.0,RO5_2015-16_data_by_LA_-_Revision.xlsx,RO5 LA Data 2015-16,"row 441, column 33","Net Current Expenditure
 (C7 = C3 - C6)"
2015/16,E7043,E23000004,Merseyside Police and Crime Commissioner and Chief Constable,O,Theatres and public entertainment,0,0.0,RO5_2015-16_data_by_LA_-_Revision.xlsx,RO5 LA Data 2015-16,"row 441, column 40","Net Current Expenditure
 (C7 = C3 - C6)"
2015/16,E7043,E23000004,Merseyside Police and Crime Commissioner and Chief Constable,O,Library service,0,0.0,RO5_2015-16_data_by_LA_-_Revision.xlsx,RO5 LA Data 2015-16,"row 441, column 89","Net Current Expenditure
 (C7 = C3 - C6)"
2015/16,E7044,E23000011,South Yorkshire Police and Crime Commissioner and Chief Constable,O,Archives,0,0.0,RO5_2015-16_data_by_LA_-_Revision.xlsx,RO5 LA Data 2015-16,"row 442, column 12","Net Current Expenditure
 (C7 = C3 - C6)"
2015/16,E7044,E23000011,South Yorkshire Police and Crime Commissioner and Chief Constable,O,Arts development and support,0,0.0,RO5_2015-16_data_by_LA_-_Revision.xlsx,RO5 LA Data 2015-16,"row 442, column 19","Net Current Expenditure
 (C7 = C3 - C6)"
2015/16,E7044,E23000011,South Yorkshire Police and Crime Commissioner and Chief Constable,O,Heritage,0,0.0,RO5_2015-16_data_by_LA_-_Revision.xlsx,RO5 LA Data 2015-16,"row 442, column 26","Net Current Expenditure
 (C7 = C3 - C6)"
2015/16,E7044,E23000011,South Yorkshire Police and Crime Commissioner and Chief Constable,O,Museums and galleries,0,0.0,RO5_2015-16_data_by_LA_-_Revision.xlsx,RO5 LA Data 2015-16,"row 442, column 33","Net Current Expenditure
 (C7 = C3 - C6)"
2015/16,E7044,E23000011,South Yorkshire Police and Crime Commissioner and Chief Constable,O,Theatres and public entertainment,0,0.0,RO5_2015-16_data_by_LA_-_Revision.xlsx,RO5 LA Data 2015-16,"row 442, column 40","Net Current Expenditure
 (C7 = C3 - C6)"
2015/16,E7044,E23000011,South Yorkshire Police and Crime Commissioner and Chief Constable,O,Library service,0,0.0,RO5_2015-16_data_by_LA_-_Revision.xlsx,RO5 LA Data 2015-16,"row 442, column 89","Net Current Expenditure
 (C7 = C3 - C6)"
2015/16,E7045,E23000007,Northumbria Police and Crime Commissioner and Chief Constable,O,Archives,0,0.0,RO5_2015-16_data_by_LA_-_Revision.xlsx,RO5 LA Data 2015-16,"row 443, column 12","Net Current Expenditure
 (C7 = C3 - C6)"
2015/16,E7045,E23000007,Northumbria Police and Crime Commissioner and Chief Constable,O,Arts development and support,0,0.0,RO5_2015-16_data_by_LA_-_Revision.xlsx,RO5 LA Data 2015-16,"row 443, column 19","Net Current Expenditure
 (C7 = C3 - C6)"
2015/16,E7045,E23000007,Northumbria Police and Crime Commissioner and Chief Constable,O,Heritage,0,0.0,RO5_2015-16_data_by_LA_-_Revision.xlsx,RO5 LA Data 2015-16,"row 443, column 26","Net Current Expenditure
 (C7 = C3 - C6)"
2015/16,E7045,E23000007,Northumbria Police and Crime Commissioner and Chief Constable,O,Museums and galleries,0,0.0,RO5_2015-16_data_by_LA_-_Revision.xlsx,RO5 LA Data 2015-16,"row 443, column 33","Net Current Expenditure
 (C7 = C3 - C6)"
2015/16,E7045,E23000007,Northumbria Police and Crime Commissioner and Chief Constable,O,Theatres and public entertainment,0,0.0,RO5_2015-16_data_by_LA_-_Revision.xlsx,RO5 LA Data 2015-16,"row 443, column 40","Net Current Expenditure
 (C7 = C3 - C6)"
2015/16,E7045,E23000007,Northumbria Police and Crime Commissioner and Chief Constable,O,Library service,0,0.0,RO5_2015-16_data_by_LA_-_Revision.xlsx,RO5 LA Data 2015-16,"row 443, column 89","Net Current Expenditure
 (C7 = C3 - C6)"
2015/16,E7046,E23000014,West Midlands Police and Crime Commissioner and Chief Constable,O,Archives,0,0.0,RO5_2015-16_data_by_LA_-_Revision.xlsx,RO5 LA Data 2015-16,"row 444, column 12","Net Current Expenditure
 (C7 = C3 - C6)"
2015/16,E7046,E23000014,West Midlands Police and Crime Commissioner and Chief Constable,O,Arts development and support,0,0.0,RO5_2015-16_data_by_LA_-_Revision.xlsx,RO5 LA Data 2015-16,"row 444, column 19","Net Current Expenditure
 (C7 = C3 - C6)"
2015/16,E7046,E23000014,West Midlands Police and Crime Commissioner and Chief Constable,O,Heritage,0,0.0,RO5_2015-16_data_by_LA_-_Revision.xlsx,RO5 LA Data 2015-16,"row 444, column 26","Net Current Expenditure
 (C7 = C3 - C6)"
2015/16,E7046,E23000014,West Midlands Police and Crime Commissioner and Chief Constable,O,Museums and galleries,0,0.0,RO5_2015-16_data_by_LA_-_Revision.xlsx,RO5 LA Data 2015-16,"row 444, column 33","Net Current Expenditure
 (C7 = C3 - C6)"
2015/16,E7046,E23000014,West Midlands Police and Crime Commissioner and Chief Constable,O,Theatres and public entertainment,0,0.0,RO5_2015-16_data_by_LA_-_Revision.xlsx,RO5 LA Data 2015-16,"row 444, column 40","Net Current Expenditure
 (C7 = C3 - C6)"
2015/16,E7046,E23000014,West Midlands Police and Crime Commissioner and Chief Constable,O,Library service,0,0.0,RO5_2015-16_data_by_LA_-_Revision.xlsx,RO5 LA Data 2015-16,"row 444, column 89","Net Current Expenditure
 (C7 = C3 - C6)"
2015/16,E7047,E23000010,West Yorkshire Police and Crime Commissioner and Chief Constable,O,Archives,0,0.0,RO5_2015-16_data_by_LA_-_Revision.xlsx,RO5 LA Data 2015-16,"row 445, column 12","Net Current Expenditure
 (C7 = C3 - C6)"
2015/16,E7047,E23000010,West Yorkshire Police and Crime Commissioner and Chief Constable,O,Arts development and support,0,0.0,RO5_2015-16_data_by_LA_-_Revision.xlsx,RO5 LA Data 2015-16,"row 445, column 19","Net Current Expenditure
 (C7 = C3 - C6)"
2015/16,E7047,E23000010,West Yorkshire Police and Crime Commissioner and Chief Constable,O,Heritage,0,0.0,RO5_2015-16_data_by_LA_-_Revision.xlsx,RO5 LA Data 2015-16,"row 445, column 26","Net Current Expenditure
 (C7 = C3 - C6)"
2015/16,E7047,E23000010,West Yorkshire Police and Crime Commissioner and Chief Constable,O,Museums and galleries,0,0.0,RO5_2015-16_data_by_LA_-_Revision.xlsx,RO5 LA Data 2015-16,"row 445, column 33","Net Current Expenditure
 (C7 = C3 - C6)"
2015/16,E7047,E23000010,West Yorkshire Police and Crime Commissioner and Chief Constable,O,Theatres and public entertainment,0,0.0,RO5_2015-16_data_by_LA_-_Revision.xlsx,RO5 LA Data 2015-16,"row 445, column 40","Net Current Expenditure
 (C7 = C3 - C6)"
2015/16,E7047,E23000010,West Yorkshire Police and Crime Commissioner and Chief Constable,O,Library service,0,0.0,RO5_2015-16_data_by_LA_-_Revision.xlsx,RO5 LA Data 2015-16,"row 445, column 89","Net Current Expenditure
 (C7 = C3 - C6)"
2015/16,E7050,E23000036,Avon & Somerset Police and Crime Commissioner and Chief Constable,O,Archives,0,0.0,RO5_2015-16_data_by_LA_-_Revision.xlsx,RO5 LA Data 2015-16,"row 446, column 12","Net Current Expenditure
 (C7 = C3 - C6)"
2015/16,E7050,E23000036,Avon & Somerset Police and Crime Commissioner and Chief Constable,O,Arts development and support,0,0.0,RO5_2015-16_data_by_LA_-_Revision.xlsx,RO5 LA Data 2015-16,"row 446, column 19","Net Current Expenditure
 (C7 = C3 - C6)"
2015/16,E7050,E23000036,Avon & Somerset Police and Crime Commissioner and Chief Constable,O,Heritage,0,0.0,RO5_2015-16_data_by_LA_-_Revision.xlsx,RO5 LA Data 2015-16,"row 446, column 26","Net Current Expenditure
 (C7 = C3 - C6)"
2015/16,E7050,E23000036,Avon & Somerset Police and Crime Commissioner and Chief Constable,O,Museums and galleries,0,0.0,RO5_2015-16_data_by_LA_-_Revision.xlsx,RO5 LA Data 2015-16,"row 446, column 33","Net Current Expenditure
 (C7 = C3 - C6)"
2015/16,E7050,E23000036,Avon & Somerset Police and Crime Commissioner and Chief Constable,O,Theatres and public entertainment,0,0.0,RO5_2015-16_data_by_LA_-_Revision.xlsx,RO5 LA Data 2015-16,"row 446, column 40","Net Current Expenditure
 (C7 = C3 - C6)"
2015/16,E7050,E23000036,Avon & Somerset Police and Crime Commissioner and Chief Constable,O,Library service,0,0.0,RO5_2015-16_data_by_LA_-_Revision.xlsx,RO5 LA Data 2015-16,"row 446, column 89","Net Current Expenditure
 (C7 = C3 - C6)"
2015/16,E7051,E23000035,Devon & Cornwall Police and Crime Commissioner and Chief Constable,O,Archives,0,0.0,RO5_2015-16_data_by_LA_-_Revision.xlsx,RO5 LA Data 2015-16,"row 447, column 12","Net Current Expenditure
 (C7 = C3 - C6)"
2015/16,E7051,E23000035,Devon & Cornwall Police and Crime Commissioner and Chief Constable,O,Arts development and support,0,0.0,RO5_2015-16_data_by_LA_-_Revision.xlsx,RO5 LA Data 2015-16,"row 447, column 19","Net Current Expenditure
 (C7 = C3 - C6)"
2015/16,E7051,E23000035,Devon & Cornwall Police and Crime Commissioner and Chief Constable,O,Heritage,0,0.0,RO5_2015-16_data_by_LA_-_Revision.xlsx,RO5 LA Data 2015-16,"row 447, column 26","Net Current Expenditure
 (C7 = C3 - C6)"
2015/16,E7051,E23000035,Devon & Cornwall Police and Crime Commissioner and Chief Constable,O,Museums and galleries,0,0.0,RO5_2015-16_data_by_LA_-_Revision.xlsx,RO5 LA Data 2015-16,"row 447, column 33","Net Current Expenditure
 (C7 = C3 - C6)"
2015/16,E7051,E23000035,Devon & Cornwall Police and Crime Commissioner and Chief Constable,O,Theatres and public entertainment,0,0.0,RO5_2015-16_data_by_LA_-_Revision.xlsx,RO5 LA Data 2015-16,"row 447, column 40","Net Current Expenditure
 (C7 = C3 - C6)"
2015/16,E7051,E23000035,Devon & Cornwall Police and Crime Commissioner and Chief Constable,O,Library service,0,0.0,RO5_2015-16_data_by_LA_-_Revision.xlsx,RO5 LA Data 2015-16,"row 447, column 89","Net Current Expenditure
 (C7 = C3 - C6)"
2015/16,E7052,E23000030,Hampshire Police and Crime Commissioner and Chief Constable,O,Archives,0,0.0,RO5_2015-16_data_by_LA_-_Revision.xlsx,RO5 LA Data 2015-16,"row 448, column 12","Net Current Expenditure
 (C7 = C3 - C6)"
2015/16,E7052,E23000030,Hampshire Police and Crime Commissioner and Chief Constable,O,Arts development and support,0,0.0,RO5_2015-16_data_by_LA_-_Revision.xlsx,RO5 LA Data 2015-16,"row 448, column 19","Net Current Expenditure
 (C7 = C3 - C6)"
2015/16,E7052,E23000030,Hampshire Police and Crime Commissioner and Chief Constable,O,Heritage,0,0.0,RO5_2015-16_data_by_LA_-_Revision.xlsx,RO5 LA Data 2015-16,"row 448, column 26","Net Current Expenditure
 (C7 = C3 - C6)"
2015/16,E7052,E23000030,Hampshire Police and Crime Commissioner and Chief Constable,O,Museums and galleries,0,0.0,RO5_2015-16_data_by_LA_-_Revision.xlsx,RO5 LA Data 2015-16,"row 448, column 33","Net Current Expenditure
 (C7 = C3 - C6)"
2015/16,E7052,E23000030,Hampshire Police and Crime Commissioner and Chief Constable,O,Theatres and public entertainment,0,0.0,RO5_2015-16_data_by_LA_-_Revision.xlsx,RO5 LA Data 2015-16,"row 448, column 40","Net Current Expenditure
 (C7 = C3 - C6)"
2015/16,E7052,E23000030,Hampshire Police and Crime Commissioner and Chief Constable,O,Library service,0,0.0,RO5_2015-16_data_by_LA_-_Revision.xlsx,RO5 LA Data 2015-16,"row 448, column 89","Net Current Expenditure
 (C7 = C3 - C6)"
2015/16,E7053,E23000033,Sussex Police and Crime Commissioner and Chief Constable,O,Archives,0,0.0,RO5_2015-16_data_by_LA_-_Revision.xlsx,RO5 LA Data 2015-16,"row 449, column 12","Net Current Expenditure
 (C7 = C3 - C6)"
2015/16,E7053,E23000033,Sussex Police and Crime Commissioner and Chief Constable,O,Arts development and support,0,0.0,RO5_2015-16_data_by_LA_-_Revision.xlsx,RO5 LA Data 2015-16,"row 449, column 19","Net Current Expenditure
 (C7 = C3 - C6)"
2015/16,E7053,E23000033,Sussex Police and Crime Commissioner and Chief Constable,O,Heritage,0,0.0,RO5_2015-16_data_by_LA_-_Revision.xlsx,RO5 LA Data 2015-16,"row 449, column 26","Net Current Expenditure
 (C7 = C3 - C6)"
2015/16,E7053,E23000033,Sussex Police and Crime Commissioner and Chief Constable,O,Museums and galleries,0,0.0,RO5_2015-16_data_by_LA_-_Revision.xlsx,RO5 LA Data 2015-16,"row 449, column 33","Net Current Expenditure
 (C7 = C3 - C6)"
2015/16,E7053,E23000033,Sussex Police and Crime Commissioner and Chief Constable,O,Theatres and public entertainment,0,0.0,RO5_2015-16_data_by_LA_-_Revision.xlsx,RO5 LA Data 2015-16,"row 449, column 40","Net Current Expenditure
 (C7 = C3 - C6)"
2015/16,E7053,E23000033,Sussex Police and Crime Commissioner and Chief Constable,O,Library service,0,0.0,RO5_2015-16_data_by_LA_-_Revision.xlsx,RO5 LA Data 2015-16,"row 449, column 89","Net Current Expenditure
 (C7 = C3 - C6)"
2015/16,E7054,E23000029,Thames Valley Police and Crime Commissioner and Chief Constable,O,Archives,0,0.0,RO5_2015-16_data_by_LA_-_Revision.xlsx,RO5 LA Data 2015-16,"row 450, column 12","Net Current Expenditure
 (C7 = C3 - C6)"
2015/16,E7054,E23000029,Thames Valley Police and Crime Commissioner and Chief Constable,O,Arts development and support,0,0.0,RO5_2015-16_data_by_LA_-_Revision.xlsx,RO5 LA Data 2015-16,"row 450, column 19","Net Current Expenditure
 (C7 = C3 - C6)"
2015/16,E7054,E23000029,Thames Valley Police and Crime Commissioner and Chief Constable,O,Heritage,0,0.0,RO5_2015-16_data_by_LA_-_Revision.xlsx,RO5 LA Data 2015-16,"row 450, column 26","Net Current Expenditure
 (C7 = C3 - C6)"
2015/16,E7054,E23000029,Thames Valley Police and Crime Commissioner and Chief Constable,O,Museums and galleries,0,0.0,RO5_2015-16_data_by_LA_-_Revision.xlsx,RO5 LA Data 2015-16,"row 450, column 33","Net Current Expenditure
 (C7 = C3 - C6)"
2015/16,E7054,E23000029,Thames Valley Police and Crime Commissioner and Chief Constable,O,Theatres and public entertainment,0,0.0,RO5_2015-16_data_by_LA_-_Revision.xlsx,RO5 LA Data 2015-16,"row 450, column 40","Net Current Expenditure
 (C7 = C3 - C6)"
2015/16,E7054,E23000029,Thames Valley Police and Crime Commissioner and Chief Constable,O,Library service,0,0.0,RO5_2015-16_data_by_LA_-_Revision.xlsx,RO5 LA Data 2015-16,"row 450, column 89","Net Current Expenditure
 (C7 = C3 - C6)"
2015/16,E7055,E23000016,West Mercia Police and Crime Commissioner and Chief Constable,O,Archives,0,0.0,RO5_2015-16_data_by_LA_-_Revision.xlsx,RO5 LA Data 2015-16,"row 451, column 12","Net Current Expenditure
 (C7 = C3 - C6)"
2015/16,E7055,E23000016,West Mercia Police and Crime Commissioner and Chief Constable,O,Arts development and support,0,0.0,RO5_2015-16_data_by_LA_-_Revision.xlsx,RO5 LA Data 2015-16,"row 451, column 19","Net Current Expenditure
 (C7 = C3 - C6)"
2015/16,E7055,E23000016,West Mercia Police and Crime Commissioner and Chief Constable,O,Heritage,0,0.0,RO5_2015-16_data_by_LA_-_Revision.xlsx,RO5 LA Data 2015-16,"row 451, column 26","Net Current Expenditure
 (C7 = C3 - C6)"
2015/16,E7055,E23000016,West Mercia Police and Crime Commissioner and Chief Constable,O,Museums and galleries,0,0.0,RO5_2015-16_data_by_LA_-_Revision.xlsx,RO5 LA Data 2015-16,"row 451, column 33","Net Current Expenditure
 (C7 = C3 - C6)"
2015/16,E7055,E23000016,West Mercia Police and Crime Commissioner and Chief Constable,O,Theatres and public entertainment,0,0.0,RO5_2015-16_data_by_LA_-_Revision.xlsx,RO5 LA Data 2015-16,"row 451, column 40","Net Current Expenditure
 (C7 = C3 - C6)"
2015/16,E7055,E23000016,West Mercia Police and Crime Commissioner and Chief Constable,O,Library service,0,0.0,RO5_2015-16_data_by_LA_-_Revision.xlsx,RO5 LA Data 2015-16,"row 451, column 89","Net Current Expenditure
 (C7 = C3 - C6)"
